persona_id,job_title,text
1,Social Worker,"Motivation for Career Choice: I was drawn to social work by a deep belief that timely support and compassionate advocacy can change the course of someone’s life, especially during moments of crisis or transition. What motivates me most is helping individuals and families navigate complex systems with dignity, hope, and practical support.

Defining Professional Skill: My strongest professional skill is building trust quickly with people from diverse backgrounds, which allows me to uncover underlying needs, de-escalate difficult situations, and coordinate effective care plans. This helps me create meaningful, person-centered solutions that balance empathy with action.

Family and Job Connection: At a community event connected to my work, a relative quietly told me they finally understood why I care so much about this profession after watching a family I’d supported stop to say thank you. It became one of those rare moments when my family saw firsthand that social work is not just a job to me, but a commitment to helping people feel seen and supported."
2,Librarian,"Motivation for Career Choice: A love of stories, learning, and helping people find exactly the right information inspired me to become a librarian, where curiosity and community service come together every day. I’m motivated by the opportunity to make knowledge feel welcoming, accessible, and useful to everyone who walks through the door.

Defining Professional Skill: My standout strength is turning information overload into clear, tailored guidance, whether I’m supporting research, recommending resources, or organizing collections so they are easy to navigate. This helps patrons feel confident, supported, and eager to keep exploring.

Family and Job Connection: One of my favorite memories was watching a young relative visit my library and excitedly whisper that it felt like I “worked inside a treasure hunt.” Seeing my family experience the library through that sense of wonder reminded me why creating inviting spaces for discovery matters so much."
3,Business Analyst,"Motivation for Career Choice: I've always been the person who enjoys turning scattered information into a clear plan, and that curiosity naturally led me to business analysis as a way to solve real problems and help teams make smarter decisions. I'm motivated by the chance to connect people, processes, and data in ways that create measurable improvement.

Defining Professional Skill: My standout strength is translating complex business needs into practical, actionable requirements that both technical teams and stakeholders can align around. This helps projects move forward with less ambiguity, stronger collaboration, and solutions that genuinely address the underlying business challenge.

Family and Job Connection: On a family holiday, I amused everyone by sketching a “process map” on a restaurant napkin to explain why the hotel check-in queue was moving so slowly, and my family still jokes that I can’t stop analyzing workflows even off the clock. That small moment became a favorite story because it perfectly captured how naturally my work mindset shows up in everyday life."
4,Occupational Therapist,"Motivation for Career Choice: I was drawn to occupational therapy by a deep interest in helping people regain confidence and independence in their everyday lives, especially through practical, meaningful routines. It combines my empathy and problem-solving mindset with a career focused on improving quality of life in tangible ways.

Defining Professional Skill: My standout strength is adapting therapeutic strategies to fit each person's real-world environment, turning clinical goals into achievable daily progress. This helps clients build skills that feel relevant, empowering, and sustainable beyond the therapy session.

Family and Job Connection: One of my favorite family moments was when a relative watched me help a client use simple kitchen tasks as therapy and later joked, ""You don't just help people heal—you help them get back to living."" That comment stayed with me because it captured exactly why I love this work."
5,Marketing Manager,"Motivation for Career Choice: I've always been fascinated by what makes people pay attention, remember a message, and take action, which led me to marketing as the ideal blend of creativity, psychology, and business impact. Building campaigns that connect audience needs with meaningful brand stories is what keeps me energized in this career.

Defining Professional Skill: My standout strength is turning customer insights and performance data into clear, compelling campaigns that strengthen brand presence and drive measurable growth. I bring together creative thinking and strategic analysis to help teams make smart, audience-focused decisions.

Family and Job Connection: At a weekend market, my family once spotted a display from a campaign I had helped launch, and listening to them excitedly point out the tagline in the wild was both funny and rewarding. That moment made my work feel especially real, as the people closest to me got to see how marketing can shape everyday experiences."
6,Warehouse Operations Manager,"Motivation for Career Choice: I was drawn to warehouse operations by the challenge of turning fast-moving, high-pressure environments into systems that run smoothly, safely, and efficiently. There’s real satisfaction in building order behind the scenes so customers, drivers, and teams can all rely on the operation at its best.

Defining Professional Skill: My standout strength is optimizing workflow across people, inventory, and processes, spotting inefficiencies quickly and turning them into practical improvements that boost accuracy and productivity. This allows me to lead teams confidently while keeping service levels high and operations resilient under pressure.

Family and Job Connection: One of my favorite memories was bringing a family member to a workplace open day, where they watched pallets move through the facility and joked that I was “the person who makes organized chaos look easy.” Hearing that from someone close to me made me appreciate how much pride and teamwork are built into the role every day."
7,Paralegal,"Motivation for Career Choice: I was drawn to paralegal work by a love of research, writing, and bringing order to complex information, paired with a strong sense that good legal support can make a real difference in people's lives. The role lets me combine precision and empathy while contributing meaningfully to cases that matter.

Defining Professional Skill: My standout strength is turning dense case files, timelines, and legal documents into clear, well-organized materials that help attorneys move quickly and confidently. This attention to detail improves efficiency, reduces risk, and ensures nothing important gets overlooked.

Family and Job Connection: One of my favorite memories was explaining to a younger family member, after a long trial-prep week, that my job is a bit like being the person who makes sure every puzzle piece is on the table before the real solving begins. They later introduced me to their class as ""the person who helps lawyers find the missing pieces,"" and I've loved that description ever since."
8,Sales Representative,"Motivation for Career Choice: I've always been energized by meeting new people, understanding what matters to them, and helping them find the right solution, which made sales a natural career path for me. It allows me to combine my love of relationship-building with the satisfaction of driving results for both clients and my team.

Defining Professional Skill: My standout strength is turning conversations into trust, quickly identifying customer needs and presenting solutions in a way that feels personal, clear, and valuable. This helps me build long-term client relationships that consistently lead to strong retention and repeat business.

Family and Job Connection: At a community event I was attending for work, my family stopped by and ended up chatting with one of my long-time clients, who joked that they finally understood why I'm always remembered by name. Seeing my family witness those genuine connections made my work feel especially meaningful."
9,Automotive Technician,"Motivation for Career Choice: A lifelong curiosity about how machines work, paired with the satisfaction of solving practical problems, inspired me to become an Automotive Technician. I’m motivated by the chance to keep people safe on the road while turning technical knowledge into reliable, hands-on results.

Defining Professional Skill: My standout strength is diagnosing mechanical and electrical issues efficiently, combining careful inspection with up-to-date diagnostic tools to pinpoint problems accurately. This helps reduce downtime, control repair costs, and build trust with customers through dependable service.

Family and Job Connection: One of my favorite memories is helping a family member during a road trip when their car developed an issue, and turning an unexpected breakdown into a story everyone now laughs about. That moment reminded me that my work is not just about vehicles—it’s about keeping the people who depend on them moving safely."
10,Pharmacist,"Motivation for Career Choice: Inspired by the trust people place in healthcare professionals during vulnerable moments, I'm drawn to pharmacy as a career where scientific knowledge and compassionate service come together to improve everyday lives. I find deep purpose in helping patients understand their medications and feel confident in their care.

Defining Professional Skill: My defining strength is translating complex medication information into clear, practical guidance, allowing patients and healthcare teams to make safe and informed decisions. This skill helps reduce errors, improve adherence, and build lasting patient trust.

Family and Job Connection: One of my favorite memories is when a relative stopped by the pharmacy and quietly watched me help an anxious patient organize a new medication routine; later, they told me they finally understood how much reassurance can be part of the job. That moment turned a typical workday into a meaningful family reminder of why I chose this profession."
11,Physiotherapist,"Motivation for Career Choice: Inspired by the way movement can restore confidence, independence, and quality of life, I chose physiotherapy to combine my interest in human anatomy with a deeply practical way of helping people feel stronger every day. I’m especially motivated by guiding patients through steady progress and seeing small physical gains turn into meaningful personal milestones.

Defining Professional Skill: My defining strength is translating clinical assessment into personalised, achievable rehabilitation plans that patients feel confident following. By combining hands-on treatment with clear encouragement and education, I help people stay engaged in their recovery and achieve lasting results.

Family and Job Connection: One of my favourite memories was teaching my family a few simple posture and mobility exercises at a reunion, only for everyone from my youngest cousin to my grandparent to turn it into a cheerful mini physio session in the living room. Their laughter—and surprise at how effective the exercises were—captured exactly why I love making physical wellbeing feel accessible and empowering."
12,Chef,"Motivation for Career Choice: Inspired by the way food can bring people together, I pursued a career as a chef to turn creativity, hospitality, and care into memorable dining experiences. I’m motivated by the chance to craft dishes that not only taste exceptional but also create a sense of connection and celebration.

Defining Professional Skill: My defining strength is balancing culinary creativity with precision under pressure, allowing me to deliver consistently high-quality dishes in fast-paced kitchen environments. This skill helps me lead service smoothly while maintaining standards in flavor, presentation, and timing.

Family and Job Connection: One of my favorite memories is cooking a special family-style dinner during a busy holiday service and watching my relatives quietly beam as other guests asked to compliment the chef. It reminded me that the meals I create carry the same warmth and joy I first learned around my own family table."
13,Logistics Coordinator,"Motivation for Career Choice: I've always been energized by creating order from complexity, and logistics felt like the perfect way to turn that instinct into meaningful work that keeps people, products, and businesses moving. Coordinating timelines, shipments, and suppliers gives me the satisfaction of solving practical problems with real-world impact.

Defining Professional Skill: My standout strength is staying calm while managing multiple moving parts, allowing me to quickly reprioritize schedules, resolve delays, and keep communication clear across vendors, drivers, and internal teams. This helps operations run smoothly even when unexpected disruptions arise.

Family and Job Connection: During a family road trip, we stopped at a distribution hub near one of my delivery routes, and my nephew was amazed that the same kind of planning I do every day helps store shelves stay stocked. His excited retelling of how ""everything has a plan before it gets there"" turned a simple stop into one of my favorite reminders of why I enjoy the work."
14,Laboratory Technician,"Motivation for Career Choice: A natural curiosity about how things work, paired with a love of precision and problem-solving, inspired me to pursue laboratory work where careful analysis can directly support discoveries, quality, and safety. I’m especially motivated by the idea that accurate results behind the scenes can make a meaningful difference in research, healthcare, and production outcomes.

Defining Professional Skill: My standout strength is maintaining exceptional accuracy under pressure, whether preparing samples, following strict protocols, or documenting results with consistency and care. This attention to detail helps ensure reliable data, smooth lab operations, and confidence in every stage of testing.

Family and Job Connection: One of my favorite family memories was bringing home stories from a community science open day, after which a younger relative started turning the kitchen into a “mini lab” with measuring cups and notebooks. Seeing my family’s excitement about the investigative side of my work reminded me how inspiring laboratory science can be beyond the workplace."
15,Project Manager,"Motivation for Career Choice: I was drawn to project management by the challenge of turning big ideas into clear plans and bringing people together around a shared goal. It combines my love of organization, problem-solving, and collaboration with the satisfaction of delivering results that make a visible impact.

Defining Professional Skill: My standout strength is creating structure in complex, fast-moving environments, ensuring priorities, timelines, and stakeholders stay aligned from kickoff to delivery. This helps teams work more confidently, reduces friction, and keeps projects progressing even when unexpected changes arise.

Family and Job Connection: On a family visit during the final phase of a major project, my relatives jokingly noticed I was coordinating dinner plans with the same calm precision as a project rollout, and it became a running family joke that I could turn any gathering into a successful launch. That moment made them see firsthand how naturally my work and personality fit together."
16,Web Developer,"Motivation for Career Choice: I was drawn to web development by the blend of creativity and logic it offers—turning ideas into interactive experiences that people can use every day. Building websites feels like solving puzzles with a real human impact, which keeps me motivated to create digital products that are both useful and intuitive.

Defining Professional Skill: My defining strength is translating complex requirements into clean, user-friendly web solutions that balance functionality, performance, and design. This allows me to build sites and applications that not only work reliably but also feel seamless for the people using them.

Family and Job Connection: One of my favorite memories was showing my family a website I had built for a local business, only for my youngest relative to excitedly point at the screen and say, “You made that?” Their reaction turned a routine project into a proud reminder that my work creates something visible, lasting, and easy for everyone to connect with."
17,Laboratory Technician,"Motivation for Career Choice: Drawn by a natural curiosity about how things work at the smallest level, I chose laboratory work because it lets me turn careful observation into results that support research, quality, and real-world problem-solving. I find deep satisfaction in producing accurate data that others can trust to make important decisions.

Defining Professional Skill: My standout strength is precision under pressure—I’m highly skilled at following complex protocols, maintaining meticulous records, and spotting small irregularities before they become larger issues. This helps ensure reliable test results, smooth lab operations, and strong compliance with quality standards.

Family and Job Connection: One of my favorite memories was bringing my family to a science open day at work, where a simple demonstration sparked an excited debate at dinner about whose kitchen measuring skills were “most laboratory-ready.” It became a running family joke, but it also reminded me how my work can make science feel accessible and inspiring to the people closest to me."
18,Business Analyst,"Motivation for Career Choice: I've always been motivated by the challenge of turning scattered information into clear direction, and business analysis lets me combine curiosity, problem-solving, and a genuine interest in how organizations work. It’s a career that allows me to help teams make smarter decisions while creating measurable improvements for both the business and its customers.

Defining Professional Skill: My standout strength is translating complex data, processes, and stakeholder needs into practical recommendations that people can actually act on. This helps bridge the gap between technical teams and business leaders, ensuring projects stay aligned with strategic goals and deliver real value.

Family and Job Connection: During a family dinner, I once casually mapped out why everyone's holiday planning kept going wrong, complete with ""process gaps"" and ""stakeholder misalignment,"" which had everyone laughing while also solving the issue. Ever since, my family jokes that no gathering is complete until I've turned it into a mini business analysis workshop."
19,Real Estate Agent,"Motivation for Career Choice: I've always been drawn to the intersection of people, place, and possibility, and real estate felt like the perfect way to help others make meaningful life decisions while building strong community connections. What motivates me most is guiding clients through major milestones with confidence, clarity, and genuine care.

Defining Professional Skill: My standout strength is translating market data and client priorities into smart, tailored property strategies, helping buyers and sellers make informed decisions without feeling overwhelmed. I combine sharp negotiation skills with a calm, personable approach that builds trust quickly.

Family and Job Connection: One of my favorite memories is bringing my family along to a neighborhood open house tour, where a casual conversation led to reconnecting with a distant relative who was also house hunting. It turned into a funny and memorable reminder of how real estate has a way of bringing people, stories, and communities together."
20,Translator,"Motivation for Career Choice: A love of languages and the stories they carry inspired me to become a Translator, turning my curiosity about different cultures into a career that helps people understand one another with clarity and respect. I’m motivated by the chance to make ideas travel accurately across borders while preserving their original tone and meaning.

Defining Professional Skill: My defining strength is capturing nuance, ensuring that translations feel natural to the reader while remaining faithful to the intent, context, and voice of the source material. This allows me to support clients not just with accurate language conversion, but with communication that truly resonates across cultures.

Family and Job Connection: On a family trip abroad, I once helped translate a conversation between my relatives and a local shopkeeper, which turned a simple purchase into a warm exchange of family stories, jokes, and recommendations. My family still talks about how a few well-chosen words transformed a brief interaction into one of the most memorable moments of the trip."
21,Mechanical Engineer,"Motivation for Career Choice: Ever since I was young, I’ve been fascinated by how machines work and motivated by the idea that thoughtful design can solve real-world problems. Mechanical engineering became the perfect path to combine my curiosity, creativity, and drive to build systems that are both efficient and reliable.

Defining Professional Skill: My standout strength is translating complex mechanical concepts into practical, manufacturable solutions that improve performance without losing sight of cost, safety, or usability. This allows me to bridge design, production, and cross-functional teams effectively from concept through implementation.

Family and Job Connection: One of my favorite memories was taking my family to an open engineering showcase, where my nephew became completely captivated by a prototype I helped design and started excitedly explaining it to strangers as if he’d built it himself. Seeing that moment of shared excitement reminded me that engineering doesn’t just create products—it sparks curiosity across generations."
22,Librarian,"Motivation for Career Choice: A love of stories, learning, and helping people find exactly the right information inspired me to become a librarian, where curiosity and community service come together every day. I’m especially motivated by creating welcoming spaces that make knowledge feel accessible to everyone.

Defining Professional Skill: My standout strength is connecting people with the resources they need quickly and thoughtfully, whether that means expert research support, reader’s advisory, or organizing information in a way that is easy to navigate. This helps patrons feel both supported and empowered in their search for answers.

Family and Job Connection: One of my favorite memories was watching a younger family member beam with pride after I helped them get their very first library card during a family visit to my branch. Seeing my work spark their excitement about books made my career feel deeply personal as well as professional."
23,Carpenter,"Motivation for Career Choice: I was drawn to carpentry by the satisfaction of turning raw materials into something lasting, useful, and beautifully made, combining creativity with hands-on problem-solving. Building spaces and furniture that become part of people’s daily lives gives my work a strong sense of purpose.

Defining Professional Skill: My standout strength is precision craftsmanship—reading a space carefully, measuring accurately, and producing clean, durable work that fits both the design vision and the practical needs of the client. This attention to detail helps projects run smoothly and ensures a high-quality finish that stands the test of time.

Family and Job Connection: One of my favorite memories is bringing my family to see a community project I helped build, only to have a younger relative run straight to the handcrafted bench and proudly tell everyone, “They made this.” That simple moment reminded me that carpentry doesn’t just create structures—it creates stories people share."
24,Financial Accountant,"Motivation for Career Choice: I was drawn to financial accounting by the satisfaction of turning complex numbers into a clear, trustworthy story that helps businesses make confident decisions. Combining a natural attention to detail with a strong sense of responsibility, I find purpose in bringing accuracy, structure, and insight to an organisation’s financial health.

Defining Professional Skill: My standout strength is identifying patterns and discrepancies quickly, allowing me to reconcile accounts accurately and improve reporting reliability under tight deadlines. This skill helps me safeguard compliance while also giving leadership a dependable financial picture to plan from.

Family and Job Connection: During a family dinner, I once helped settle a lighthearted debate about splitting holiday costs by building a simple spreadsheet on the spot, which unexpectedly became the template everyone now uses for family events. What started as a joke turned into a memorable reminder for my family of how naturally my work in accounting shows up in everyday life."
25,Biotech Research Assistant,"Motivation for Career Choice: A fascination with how tiny cellular changes can lead to life-changing medical breakthroughs inspired me to pursue biotech research, where curiosity and practical impact go hand in hand. I’m motivated by the chance to contribute to discoveries that can improve patient outcomes while working at the front edge of science.

Defining Professional Skill: I excel at maintaining precision in laboratory workflows, from sample handling to data recording, which helps ensure experiments are reliable, reproducible, and meaningful. This attention to detail makes me a dependable contributor in fast-paced research environments where accuracy is essential.

Family and Job Connection: During a family visit, I explained one of my projects using kitchen ingredients to mimic a lab experiment, and what started as a casual conversation turned into an enthusiastic “mini science lesson” around the dining table. That moment was especially memorable because it reminded me how deeply my work connects curiosity, learning, and the people closest to me."
26,Project Manager,"Motivation for Career Choice: I was drawn to project management by the challenge of turning ambitious ideas into structured, achievable outcomes, combining my love of problem-solving with a genuine enjoyment of working across different teams and perspectives. It’s a career that lets me create clarity, momentum, and shared purpose in fast-moving environments.

Defining Professional Skill: My standout strength is aligning people, priorities, and timelines so that complex projects stay focused and adaptable without losing sight of the end goal. By translating big-picture objectives into practical next steps, I help teams collaborate efficiently and deliver results with confidence.

Family and Job Connection: On a family holiday, I once ended up informally organizing a multi-family excursion after a last-minute cancellation, and my relatives joked that I had turned the beach trip into a project plan complete with backup options and time checkpoints. Hearing my family laugh while also appreciating that everything ran smoothly reminded me how naturally this role fits both my personality and professional life."
27,Librarian,"Motivation for Career Choice: I've always been drawn to the way libraries open doors for people, whether they're searching for knowledge, comfort, or a fresh start, and that passion led me to a career built on connecting communities with information. Becoming a librarian felt like the perfect way to combine my love of lifelong learning with meaningful public service.

Defining Professional Skill: My standout strength is translating overwhelming amounts of information into clear, accessible guidance, helping patrons quickly find reliable resources tailored to their needs. This blend of research expertise, organization, and empathy allows me to support everyone from curious children to in-depth academic researchers.

Family and Job Connection: One of my favorite memories was seeing a younger family member proudly sign up for their very first library card during a community event I helped organize, then immediately ask me where the ""adventure books"" were. Watching my family experience the excitement of discovery firsthand reminded me why this work matters so much."
28,Civil Engineer,"Motivation for Career Choice: Growing up fascinated by how bridges, roads, and skylines shape everyday life, I was drawn to civil engineering as a way to turn problem-solving and creativity into infrastructure that serves entire communities. I’m motivated by the opportunity to design practical, lasting solutions that improve how people live, travel, and connect.

Defining Professional Skill: I excel at translating complex technical requirements into clear, buildable plans that balance safety, efficiency, and cost. This allows me to coordinate effectively across architects, contractors, and stakeholders while keeping projects grounded in both precision and real-world usability.

Family and Job Connection: On a family road trip, we once detoured to see a bridge project I had helped deliver, and hearing a younger relative excitedly tell everyone, “You helped build this?” turned an ordinary stop into a deeply proud moment. Since then, my family has never passed a construction site without asking me for an on-the-spot engineering commentary."
29,Logistics Coordinator,"Motivation for Career Choice: I’ve always been energized by bringing order to fast-moving situations, and logistics became the perfect career path because it lets me turn planning, problem-solving, and service into real-world results every day. Helping people and products stay connected gives my work a clear sense of purpose.

Defining Professional Skill: My standout strength is coordinating multiple priorities without losing sight of deadlines, details, or relationships, allowing me to keep operations running smoothly even when plans shift unexpectedly. I’m especially effective at balancing accuracy with adaptability so teams can respond quickly without sacrificing reliability.

Family and Job Connection: On a family road trip, we once passed a fleet from one of our shipping partners, and my family laughed as I started explaining the route network like a tour guide tracking old friends across the highway. That moment turned into a running family joke, but it also reminded me how naturally my work has become part of the way I see the world."
30,Sales Representative,"Motivation for Career Choice: I was drawn to sales by the energy of connecting with people and the satisfaction of matching them with solutions that genuinely improve their work or daily lives. For me, the role combines relationship-building, problem-solving, and the drive to turn conversations into long-term value.

Defining Professional Skill: My standout strength is building trust quickly by listening closely, identifying underlying needs, and tailoring recommendations in a way that feels consultative rather than transactional. This helps me consistently strengthen client relationships while driving revenue and repeat business.

Family and Job Connection: On a family trip, we stopped at a business I had worked with months earlier, and my family got to see the owner greet me like an old friend and point out the products they had introduced based on my recommendations. It turned into a memorable moment where my family saw firsthand that sales is really about helping people succeed, not just closing deals."
31,Marketing Manager,"Motivation for Career Choice: I've always been fascinated by what makes people connect with a message, brand, or idea, and marketing felt like the perfect way to combine creativity with strategic thinking to drive meaningful business growth. What motivates me most is turning insight into campaigns that resonate with real people and deliver measurable results.

Defining Professional Skill: My standout strength is translating audience data into clear, compelling marketing strategies that balance brand storytelling with performance outcomes. This allows me to build campaigns that not only capture attention but also strengthen customer loyalty and revenue.

Family and Job Connection: On a family trip, we stumbled across a storefront promotion built around a campaign concept I had helped shape, and seeing my family excitedly point out the display before I said a word was both funny and deeply rewarding. It became one of those rare moments where the people closest to me could literally see my work come to life in the real world."
32,Primary School Teacher,"Motivation for Career Choice: Inspired by a love of learning and the joy of helping children build confidence, I chose primary education to turn curiosity into a strong foundation for lifelong growth. I’m especially motivated by the chance to make each child feel seen, capable, and excited to come to school.

Defining Professional Skill: My standout strength is creating engaging, inclusive lessons that adapt to different learning styles while keeping the classroom calm, positive, and purposeful. This helps pupils build both academic skills and the confidence to participate, ask questions, and progress steadily.

Family and Job Connection: At a school fair, a younger family member proudly “played teacher” beside my classroom display and started reading one of the pupils’ favorite books aloud to passing parents. Seeing my family share in that moment reminded me how naturally teaching brings people together through encouragement, storytelling, and learning."
33,Software Engineer,"Motivation for Career Choice: A curiosity about how everyday technology works, combined with a love of building practical solutions, inspired me to become a Software Engineer who turns ideas into reliable tools people genuinely use. I’m especially motivated by the opportunity to solve meaningful problems with code while continuously learning in a fast-evolving field.

Defining Professional Skill: My defining strength is translating complex technical challenges into clean, scalable software solutions that are easy for both users and teams to work with. This allows me to bridge problem-solving, collaboration, and implementation in a way that helps projects move efficiently from concept to launch.

Family and Job Connection: One of my favorite memories is showing a family member a feature I helped build, only to hear them say, “Wait, you made that?” after using it without realizing it was my work. That moment made my career feel wonderfully real, because it connected the technical side of my job to something personal, visible, and shared."
34,Logistics Coordinator,"Motivation for Career Choice: I've always been energized by bringing order to fast-moving situations, and logistics felt like the perfect way to turn that instinct into a career that keeps people, products, and businesses connected. Coordinating the journey from origin to destination gives me a sense of purpose because every well-executed delivery supports something bigger than the shipment itself.

Defining Professional Skill: My standout strength is staying calm while managing multiple moving pieces at once, allowing me to quickly reprioritize schedules, resolve disruptions, and keep operations running smoothly. This helps teams and clients trust that even under pressure, I can turn complexity into a clear, reliable plan.

Family and Job Connection: On a family road trip, we unexpectedly passed one of the regional warehouses I work with, and my family was amazed when I could explain exactly how goods flowed through the site just from the trucks lined up outside. It turned into a surprisingly fun moment where my job came to life for them, and now they joke that I can’t pass a loading dock without giving a mini tour."
35,Software Engineer,"Motivation for Career Choice: I've always been fascinated by how a few well-written lines of code can turn an idea into something people use every day, and that curiosity naturally grew into a career building practical, reliable software. What motivates me most is combining problem-solving with creativity to create tools that make life and work simpler for others.

Defining Professional Skill: My standout strength is translating complex technical challenges into clean, scalable solutions that are easy for both users and teammates to work with. This allows me to build software that not only performs well, but is also maintainable, collaborative, and aligned with real business needs.

Family and Job Connection: During a family gathering, I once showed a small app I had built to solve an everyday annoyance, and watching relatives immediately put it to use turned into a funny but memorable live product test. Their enthusiastic feedback—and brutally honest feature requests—reminded me that the best software starts with real people and real problems."
36,Physiotherapist,"Motivation for Career Choice: Inspired by the way movement can restore confidence, independence, and quality of life, I chose physiotherapy to combine my interest in health science with a deeply practical, people-focused career. I’m motivated by helping individuals recover not just physically, but emotionally, as they return to the activities that matter most to them.

Defining Professional Skill: My defining strength is translating clinical assessment into tailored, achievable rehabilitation plans that help patients feel supported and motivated throughout recovery. By combining evidence-based treatment with clear communication, I build trust quickly and improve adherence to therapy goals.

Family and Job Connection: One of my favorite family memories was showing a relative a simple balance exercise I often teach patients, only to have the whole family turn it into a playful living-room “rehab challenge” during a holiday gathering. It became a surprisingly funny and meaningful reminder of how my work can make movement feel approachable, empowering, and shared."
37,Logistics Coordinator,"Motivation for Career Choice: I’ve always been energized by creating order out of moving parts, and logistics felt like the perfect way to turn that instinct into a career that keeps people, products, and businesses connected. The fast pace and tangible impact of coordinating successful deliveries continue to motivate me every day.

Defining Professional Skill: My standout strength is staying calm while managing multiple timelines, vendors, and priorities at once, allowing me to solve disruptions quickly without losing sight of the bigger picture. This helps keep operations efficient, customers informed, and teams confident even under pressure.

Family and Job Connection: On a family road trip, we once passed a warehouse I had helped support through a major shipping backlog, and my family laughed as I gave them an impromptu “behind-the-scenes” explanation of how goods actually get there. What started as a joke turned into one of those proud moments where they saw just how much coordination goes into the work I love."
38,Primary School Teacher,"Motivation for Career Choice: Inspired by the way great teachers can shape a child’s confidence as much as their academic progress, I chose primary education to help young learners discover curiosity, resilience, and a genuine love of learning from the very start. I’m especially motivated by the chance to make the classroom a place where every child feels seen, encouraged, and capable.

Defining Professional Skill: My standout strength is turning complex ideas into engaging, age-appropriate lessons that spark participation and build understanding across a wide range of learning styles. This helps me create an inclusive classroom where children stay motivated, make steady progress, and gain confidence in their abilities.

Family and Job Connection: One of my favorite memories was when a family member helped me assemble simple reading-game resources at the kitchen table, only to hear later that the class had asked to play them again the very next day. That small moment captured how teaching can extend beyond the classroom and become something the whole family feels connected to and proud of."
39,Laboratory Technician,"Motivation for Career Choice: A natural curiosity about how things work at the smallest level, paired with a desire to contribute to accurate, meaningful results, inspired me to pursue laboratory work. I’m motivated by the idea that careful testing and analysis behind the scenes can make a real difference in research, quality, and patient or product outcomes.

Defining Professional Skill: My standout strength is precision under pressure—maintaining meticulous sample handling, documentation, and equipment protocols while keeping turnaround times on track. This reliability helps ensure that results are both accurate and trusted by the teams who depend on them.

Family and Job Connection: One of my favorite memories was bringing a family member to a workplace open day, where they became fascinated by the pipettes and safety gear and jokingly called me a “detective for tiny things.” That moment made me appreciate how my work, though highly technical, is also something I can share with pride and enthusiasm."
40,Translator,"Motivation for Career Choice: A love of languages and the stories they carry inspired me to become a Translator, allowing me to turn curiosity about different cultures into work that helps people truly understand one another. I’m motivated by the idea that the right words can build trust, open opportunities, and make global communication feel personal.

Defining Professional Skill: My defining strength is preserving meaning, tone, and cultural nuance across languages, so the final message feels natural rather than merely converted word for word. This helps clients communicate clearly and credibly with audiences in different regions and contexts.

Family and Job Connection: On a family trip abroad, I once helped translate a conversation between my relatives and a local shop owner, and what began as a simple exchange turned into an hour of laughter, stories, and shared photos. My family still talks about that moment as the day they saw firsthand how translation can turn strangers into instant friends."
41,Police Officer,"Motivation for Career Choice: I was drawn to policing by a strong sense of public service and a genuine commitment to helping people feel safe during their most vulnerable moments. The role allows me to combine calm problem-solving, community connection, and a desire to make a practical difference every day.

Defining Professional Skill: My defining strength is staying composed and observant under pressure, enabling me to assess situations quickly, de-escalate conflict, and make sound decisions when timing matters most. This helps build trust with the public while supporting safe, effective outcomes for colleagues and the community.

Family and Job Connection: At a community open day hosted by my department, a young relative proudly tried on a junior police hat and spent the afternoon telling everyone I was ""one of the helpers."" That simple moment reminded me that policing is not just about enforcement, but about being visible, approachable, and worthy of the community's trust."
42,Biotech Research Assistant,"Motivation for Career Choice: Inspired by an early fascination with how tiny cellular changes can shape human health, I'm drawn to biotech research because it lets me pair curiosity-driven science with the goal of helping turn discoveries into meaningful therapies. I’m especially motivated by work that bridges careful lab investigation with real-world medical impact.

Defining Professional Skill: My standout strength is maintaining precision across complex experimental workflows, from sample preparation to data recording, which helps ensure reliable results and smooth collaboration within the research team. I’m particularly effective at spotting small inconsistencies early, saving time and improving the quality of downstream analysis.

Family and Job Connection: On a family visit to a science museum, my younger cousin excitedly recognized a biotech technique from one of my lab stories and started explaining it to the rest of the family like a mini research assistant. That moment made me realize how much I love making science approachable, both at work and at home."
43,Physiotherapist,"Motivation for Career Choice: Inspired by the difference movement can make to a person’s confidence, independence, and quality of life, I chose physiotherapy to combine my interest in health science with a deeply practical, people-focused career. I’m motivated by helping individuals recover not just physically, but also emotionally, as they return to the activities that matter most to them.

Defining Professional Skill: My standout strength is translating clinical assessment into tailored rehabilitation plans that are both evidence-based and realistic for each patient’s daily life. This allows me to build trust quickly, improve adherence to treatment, and support steady, measurable progress.

Family and Job Connection: One of my most memorable moments was showing a family member a few simple mobility exercises I often teach patients, only for the whole family to start copying along in the living room and turning it into an impromptu “rehab class.” It was a funny but meaningful reminder that physiotherapy is not just about recovery in clinic settings, but about helping people move with confidence in everyday life."
44,Financial Accountant,"Motivation for Career Choice: I was drawn to financial accounting by the satisfaction of turning complex numbers into clear, reliable stories that help businesses make confident decisions. Combining a natural attention to detail with a strong sense of responsibility, I value work that brings order, accuracy, and trust to an organisation’s finances.

Defining Professional Skill: My standout strength is identifying patterns and discrepancies quickly, allowing me to maintain accurate reporting, strengthen controls, and resolve issues before they grow into larger problems. I bring a calm, methodical approach to reconciliations, month-end close, and financial analysis, helping teams stay both compliant and well-informed.

Family and Job Connection: During a family dinner in the middle of year-end reporting, I casually explained how balance sheets work using the restaurant bill, and it turned into a lively debate with my relatives over who counted as an “asset” to the family. It became a running joke, but it also reminded me how much I enjoy making finance understandable and relatable to the people around me."
45,Mechanical Engineer,"Motivation for Career Choice: Ever since I was young, I’ve been fascinated by how machines work and motivated by the challenge of turning ideas into practical solutions that improve everyday life. Mechanical engineering felt like the perfect path to combine my curiosity, creativity, and desire to build things that last.

Defining Professional Skill: I excel at translating complex mechanical problems into efficient, reliable designs, balancing technical precision with real-world functionality. This allows me to contribute solutions that not only perform well on paper but also stand up to the demands of production and use.

Family and Job Connection: One of my favorite memories was taking my family to a science and engineering exhibition where they saw a prototype I had helped develop and immediately started asking questions about every moving part. Watching their excitement—and hearing a younger relative proudly tell strangers, “They build things that actually work!”—made my career feel especially meaningful."
46,Warehouse Operations Manager,"Motivation for Career Choice: I was drawn to warehouse operations by the satisfaction of turning fast-moving, high-pressure environments into organized systems that keep people and products moving smoothly. For me, the role combines a love of practical problem-solving with the opportunity to lead teams, improve efficiency, and make a visible impact every day.

Defining Professional Skill: My standout strength is building reliable, streamlined processes that improve inventory accuracy, safety, and turnaround times without losing sight of the people behind the operation. I’m especially effective at spotting inefficiencies early and coordinating teams in a calm, clear way to keep performance high during peak demand.

Family and Job Connection: On a family visit to the site during a community open day, a relative joked that the warehouse looked like “a giant puzzle” and then watched me explain exactly how every section fit together. Seeing my family connect my day-to-day work with the bigger picture made the role feel even more meaningful and memorable."
47,Marketing Manager,"Motivation for Career Choice: I was drawn to marketing by the challenge of understanding what truly moves people and turning that insight into campaigns that create both brand growth and meaningful customer connection. It’s a career that lets me blend creativity, strategy, and a genuine curiosity about human behavior into measurable business impact.

Defining Professional Skill: My standout strength is translating market insights into clear, compelling campaigns that resonate with the right audience and deliver results across channels. I’m particularly effective at balancing big-picture brand storytelling with data-driven decision-making, helping teams stay both imaginative and accountable.

Family and Job Connection: One of my favorite memories was hearing a family member casually repeat a tagline from a campaign I had led, without realizing I was the one behind it. That moment turned my work into something wonderfully personal and reminded me how powerful marketing can be when it becomes part of everyday life."
48,Paralegal,"Motivation for Career Choice: I was drawn to paralegal work by a genuine interest in how careful research, precise writing, and strong organization can help people navigate important life and business decisions. Supporting legal teams allows me to combine my love of detail with a career built around clarity, fairness, and practical problem-solving.

Defining Professional Skill: My standout strength is turning large volumes of case files, correspondence, and legal research into well-structured, easy-to-use information that helps attorneys move quickly and confidently. This ability improves accuracy, keeps deadlines on track, and brings calm to fast-paced legal matters.

Family and Job Connection: One of my favorite family memories came after I spent weeks preparing documents for a major closing, then explained the process over dinner so clearly that my relatives jokingly started calling me ""the family fine-print translator."" It became a funny but meaningful reminder that the skills I use at work—patience, precision, and clear communication—are just as valuable at home."
49,Warehouse Operations Manager,"Motivation for Career Choice: I was drawn to warehouse operations by the challenge of turning fast-moving, complex environments into systems that run smoothly, safely, and efficiently. There’s real satisfaction in building processes that support both business goals and the people on the floor who make them happen.

Defining Professional Skill: My standout strength is optimizing workflow without losing sight of accuracy or team morale, whether that means improving inventory control, refining shift coordination, or reducing delays in dispatch. I’m especially effective at spotting inefficiencies early and turning them into practical, measurable improvements.

Family and Job Connection: One of my favorite memories was bringing my family to a company open day, where they watched orders move from receiving to shipping and finally understood why I talk about pallets, timing, and layout at the dinner table. My youngest jokingly called me “the boss of forklifts,” and the nickname has stuck ever since."
50,Customer Service Supervisor,"Motivation for Career Choice: I was drawn to customer service leadership by the challenge of turning stressful moments into positive outcomes and by the satisfaction of helping both customers and team members feel heard, supported, and confident. Supervising a service team lets me combine my passion for problem-solving with my goal of building experiences that strengthen trust in a brand.

Defining Professional Skill: My standout strength is coaching teams to stay calm, empathetic, and solution-focused in high-pressure situations, which improves customer satisfaction while keeping performance standards high. I’m especially effective at spotting patterns in customer concerns and translating them into practical process improvements.

Family and Job Connection: One of my favorite family stories is when a relative called my workplace without realizing I was the supervisor who would handle the escalation, and by the end of the conversation they jokingly said, “Now I understand why everyone asks for the manager.” That moment became a lighthearted family legend and reminded me how much patience, clarity, and care shape every customer interaction."
51,Carpenter,"Motivation for Career Choice: I was drawn to carpentry by the satisfaction of turning raw materials into something lasting, useful, and beautifully made, combining creativity with practical problem-solving. Building spaces and furniture that people rely on every day gives my work a strong sense of purpose and pride.

Defining Professional Skill: My standout strength is precision craftsmanship—reading a space accurately, planning efficiently, and executing clean, durable finishes that balance function with visual appeal. This helps me deliver work that not only looks excellent on completion day but also stands up to years of use.

Family and Job Connection: One of my favorite memories was bringing my family to see a community project I helped build, only for my youngest relative to run straight to a bench I had made and proudly declare that it was ""our family bench."" That moment made my work feel especially meaningful, because it connected my trade to the people I care about most."
52,Business Analyst,"Motivation for Career Choice: I've always been motivated by the challenge of turning scattered information into clear decisions, and a career in business analysis lets me combine curiosity, problem-solving, and a desire to help organizations work smarter. I’m especially drawn to roles where understanding both people and processes can lead to meaningful, measurable improvements.

Defining Professional Skill: My standout strength is translating complex data, workflows, and stakeholder needs into practical insights and actionable recommendations that teams can actually use. This allows me to bridge the gap between technical specialists and business leaders, ensuring projects stay aligned with strategic goals.

Family and Job Connection: During a family dinner, I once mapped out a seating-plan ""solution"" to settle a lively debate about how to fit three generations around one table, and my family still jokes that I turned the evening into a requirements workshop. It became a funny but memorable reminder that analysis, diplomacy, and process thinking have a way of showing up everywhere in my life."
53,Graphic Designer,"Motivation for Career Choice: I was drawn to graphic design by a love of visual storytelling and the way thoughtful design can turn ideas into experiences people instantly understand and remember. Professionally, that passion grew into a career focused on creating work that is both visually striking and strategically effective.

Defining Professional Skill: My standout strength is translating abstract concepts into clear, cohesive visual identities that connect with audiences across print and digital platforms. This allows me to help brands communicate with consistency, creativity, and purpose.

Family and Job Connection: One of my favorite memories was seeing a packaging design I created on a shop shelf while out with my family, only for them to excitedly start pointing it out to other shoppers before I could say a word. Their proud, slightly over-the-top reaction reminded me how design quietly becomes part of everyday life."
54,Data Analyst,"Motivation for Career Choice: I've always been curious about the stories hidden inside numbers, and that curiosity grew into a career focused on turning raw data into insights that help organizations make smarter, more human-centered decisions. I’m motivated by the chance to combine analytical thinking with real business impact.

Defining Professional Skill: My standout strength is translating complex datasets into clear, actionable narratives, helping both technical and non-technical stakeholders understand what matters and what to do next. This allows me to bridge the gap between data accuracy and strategic decision-making.

Family and Job Connection: During a family dinner, I once helped settle a playful debate about who always arrived late by building a quick chart from old message timestamps, which had everyone laughing and unexpectedly demonstrated how naturally data analysis shows up in my everyday life. My family still jokes that no conversation is safe from becoming a dashboard."
55,Mechanical Engineer,"Motivation for Career Choice: Ever since I was young, I’ve been fascinated by how things work, from taking apart household gadgets to admiring the engineering behind everyday machines, which naturally led me to mechanical engineering. I’m motivated by the opportunity to turn practical curiosity into designs that improve efficiency, reliability, and real-world performance.

Defining Professional Skill: My standout strength is translating complex mechanical challenges into functional, cost-effective solutions, combining analytical thinking with hands-on problem-solving. This allows me to contribute designs that are not only technically sound but also practical to manufacture and maintain.

Family and Job Connection: One of my favorite memories was bringing my family to an open house at a manufacturing facility where I worked, and watching them light up as I explained how the machines on the floor were built and optimized. Hearing a relative joke that I “can’t look at a conveyor belt without trying to redesign it” turned into a proud family story that still gets repeated at gatherings."
56,Journalist,"Motivation for Career Choice: I've always been drawn to the stories behind everyday events, and journalism felt like the most meaningful way to turn curiosity into public service by informing people clearly and responsibly. The chance to investigate, listen deeply, and give voice to overlooked perspectives is what continues to motivate my work.

Defining Professional Skill: My strongest professional skill is translating complex, fast-moving information into accurate, compelling stories that readers can quickly understand and trust. This allows me to report with both speed and depth, especially when covering sensitive or developing issues.

Family and Job Connection: One of my favorite memories is bringing a family member to a local community event I was covering, only for them to recognize someone I was interviewing from a story they had followed for years. Seeing my family connect so personally with the impact of my reporting reminded me that journalism doesn't just document communities—it becomes part of them."
57,Librarian,"Motivation for Career Choice: A love of stories, learning, and helping people find exactly the right information inspired me to become a librarian, turning a personal passion for books and discovery into a career centered on access and community. I’m especially motivated by the chance to create welcoming spaces where curiosity can grow for people of all ages.

Defining Professional Skill: My defining strength is connecting people with the resources they need quickly and thoughtfully, whether that means guiding research, curating collections, or simplifying complex information. This ability helps patrons feel supported, confident, and eager to keep exploring.

Family and Job Connection: One of my favorite memories was watching a young family member proudly use their very first library card at one of my community events, then asking me to recommend “a book with adventure and dragons.” Seeing my own family experience the same excitement for reading that fuels my work made the moment especially meaningful."
58,Web Developer,"Motivation for Career Choice: I was drawn to web development by the thrill of turning ideas into interactive experiences that people can use instantly, combining creativity with problem-solving in a way that feels both practical and rewarding. Building websites lets me create tools that are visually engaging, technically sound, and genuinely useful to others.

Defining Professional Skill: My standout strength is translating complex requirements into clean, user-friendly digital solutions, ensuring that websites are both functional for businesses and intuitive for users. I bring a strong balance of front-end design awareness and back-end logic, which helps me build seamless, reliable web experiences.

Family and Job Connection: One of my favorite memories was showing my family a website I had built for a local business, only for them to excitedly point out features they had already used without realizing I was the developer behind them. Their pride and curiosity turned a simple family outing into a reminder that my work can quietly shape everyday experiences."
59,Primary School Teacher,"Motivation for Career Choice: Inspired by the joy of seeing children grasp new ideas and grow in confidence, I chose primary education to help shape a positive, curious foundation for lifelong learning. I’m especially motivated by the chance to make the classroom a place where every child feels seen, encouraged, and capable.

Defining Professional Skill: My standout strength is turning complex topics into engaging, age-appropriate lessons that spark participation and understanding across a wide range of learning styles. This helps me build inclusive classrooms where pupils stay curious, involved, and supported in their progress.

Family and Job Connection: One of my favorite memories is when a younger family member visited during a school reading event and proudly told everyone I was “the teacher who makes stories come alive.” Hearing that through a child’s eyes was both funny and deeply affirming, and it reminded me why I love the work."
60,Software Engineer,"Motivation for Career Choice: I was drawn to software engineering by the thrill of turning ideas into useful tools, combining a love of problem-solving with a desire to build technology that makes everyday work simpler and smarter. What keeps me motivated is knowing that well-crafted software can quietly improve how people live, collaborate, and create.

Defining Professional Skill: My defining strength is translating complex technical challenges into elegant, reliable solutions, whether that means designing scalable systems or debugging issues with patience and precision. This allows me to build software that is not only functional, but also maintainable and genuinely valuable to the people using it.

Family and Job Connection: One of my favorite memories is showing a family member a feature I had helped build, only to watch them use it naturally without realizing how much engineering thought sat behind it. Their offhand comment—""This just works so smoothly""—became one of the most meaningful compliments I’ve received in my career."
61,Librarian,"Motivation for Career Choice: A love of stories, learning, and helping people find exactly the right resource inspired me to become a librarian, where curiosity and community service meet every day. I’m especially motivated by the chance to make knowledge feel welcoming and accessible to everyone, from first-time readers to lifelong researchers.

Defining Professional Skill: My defining strength is connecting people with information efficiently and thoughtfully, whether that means guiding detailed research, curating useful collections, or creating systems that make discovery easier. This skill helps me turn the library into both a reliable resource hub and an inviting space for exploration.

Family and Job Connection: One of my favorite memories was watching a younger family member proudly use their very first library card at an event I helped organize, then asking me to recommend “a book with adventure and facts.” Seeing my work spark that kind of excitement at home made my role feel deeply personal as well as professional."
62,Business Analyst,"Motivation for Career Choice: I've always been fascinated by how better questions and clearer information can turn confusion into confident decisions, which led me to business analysis as a way to connect people, processes, and strategy. It allows me to combine curiosity, problem-solving, and a genuine interest in helping teams work smarter.

Defining Professional Skill: My standout strength is translating complex business needs into clear, actionable requirements that both technical and non-technical stakeholders can align around. This helps projects move forward efficiently, reduces misunderstandings, and ensures solutions deliver real business value.

Family and Job Connection: During a family game night, I caught myself mapping out everyone's wildly different ""rules"" for a card game like a stakeholder workshop, and my family still jokes that I turned game night into a process-improvement session. That moment made them laugh, but it also showed just how naturally analysis and alignment shape the way I see the world."
63,Social Worker,"Motivation for Career Choice: I was drawn to social work by a strong belief that timely support and compassionate advocacy can change the course of a person’s life, especially during moments of crisis or transition. Turning empathy into practical help gives me a sense of purpose and allows me to support individuals, children, and families in building safer, more stable futures.

Defining Professional Skill: My defining strength is building trust quickly with people from diverse backgrounds, then translating complex systems into clear, manageable next steps they can act on with confidence. This helps me advocate effectively, coordinate services efficiently, and keep clients engaged in their own progress.

Family and Job Connection: One of my favorite memories is bringing a family member to a community fundraiser I helped organize, where they saw firsthand how many people quietly come together to support local families. On the drive home, they said, “Now I understand—you don’t just help people, you help them feel less alone,” and that has stayed with me ever since."
64,Real Estate Agent,"Motivation for Career Choice: I've always been inspired by the way a home can shape people's daily lives and future plans, which led me to pursue real estate as a career where I can combine relationship-building with helping clients make meaningful life decisions. I’m motivated by the opportunity to guide people through milestones with clarity, confidence, and genuine care.

Defining Professional Skill: My standout strength is translating client needs into smart property matches, balancing market knowledge, attentive listening, and strong negotiation to create outcomes that feel both strategic and personal. This allows me to help buyers and sellers move forward with confidence in a fast-changing market.

Family and Job Connection: One of my favorite memories is bringing a family member along to an open house, where they started chatting with a visitor who later became a client and joked that real estate talent must run in the family. That moment captured what I love most about the job: meaningful connections often begin in the most natural, human way."
65,Sales Representative,"Motivation for Career Choice: I was drawn to sales because I genuinely enjoy connecting with people, understanding what matters to them, and helping them find solutions that make their work or lives easier. Turning conversations into long-term relationships is what motivates me most and gives my work a clear sense of purpose.

Defining Professional Skill: My standout strength is building trust quickly by listening carefully, asking the right questions, and translating customer needs into clear value. This helps me create tailored pitches, strengthen client loyalty, and consistently turn interest into results.

Family and Job Connection: At a community event hosted by one of my clients, my family stopped by and ended up chatting with customers who enthusiastically shared how much they appreciated the service I had helped deliver. Seeing my family's pride in that moment reminded me that sales is not just about closing deals, but about creating positive experiences people remember."
66,Web Developer,"Motivation for Career Choice: I was drawn to web development by the excitement of turning ideas into interactive experiences that people can use every day, combining creativity with problem-solving in a way that feels both practical and rewarding. Building for the web lets me create tools that are accessible, useful, and capable of making a real difference for users.

Defining Professional Skill: My defining strength is translating complex requirements into clean, user-friendly digital solutions, balancing technical precision with an intuitive front-end experience. This allows me to build websites and applications that are not only reliable and scalable, but also genuinely enjoyable to use.

Family and Job Connection: One of my favorite family memories was showing a relative a website feature I had built, only for them to excitedly point out how much easier it made a task they used to avoid online. Seeing someone in my own family benefit directly from my work made the impact of web development feel immediate and personal."
67,Social Worker,"Motivation for Career Choice: I was drawn to social work by a deep belief that timely support and compassionate advocacy can change the course of someone’s life, especially during moments of crisis or transition. What motivates me most is helping individuals and families feel heard, connected to resources, and empowered to move forward with dignity.

Defining Professional Skill: My standout strength is building trust quickly with people from diverse backgrounds, which allows me to assess needs thoughtfully and coordinate practical, person-centered support. This helps me navigate sensitive situations with empathy while still keeping plans organized, realistic, and outcome-focused.

Family and Job Connection: One of my favorite memories is when a relative joined me at a community fundraiser and quietly said afterward, “Now I understand why everyone stops to talk to you.” Seeing my family witness the relationships I had built through my work made my career feel personal in a whole new way."
68,Hotel Manager,"Motivation for Career Choice: I've always been inspired by the way a well-run hotel can turn an ordinary trip into a lasting memory, and that passion led me to a career centered on creating welcoming, seamless guest experiences. I’m motivated by the opportunity to blend hospitality, leadership, and service into an environment where both guests and staff can thrive.

Defining Professional Skill: My standout strength is anticipating guest needs before they are voiced, while coordinating teams behind the scenes to deliver consistently high standards across every part of the operation. This allows me to create a calm, polished atmosphere that builds guest loyalty and keeps daily service running smoothly.

Family and Job Connection: During a family stay at a sister property, my relatives started casually pointing out small service touches they recognized from stories I’d shared, turning the trip into a fun “hotel manager’s eye” challenge. Seeing them appreciate the care behind each detail reminded me how meaningful thoughtful hospitality can be, both professionally and personally."
69,Retail Store Manager,"Motivation for Career Choice: I was drawn to retail management by the energy of creating welcoming spaces where people feel understood, valued, and excited to return. Turning customer service, team leadership, and business performance into one role makes this career especially rewarding for me.

Defining Professional Skill: My standout strength is building high-performing, customer-focused teams by combining clear coaching with a sharp eye for store operations, sales trends, and visual presentation. This helps me create an environment where staff stay motivated, customers enjoy their experience, and the store consistently exceeds targets.

Family and Job Connection: One of my favorite memories was having a family member visit during a holiday promotion and watching them laugh as regular customers greeted me by name before they even reached the register. It became a running family joke that I couldn’t walk ten steps in the store without stopping to help someone or straighten a display."
70,Electrician,"Motivation for Career Choice: I was drawn to becoming an electrician by the satisfaction of solving practical problems and the belief that reliable power improves everyday life in immediate, meaningful ways. What began as a fascination with how things work grew into a career focused on keeping homes, businesses, and people safely connected.

Defining Professional Skill: I excel at diagnosing electrical faults quickly and accurately, combining technical knowledge with a calm, methodical approach that minimizes downtime and keeps work safe and efficient. This ability allows me to deliver dependable solutions while building trust with clients and colleagues alike.

Family and Job Connection: One of my favorite family memories was showing a relative a building I had helped wire, only for the lights to come on just as I explained my role in the project. Seeing their reaction turned a routine work moment into a proud reminder that my job creates something tangible the whole family can appreciate."
71,Journalist,"Motivation for Career Choice: I've always been driven by curiosity and a desire to understand the people and events shaping the world, which naturally led me to journalism as a way to turn observation into meaningful storytelling. For me, reporting is both a public service and a chance to give clarity and context to complex issues.

Defining Professional Skill: My strongest professional skill is synthesizing large amounts of information into accurate, compelling narratives that are both accessible and insightful. This allows me to spot the human story within the facts while maintaining credibility, precision, and trust.

Family and Job Connection: During a weekend trip built around one of my assignments, a family member ended up helping me test interview questions on locals at a café, turning the outing into an unexpectedly lively reporting exercise. It became a favorite family story and a reminder that journalism often invites the people closest to us to see the world with fresh curiosity."
72,Event Planner,"Motivation for Career Choice: I was drawn to event planning by the energy of bringing people together and the satisfaction of turning ideas into memorable experiences. What began as a love for organizing milestone celebrations grew into a career focused on creating events that feel seamless, meaningful, and unforgettable.

Defining Professional Skill: My standout strength is coordinating many moving parts without losing sight of the guest experience, allowing me to manage vendors, timelines, and budgets with calm precision. This helps ensure each event runs smoothly while still feeling personal and creatively tailored.

Family and Job Connection: One of my favorite memories is when my family attended an event I had planned and stayed afterward just to watch the final reveal of the transformed space. Seeing their reaction reminded me that behind every seating chart and schedule is a moment people may remember for years."
73,Primary School Teacher,"Motivation for Career Choice: Inspired by the joy of helping children make sense of the world, I chose primary education to turn curiosity into confidence and create a classroom where every learner feels seen, capable, and excited to grow.  
Defining Professional Skill: My defining strength is making learning accessible and engaging for a wide range of abilities, using creativity, patience, and clear communication to help each child build strong foundations.  
Family and Job Connection: At a school fair, a younger family member proudly introduced me to everyone as “the teacher who makes reading feel like an adventure,” and then insisted on giving my class library a dramatic one-person book review."
74,Logistics Coordinator,"Motivation for Career Choice: I’ve always been energized by creating order from complexity, and logistics felt like the perfect way to turn that instinct into meaningful work that keeps businesses and communities moving. Coordinating people, timelines, and shipments gives me the chance to combine problem-solving with a genuine desire to make operations run smoothly.

Defining Professional Skill: My standout strength is staying calm while managing multiple moving priorities, quickly identifying risks and adjusting plans before delays escalate. This allows me to keep vendors, carriers, and internal teams aligned while protecting both service levels and customer trust.

Family and Job Connection: On a family road trip, we unexpectedly passed one of the regional warehouses I help support, and my family insisted we stop so I could show them “where all the planning happens.” Watching them connect my behind-the-scenes work to the products arriving in stores made my career feel especially real and rewarding."
75,Journalist,"Motivation for Career Choice: I was drawn to journalism by a deep curiosity about people’s lives and a belief that clear, truthful storytelling can help communities better understand the world around them. That same drive continues to shape my work, combining empathy, research, and a commitment to reporting that informs and connects.

Defining Professional Skill: My defining strength is turning complex, fast-moving information into accurate, compelling stories that are both accessible to broad audiences and faithful to the facts. This allows me to report with clarity under pressure while building trust with sources and readers alike.

Family and Job Connection: One of my favorite memories is bringing a family member to a local community event I was covering, only to discover they knew one of my interview subjects from years earlier. What began as a quick introduction turned into a warm conversation that reminded me how journalism often reveals the unexpected connections that tie people together."
76,Police Officer,"Motivation for Career Choice: A strong sense of public service and a genuine commitment to helping people through difficult moments inspired me to become a Police Officer. I’m motivated by the opportunity to build trust in the community while protecting others with fairness, calm judgment, and integrity.

Defining Professional Skill: I excel at staying composed and observant in high-pressure situations, allowing me to assess risk quickly, de-escalate conflict, and make sound decisions when it matters most. This skill helps me protect the public effectively while treating every individual with professionalism and respect.

Family and Job Connection: During a community open day at the station, a young relative proudly told everyone I was “the person who helps people on their worst days,” a simple comment that captured exactly why I value this work. That moment made my family feel connected to my role and reminded me how deeply policing can impact both the public and the people closest to us."
77,Web Developer,"Motivation for Career Choice: I was drawn to web development by the blend of creativity and logic it offers—the chance to build something useful, interactive, and accessible from a simple idea. Turning complex user needs into smooth digital experiences continues to motivate me to create websites and applications that make everyday tasks easier.

Defining Professional Skill: My standout strength is translating technical complexity into clean, user-friendly solutions, combining strong front-end development with an eye for performance and usability. This allows me to build web experiences that are not only functional and scalable, but also intuitive for the people using them.

Family and Job Connection: One of my favorite memories is showing my family a website I had built for a local business and watching them excitedly place a test order just to see it work in real time. Their playful enthusiasm reminded me that behind every line of code is a real person enjoying the result."
78,Web Developer,"Motivation for Career Choice: I was drawn to web development by the mix of creativity and problem-solving it offers—the chance to build something useful, intuitive, and accessible from a simple idea. Turning complex requirements into seamless digital experiences continues to motivate me because it lets me combine design thinking with technical precision.

Defining Professional Skill: My standout strength is translating user needs and business goals into clean, scalable, and responsive web solutions that perform reliably across devices. This helps teams move efficiently from concept to launch while ensuring the final product is both maintainable and engaging.

Family and Job Connection: One of my favorite memories is showing my family a website I had helped build for a local business, only for them to excitedly point out features they had actually used without realizing I worked on them. Their surprise turned into an impromptu “site review” over dinner, and it reminded me how directly good web development can shape everyday experiences."
79,Dental Hygienist,"Motivation for Career Choice: I was drawn to dental hygiene by the opportunity to combine hands-on healthcare with meaningful patient relationships, helping people feel more confident and comfortable through better oral health. I find it especially rewarding to turn routine visits into positive experiences that support long-term wellbeing.

Defining Professional Skill: My defining strength is putting anxious patients at ease while delivering thorough, detail-oriented preventive care, allowing me to build trust and improve treatment outcomes. I’m especially effective at explaining oral health habits in a clear, encouraging way that helps patients stay engaged between appointments.

Family and Job Connection: One of my favorite memories was when a younger family member proudly demonstrated the brushing technique I had taught them to relatives at a holiday gathering, turning dinner into an impromptu oral health lesson. It was a funny, heartfelt reminder that the education I give at work can ripple far beyond the clinic."
80,Retail Store Manager,"Motivation for Career Choice: I was drawn to retail management by the energy of creating welcoming spaces where people can find what they need and leave feeling genuinely valued. Turning fast-paced customer interactions into strong teams, smooth operations, and memorable store experiences is what makes this career especially rewarding to me.

Defining Professional Skill: My defining strength is balancing people leadership with commercial awareness, helping teams stay motivated while consistently improving sales, service standards, and day-to-day efficiency. I’m particularly effective at reading customer trends and translating them into smart merchandising and staffing decisions.

Family and Job Connection: One of my favorite memories was when a family member visited the store during a seasonal launch and ended up enthusiastically helping customers choose gifts just by chatting with them in line. Seeing my family witness the teamwork and buzz of the shop floor reminded me how much joy retail can create when a store feels like part of the community."
81,Graphic Designer,"Motivation for Career Choice: I've always been drawn to the way thoughtful visuals can shape how people feel, understand, and connect, so graphic design felt like the perfect path to turn creativity into meaningful communication. What motivates me professionally is creating design work that is not only visually striking but also purposeful and memorable.

Defining Professional Skill: My standout strength is translating abstract ideas into clear, cohesive visual identities that resonate across print, digital, and brand touchpoints. This allows me to help clients and teams communicate their message with consistency, creativity, and impact.

Family and Job Connection: One of my favorite memories was during a family visit to a local café where I had recently redesigned the branding; my family excitedly pointed out the menu, signage, and packaging before I even said a word. Seeing them interact so naturally with something I had created reminded me that good design becomes part of people's everyday lives."
82,Librarian,"Motivation for Career Choice: Drawn by a lifelong love of stories, learning, and helping people find exactly the information they need, I pursued librarianship as a way to turn curiosity into community impact. I’m especially motivated by creating welcoming spaces where knowledge feels accessible to everyone.

Defining Professional Skill: My standout strength is connecting people with the right resources quickly and thoughtfully, whether that means guiding detailed research, curating collections, or designing programs that spark engagement. This blend of information literacy and empathetic service helps patrons feel both supported and empowered.

Family and Job Connection: One of my favorite memories was seeing a younger family member race through the library to show me the very book I had recommended for their school project, proudly calling me the “story detective” in front of everyone. That moment captured how deeply my work bridges professional purpose and family life."
83,Occupational Therapist,"Motivation for Career Choice: I was drawn to occupational therapy by a deep interest in helping people regain confidence in everyday life, turning small milestones like getting dressed, cooking, or returning to work into meaningful victories. It’s a career that lets me combine empathy, problem-solving, and a belief that independence can be rebuilt step by step.

Defining Professional Skill: My defining strength is adapting therapeutic strategies to fit each person’s real-world routines, goals, and environment so progress feels practical and sustainable. This allows me to build trust quickly and create interventions that improve both function and quality of life.

Family and Job Connection: One of my favorite family memories is when a relative started pointing out accessible design features everywhere we went after hearing about my work, turning an ordinary outing into a joyful “occupational therapy scavenger hunt.” It was a funny, heartfelt reminder of how this profession helps entire families see independence and inclusion in a new way."
84,Journalist,"Motivation for Career Choice: I was drawn to journalism by a deep curiosity about people, events, and the forces that shape everyday life, along with a belief that clear, truthful storytelling can make complex issues accessible and meaningful. For me, reporting is a way to turn that curiosity into public service by informing communities and amplifying voices that might otherwise go unheard.

Defining Professional Skill: My defining strength is synthesizing large amounts of information quickly and accurately, then shaping it into compelling stories that are both rigorous and engaging. This allows me to spot the human angle in complex developments while maintaining the credibility and clarity readers rely on.

Family and Job Connection: One of my favorite memories is bringing a family member to a local community event I was covering, only for them to recognize someone I planned to interview from an old neighborhood connection. What started as a routine assignment turned into a warm, unexpectedly personal conversation that reminded me how closely journalism is tied to real relationships and shared experiences."
85,Pharmacist,"Motivation for Career Choice: Inspired by a strong interest in science and a genuine desire to help people feel safer and more informed about their health, I chose pharmacy as a career where accuracy, empathy, and public service come together every day. I find deep purpose in being a trusted professional who can turn complex medication information into practical guidance that improves patients’ lives.

Defining Professional Skill: My defining strength is translating detailed clinical knowledge into clear, personalized medication advice, helping patients and healthcare teams make confident, informed decisions. This ability supports safer treatment outcomes, improves adherence, and builds lasting trust with the people I serve.

Family and Job Connection: One of my favorite memories is helping a family member organize their medications before a holiday trip, which turned into an impromptu “mini pharmacy lesson” around the kitchen table for the whole family. What began as a simple favor became a meaningful reminder that my work extends beyond the pharmacy by giving the people closest to me greater confidence in managing their health."
86,Marketing Manager,"Motivation for Career Choice: I've always been fascinated by why certain messages spark emotion and action, and that curiosity naturally grew into a career where I can blend creativity, strategy, and customer insight to build brands that genuinely connect with people. What motivates me most is turning ideas into campaigns that not only drive growth but also create memorable experiences.

Defining Professional Skill: My standout strength is translating market data and customer behavior into clear, compelling campaigns that resonate with the right audience. This allows me to balance creative storytelling with measurable results, helping teams build brand visibility while achieving commercial goals.

Family and Job Connection: During a family holiday, we stumbled upon a café using a promotional concept almost identical to a campaign I had recently launched, and my family laughed as I instinctively started analyzing the signage, customer flow, and brand messaging before we had even ordered. It turned into a running joke for the rest of the trip, but it also reminded me how naturally marketing shapes the way I see the world."
87,Physiotherapist,"Motivation for Career Choice: I was drawn to physiotherapy by a genuine interest in how the body heals and adapts, combined with the satisfaction of helping people regain confidence in their movement and daily lives. For me, it is a career that blends science, empathy, and practical problem-solving in a way that creates visible, meaningful progress.

Defining Professional Skill: My defining strength is translating clinical assessment into highly personalized rehabilitation plans that are both effective and motivating for patients to follow. By combining careful observation with clear encouragement, I help people make steady progress toward recovery, independence, and long-term wellbeing.

Family and Job Connection: One of my favorite memories is teaching a few simple mobility exercises to a relative recovering from a minor injury during a family holiday, only for the whole family to join in and turn it into an impromptu stretching session before breakfast. It became a funny but memorable reminder that movement, support, and recovery are often strongest when shared."
88,Registered Nurse,"Motivation for Career Choice: Inspired by a deep desire to comfort people during their most vulnerable moments, I chose nursing because it allows me to combine compassion, calm decision-making, and practical care in a role that makes a visible difference every day. I’m especially motivated by the opportunity to support both patients and their families through recovery, uncertainty, and hope.

Defining Professional Skill: My defining strength is staying composed and attentive in fast-paced clinical settings, quickly recognizing subtle changes in a patient’s condition and responding with both precision and empathy. This helps me deliver safe, high-quality care while building trust with patients, relatives, and multidisciplinary teams.

Family and Job Connection: One of my favorite reminders of why I love nursing came when a family member visited my workplace during a community health event and joked that I seemed to know everyone in the room. Watching them see how a few calm words and genuine care could put strangers at ease made my profession feel personal in a whole new way."
89,Customer Service Supervisor,"Motivation for Career Choice: I was drawn to customer service leadership by the challenge of turning stressful moments into positive outcomes, and by the satisfaction of helping both customers and team members feel heard, supported, and valued. Supervising a service team allows me to combine my passion for problem-solving with my commitment to creating consistently excellent customer experiences.

Defining Professional Skill: My standout strength is coaching teams to stay calm, empathetic, and solution-focused under pressure, which helps resolve issues efficiently while building customer trust. I’m especially effective at spotting patterns in service concerns and turning them into practical improvements for workflows, training, and communication.

Family and Job Connection: At a family dinner, my relatives once laughed as I gently “de-escalated” a heated debate over restaurant orders by summarizing everyone’s concerns and finding a solution that made the whole table happy. It became a running family joke that I don’t stop being a customer service supervisor when I leave work."
90,Journalist,"Motivation for Career Choice: I've always been driven by a curiosity about people, events, and the stories behind the headlines, which led me to journalism as a way to turn observation and empathy into meaningful public insight. For me, the profession combines a love of clear communication with a commitment to helping others better understand the world around them.

Defining Professional Skill: My strongest professional skill is uncovering the heart of a story quickly and translating complex information into accurate, engaging reporting that resonates with diverse audiences. This allows me to ask sharper questions, build trust with sources, and produce work that is both compelling and credible.

Family and Job Connection: One of my favorite memories is bringing a family member to a community event I was covering, only to discover they had their own unexpected connection to one of the interviewees, which turned the assignment into a warm reminder of how interconnected people's stories can be. That moment reinforced why journalism feels so personal to me: every story has a human thread, and sometimes it leads right back to home."
91,Project Manager,"Motivation for Career Choice: I was drawn to project management by the challenge of turning big ideas into structured, achievable outcomes, combining my love of organization with the satisfaction of helping teams do their best work together. It’s a career that lets me connect strategy with people, ensuring goals are met in a way that feels purposeful and collaborative.

Defining Professional Skill: My standout strength is bringing clarity to complexity—breaking ambitious initiatives into actionable plans, aligning stakeholders, and keeping momentum strong even when priorities shift. This allows me to deliver projects with consistency while building trust across cross-functional teams.

Family and Job Connection: On a family trip planned around the completion of a major project, my relatives jokingly started assigning me “project manager” duties for everything from dinner reservations to sightseeing routes. What began as a running joke became a memorable reminder that the same calm coordination I bring to work has always been part of how I support the people around me."
92,Dental Hygienist,"Motivation for Career Choice: Inspired by the confidence that a healthy smile can give someone, I was drawn to dental hygiene as a way to combine hands-on patient care with education that helps people build lifelong wellness habits. I find it especially rewarding to make clinical visits feel calm, supportive, and empowering for patients of all ages.

Defining Professional Skill: My defining strength is pairing meticulous preventive care with a gentle chairside manner, allowing me to spot early concerns, deliver thorough treatment, and help even anxious patients feel at ease. This balance improves both patient outcomes and their willingness to maintain regular oral health routines.

Family and Job Connection: One of my favorite memories was helping a nervous young family member prepare for their first dental cleaning by turning oral hygiene tips into a playful “tooth detective” game we later shared at home. Seeing them proudly arrive at their appointment excited instead of afraid reminded me how meaningful education and reassurance can be in this profession."
93,Laboratory Technician,"Motivation for Career Choice: A natural curiosity about how things work, combined with a desire to contribute to accurate, meaningful results, inspired me to pursue laboratory work where careful testing supports bigger scientific and healthcare goals. I’m especially motivated by the idea that precision behind the scenes can make a real difference in research, quality, and patient outcomes.

Defining Professional Skill: My standout strength is maintaining exceptional accuracy under pressure, from preparing samples to documenting results with consistency and care. This attention to detail helps ensure reliable data, supports compliance, and gives the wider team confidence in every stage of the testing process.

Family and Job Connection: One of my favorite family memories was bringing home stories from a busy week in the lab and realizing my younger sibling had started turning our kitchen into a “mini lab,” carefully labeling cups of juice like test samples. It became a funny but proud reminder that my enthusiasm for methodical work and discovery had become something my family could see, celebrate, and connect with."
94,Paralegal,"Motivation for Career Choice: I was drawn to paralegal work by a genuine interest in how careful research, strong organization, and attention to detail can help people navigate important legal moments with more confidence. It’s a career that lets me combine a love of clear problem-solving with a desire to support meaningful outcomes behind the scenes.

Defining Professional Skill: My standout strength is turning large volumes of legal information into precise, well-organized case materials that attorneys can act on quickly and confidently. By staying meticulous under pressure, I help keep deadlines, filings, and client communications accurate and on track.

Family and Job Connection: One of my favorite memories was explaining to a younger family member, while organizing case binders at home before a big filing, that my job is a bit like being the person who makes sure every piece of a very important puzzle is in the right place. Now whenever they hear the word “court,” they proudly say I’m the one who helps keep everything ready."
95,Civil Engineer,"Motivation for Career Choice: Fascinated from an early age by how bridges, roads, and public spaces shape everyday life, I'm motivated by the opportunity to design infrastructure that is both resilient and genuinely useful to the communities it serves. Civil engineering lets me combine problem-solving, creativity, and public impact in a very tangible way.

Defining Professional Skill: I excel at translating complex technical requirements into practical, buildable solutions that balance safety, cost, and long-term performance. This allows me to coordinate effectively across contractors, planners, and clients while keeping projects efficient and dependable.

Family and Job Connection: On a family road trip, we crossed a bridge I had helped deliver, and my relatives insisted on stopping for a photo while joking that it was the only vacation landmark where I could explain the drainage system in detail. That moment made my work feel especially meaningful, because my family could literally see the kind of legacy I hope to build."
96,Automotive Technician,"Motivation for Career Choice: I've always been drawn to understanding how machines work, and automotive repair turned that curiosity into a career where I can solve practical problems and help people stay safe and mobile. The combination of hands-on diagnostics and continuous learning is what keeps me motivated in the field.

Defining Professional Skill: My standout strength is pinpointing mechanical and electrical faults efficiently, combining methodical troubleshooting with attention to detail to reduce downtime and prevent repeat issues. This allows me to deliver reliable repairs while building trust with customers and teammates alike.

Family and Job Connection: One of my favorite memories was helping get a family car road-trip ready, then hearing my relatives joke that they felt more confident traveling because I had ""given the car my seal of approval."" That moment made my work feel especially meaningful because it connected my technical skills directly to the people I care about most."
97,Police Officer,"Motivation for Career Choice: A strong sense of responsibility and a genuine commitment to helping people through difficult moments inspired me to become a Police Officer, combining public service with the goal of building safer, more trusting communities. I’m especially motivated by work that requires calm judgment, empathy, and visible impact.

Defining Professional Skill: My defining strength is staying composed and observant under pressure, allowing me to assess situations quickly, de-escalate conflict, and make sound decisions that protect both the public and my team. This balance of vigilance and communication helps me respond effectively in unpredictable environments.

Family and Job Connection: One of my favorite memories is bringing a family member to a community safety event at the station, where they watched children excitedly meet officers and learn about the role firsthand. Seeing my family connect with the human side of policing reminded me that this career is not just about enforcement, but about trust, service, and community presence."
98,Sales Representative,"Motivation for Career Choice: I was drawn to sales because I genuinely enjoy connecting with people, understanding what they need, and helping them find solutions that make their work or daily life easier. That combination of relationship-building and measurable impact makes the role both personally rewarding and professionally motivating.

Defining Professional Skill: My standout strength is building trust quickly by listening carefully, asking the right questions, and tailoring each conversation to the customer’s priorities. This helps me create lasting client relationships, uncover opportunities others might miss, and consistently turn interest into long-term business.

Family and Job Connection: One of my favorite memories was bringing my family to a company open house, where my younger sibling listened to me chat with customers and later joked that I could “make friends with anyone in five minutes.” It became a running family story, and it perfectly captured why sales feels like such a natural fit for me."
99,Hotel Manager,"Motivation for Career Choice: I was drawn to hotel management by the idea of turning ordinary travel into a memorable experience, combining my love of hospitality, problem-solving, and creating spaces where people feel genuinely welcomed. Professionally, I’m motivated by the chance to lead teams that deliver both exceptional service and smooth operations behind the scenes.

Defining Professional Skill: My standout strength is balancing guest satisfaction with operational efficiency, allowing me to resolve issues quickly while maintaining a warm, high-standard experience for every visitor. This helps build repeat business, strong team morale, and a reputation for service excellence.

Family and Job Connection: On a family weekend visit to one of my properties, a surprise wedding proposal unfolded in the lobby after my team helped quietly coordinate the moment, and my family still loves telling the story as if we were all part of the event team. It became a personal reminder of how hotel work often places you at the center of life’s most meaningful memories."
100,Logistics Coordinator,"Motivation for Career Choice: I’ve always been energized by bringing order to fast-moving situations, and logistics felt like the perfect way to turn that instinct into a career that keeps people, products, and businesses connected. What motivates me most is knowing that strong coordination behind the scenes can make an entire operation run smoothly.

Defining Professional Skill: My standout strength is staying calm while managing multiple priorities at once, combining precise scheduling, problem-solving, and proactive communication to keep deliveries on track. This allows me to respond quickly to disruptions and maintain trust with both internal teams and external partners.

Family and Job Connection: On a family road trip, we unexpectedly passed one of the warehouses I had helped support during a peak shipping season, and my family was amazed to hear how many moving parts were coordinated from that one site. It turned into a funny tradition where they now ask me to ""rate the logistics"" of every trip we take together."
