template_id,seed_id,text
1,1,"Key Points:
1. Opening Motivation: Begin with a long-standing interest or formative experience that explains what first drew you to the field.
2. Developing Curiosity: Expand from early interest into a broader fascination with how things work, evolve, or affect everyday life.
3. Career Direction: State the area you want to pursue and why it aligns with your interests, strengths, and long-term goals.
4. Current Education/Training: Introduce your present course, qualification, or training and link it to your chosen direction.
5. Evidence of Commitment: Include academic results, reliability, attendance, consistency, or other proof of discipline and effort.
6. Transferable Strengths: Highlight personal qualities such as creativity, problem-solving, resilience, communication, or adaptability.
7. Supporting Experience: Add brief examples from work experience, volunteering, short courses, or other practical exposure.
8. Personal Dimension and Future Aim: End with background details or interests that add character, then connect them to a clear future ambition. Useful transitions include “From an early age,” “Over time,” “Currently,” “In addition,” and “Looking ahead.”

Narrative Template:
From an early age, I have been drawn to [field/interest], and this curiosity first grew through [early experience or exposure]. Over time, this developed into a deeper interest in [broader theme], particularly in understanding [how/why aspect]. I am now keen to build a future in [career area], as it combines my enthusiasm for [interest] with my strengths in [key strengths]. Currently, I am studying [course/qualification], where I have demonstrated commitment through [results/achievement/attendance/reliability]. In addition, I bring qualities such as [quality 1], [quality 2], and [quality 3], which help me perform well in both academic and practical settings. My experience in [work experience/volunteering/course/project] has further developed my [relevant skills]. Alongside this, my background in [personal detail, language, community, or hobby] has strengthened my perspective and adaptability. Looking ahead, I hope to use my skills and knowledge to contribute meaningfully to [future goal/industry/organisation type]."
2,2,"Key Points:
1. Opening Motivation: Begin with a broad observation or personal insight that introduces your core interest and long-term direction.
2. Personal Connection: Follow with a firsthand experience that deepened this interest and gave it practical meaning.
3. Academic Development: Show how study strengthened your curiosity, highlighting relevant subjects, projects, or awards.
4. Intellectual Exploration: Mention wider reading, independent learning, or research to demonstrate initiative and reflective thinking.
5. Extracurricular Evidence: Add clubs, competitions, or collaborative activities to show teamwork, communication, and commitment.
6. Practical Experience: Include work experience, volunteering, or applied projects that connect learning to real-world settings.
7. Personal Qualities in Action: Briefly show problem-solving, adaptability, leadership, or initiative through a specific example.
8. Forward-Looking Close: End by linking past experiences to future contribution, using transitions such as “In addition,” “Outside of,” “Although,” “This led me to,” and “Looking ahead.”

Narrative Template:
I have long been motivated by [broad interest/value], particularly the way it shapes [people/organisations/society]. This interest grew through [early experience/exposure], which gave me firsthand insight into [relevant theme]. Through my studies in [subjects/qualification areas], I developed skills in [key skills] and deepened my understanding of [area], supported by [project/award/achievement]. In addition, my independent exploration of [reading/research/topic] broadened my perspective and strengthened my enthusiasm. Outside of academic work, I took part in [club/activity/competition], where I developed [teamwork/communication/leadership/problem-solving]. Although my interest began early, it was further reinforced by [work experience/volunteering/personal project], where I applied [knowledge/skills] in a practical setting and gained insight into [industry/context]. This experience also revealed my strengths in [qualities]. Looking ahead, I am eager to build on this foundation, contribute to [future environment/goal], and continue developing through new challenges and collaboration."
3,3,"Key Points:
1. Opening Motivation: Begin with a strong statement of curiosity, purpose, or values that frames the whole narrative.
2. Field Connection: Explain why this area matters broadly, then link that significance to your personal ambition.
3. Academic/Professional Foundation: Introduce studies, training, or early experience that developed your interest and clarified your goals.
4. Transferable Skills: Show how other subjects, roles, or responsibilities strengthened communication, analysis, discipline, or problem-solving.
5. Leadership and Contribution: Include positions of responsibility, teamwork, volunteering, or community involvement as evidence of character and initiative.
6. Broader Development: Add extracurricular interests or personal pursuits to show resilience, balance, and well-roundedness.
7. Practical Insight: Reference work experience or real-world exposure that deepened your understanding and refined your direction.
8. Closing Aim: End by reaffirming motivation, strengths, and the contribution you hope to make.

Narrative Template:
Few things motivate me more than [core interest/value], particularly the opportunity to understand, improve, or contribute to [broader area]. Because this field affects [people/organisations/society] in meaningful ways, I am eager to develop my knowledge and play an active role within it. Through [course, training, or early experience], I have strengthened this interest and clarified my long-term goals. Alongside this, my experience in [other subject/role/activity] has helped me build [communication/analytical/organisational/interpersonal] skills, which I believe will support me in demanding professional environments. Beyond academics or work, I have demonstrated leadership and commitment through [position of responsibility/volunteering/community role], where I developed [teamwork, initiative, empathy, planning]. My involvement in [extracurricular interest/hobby] has further strengthened my resilience, confidence, and ability to manage pressure. In addition, exposure to [work experience/project/practical setting] gave me valuable insight into [industry/working world] and confirmed the direction I wish to pursue. Overall, I am motivated, hardworking, and committed to applying my skills and enthusiasm to make a meaningful contribution in [chosen field]."
4,4,"Key Points:
1. Opening Purpose: Begin with a broad observation or belief, then link it to the applicant’s personal motivation and chosen direction.
2. Career Alignment: Explain why the field suits the applicant’s temperament, values, and strengths using phrases like “This aligns with…” or “Therefore, I seek…”.
3. Educational Rationale: Briefly justify the academic path or training sought, showing how it supports long-term goals.
4. Foundational Influences: Introduce school, family, or upbringing as formative influences with transitions such as “From an early stage…” or “I have been fortunate…”.
5. Evidence of Ability: Present achievements, leadership roles, awards, and discussions/projects as proof of skill and commitment.
6. Broader Exposure: Add volunteering, cultural exposure, community work, or extracurriculars to demonstrate empathy, adaptability, and initiative.
7. Skills Synthesis: Summarise what these experiences developed—leadership, problem-solving, creativity, communication, and responsibility.
8. Forward-Looking Close: End by connecting past experiences to future contribution using “It is with this experience…” or “As a [qualities] individual…”.

Narrative Template:
[Wider trend, belief, or challenge] has reinforced my interest in [general field/area], a path through which I hope to contribute meaningfully to [broader purpose]. This direction aligns with my strengths in [strength 1] and [strength 2], while reflecting my commitment to [value or impact]. Therefore, I seek to build on this foundation through [education/training/next step], which will equip me for a long-term career in [broad goal].

I have been fortunate to develop within an environment shaped by [school/family/community influence], which instilled in me [core values]. Through experiences such as [leadership role], [award/achievement], and [activity/project], I have strengthened my appreciation for [relevant themes] and developed skills in [key skills]. In addition, my involvement in [volunteering/cultural exposure/extracurriculars] has broadened my perspective and deepened my sense of responsibility.

Together, these experiences have given me the determination to lead, solve problems, and contribute thoughtfully. As a [qualities] individual, I am prepared to apply my abilities in service of [future contribution/aspiration]."
5,5,"Key Points:
1. Opening Motivation: Begin with a broad belief or value that frames your professional interest and gives purpose to the narrative.
2. Focused Interest: Narrow to a specific experience, idea, or problem that sparked deeper curiosity and explains your direction.
3. Intellectual Engagement: Reference a book, project, discussion, or insight that shows critical thinking and independent reflection.
4. Future Aim: State a clear ambition, linking present interests to longer-term goals.
5. Academic/Technical Fit: Show how your studies, training, or core strengths connect naturally to the field.
6. Practical Evidence: Include structured experiences, achievements, or projects that demonstrate initiative, teamwork, and applied problem-solving.
7. Personal Dimension: Add one meaningful hobby or independent pursuit that reinforces curiosity, discipline, or creativity.
8. Cohesive Transitions: Use phrases such as “This led me to…,” “For example…,” “Through this…,” “Beyond formal experience…,” and “Looking ahead…” to maintain flow.

Narrative Template:
I am motivated by the belief that [broader value or purpose], and this has shaped my interest in [field/area]. In particular, my interest grew through [specific topic, experience, or problem], which showed me how [impact or significance]. This led me to explore the subject more deeply through [book/course/project/discussion], where I developed a more reflective understanding of [theme or challenge]. While I recognise [tension, debate, or complexity], I believe [your perspective]. Looking ahead, I hope to [future goal], combining [strength 1] with [strength 2].

My background in [subjects/training/areas] has strengthened my ability to [relevant capability], and I am especially drawn to the way [different skills or disciplines] connect. To build practical insight, I pursued [course, work experience, project, or competition], where I [action] and achieved [result]. Through this, I learned [lesson or skill]. Beyond formal experience, I have also developed this mindset through [hobby/personal project], where I [action], demonstrating [quality]. Overall, my experiences reflect a consistent interest in [theme], and I am keen to contribute this curiosity, initiative, and problem-solving approach to [next step/role]."
6,6,"Key Points:
1. Opening Motivation: Begin with a personal influence or early exposure that sparked interest in a field or path.
2. Development of Interest: Show how study, training, or early experience strengthened both knowledge and commitment.
3. Specific Insight: Include one or two concrete examples of what was learned or observed to demonstrate understanding.
4. Breadth and Connection: Briefly connect related areas of study or experience to show range and transferable thinking.
5. Intellectual Engagement: Mention a book, project, research topic, or independent learning that deepened perspective.
6. Skills and Growth: Highlight practical abilities gained, such as research, teamwork, communication, organization, or working under pressure.
7. Personal Qualities: Include a short statement of character traits that support performance and reliability.
8. Forward-Looking Close: Conclude by linking past development to readiness for the next stage, using transitions such as “Through this,” “In addition,” “As a result,” and “Looking ahead.”

Narrative Template:
Having been influenced by [personal background/exposure], I developed an early interest in [field/industry]. Over time, this interest has grown through [study/training/work experience], which has broadened my understanding and strengthened my motivation to progress further. In particular, I have valued learning about [specific topic/area], where I gained insight into [relevant concept or process]. In addition, my experience in [related subject/activity] has helped me appreciate [wider issue, transferable skill, or broader perspective]. Beyond formal study, engaging with [book/project/research/independent learning] deepened my awareness of [theme or challenge] and encouraged me to think more critically. Through this journey, I have developed skills in [key skills], while also becoming more [personal growth outcome]. I consider myself [qualities], and these strengths have supported my progress. Looking ahead, I am eager to build on this foundation and apply my knowledge and skills in [next step/target opportunity]."
7,7,"Key Points:
1. Opening motivation: Begin with a broad idea, belief, or observation that introduces your core interest and values.
2. Personal connection: Narrow this into a specific reason you became interested in your field or type of work.
3. Academic/professional foundation: Explain how your studies, training, or early experiences developed relevant knowledge and analytical skills.
4. Deeper engagement: Highlight one topic, challenge, or responsibility that pushed you to explore beyond basic requirements.
5. Transferable strengths: Show how balancing commitments built qualities such as discipline, time management, adaptability, and resilience.
6. Practical experience: Use “Furthermore,” “To deepen this understanding,” or “Through this experience” to introduce placements, work, or projects that gave real-world insight.
7. Broader character: Add volunteering, extracurriculars, or personal interests to demonstrate teamwork, communication, initiative, and attention to detail.
8. Forward-looking close: End by linking your experiences, values, and strengths to what you hope to contribute and develop next.

Narrative Template:
From an early stage, I have been drawn to [broad theme/value/industry], particularly because of its impact on [people/problems/outcomes]. This interest developed into a clear ambition to pursue [field/role/path], motivated by my curiosity about [specific area]. Through my studies/training in [subjects/qualification], I have built strong foundations in [knowledge areas] while developing skills in [analysis/problem-solving/communication]. In particular, learning about [topic/project/challenge] encouraged me to explore the subject more deeply and strengthened my commitment to this path. Alongside this, balancing [study/work/other responsibilities] has made me more [disciplined/resourceful/resilient]. Furthermore, experience in [placement/job/project/volunteering] gave me valuable insight into [industry/work environment], while helping me develop [technical/practical/interpersonal skills]. Beyond this, my involvement in [activity/hobby/community role] has further strengthened my [teamwork/creativity/attention to detail/leadership]. Overall, I am eager to build on these experiences, continue developing both personally and professionally, and contribute positively to [future field/organisation/community]."
8,8,"Key Points:
1. Opening Motivation: Begin with a broad statement of interest, followed by why the field/work appeals to you and what keeps you engaged.
2. Intellectual/Professional Insight: Introduce a book, article, mentor, project, or experience that changed how you think, using a phrase like “This inspired me to…” or “This showed me…”.
3. Analytical Example: Include one brief example of how you learned to question assumptions, compare perspectives, or solve problems differently.
4. Focused Exploration: Transition with “As a result,” “Following this,” or “This led me to…” into a deeper experience such as study, work, research, or a visit/project.
5. Cross-Disciplinary Link: Show how another subject, role, or context strengthened your understanding and broadened your perspective.
6. Independent Initiative: Highlight a self-directed project or extra responsibility that demonstrates curiosity, ownership, and development of key skills.
7. Transferable Skills: Conclude experience paragraphs by naming skills gained—e.g., critical thinking, communication, teamwork, organisation, adaptability.
8. Forward-Looking Close: End by connecting your motivation and skills to future contribution, using “Overall,” “Ultimately,” or “Looking ahead,”.

Narrative Template:
I am drawn to [field/profession/area of work] because [broad reason], and this continues to motivate me as there is always [new challenge/knowledge/opportunity] to explore. My perspective developed further when [book/article/person/experience] showed me that [insight]. This inspired me to approach [subject/work] in a more thoughtful way; for example, [brief example of analysis, problem-solving, or changed perspective]. As a result, I pursued [course/project/work experience/activity], which gave me deeper insight into [specific area]. Following this, I expanded my understanding through [additional study/experience], while [another subject/role/activity] strengthened my appreciation of [wider context or transferable relevance]. Undertaking [independent project/responsibility] allowed me to develop [key skills], and my involvement in [teamwork/volunteering/leadership role] further strengthened my [communication/teamwork/organisation/adaptability]. Overall, I want to build on these experiences to contribute to [future goal/target role/organisation] with enthusiasm, curiosity, and a strong foundation in [core strengths]."
9,1,"**Key Points:**
1. **Opening Motivation:** Begin with a long-standing interest or formative exposure that explains *why* this path matters.  
2. **Early Trigger:** Add a brief personal experience that deepened curiosity and led to a desire to understand, improve, or contribute.  
3. **Wider Context:** Link that interest to a broader industry, social impact, or evolving field to show awareness beyond yourself.  
4. **Current Study/Experience:** Introduce present qualifications, training, or professional background as the foundation of your development.  
5. **Evidence of Strength:** Highlight achievements, consistency, or performance with concise proof of reliability and capability.  
6. **Core Skills and Character:** Present transferable strengths such as creativity, problem-solving, resilience, communication, or organisation.  
7. **Additional Experience:** Include extracurricular activity, work experience, volunteering, languages, or personal background to add depth.  
8. **Future Direction:** End with a clear goal, showing how your background supports your next step and long-term ambition.  

**Narrative Template:**  
I have been interested in **[field/area]** from an early stage, and this interest grew through **[formative experience/exposure]**. From that point, I became increasingly curious about **[specific aspect]** and wanted to understand how it works and how I could contribute to it. As **[industry/field]** continues to develop and influence everyday life, I am motivated by the opportunity to be part of that progress.  

At present, I am studying/working in **[current course/role]**, where I have developed **[relevant knowledge or discipline]**. I am a **[personal qualities]** individual who consistently **[evidence of work ethic/performance]**. My strengths include **[key transferable skills]**, which help me perform effectively in both independent and collaborative settings.  

In addition, I have gained experience through **[work experience/volunteering/extracurriculars]**, which strengthened my **[skills gained]**. My background in **[languages/interests/personal context]** has also helped shape my perspective and adaptability. Looking ahead, I hope to build on these experiences by **[next step/career goal]**, where I can apply my skills, continue learning, and make a meaningful contribution."
10,2,"Key Points:
1. Opening Motivation: Begin with a broad observation or personal insight that introduces your core interest and long-term direction.
2. Personal Connection: Follow with a brief example of early exposure, curiosity, or hands-on experience that made the interest meaningful.
3. Academic Development: Present relevant study or training, showing how subjects, projects, or awards strengthened your knowledge.
4. Intellectual Engagement: Reference wider reading, independent learning, or exploration to show initiative beyond formal requirements.
5. Extracurricular Evidence: Include clubs, competitions, or group activities to demonstrate teamwork, communication, and commitment.
6. Practical Experience: Add work experience, volunteering, or applied projects to show how your interest developed in real-world settings.
7. Personal Qualities: Highlight problem-solving, adaptability, leadership, or collaboration through specific contributions or outcomes.
8. Forward Link: Conclude by connecting past experience to the opportunity ahead, using transitions such as “In addition,” “Outside of this,” “Although,” and “Consequently.”

Narrative Template:
In a world where [broader context or industry change], I have developed a strong interest in [general field/theme], which I have pursued through both study and practical experience. Early exposure to [brief formative experience] gave me insight into [relevant process or skill] and strengthened my desire to contribute to this area. Through [coursework/training/qualification], I applied my skills in [task/project], while subjects such as [related areas] expanded my understanding and led me to explore [reading/independent learning]. Outside the classroom, I took part in [club/activity/competition], where I developed [teamwork/communication/problem-solving skills]. In addition, experience in [work placement/volunteering/project] allowed me to see how these skills operate in practice and deepened my interest in [professional direction]. Although my interest began with [initial spark], it has grown through collaboration, responsibility, and curiosity. Consequently, I am eager to bring this combination of knowledge, initiative, and enthusiasm to [next opportunity]."
11,3,"Key Points:
1. Opening Motivation: Begin with a broad statement of curiosity, purpose, or values that introduces the central professional drive.
2. Why It Matters: Connect that interest to wider real-world relevance using phrases like “It is for this reason,” or “This has confirmed my desire to…”.
3. Academic/Professional Foundation: Summarise studies, training, or early experience, showing how they developed interest and clarified long-term goals.
4. Transferable Strengths: Add complementary subjects, skills, or qualifications that support communication, analysis, discipline, or problem-solving.
5. Leadership and Service: Introduce positions of responsibility, volunteering, or community involvement to demonstrate initiative and teamwork.
6. Broader Development: Include extracurriculars, personal interests, or achievements that show resilience, balance, and character.
7. Practical Insight: Reference work experience or hands-on exposure to show understanding of the field and refine career direction.
8. Closing Confidence: End by reaffirming motivation, key qualities, and readiness to contribute and grow.

Narrative Template:
Few things motivate me more than [core interest/value/problem], and understanding how it shapes [people/organisations/outcomes] has strengthened my desire to build a career in this area. It is for this reason that I am committed to developing my knowledge and applying it in ways that create meaningful impact. Through [study/training/current role], I have deepened this interest and clarified my long-term goals, while [additional subject/experience] has strengthened my [communication/analytical/interpersonal] skills. Alongside this, my involvement in [leadership role/volunteering/community activity] has developed my ability to work with others, take responsibility, and contribute positively. I have also pursued [sport/hobby/personal interest], which has helped me build resilience, balance, and confidence. Experience in [work placement/project/practical setting] has given me valuable insight into professional environments and confirmed the direction I want to take. I am [focused/adaptable/motivated], and I believe my enthusiasm, work ethic, and commitment to growth will enable me to make a strong contribution in any future role."
12,4,"Key Points:
1. Opening Purpose: Begin with a broad observation or belief, then connect it to your personal motivation and intended direction.
2. Career Fit: Explain why the field suits your interests, values, and strengths using phrases like “This aligns with…” or “Therefore, I seek…”.
3. Educational Rationale: Briefly state why a particular education, environment, or training path is the right foundation.
4. Formative Background: Introduce school, family, or early influences that shaped your worldview and principles.
5. Evidence of Ability: Present achievements, leadership roles, awards, or activities as proof of initiative, discipline, and potential.
6. Broader Exposure: Add volunteering, cultural experiences, projects, or community engagement to show empathy, adaptability, and perspective.
7. Skills and Qualities: Draw together recurring strengths with transitions such as “These experiences have enabled me to…” or “They have strengthened my ability to…”.
8. Forward-Looking Close: End by linking past experiences to future contribution, emphasizing readiness, purpose, and long-term impact.

Narrative Template:
As [industry/society/context] continues to evolve, I see in [chosen field/path] an opportunity to contribute meaningfully while developing my strengths in [key interests/skills]. This aligns with my interest in [theme 1] and [theme 2], and therefore I seek to build a strong foundation through [education/training/experience].

My background in [school/work/community/family environment] has shaped my belief that [core value]. Guided by [motto/influence/person/experience], I have developed a broad and inclusive perspective. Through roles such as [leadership/academic/professional examples], I have strengthened my abilities in [skills]. In addition, my involvement in [projects/volunteering/extracurriculars/exposure] has deepened my understanding of [people/issues/systems] and enhanced my capacity to lead, solve problems, and adapt.

These experiences have given me both purpose and direction. As a [qualities], I am prepared to apply my knowledge and values toward [future goal], and to make a thoughtful, lasting contribution in any environment I serve."
13,5,"Key Points:
1. Opening Motivation: Begin with a broad belief or value about meaningful work, then narrow to what personally draws you to this field.
2. Specific Spark: Introduce one concrete idea, experience, or example that captures your interest and shows curiosity.
3. Reflection and Insight: Refer to a book, idea, project, or observation, then briefly evaluate it to demonstrate independent thinking.
4. Future Direction: State your ambition and connect it to the kind of contribution you want to make.
5. Academic/Professional Fit: Show how your studies, training, or work experiences connect, especially where disciplines or skills overlap.
6. Evidence Through Experience: Include practical examples, achievements, or projects in roughly chronological order, explaining what each taught you.
7. Personal Dimension: Add one hobby, side project, or informal experience that reinforces your qualities and motivation.
8. Cohesion and Flow: Use transitions such as “In particular,” “For example,” “Through this,” “Beyond this,” and “Looking ahead” to link every section back to your central theme.

Narrative Template:
I am motivated by the belief that [type of work/field] should create meaningful improvement in people’s lives. In particular, I have been drawn to [specific topic, experience, or problem], because it shows how [field] can achieve [impact]. This is what makes the prospect of building a career in [area] both exciting and fulfilling.

My interest has been strengthened by [book, idea, discussion, project, or observation], which led me to think more critically about [theme]. While I appreciate [one perspective], I believe [your view], as this is often how progress happens in practice. Looking ahead, I hope to [future aim], combining [skill/knowledge area 1] with [skill/knowledge area 2].

Through my studies and experiences in [subjects, roles, or training], I have especially valued the connection between [related skills or disciplines]. To develop this further, I pursued [course, job, project, or activity], where I achieved [outcome] and learned [lesson]. Beyond this, my involvement in [personal project or hobby] has strengthened my [qualities], showing my enthusiasm extends beyond formal settings. Overall, my experiences have developed my [key strengths] and reinforced my commitment to contributing thoughtfully and effectively in [field/role]."
14,6,"Key Points:
1. Opening Motivation: Begin with a brief personal or formative influence that explains the initial interest in the field.
2. Development of Interest: Show how study, training, or early exposure strengthened both knowledge and commitment.
3. Focused Learning: Highlight one or two areas of particular interest and what they revealed about the wider field.
4. Applied Understanding: Explain how practical, academic, or observational experience helped develop insight and analytical thinking.
5. Broader Perspective: Introduce related subjects, experiences, or reading that expanded understanding beyond the core discipline.
6. Skills and Growth: Summarize transferable skills gained, such as organization, independence, teamwork, research, or working under pressure.
7. Personal Qualities: Briefly state strengths and attributes that support future success.
8. Forward-Looking Close: End by linking past development to the next step, using transitions such as “Through this,” “In addition,” “As a result,” and “Looking ahead.”

Narrative Template:
My interest in [field/industry] was first shaped by [personal background, experience, or influence], which led me to admire and better understand [relevant theme or value]. Since then, I have continued to develop this interest through [study/training/work experience], which has broadened my knowledge and strengthened my desire to progress further. In particular, I have enjoyed exploring [specific area], as it enabled me to understand [key insight]. Through [practical experience, academic work, or independent learning], I have developed a clearer understanding of how [general process or principle] operates in practice. In addition, my engagement with [related subject, project, or reading] has widened my perspective and improved my ability to think critically about [broader issue]. As a result of these experiences, I have built skills in [skill 1], [skill 2], and [skill 3], while also becoming more [personal growth area]. I consider myself [quality 1], [quality 2], and [quality 3]. Looking ahead, I am eager to apply my experience, continue developing my abilities, and contribute with commitment and purpose in [next stage/target environment]."
15,7,"Key Points:
1. Opening motive: Begin with a broad idea, challenge, value, or belief that introduces your core interest and gives the narrative purpose.
2. Personal connection: Narrow that idea into a specific fascination, experience, or insight that explains why this path matters to you.
3. Academic/foundational development: Show how your studies, training, or early responsibilities built relevant knowledge and analytical ability.
4. Deeper engagement: Include one example of independent exploration, curiosity, or initiative beyond basic requirements.
5. Practical exposure: Use a transition such as “Furthermore” or “To deepen this understanding” to introduce work experience, placements, or hands-on learning.
6. Transferable strengths: Weave in communication, teamwork, time management, adaptability, and attention to detail through work, volunteering, or extracurriculars.
7. Personal dimension: Briefly mention an interest or activity outside formal work/study that reinforces character and adds balance.
8. Forward-looking close: End by linking your experiences, values, and skills to future contribution and continued growth, using transitions like “Overall,” “As a result,” or “Looking ahead.”

Narrative Template:
From an early stage, I have been driven by [broad theme/value/problem], which first led me to take a strong interest in [field/area]. In particular, I became fascinated by [specific topic or experience], as it showed me [insight or significance]. This interest has shaped my decision to pursue [course/role/pathway].

Through [subjects/studies/training], I have developed [knowledge areas] as well as key skills such as [skill 1] and [skill 2]. One aspect that especially captured my attention was [example], which encouraged me to explore beyond what was required and deepen my understanding. Alongside this, balancing [study/work/responsibilities] strengthened my [time management/resilience/resourcefulness].

Furthermore, experience in [placement/job/volunteering/activity] allowed me to apply these skills in practice and appreciate the importance of [industry insight/value]. I also developed [communication/teamwork/leadership] through [example]. Beyond this, my involvement in [hobby/interest/community activity] reflects my [personal quality] and has further enhanced my [transferable skill]. Overall, I am eager to build on these experiences and contribute to [future goal/next step] with commitment, curiosity, and purpose."
16,8,"Key Points:
1. Opening Motivation: Begin with a broad statement of interest, then explain why the field continually engages you.
2. Intellectual Trigger: Introduce a book, article, experience, or idea that deepened your perspective and shaped how you think.
3. Reflective Example: Include one brief example showing how you question assumptions or approach topics from multiple angles.
4. Focused Exploration: Transition to a specific course, project, visit, or task that sparked deeper curiosity and independent learning.
5. Cross-Disciplinary Link: Show how another subject, skill area, or experience strengthened your understanding and widened your perspective.
6. Independent Work: Highlight a self-directed project or qualification to demonstrate initiative, analysis, and subject engagement.
7. Transferable Skills: Conclude your evidence with leadership, teamwork, mentoring, or service roles that show communication and organisation.
8. Forward Link: End by connecting your interests and developed skills to future study or professional contribution.

Narrative Template:
[Field/industry] appeals to me because [broad reason], and this ongoing scope for [learning/problem-solving/impact] is what continues to motivate me. My perspective developed further when I engaged with [book/article/event/experience], which showed me that [insight or new way of thinking]. This encouraged me to approach [topic/area] more critically; for example, [brief example of analysis, reinterpretation, or problem-solving]. My interest deepened through [course/project/visit/work experience], which led me to explore [specific related area] independently through [reading/research/activity]. In addition, my experience in [another subject/discipline/context] strengthened my understanding of [theme] and improved my [relevant skill]. Undertaking [independent project/qualification] allowed me to develop my abilities in [analysis/research/initiative/communication] while exploring [topic]. Beyond this, roles such as [leadership/teamwork/mentoring/volunteering experience] helped me build [transferable skills]. Overall, I am keen to apply my enthusiasm for [field], alongside the skills I have developed, to [future study/role/organisation]."
17,1,"Key Points:
1. Opening Motivation: Begin with a broad personal interest or curiosity that explains what first drew you to the field.
2. Early Influence: Add a formative experience to show how that interest developed into a sustained ambition.
3. Career Direction: Transition into what you want to learn, do, or contribute professionally.
4. Academic Evidence: Summarise current or recent study, highlighting strong performance, reliability, or relevant subjects.
5. Core Strengths: Introduce transferable qualities such as discipline, creativity, problem-solving, communication, or resilience.
6. Practical Experience: Include any work experience, volunteering, short courses, or independent learning that demonstrates initiative.
7. Personal Context: Briefly weave in background, languages, interests, or life experiences that add depth and adaptability.
8. Future Focus: Close by linking your skills and motivation to a clear next step or long-term goal.

Narrative Template:
I have long been drawn to [general area of interest], and this interest began through [early exposure or personal experience]. From that point, I became increasingly curious about [how things work / solving problems / creating impact], which strengthened my desire to pursue [field or career direction]. Currently, I am studying [qualification or area of study], where I have developed [relevant knowledge or discipline] and demonstrated my commitment through [achievement, grades, attendance, or consistency]. Alongside my studies, I have built strengths in [key qualities], which help me perform well in both independent and collaborative settings. I have also gained practical experience through [work experience, volunteering, projects, or short courses], where I developed skills in [transferable skills]. In addition, my background in [languages, culture, hobbies, or personal interests] has broadened my perspective and strengthened my adaptability. Looking ahead, I hope to apply my skills and continue developing within [future goal or professional path], making a meaningful contribution through dedication, curiosity, and continuous learning."
18,2,"Key Points:
1. Opening Motivation: Begin with a broad observation or personal insight that introduces your core interest and long-term direction.
2. Personal Connection: Explain how early exposure, curiosity, or hands-on experience deepened that interest.
3. Academic Development: Highlight relevant study, projects, or awards, showing how formal learning strengthened your abilities.
4. Intellectual Expansion: Add wider reading, independent learning, or related subjects that broadened your perspective.
5. Extracurricular Evidence: Include clubs, competitions, or group activities to demonstrate teamwork, initiative, and communication.
6. Practical Experience: Refer to work experience, volunteering, or applied projects to show real-world understanding and responsibility.
7. Personal Qualities in Action: Mention self-driven activities or problem-solving examples that reveal initiative, adaptability, and enthusiasm.
8. Forward-Looking Close: End by linking your past experiences to your future goals and the contribution you hope to make.

Narrative Template:
I have long been motivated by [broad field/theme], particularly the way it shapes [industry/society/people’s lives]. This interest grew through [early experience/exposure], which gave me first-hand insight into [relevant process or area]. Through my studies in [subjects/qualification], I developed skills in [key skills], strengthened by [project/award/achievement]. In addition, exploring [related subject/reading/independent learning] broadened my understanding of [wider context or trend]. Outside formal study, I built my experience through [club/competition/activity], where I developed [teamwork/communication/leadership/problem-solving]. My involvement in [work experience/volunteering/project] further showed me how these skills apply in practice and confirmed my interest in [career direction]. I have also taken initiative through [personal project/example], which reflects my curiosity and commitment to continuous improvement. Overall, my academic background, practical experience, and enthusiasm have prepared me to contribute positively to [next step/opportunity] while continuing to grow and collaborate with others."
19,3,"Key Points:
1. Opening Motivation: Begin with a broad, personal interest or value that explains what draws you to your field.
2. Purpose Link: Transition from curiosity to commitment with phrases such as “It is for this reason,” “This led me to,” or “I am certain of my desire to.”
3. Academic/Professional Foundation: Summarise studies, training, or early experience, showing how they confirmed long-term goals.
4. Transferable Strengths: Add supporting subjects, responsibilities, or experiences that developed communication, analysis, discipline, or resilience.
5. Leadership and Service: Include positions of responsibility, volunteering, or community involvement to demonstrate initiative and teamwork.
6. Broader Development: Mention extracurricular interests or personal pursuits that show balance, confidence, and adaptability.
7. Practical Insight: Refer to work experience or real-world exposure, highlighting what it taught you and how it refined your direction.
8. Closing Fit: End by reaffirming motivation, key qualities, and the contribution you hope to make.

Narrative Template:
Few things interest me more than [broad area of interest/value], particularly [specific aspect]. In everyday life, I am drawn to understanding [problem/theme], and it is for this reason that I am certain of my desire to develop further in [field/industry]. I am motivated by [core purpose], and I believe this will continue to drive me toward excellence.

Through [course, training, role, or area of study], I have strengthened my interest and clarified my long-term goals. In addition, my experience in [related subject/activity] has developed my [key transferable skill], while [another subject/activity] has improved my [second skill]. As a result, I have become [qualities].

Beyond academics or work, I have taken on responsibilities such as [leadership/service role], which have strengthened my [teamwork/organisation/leadership]. I have also contributed to [volunteering/community activity], allowing me to support others while broadening my perspective. Alongside this, my involvement in [hobby/sport/interest] has helped me develop [resilience/confidence/balance].

My experience in [work placement/project/practical setting] gave me valuable insight into [sector/work environment] and confirmed that I am most motivated by [specific contribution or goal]. Overall, I am [qualities], and I am eager to apply my skills, experience, and enthusiasm to [next step/target role]."
20,4,"Key Points:
1. Opening Purpose: Begin with a broad belief or observation about change, opportunity, or impact, then connect it to your motivation.
2. Career Alignment: Explain why the field suits your strengths, values, and interests using phrases like “This combines my interests in…” or “Therefore, I seek…”.
3. Educational/Professional Rationale: Briefly justify your chosen path, institution, or sector by linking it to long-term goals.
4. Foundational Background: Introduce formative education or early environment and show how it shaped your worldview and work ethic.
5. Evidence of Capability: Present achievements, leadership, awards, or projects as proof of initiative, responsibility, and skill.
6. Broader Exposure: Add personal influences, cross-cultural experiences, service, or community work to show adaptability and character.
7. Reflective Link: Use transitions such as “These experiences have given me…”, “In addition…”, and “It is with this foundation that…” to connect experiences to strengths.
8. Closing Vision: End with a forward-looking statement focused on contribution, readiness, and values.

Narrative Template:
In a time of growing change and opportunity, I am drawn to work that allows me to contribute meaningfully while applying my strengths in [strengths/skills]. This path brings together my interests in [interest area 1] and [interest area 2], while offering the chance to create a positive impact. Therefore, I seek to build on my background through [education/training/experience] as a foundation for a long-term career in [broad field].

My early education and environment instilled in me the belief that [core value]. Guided by this perspective, I have pursued opportunities such as [leadership roles/awards/projects], which have strengthened my abilities in [skills]. In addition, my involvement in [volunteering/community work/cultural exposure] has broadened my outlook and deepened my sense of responsibility. These experiences have given me the determination to lead, solve problems, and work thoughtfully with others. It is with this foundation that I now look ahead, confident in my ability to contribute with diligence, integrity, and purpose."
21,5,"Key Points:
1. Opening motive: Begin with a broad value or belief that explains what drives your interest in your field.
2. Specific spark: Introduce one example, idea, or experience that made this interest concrete and meaningful.
3. Reflection and aspiration: Explain why this matters to you and link it to your longer-term goals.
4. Intellectual approach: Show how you think—analytical, creative, interdisciplinary, practical—by reflecting on subjects, training, or learning.
5. External exploration: Include courses, projects, reading, or early experiences that gave you insight beyond formal study or work.
6. Evidence through examples: Use brief, concrete achievements to demonstrate problem-solving, initiative, teamwork, or technical ability.
7. Personal application: Add a hobby, side project, or independent pursuit that reinforces your motivation and hands-on mindset.
8. Cohesion through transitions: Use phrases such as “For example,” “This led me to,” “However,” “Beyond formal experience,” and “Looking ahead” to connect each part.

Narrative Template:
At the core of my interest in [field/industry] is a desire to [broader purpose or impact]. This became especially clear to me through [specific example, idea, project, or experience], which showed me how [insight gained]. I find the prospect of contributing to work of this kind both engaging and meaningful, and it has shaped my ambition to [future goal].

I have particularly enjoyed developing my understanding through [subjects, qualifications, or areas of practice], especially where different disciplines or skills overlap. I am drawn to [type of thinking/problem-solving approach], and I value applying fundamental principles in creative, practical ways.

To deepen this interest, I pursued [courses, reading, work experience, volunteering, or projects]. For example, through [brief example], I learned [skill or insight]. However, just as important as the outcome was the process of refining ideas, working within constraints, and improving results.

Beyond formal experience, I have continued this approach through [personal project, hobby, or independent initiative], where I [action] and developed [skills/qualities]. Looking ahead, I hope to build on these experiences by contributing with [strengths] and continuing to grow in [target area]."
22,6,"Key Points:
1. Opening motivation: Begin with a personal influence, formative environment, or early interest that explains the candidate’s direction.
2. Development of interest: Show how study, training, or early experience deepened both knowledge and commitment.
3. Focused insight: Highlight one or two specific areas of learning or experience to demonstrate curiosity and analytical thinking.
4. Broader perspective: Introduce another subject, responsibility, or experience that widened understanding and added depth.
5. Evidence of growth: Refer to practical tasks, projects, teamwork, research, or independent work to show applied capability.
6. Personal strengths: Summarize qualities such as determination, organisation, adaptability, or resilience, linking them to evidence.
7. Forward transition: Use phrases such as “Through this,” “In addition,” “Furthermore,” “As a result,” and “Looking ahead” to keep the narrative coherent.
8. Closing aim: End by connecting past development to future ambition and readiness for the next step.

Narrative Template:
Having been influenced by [background/personal context], I developed an early interest in [field/industry/theme], which prompted me to pursue [course/training/pathway]. Through [education/experience/programme], I have not only broadened my understanding of [subject area] but also strengthened my desire to explore it further. In particular, I have enjoyed learning about [specific topic], where I developed insight into [relevant concept or process]. In addition, my experience in [another subject/project/role] has enabled me to understand [broader issue or transferable insight], while also reinforcing my interest in [related strength or discipline]. Through completing [assignment/project/team activity/research], I have grown in both knowledge and practical ability, developing skills in [skill 1], [skill 2], and [skill 3]. As a result, I consider myself [quality 1], [quality 2], and [quality 3]. Looking ahead, I am eager to apply these experiences and continue developing at a higher level, bringing both commitment and a well-rounded perspective to [next opportunity/target role]."
23,7,"Key Points:
1. Opening Hook: Begin with a broad idea, belief, or observation that introduces your core motivation.
2. Focus and Direction: Narrow that idea into a specific interest, career goal, or professional identity using “It is this…” or “This is why…”.
3. Academic/Technical Foundation: Summarize studies, training, or core experiences and link them to skills gained.
4. Deeper Curiosity: Highlight one topic, challenge, or insight that pushed you to explore beyond basic requirements.
5. Transferable Strengths: Show qualities such as analysis, time management, communication, adaptability, or attention to detail.
6. Practical Experience: Use “Furthermore,” “Thus,” or “Beyond this,” to introduce work experience, placements, projects, or applied learning.
7. Personal Dimension: Briefly include volunteering, extracurriculars, or hobbies to show character and well-roundedness.
8. Forward-Looking Close: End by connecting past experience to future contribution and development.

Narrative Template:
From an early stage, I have been drawn to [broad theme, problem, or value], and this has shaped my interest in [field/profession]. It is this combination of curiosity and purpose that has led me to pursue opportunities that deepen both my knowledge and practical understanding. This is why I developed my foundation through [study/training/early experience], where I gained skills in [key skills]. In particular, learning about [specific topic or challenge] encouraged me to explore further and strengthened my commitment to [career goal]. Alongside this, balancing [responsibilities/activities] helped me become more [qualities]. Furthermore, through [work experience/project/placement], I gained insight into [industry/professional environment] and developed [practical skills]. Beyond my academic and professional development, my involvement in [volunteering/hobby/extracurricular] has strengthened my [personal qualities]. Altogether, these experiences have prepared me to contribute to [next step/target role] while continuing to grow both professionally and personally."
24,8,"Key Points:
1. Opening Motivation: Begin with a broad statement of interest, then explain why the field continually engages you.
2. Intellectual/Professional Insight: Introduce a book, article, mentor, project, or experience that deepened your perspective.
3. Analytical Example: Show how this insight changed the way you approach ideas, problems, or situations.
4. Purpose Link: Connect your interest to future study/work and to transferable skills gained.
5. Experience Expansion: Use “As a result,” “Following this,” or “This led me to” to move into relevant academic, work, or practical experiences.
6. Cross-Disciplinary Value: Briefly show how another subject, role, or context strengthened your understanding.
7. Independent Initiative: Include a self-directed project, research task, or responsibility that demonstrates curiosity and initiative.
8. Skills and Character Close: End with leadership, teamwork, communication, or mentoring examples, linking them to future contribution.

Narrative Template:
[Field/industry] appeals to me because [broad reason], and this is what continues to drive my interest in [study/work area]. I am particularly drawn to [specific aspect], as it offers continual opportunities to [learn/solve/create/improve]. My perspective developed further through [book/article/project/person/experience], which showed me that [key insight]. This encouraged me to approach [subject/problem] more critically, for example by [brief analytical example]. Overall, pursuing [target course/role] would allow me not only to deepen my knowledge of [area] but also to strengthen transferable skills such as [skill 1], [skill 2], and [skill 3].

My interest grew further through [course/work experience/visit/activity], which led me to explore [related topic]. As a result, I gained insight into [practical understanding]. Following this, I engaged with [further reading/project/training], which broadened my understanding of [wider context]. In addition, [another subject/role/activity] helped me appreciate the wider importance of [field] and its connection to [related area]. Undertaking [independent project/responsibility] enabled me to develop my ability to [analyse/research/lead/communicate]. Meanwhile, my involvement in [team/volunteering/leadership role] strengthened my [communication/teamwork/organisation] skills. Together, these experiences have prepared me to contribute positively to [target course/organisation] with enthusiasm, curiosity, and commitment."
25,1,"Key Points:
1. Opening Motivation: Begin with a clear statement of long-standing interest, often rooted in early exposure or curiosity.
2. Development of Interest: Explain how that initial interest deepened into a focused ambition through observation, learning, or hands-on experience.
3. Career Direction: State the area you want to pursue and why it matters to you.
4. Current Education/Training: Introduce present studies or qualifications, linking them to your goals.
5. Evidence of Commitment: Highlight achievement, reliability, attendance, consistency, or measurable progress.
6. Transferable Strengths: Include personal qualities such as creativity, problem-solving, resilience, communication, or adaptability.
7. Supporting Experience: Add brief examples from projects, short courses, work experience, volunteering, or other practical exposure.
8. Personal Dimension and Future Aim: Mention background, languages, interests, or formative experiences, then end with a forward-looking goal. Useful transitions include “From an early age,” “Over time,” “Currently,” “In addition,” and “Looking ahead.”

Narrative Template:
From an early age, I have been drawn to [field/interest], and this early curiosity gradually developed into a strong ambition to understand and contribute to it more deeply. Over time, my interest in [specific area] has grown through [learning, observation, projects, or experience], leading me to pursue a future in [career direction]. Currently, I am studying/training in [qualification or course], where I have demonstrated commitment through [achievement, grades, consistency, or responsibility]. Alongside my studies, I have developed strengths in [key skills], which help me perform well in both independent and team settings. In addition, experiences such as [work experience, volunteering, short courses, or extracurricular activity] have strengthened my practical skills and reinforced my motivation. My background in [personal detail, language, community, or formative experience] has also shaped my perspective and adaptability. Looking ahead, I hope to use my skills and knowledge to build a successful career in [future goal], while continuing to learn, contribute, and grow."
26,2,"Key Points:
1. Opening Motivation: Begin with a broad observation or personal insight that introduces your core interest and long-term direction.
2. Personal Connection: Follow with a first-hand experience or early exposure that deepened this interest and gave it practical meaning.
3. Academic Development: Present relevant study or training, showing how specific subjects, projects, or achievements built knowledge and confidence.
4. Evidence of Ability: Include a concrete accomplishment, award, or successful project to demonstrate capability.
5. Broader Perspective: Add reading, independent learning, or wider exploration to show curiosity beyond formal requirements.
6. Activities and Experience: Use extracurriculars, teamwork, work experience, or volunteering to highlight transferable skills and applied understanding.
7. Personal Initiative: Mention a self-directed activity or problem solved independently to show initiative, engagement, and adaptability.
8. Forward-Looking Close: End by linking past experiences to future contribution, collaboration, and growth.

Narrative Template:
In a world where [broad change/theme] continues to shape [industry/society], I have developed a strong interest in [field/area]. Early exposure through [personal experience/project/event] gave me first-hand insight into [relevant process or challenge] and strengthened my desire to pursue this path further. Through [course/subject/training], I enjoyed applying my skills to [practical context], particularly in [specific area], and this was reinforced by [award/achievement/result]. In addition, studying [related subject/independent learning] broadened my understanding of [wider context], helping me appreciate how [key idea] creates impact. Outside the classroom/workplace, I developed my abilities through [club/activity/competition/volunteering], where I strengthened [teamwork/communication/problem-solving/leadership]. Although my interest began early, experience at [workplace/organisation] deepened my understanding of [professional application]. I have also shown initiative through [self-directed project/example], which gave me valuable perspective on [skill/industry process]. Overall, these experiences have shaped both my enthusiasm for [field] and my readiness to contribute, learn, and collaborate in future opportunities."
27,3,"Key Points:
1. Opening Motivation: Begin with a broad personal curiosity, value, or driving interest that explains why this path matters to you.
2. Purpose Statement: Follow with a clear sentence expressing your commitment to developing this interest further.
3. Academic/Professional Foundation: Introduce studies, training, or early roles that deepened your interest and shaped your goals.
4. Transferable Skills: Link additional subjects, qualifications, or experiences to strengths such as communication, analysis, discipline, or resilience.
5. Evidence Through Responsibility: Highlight leadership, teamwork, service, or project-based roles to demonstrate capability and initiative.
6. Broader Engagement: Include volunteering, community work, extracurriculars, or personal pursuits to show values, balance, and character.
7. Practical Insight: Add work experience or real-world exposure, explaining what it taught you and how it refined your direction.
8. Closing Aspiration: End by reaffirming your motivation, strengths, and the contribution you hope to make.

Narrative Template:
Few things motivate me more than [core interest/value], particularly the opportunity to understand, improve, or contribute to [relevant area]. It is this motivation that has confirmed my desire to develop further in this field. Through [study/training/current role], I have strengthened both my interest and my long-term goals, while experiences in [additional subject/area] have helped me build [key transferable skills]. Alongside this, my involvement in [leadership role/project/community activity] has developed my ability to [teamwork/organise/lead/communicate], and my commitment to [volunteering/extracurricular interest] has broadened my perspective and reinforced my sense of purpose. Practical experience in [work placement/employment/exposure] has given me valuable insight into [industry/working environment] and clarified where my interests lie. Altogether, these experiences have made me [key qualities], and I am eager to apply my skills, enthusiasm, and commitment to make a meaningful contribution in [target context]."
28,4,"Key Points:
1. Opening Purpose: Begin with a broad observation or value statement, then link it to your motivation and chosen direction.
2. Career Fit: Explain why the field suits your interests, strengths, and desire to create impact.
3. Educational Rationale: Briefly state why a particular education, training, or environment is the right foundation.
4. Formative Background: Introduce early influences such as school, family, culture, or community values.
5. Evidence of Potential: Present achievements, leadership roles, and academic or extracurricular involvement as proof of capability.
6. Broader Exposure: Add volunteering, travel, exchange, or community experience to show perspective and adaptability.
7. Skills and Qualities: Draw together problem-solving, leadership, creativity, responsibility, and commitment through reflection.
8. Forward-Looking Close: End by connecting past experiences to future contribution and long-term purpose.

Narrative Template:
[Wider social/professional trend or guiding belief] has shown me that [field/pathway] offers a meaningful way to combine my interests in [interest 1] and [interest 2] while contributing to [broader purpose]. Therefore, I am pursuing [course/training/next step] to build a strong foundation for a career in [general direction]. I believe that [chosen institution/environment/approach] will equip me with the knowledge, perspective, and discipline needed to grow professionally and contribute responsibly.

My background in [school/community/family environment] has shaped my values of [value 1], [value 2], and [value 3]. Through experiences such as [achievement/leadership role], [activity/project], and [award/responsibility], I have developed a strong appreciation for [area of interest] and strengthened my ability to [skill 1], [skill 2], and [skill 3]. In addition, my involvement in [volunteering/community work/cultural exposure] has broadened my outlook and reinforced my commitment to working with and for others.

Taken together, these experiences have prepared me to take the next step with determination, curiosity, and purpose. As a [personal qualities], I am ready to contribute meaningfully, continue learning, and work toward creating a [positive outcome] for those I serve."
29,5,"Key Points:
1. Opening Motivation: Begin with a broad belief or value, then narrow to the kind of work or impact that most excites you.
2. Specific Spark: Introduce one example, idea, or experience that illustrates why the field matters to you personally.
3. Intellectual Engagement: Reference a book, idea, course, or debate to show curiosity and independent thinking.
4. Future Direction: Link this interest to a clear ambition or next step.
5. Core Strengths: Describe the subjects, skills, or disciplines you most enjoy, especially where they overlap.
6. Practical Evidence: Use a short sequence of experiences, projects, or achievements to show initiative, teamwork, and problem-solving.
7. Reflective Insight: Go beyond listing tasks by explaining what each experience taught you.
8. Personal Dimension: End with an activity outside formal work/study that reinforces your mindset, values, or technical creativity.

Narrative Template:
I am motivated by the idea that [field/work] should create meaningful improvement in people’s lives, whether by [benefit 1], [benefit 2], or [benefit 3]. This is why I am particularly drawn to [specific area/example], as it shows how thoughtful work can have direct and lasting impact. My interest has grown through engaging with [book/article/course/idea], which led me to reflect on [issue or question] and develop my own view that [brief insight]. As a result, I hope to progress toward [future goal].

I have especially enjoyed developing my strengths in [subject/skill 1], [subject/skill 2], and [subject/skill 3], particularly where they connect. I am most engaged when solving problems by applying fundamental principles in creative and practical ways.

To deepen this interest, I pursued [course/project/work experience], where I [achievement/contribution]. Through [second example], I learned [lesson], and through [third example], I gained insight into [challenge or improvement]. Beyond formal settings, my involvement in [personal project/hobby/activity] reflects the same curiosity and drive, allowing me to [design/build/improve/lead] while demonstrating [qualities]. Overall, my experiences have strengthened both my commitment to [field] and my readiness to contribute with [key strengths]."
30,6,"Key Points:
1. Opening motivation: Begin with a personal influence, formative environment, or early exposure that sparked interest in a field.
2. Development of interest: Show how further study, training, or experience deepened both knowledge and commitment.
3. Specific insight: Include one or two brief examples of what was learned, observed, or understood through study or practice.
4. Breadth and connection: Link related subjects, skills, or disciplines to show a wider perspective and transferable strengths.
5. Independent engagement: Reference a book, project, research task, or self-directed learning that strengthened understanding.
6. Skills and growth: Highlight practical capabilities gained, such as communication, organization, teamwork, research, or working under pressure.
7. Personal qualities: State a few grounded traits that support credibility and fit.
8. Forward-looking close: End by connecting past development to readiness for the next stage, using transitions like “Through this,” “In addition,” “Furthermore,” and “As a result.”

Narrative Template:
Having been influenced by [personal background/exposure], I developed an early interest in [field/industry], which has guided my decision to pursue [course/path/profession]. Through [study, training, work experience, or foundation stage], I have not only broadened my understanding of [subject area], but also strengthened my motivation to explore it further. In particular, I have valued learning about [specific topic], which helped me understand [relevant insight]. In addition, my experience with [related subject/activity] has enabled me to appreciate [broader issue, transferable skill, or wider context]. Independent engagement through [book/project/research/task] further expanded my perspective and encouraged me to think critically about [theme]. Alongside developing subject knowledge, I have gained practical skills in [key skills], and through this I have grown as both a [student/professional] and an individual. I consider myself [quality], [quality], and [quality], and as a result, I am well prepared to take the next step in [academic/professional goal]."
31,7,"Key Points:
1. Opening motivation: Begin with a broad idea, challenge, value, or belief that introduces your core interest and purpose.
2. Personal connection: Narrow this into a specific fascination, turning point, or insight that explains why the field matters to you.
3. Academic/professional foundation: Show how your studies, training, or early experience developed relevant knowledge and analytical ability.
4. Deeper engagement: Add one example of independent learning, research, or curiosity beyond standard requirements.
5. Practical experience: Use “Furthermore,” “To build on this,” or “This led me to…” to introduce work experience, projects, or hands-on exposure.
6. Transferable strengths: Include communication, teamwork, time management, resilience, or attention to detail, supported by work, volunteering, or leadership.
7. Personal dimension: Briefly mention an interest or extracurricular activity that reinforces character and complementary skills.
8. Forward-looking close: End by linking your experience, values, and strengths to what you hope to contribute and develop next.

Narrative Template:
From an early stage, I have been motivated by [broad theme/value/problem], which sparked my interest in [field/industry]. In particular, [specific topic, experience, or question] deepened my curiosity and confirmed my desire to pursue this path. Through [subjects/studies/training/current role], I have developed a strong foundation in [relevant knowledge/skills], while also strengthening my ability to [analysis/problem-solving/communication]. Beyond formal requirements, I explored [independent project/research/reading/activity], which broadened my understanding of [relevant area]. Furthermore, through [work experience/internship/project/placement], I gained practical insight into [industry/role], while developing [key technical or professional skills]. Alongside this, my involvement in [volunteering/job/extracurricular activity] strengthened my [teamwork/time management/resilience/interpersonal skills]. Outside of work and study, my interest in [hobby/personal interest] has further developed my [creativity/discipline/attention to detail]. Overall, I am eager to continue building on these experiences and contribute my skills, enthusiasm, and commitment in [next step/opportunity]."
32,8,"Key Points:
1. Opening motivation: Begin with a broad statement of interest, followed by why the field/work matters personally and intellectually.
2. Idea development: Introduce a book, project, mentor, or experience that deepened perspective and changed how the subject/profession is viewed.
3. Evidence through example: Add a brief example showing analytical thinking, curiosity, or problem-solving in action.
4. Transition to exploration: Use phrases like “As a result,” “Following this,” or “This led me to” to connect interest to further learning.
5. Broader learning: Show how another subject, role, or experience strengthened understanding and added transferable insight.
6. Independent initiative: Include a self-directed project, research task, or challenge that demonstrates ownership, focus, and critical skills.
7. Personal contribution: Highlight leadership, teamwork, mentoring, or service roles to show communication and collaboration.
8. Closing value: End by linking motivation to future goals and summarising the strengths the candidate will bring.

Narrative Template:
I am drawn to [field/industry] because it offers [reason it is engaging, meaningful, or challenging]. What particularly interests me is [specific aspect], as it has shown me that [insight about the field]. [A book, experience, conversation, or project] broadened my perspective and encouraged me to think about [topic/work] in a more thoughtful and analytical way. For example, [brief example of questioning, interpreting, solving, or improving something], which reinforced my interest in [field].

As a result, I sought opportunities to deepen my understanding through [study, visit, work experience, reading, training, or exploration]. Following this, I developed a wider appreciation of how [another subject, context, or experience] connects with and strengthens my approach. Undertaking [independent project/qualification] allowed me to build skills in [analysis, research, organisation, creativity, problem-solving]. In addition, my roles in [leadership/teamwork/volunteering] helped me develop [communication, collaboration, responsibility, adaptability]. Overall, I am motivated to continue developing in [field], bringing both genuine enthusiasm and a strong foundation in [key strengths]."
33,1,"Key Points:
1. Opening Motivation: Begin with a broad personal interest or enduring curiosity that introduces the candidate’s core direction.
2. Early Influence: Add a brief formative experience that explains how this interest developed.
3. Field Connection: Link that interest to a wider industry, discipline, or social impact to show awareness beyond the self.
4. Career Aim: State the area the candidate wants to pursue and the contribution they hope to make.
5. Current Study/Experience: Introduce present education, training, or work, then highlight reliability, performance, or progress.
6. Strengths and Skills: Include a few transferable qualities such as problem-solving, creativity, communication, adaptability, or resilience.
7. Supporting Experience: Add short examples from projects, volunteering, work experience, or personal learning that reinforce those strengths.
8. Personal Dimension and Closing: Briefly mention background, languages, interests, or values, then end by connecting these to future goals.

Narrative Template:
I have long been interested in [field/area], a curiosity shaped by [early influence or formative experience]. From an early stage, I became keen to understand not only how things work, but also how they can be improved and applied in everyday life. This interest has grown into a strong desire to contribute to [industry/professional area], particularly as it continues to influence [society/workplaces/communities].

At present, I am studying/working in [current course/role], where I have shown myself to be [key qualities], demonstrated through [academic results, performance, attendance, responsibilities, or achievements]. In addition, I have developed strengths in [transferable skills], which I apply in both structured and challenging environments.

My experience in [project/work experience/volunteering/self-directed learning] has further strengthened my interest and helped me build practical skills in [relevant abilities]. Alongside this, my background in [languages/interests/personal experiences] has contributed to my adaptability, perspective, and communication skills. Looking ahead, I hope to use my knowledge and commitment to build a successful career in [future goal], while continuing to learn, contribute, and grow."
34,2,"Key Points:
1. Opening Motivation: Begin with a broad observation or personal insight that introduces your core interest and long-term direction.
2. Personal Connection: Show how early exposure, curiosity, or firsthand experience deepened that interest and shaped your goals.
3. Academic Development: Move into studies or training, highlighting projects, subjects, or awards that demonstrate ability and commitment.
4. Intellectual Expansion: Reference wider reading, independent learning, or research to show initiative and depth of thought.
5. Extracurricular Evidence: Include clubs, competitions, or group activities to illustrate teamwork, communication, and practical engagement.
6. Professional/Practical Experience: Add work experience, volunteering, or applied projects to connect learning with real-world understanding.
7. Personal Initiative: Mention self-directed efforts, problem-solving, or passion projects that reveal proactivity and genuine enthusiasm.
8. Forward-Looking Close: End by linking past experience to future contribution, using transitions such as “In addition,” “Outside of this,” “Although,” and “Consequently.”

Narrative Template:
In a world where [broader change/challenge/opportunity], I have developed a strong interest in [field/theme], driven by [early influence or personal experience]. This interest grew through [firsthand exposure, independent exploration, or practical involvement], which gave me insight into [relevant process, issue, or environment] and confirmed my desire to pursue [next step/goal].

Through my studies in [subjects/training], I have strengthened my understanding of [relevant knowledge/skills], particularly through [project, achievement, or award]. In addition, [wider reading/research/independent learning] broadened my perspective and deepened my appreciation of [key idea].

Outside the classroom, I developed [skills/qualities] through [club, competition, volunteering, or team activity]. Although my interest began with [initial motivation], experiences such as [work experience, applied project, or community role] showed me how these skills operate in practice. Consequently, I have become even more motivated to contribute, collaborate, and continue developing in [future academic/professional setting]."
35,3,"Key Points:
1. Opening Motivation: Begin with a broad, personal statement about what drives your interest and why the field matters to you.
2. Purpose Link: Transition with phrases like “It is for this reason,” “This has led me to,” or “I am certain that” to connect curiosity to career intent.
3. Academic/Professional Foundation: Summarize relevant study, training, or early experience, showing how it strengthened your direction.
4. Transferable Skills: Add supporting subjects, roles, or experiences that developed communication, analysis, leadership, or discipline.
5. Evidence Through Responsibility: Include positions of trust, teamwork, volunteering, or community involvement to demonstrate character and initiative.
6. Personal Dimension: Briefly mention hobbies or outside commitments that show balance, resilience, or broader strengths.
7. Real-World Insight: Reference practical exposure or work experience and explain what it taught you about your interests and goals.
8. Closing Aspiration: End by reaffirming your motivation, strengths, and the contribution you hope to make.

Narrative Template:
Few things interest me more than [core area of interest/problem/theme], particularly [specific aspect that motivates you]. In everyday life, I have come to appreciate how important this area is, and it is for this reason that I am certain of my desire to develop further in [field/profession]. I am driven not only by curiosity, but also by a wish to apply my knowledge in a meaningful way.

Through [education/training/current role], I have developed a strong foundation in [relevant skills/knowledge], which has helped to shape my long-term goals. In addition, my experience in [other subject/activity/responsibility] has strengthened my [communication/analytical/organisational/interpersonal] skills. Beyond academics or work, I have taken on roles such as [leadership/volunteering/community involvement], where I have demonstrated [initiative/teamwork/responsibility]. My involvement in [hobby/interest] has also helped me build [resilience/confidence/balance]. Furthermore, experience in [work placement/project/practical setting] has given me valuable insight into [industry/sector], confirming that I am most motivated by [specific contribution or question]. Overall, I am focused, hard-working, and eager to use my skills and enthusiasm to make a positive impact in [future field/organisation]."
36,4,"Key Points:
1. Opening Purpose: Begin with a broad belief, challenge, or opportunity that explains your motivation and frames your professional direction.
2. Career Link: Transition with “Therefore,” or “For this reason,” to connect that motivation to your chosen path, qualification, or next step.
3. Educational Foundation: Introduce formative education or early influences that shaped your values and worldview.
4. Evidence of Capability: Summarize achievements, leadership, awards, or participation using a compact list, then explain what they developed in you.
5. Broader Exposure: Add personal influences, cross-cultural experiences, service, or community involvement to show depth beyond academics/work.
6. Skills and Values Synthesis: Use phrases like “These experiences have given me…” to unify achievements into qualities such as leadership, initiative, creativity, and social awareness.
7. Forward Transition: Move to the present with “It is with this experience that…” or “With this foundation…” to show readiness for the next stage.
8. Closing Vision: End by reaffirming character, purpose, and the contribution you hope to make.

Narrative Template:
[Broader issue, value, or opportunity] has shown me the importance of [area of interest/professional direction]. It brings together my interest in [skill/domain 1] and [skill/domain 2], while allowing me to contribute meaningfully to [wider goal]. Therefore, I am pursuing [role/course/next step] to build a strong foundation for my future.

My early education and environment taught me that [core belief/value]. This outlook has shaped my approach to life with [qualities/worldview]. Over time, I have demonstrated this through [positions/awards/activities], as well as involvement in [projects/events/forums]. These experiences strengthened my abilities in [key skills].

Beyond this, influences from [family/community/culture] and experiences such as [volunteering/exchanges/service/personal projects] have broadened my perspective and deepened my sense of responsibility. These experiences have given me the determination to lead, solve problems, and think creatively. With this foundation, I am ready to take the next step and contribute as a thoughtful, capable, and purpose-driven individual."
37,5,"Key Points:
1. Opening Purpose: Begin with a broad belief or value that explains what drives your interest in your field.
2. Focused Interest: Narrow to one example, idea, or experience that captures your curiosity and shows why the work matters to you.
3. Intellectual Engagement: Reference a book, idea, discussion, or trend that shaped your thinking; briefly show reflection, not just agreement.
4. Future Direction: State your ambition and link it to the kind of contribution you hope to make.
5. Academic/Professional Fit: Show how your studies, training, or work experiences connect together and support your chosen path.
6. Evidence Through Experience: Include practical examples, projects, or achievements that demonstrate initiative, teamwork, problem-solving, or technical ability.
7. Personal Dimension: Add one relevant hobby or independent project that reinforces your motivation and character outside formal settings.
8. Cohesive Transitions: Use phrases such as “For example,” “This led me to,” “Beyond this,” “On reflection,” and “Looking ahead” to maintain flow.

Narrative Template:
I am motivated by the belief that [field/work] should create meaningful value by [improving outcome]. This is what first drew me to [specific topic, experience, or problem], as it showed me how thoughtful work can have a direct and lasting impact. I became more interested through [book/article/course/conversation], which prompted me to reflect on [idea or debate]. While I recognise [one viewpoint], I believe [your perspective], and this has strengthened my ambition to [future goal].

My interest has developed through [studies/training/work], where I particularly valued the connection between [subject/skill area 1], [subject/skill area 2], and [subject/skill area 3]. To deepen this understanding, I pursued [course/project/work experience], where I [achievement or responsibility]. On reflection, this taught me [insight]. Beyond formal experience, I have also developed this interest through [hobby/personal project], which has helped me build [qualities/skills]. Looking ahead, I hope to bring this combination of curiosity, practical thinking, and commitment to [next opportunity/role]."
38,6,"Key Points:
1. Opening Motivation: Begin with a personal influence, formative environment, or early exposure that sparked interest in a field or direction.
2. Development of Interest: Show how formal study, training, or early experience deepened both knowledge and commitment.
3. Focused Insight: Highlight one or two specific topics, projects, or observations that shaped understanding and demonstrate curiosity.
4. Broader Perspective: Introduce a related area of study or experience to show range, analytical thinking, and contextual awareness.
5. Intellectual Engagement: Reference independent learning, reading, or research to show initiative beyond core requirements.
6. Skills and Growth: Transition into practical skills gained, such as communication, teamwork, organization, research, or working under pressure.
7. Personal Qualities and Readiness: Summarize strengths and explain how past experiences prepared you for the next stage.
8. Flow and Transitions: Use phrases such as “Growing up,” “Through my studies,” “In particular,” “Beyond this,” “As a result,” and “Overall” to keep the narrative cohesive.

Narrative Template:
Having been influenced by [early environment/personal background], I developed a strong interest in [field/industry], which has guided my academic and professional choices. Growing up/early in my journey, I was exposed to [relevant influence], and I admired [quality/value], which motivated me to pursue this path further. Through my studies/training/experience in [subject/area], I have broadened my understanding and strengthened my desire to develop in this field. In particular, I have enjoyed exploring [specific topic/project], which helped me understand [relevant insight]. Beyond this, my engagement with [related subject/activity/reading] has expanded my perspective and improved my ability to think critically about wider issues. Alongside building knowledge, I have developed practical skills in [key skills], through [examples such as projects, presentations, teamwork, research, or work experience]. As a result, I have grown not only in competence but also in confidence, independence, and resilience. Overall, I consider myself [personal qualities], and I am prepared to apply my experiences and strengths to [next step/target opportunity]."
39,7,"Key Points:
1. Opening Hook: Begin with a broad idea, belief, or observation that introduces your core motivation.
2. Personal Connection: Narrow that idea into a specific interest, value, or experience that shaped your direction.
3. Academic/Professional Foundation: Explain how study, training, or early experience developed relevant knowledge and transferable skills.
4. Deepened Interest: Highlight one topic, challenge, or project that pushed you to explore beyond basic requirements.
5. Practical Experience: Use “Furthermore,” “To build on this,” or “This led me to” to introduce hands-on experience and what it taught you.
6. Broader Strengths: Add extracurriculars, work, volunteering, or responsibilities to show teamwork, time management, communication, and resilience.
7. Personal Dimension: Briefly include a hobby or interest, linking it to a useful quality or perspective.
8. Forward-Looking Close: End by reaffirming motivation, readiness to grow, and enthusiasm for contributing in the future.

Narrative Template:
From an early interest in [broad theme/problem/value], I have been drawn to [field/area], particularly the way it allows us to [impact or purpose]. This interest developed into a clear ambition to pursue [target course/role/path]. Through my studies in [subjects/training], I have strengthened skills in [skill 1], [skill 2], and [skill 3], while gaining a deeper understanding of [relevant area]. In particular, learning about [specific topic/example] encouraged me to explore beyond the standard curriculum and think more critically about [wider issue]. Furthermore, through [work experience/project/placement], I gained practical insight into [industry/field], developing my [technical/professional/interpersonal skills] and appreciation for [key professional value]. Beyond this, [volunteering/work/extracurricular activity] has improved my [transferable skills], while [personal interest] has helped me develop [quality]. Altogether, these experiences have made me a motivated, adaptable, and thoughtful individual, and I am eager to continue developing both personally and professionally in [next step/target environment]."
40,8,"Key Points:
1. Opening motivation: Begin with a broad statement of interest or value, then explain why it matters personally.
2. Intellectual/personal spark: Introduce one idea, experience, or resource that deepened perspective and shaped motivation.
3. Reflective insight: Show how this changed the way you think, solve problems, or approach your field.
4. Concrete exploration: Give a specific example of further learning, research, or hands-on exposure to build credibility.
5. Cross-disciplinary relevance: Link another area of study, work, or interest to show breadth and transferable understanding.
6. Independent initiative: Include a self-directed project, certification, or investigation to demonstrate curiosity and ownership.
7. Skills through responsibility: Add leadership, teamwork, mentoring, or service roles to evidence practical strengths.
8. Forward-looking close: End by connecting passion, preparation, and transferable skills to future contribution.

Narrative Template:
[Field/area] appeals to me because [broad reason], and this has motivated me to explore [subject/professional theme] in greater depth. I became especially interested in this through [book/article/course/event/experience], which showed me that [key insight]. This encouraged me to approach [topic/work] from a more thoughtful and analytical perspective, particularly when considering [example or contrasting viewpoint]. Overall, pursuing [target role/next step] would allow me to deepen my knowledge while continuing to develop skills such as [skill], [skill], and [skill].

My interest grew further through [course/project/visit/work experience], which sparked my curiosity about [specific area]. As a result, I explored [related experience/resource], gaining a stronger understanding of [insight]. In addition, [another subject/role/activity] strengthened my appreciation of how [area] connects with wider contexts and perspectives.

Undertaking [independent project/responsibility] allowed me to focus on [topic], while building my ability to [analyse/research/create/lead]. Beyond this, my involvement in [team/volunteering/mentoring/leadership role] has developed my [communication/teamwork/organisation] skills through [brief responsibility]. Together, these experiences have prepared me to contribute positively to [future goal/opportunity] with enthusiasm, curiosity, and adaptability."
41,1,"Key Points:
1. Opening Motivation: Begin with a broad personal interest or early influence that sparked long-term curiosity.
2. Development of Interest: Show how that curiosity deepened into a clear academic or professional direction.
3. Career Aim: State the area you want to progress into and why it matters to you.
4. Current Study/Experience: Introduce current education, training, or role as evidence of commitment.
5. Achievement Evidence: Include concise proof of performance, such as grades, outcomes, reliability, or attendance.
6. Transferable Strengths: Highlight qualities such as motivation, creativity, problem-solving, communication, or resilience.
7. Supporting Experience: Add brief examples from volunteering, work experience, projects, or personal background that reinforce suitability.
8. Future Focus: End by connecting current preparation to a clear next step and long-term ambition, using transitions like “Over time,” “In addition,” “This has strengthened,” and “Looking ahead.”

Narrative Template:
I became interested in [field/industry] through [early experience, environment, or personal influence], which first led me to question how [systems/processes/ideas] work. Over time, this curiosity developed into a strong interest in [specific area of study/work], and I am now eager to build a career in [broad professional goal]. I am currently [studying/working in] [course, role, or training], where I have shown commitment through [achievement, result, or responsibility]. This experience has strengthened my abilities in [key skills], while also showing that I am [personal qualities]. In addition, my involvement in [work experience, volunteering, project, or extracurricular activity] has helped me develop [relevant transferable skills]. My background in [personal detail, language, community, challenge, or interest] has further shaped my perspective and adaptability. Looking ahead, I want to apply the knowledge and skills I continue to develop to contribute effectively in [target environment or sector] and grow into [long-term aspiration]."
42,2,"Key Points:
1. Opening Motivation: Begin with a broad observation or personal insight that introduces your core interest and long-term direction.
2. Personal Connection: Follow with a first-hand experience that deepened this interest and gave early exposure to the field.
3. Academic Development: Present relevant study or training, showing how subjects, projects, or awards strengthened your knowledge.
4. Intellectual Curiosity: Add independent reading, research, or exploration to show initiative beyond formal requirements.
5. Extracurricular Evidence: Include clubs, competitions, or group activities to demonstrate teamwork, communication, and commitment.
6. Practical Experience: Introduce work experience, volunteering, or applied projects that connect learning to real-world settings.
7. Personal Initiative: Highlight a self-directed example that shows problem-solving, experimentation, or proactive engagement.
8. Forward-Looking Close: End by linking past experiences to future contribution, using transitions such as “In addition,” “Outside of,” “Although,” and “Consequently.”

Narrative Template:
In a world where [broader change or challenge], I have developed a strong interest in [general field/value], motivated by [brief personal observation or experience]. Early exposure through [activity, project, event, or experience] gave me insight into [relevant process, skill, or industry context] and confirmed my desire to develop further in this area. Through [studies, qualifications, or training], I strengthened my understanding of [key knowledge areas], while [award, project, or achievement] demonstrated my ability to apply this knowledge effectively. In addition, [independent reading, research, or exploration] broadened my perspective and deepened my appreciation of [wider themes]. Outside of formal study, I took part in [club, competition, volunteering, or team activity], where I developed [transferable skills]. Although my interest began with [early motivation], experiences such as [work experience, practical role, or applied task] showed me how these skills operate in real settings. Consequently, I am eager to build on this foundation, contribute meaningfully, and continue developing through future opportunities."
43,3,"Key Points:
1. Opening Motivation: Begin with a strong statement of curiosity, purpose, or values that explains what drives you.
2. Broader Relevance: Show why this interest matters in everyday life, society, or the workplace.
3. Clear Direction: State your intention to deepen this interest through study, work, or professional growth.
4. Academic/Professional Development: Describe relevant education, training, or experience, linking each to skills gained.
5. Transferable Strengths: Add complementary subjects, roles, or projects that demonstrate communication, analysis, leadership, or discipline.
6. Extracurricular/Community Involvement: Include volunteering, team activities, or service to show initiative, responsibility, and wider perspective.
7. Practical Exposure: Refer to work experience or real-world involvement that sharpened your goals and understanding.
8. Closing Qualities: End by reinforcing your motivation, suitability, and commitment to contributing meaningfully.

Narrative Template:
What drives me most is [core interest/value/problem], particularly the opportunity to understand, improve, or contribute to [wider field/community/industry]. In everyday life, this is important because [broader relevance], and it is this significance that has confirmed my desire to pursue [study/career direction].

Through [course/qualification/role], I have developed [key knowledge/technical ability] and strengthened my long-term goals in this area. In addition, [subject/project/experience] has helped me build [transferable skill], while [another experience] has improved my [another skill]. As a result, I have become [personal qualities].

Beyond academics or work, I have taken on [leadership/volunteering/community role], where I demonstrated [organisational/teamwork/communication skills] and contributed to [impact]. I have also pursued [personal interest/activity], which has developed my [resilience/confidence/balance]. Furthermore, experience in [work placement/industry exposure] gave me valuable insight into [professional environment] and strengthened my interest in [future path]. Overall, my experiences have equipped me with the skills, motivation, and perspective to make a meaningful contribution in [target field]."
44,4,"**Key Points:**
1. **Purpose-led opening:** Begin with a broad observation or belief, then connect it to your personal motivation.  
2. **Career alignment:** Explain why your interests, values, and strengths naturally lead you toward your chosen path.  
3. **Educational rationale:** Briefly state how your academic background or desired training provides the foundation for your goals.  
4. **Values and formative influences:** Introduce school, family, culture, or upbringing as sources of your worldview and character.  
5. **Evidence through achievement:** Highlight leadership roles, awards, projects, or participation in activities that show initiative and capability.  
6. **Broader exposure:** Include volunteering, exchange programmes, community work, or cross-cultural experiences to show adaptability and social awareness.  
7. **Skills synthesis:** Draw together what these experiences developed—leadership, problem-solving, creativity, responsibility, communication.  
8. **Forward-looking close:** End by linking your past experiences to your future contribution and personal mission.  

**Narrative Template:**  
As [industry/society/context] continues to evolve, it presents a meaningful opportunity to contribute in ways that align with my interests and values. With a strong inclination toward [key strengths/traits], I am drawn to work that combines [interest area 1] and [interest area 2] while creating a positive impact. Therefore, I seek to build on this direction through [education/training/experience], which will provide a solid foundation for my long-term goals.  

My academic and personal development have been shaped by [school/family/community influence], which instilled in me the values of [core values]. Through experiences such as [leadership roles/awards/activities], I have developed a strong appreciation for [relevant themes] and strengthened my ability to [key skills]. In addition, my involvement in [volunteering/community/cross-cultural experiences] has broadened my perspective and reinforced my commitment to [purpose].  

Taken together, these experiences have prepared me to move forward as a diligent, adaptable, and thoughtful individual, ready to contribute meaningfully and continue growing through purposeful work."
45,5,"Key Points:
1. Opening Motivation: Begin with a broad value or purpose that frames your professional interest.
2. Specific Spark: Introduce one concrete example, idea, or experience that made the field personally meaningful.
3. Reflection and Insight: Show critical thinking by engaging with a book, idea, challenge, or trend and offering your view.
4. Future Direction: Link this interest to a clear ambition or next step.
5. Academic/Technical Fit: Highlight subjects, training, or strengths, especially where disciplines or skills overlap.
6. Practical Evidence: Include structured experiences, projects, or work that demonstrate teamwork, initiative, and problem-solving.
7. Personal Application: Add a hobby or independent project that shows curiosity extending beyond formal settings.
8. Transitions and Flow: Use phrases such as “For example,” “To gain insight,” “Upon reflection,” “Beyond formal settings,” and “Looking ahead” to connect ideas smoothly.

Narrative Template:
At the heart of my work is a desire to [broader purpose or value]. This is what first drew me to [field/area], particularly [specific example, issue, or experience], which showed me how meaningful well-applied knowledge can be. I am especially motivated by opportunities to [type of impact], and this has shaped my decision to pursue [role/pathway].

My interest has been strengthened by engaging with [book, article, idea, or discussion], which prompted me to think critically about [theme]. While I appreciate [one viewpoint], I believe [your perspective], as seen in [brief example]. Looking ahead, I hope to contribute through [future aim].

I have developed this interest through [subjects, qualifications, or core skills], especially where [skill/discipline 1] and [skill/discipline 2] intersect. To gain insight, I pursued [course, project, work experience, or activity], where I learned [key lesson]. Upon reflection, this experience showed me [deeper insight].

Beyond formal settings, I have applied the same mindset to [personal project, hobby, or responsibility], where I [action] and achieved [result]. Altogether, these experiences reflect my [qualities], my readiness to grow, and my commitment to contributing thoughtfully and effectively."
46,6,"Key Points:
1. Opening Motivation: Begin with a brief personal or formative influence that explains the initial interest in the field.
2. Development of Interest: Show how study, training, or early exposure strengthened both knowledge and commitment.
3. Specific Insight: Include one or two examples of what was learned, emphasizing analytical thinking or practical understanding.
4. Breadth and Relevance: Refer to related subjects, experiences, or contexts that broaden perspective and support the main direction.
5. Independent Learning: Mention a book, project, research task, or self-directed activity that deepened understanding.
6. Skills and Growth: Highlight transferable skills gained, such as organization, teamwork, communication, research, or working under pressure.
7. Personal Qualities: Briefly state core strengths and how they have developed over time.
8. Forward-Looking Close: End by linking past development to readiness for the next stage, using transitions such as “Through this,” “In addition,” “Furthermore,” and “As a result.”

Narrative Template:
Having been influenced by [early environment/personal experience], I developed a strong interest in [field/industry], which has shaped my decision to pursue [next academic/professional step]. Through [course, training, work, or project], I have broadened my understanding and strengthened my desire to explore this area further. In particular, I have enjoyed learning about [specific topic], as it enabled me to understand [relevant insight or application]. In addition, my experience with [related subject/activity] has widened my perspective and improved my ability to analyze complex issues. Beyond formal study, engaging with [book, research, independent project, or practical experience] has deepened my knowledge and encouraged me to think more critically. Through this, I have developed valuable skills in [skill 1], [skill 2], and [skill 3], while also becoming more [personal quality]. I consider myself [quality 1], [quality 2], and [quality 3]. As a result, I am confident that my experiences have prepared me well for [target role/course/opportunity] and for continued growth in [field]."
47,7,"Key Points:
1. Opening motivation: Begin with a broad idea, challenge, value, or belief that introduces your core interest and gives the narrative purpose.
2. Personal connection: Narrow that opening into a specific curiosity, experience, or insight that explains why this path matters to you.
3. Academic/professional foundation: Show how your studies, training, or early roles developed relevant knowledge and transferable skills.
4. Deeper engagement: Add one example of independent learning, research, or initiative that proves genuine commitment beyond basic requirements.
5. Practical experience: Use “Furthermore,” “To deepen this understanding,” or “In practice,” to introduce work experience, placements, or applied projects.
6. Transferable strengths: Include communication, teamwork, time management, problem-solving, leadership, or attention to detail, supported by brief evidence.
7. Personal dimension: Mention volunteering, hobbies, or extracurriculars to show character, balance, and qualities that strengthen your profile.
8. Forward-looking close: End by linking past experiences to future contribution, using transitions such as “Overall,” “As a result,” or “Looking ahead.”

Narrative Template:
From an early interest in [broad theme/value/problem], I have been motivated by the desire to understand and contribute meaningfully to [field/industry/community]. This developed into a particular interest in [specific area], which inspired me to pursue [subject/qualification/career path]. Through my studies and experiences in [relevant subjects/roles], I have built strong skills in [key skills], while deepening my understanding of [relevant knowledge area]. Beyond formal requirements, I further explored this interest through [independent research/project/activity], which strengthened my curiosity and commitment. Furthermore, my experience in [work placement/job/volunteering/project] gave me practical insight into [industry/professional environment] and helped me develop [practical skills]. Alongside this, involvement in [extracurricular/hobby/community activity] has enhanced my [personal qualities], demonstrating that I am both capable and well-rounded. Overall, these experiences have prepared me to contribute with enthusiasm, resilience, and purpose in [next step/target role/opportunity]."
48,8,"Key Points:
1. Opening Motivation: Begin with a broad statement of interest, then explain why the field/area continually engages you.
2. Intellectual Spark: Introduce a book, article, idea, mentor, or experience that shifted your perspective and deepened your curiosity.
3. Example of Reflection: Include one brief example showing how you question, reinterpret, or analyze information from different angles.
4. Applied Exploration: Move to a course, project, visit, task, or hands-on experience that expanded your understanding in practice.
5. Cross-Disciplinary Link: Show how another subject, role, or experience strengthened your perspective and reinforced transferable skills.
6. Independent Initiative: Highlight a self-directed project, research task, certification, or achievement to demonstrate ownership and analytical ability.
7. Broader Contributions: Add leadership, volunteering, mentoring, or teamwork examples to show communication, organisation, and collaboration.
8. Forward Value: End by linking your interests and developed skills to future study/work and wider contribution.

Narrative Template:
[Field/industry/area] appeals to me because [broad reason], and this is what has driven my interest in [specific focus]. What especially strengthened this interest was [book/article/person/experience], which encouraged me to see [subject/work] from a different perspective. For example, [brief example of analysis, reinterpretation, or problem-solving], showing me the value of critical thinking and open-mindedness. Building on this, [course/project/work experience/visit] gave me practical insight into [specific area], while [another subject/role/activity] helped me appreciate the wider context and develop [transferable skill 1] and [transferable skill 2]. I further developed these strengths through [independent project/research/achievement], where I explored [topic/task] and strengthened my ability to [skill]. In addition, my involvement in [leadership/teamwork/volunteering role] has improved my [communication/teamwork/organisation] skills through working with [people/groups/tasks]. Overall, I am motivated by the opportunity to continue developing my interest in [field] while applying my skills in [key strengths] to contribute effectively in future [study/work/professional] environments."
49,1,"Key Points:
1. Opening Motivation: Begin with a long-standing interest or early exposure that explains the candidate’s core enthusiasm.
2. Deepening Interest: Expand from initial curiosity into a broader appreciation of the field’s impact, development, or possibilities.
3. Career Direction: State clearly what area the candidate wants to pursue and why it aligns with their interests.
4. Current Study/Training: Introduce present education or training, linking performance, commitment, and subject strengths.
5. Evidence of Character: Highlight traits such as reliability, motivation, creativity, resilience, or problem-solving with brief proof.
6. Experience Beyond Study: Add short examples of work experience, volunteering, projects, or introductory training that show transferable skills.
7. Personal Dimension: Include selected personal background, languages, interests, or formative experiences that add individuality.
8. Forward-Looking Close: End with a clear goal, showing how current learning and experience support future contribution.

Narrative Template:
I have been interested in [field/industry] from an early stage, and this interest grew through [early exposure, personal experience, or repeated engagement]. Over time, this developed into a strong curiosity about [how things work / solving problems / creating impact], as well as an appreciation for the wider role of [field/industry] in everyday life and society. As a result, I am keen to pursue [career path or area of focus].

I am currently studying/training in [course, qualification, or professional pathway], where I have demonstrated [strong performance, consistency, or commitment] through [results, attendance, projects, or responsibilities]. I am known for being [key qualities], and I apply these strengths to [academic work, teamwork, deadlines, or challenges].

In addition, I have developed valuable skills through [work experience, volunteering, short courses, extracurricular activities, or personal projects], which strengthened my abilities in [communication, organisation, adaptability, leadership, or problem-solving]. My background in [language, culture, community, hobby, or formative experience] has also helped shape my perspective and character. Looking ahead, I hope to use my skills and knowledge to build a successful career in [chosen area], while continuing to learn, contribute, and grow."
50,2,"Key Points:
1. Opening Motivation: Begin with a broad observation or personal insight that introduces your core interest and long-term direction.
2. Personal Connection: Follow with a brief example of early exposure, curiosity, or hands-on experience that made the interest meaningful.
3. Academic Development: Present relevant study or training, showing how knowledge, projects, or awards strengthened your abilities.
4. Intellectual Expansion: Add wider reading, research, or independent exploration to show initiative and reflective thinking.
5. Extracurricular Evidence: Include clubs, competitions, or side activities that demonstrate teamwork, communication, and practical engagement.
6. Professional/Community Experience: Introduce work experience, volunteering, or service to show real-world application and responsibility.
7. Personal Qualities in Action: Highlight moments of problem-solving, initiative, adaptability, or collaboration through specific contributions.
8. Forward-Looking Close: End by linking your past experiences to the contribution, growth, or environment you seek next, using transitions such as “In addition,” “Outside of,” “Although,” “This led me to,” and “Consequently.”

Narrative Template:
I have long been motivated by [broad field/theme], particularly the way it shapes [people/organisations/society]. This interest grew through [early experience/exposure], which gave me insight into [relevant process or area] and confirmed my desire to develop further. Through [course/qualification/project], I applied my skills in [specific area], while [subject/award/achievement] strengthened my confidence and foundation. This led me to explore [book/research/independent learning], deepening my understanding of [wider issue or trend]. Outside of formal study, I took part in [club/activity/competition], where I developed [teamwork/communication/problem-solving]. In addition, [work experience/volunteering] allowed me to see how these skills operate in practice and helped me recognise my strengths in [responsibility/leadership/initiative]. Although my interest began with [initial spark], experiences such as [practical example] expanded my perspective and ambition. Consequently, I am keen to bring my skills, curiosity, and commitment to [next opportunity/target environment]."
