template_id,seed_id,text
1,1,"Key Points:

- Opening Motivation: Begins with a simple statement of long-standing interest, often rooted in early exposure or personal curiosity.
- Personal Connection: Expands on how repeated interaction with a subject, environment, or activity deepened that interest over time.
- Intellectual Curiosity: Explains what specifically fascinates the candidate, such as how things work, why they matter, or how they affect everyday life.
- Career Aspiration: Moves from interest to intention by stating the area the candidate hopes to study, enter, or contribute to in the future.
- Current Education or Training: Introduces present studies or qualifications and uses them to demonstrate commitment and readiness.
- Evidence of Work Ethic: Highlights reliability, motivation, attendance, grades, or consistency in completing responsibilities.
- Transferable Strengths: Identifies personal qualities such as creativity, problem-solving, calmness under pressure, communication, or willingness to challenge oneself.
- Early Experience and Exposure: Mentions introductory courses, projects, work experience, volunteering, or other first steps that show initiative.
- Personal Background and Added Value: Includes broader life experience, languages, interests, or formative experiences that add individuality and adaptability.
- Future Goal: Ends by connecting gained knowledge and strengths to a clear ambition for future study or employment.

The narrative typically progresses from personal interest, to academic development, to skills and experience, and finally to future goals. It uses transitions such as ""From an early age,"" ""Over time,"" ""This led me to,"" ""Currently,"" ""In addition,"" ""Through this experience,"" and ""Looking ahead"" to keep the story coherent and forward-moving.

Template:

From an early age, I have been drawn to [subject/industry/area of interest], and this interest grew through my exposure to [relevant environment, activity, or experience]. Over time, I became increasingly curious about [specific aspect], particularly how it works, why it is important, and the impact it has on everyday life. This growing interest has led me to pursue opportunities to learn more and develop my understanding of the field.

Currently, I am studying [course/qualification/training], which has helped me strengthen my knowledge and demonstrate my commitment. Through my studies, I have developed qualities such as [quality], [quality], and [quality], and I take pride in [meeting deadlines/maintaining high standards/consistent performance]. My achievements in [subject/module/project] reflect both my dedication and my ability to apply myself effectively.

In addition, I have built valuable skills through [work experience/volunteering/short courses/extracurricular activities], where I developed [transferable skill 1], [transferable skill 2], and [transferable skill 3]. These experiences, together with my background in [language/culture/hobby/personal interest], have helped shape me into a well-rounded and adaptable individual.

Looking ahead, I hope to use the knowledge and skills I gain from [study/training/experience"
2,2,"**Structure Analysis**

**Core structure**
1. **Opening motivation:** Begins with a broad observation about change or progress, then narrows to a personal interest.
2. **Personal connection:** Introduces firsthand exposure, curiosity, or a formative experience that deepened engagement.
3. **Academic development:** Moves into studies, qualifications, or formal learning, showing how knowledge was applied in practice.
4. **Recognition and insight:** Adds awards, reading, projects, or subject-based learning to demonstrate growth and reflection.
5. **Extracurricular evidence:** Expands beyond formal education into clubs, competitions, volunteering, or collaborative activities.
6. **Work-based relevance:** Includes work experience or practical exposure to show real-world understanding.
7. **Personal initiative:** Highlights independent exploration, experimentation, or self-driven contributions.
8. **Forward-looking close:** Ends by linking past experiences to future goals and readiness to contribute.

**Style features**
- **Aspirational and reflective:** Focuses on enthusiasm, growth, and future contribution.
- **Chronological but thematic:** Roughly follows development over time while grouping experiences by relevance.
- **Evidence-led:** Uses examples to support interest, skills, and suitability.
- **Connected throughout:** Nearly every paragraph ties back to the central motivation.

**Common transitions and linking phrases**
- “I have long been interested in…”
- “This led me to…”
- “In addition…”
- “Outside of…”
- “Through this experience…”
- “Although…”
- “More recently…”
- “As a result…”
- “It is this combination of…”
- “I am eager to…”

---

## Short CV Narrative Template

**Key Points:**
- **Opening Hook:** Begin with a broad statement about the field, industry, or type of work that motivates you, then state your personal interest.
- **Early Motivation:** Briefly describe an experience, observation, or influence that first sparked this interest.
- **Academic or Professional Development:** Summarize relevant study, training, or early responsibilities, showing how you applied knowledge in practical settings.
- **Evidence of Ability:** Include achievements, recognition, projects, or subject-specific learning that demonstrate capability and progression.
- **Broader Experience:** Add extracurricular activities, volunteering, or collaborative work to show transferable skills such as teamwork, communication, initiative, or leadership.
- **Practical Exposure:** Refer to work experience, placements, freelance work, or hands-on involvement that strengthened your understanding of the field.
- **Personal Initiative:** Mention independent learning, side projects, problem-solving, or self-directed contributions that reflect curiosity and drive.
- **Closing Vision:** Conclude by connecting your background, strengths, and interests to the contribution you want to make next.

**Narrative Template:**

In a world where **[broader trend/change/challenge]**, I have developed a strong interest in **[field/area]**. My enthusiasm grew through **[early"
3,3,"**Structure Analysis**

**1. Opening motivation**
- Begins with a strong personal hook centered on curiosity, purpose, or a driving question.
- Quickly broadens that interest to show wider relevance in everyday life.
- Transitions into a clear statement of commitment and ambition.

**Typical moves:**
- “Little interests me more than…”
- “It is for this reason that…”
- “I am certain of my desire to…”
- “I believe that…”

**2. Academic or professional foundation**
- Moves from motivation into formal study, training, or early professional development.
- Highlights relevant subjects, modules, qualifications, or areas of responsibility.
- Connects each experience to skills gained and long-term direction.

**Typical moves:**
- “In studying…”
- “Through my experience in…”
- “This has developed…”
- “I have strengthened…”

**3. Transferable skills**
- Brings in additional studies, training, or complementary experiences.
- Shows communication, analysis, discipline, or other broadly useful qualities.
- Links these skills back to readiness for future challenges.

**Typical moves:**
- “Additionally…”
- “This has aided me in developing…”
- “I also believe that…”
- “These experiences have equipped me to…”

**4. Leadership, service, and extracurricular evidence**
- Expands beyond academics/work to leadership, volunteering, community roles, or team activities.
- Uses these to demonstrate initiative, teamwork, organisation, resilience, and social awareness.
- Often lists several examples while keeping them tied to personal growth.

**Typical moves:**
- “During my time at…”
- “Additionally…”
- “I have been involved in…”
- “This has allowed me to…”

**5. Personal interests and balance**
- Includes hobbies or outside commitments to show character and well-roundedness.
- Emphasizes discipline, balance, confidence, or perseverance.

**Typical moves:**
- “My leisure interests are…”
- “Being a keen member of…”
- “This has developed…”

**6. Practical exposure and future direction**
- Ends with work experience or real-world exposure that sharpens career focus.
- Distinguishes general interest from a more specific motivation.
- Concludes by reaffirming enthusiasm, suitability, and future contribution.

**Typical moves:**
- “During my work experience…”
- “This further fuelled…”
- “However, I am particularly interested in…”
- “I believe this will enable me to…”

---

## Short CV Narrative Template

**Key Points:**
- **Opening Hook:** Begin with a concise statement of what most motivates or interests you, and why it matters more broadly.
- **Core Motivation:** Explain how that interest developed into a clear academic, professional, or personal direction.
- **Foundation and Development:** Summarize relevant study, training, or work experience, showing how it built knowledge and confirmed long-term goals.
- **"
4,4,"**Structure Analysis**

**Essential structure**
1. **Context-led opening**  
   Begins with a broad external trend or societal need, then narrows to the applicant’s interest in contributing through a chosen field.

2. **Personal fit and motivation**  
   Explains why the field suits the applicant’s nature, values, and strengths, followed by a clear statement of academic or career intent.

3. **Why this path/education/environment**  
   Justifies the chosen route by linking it to credibility, legacy, relevance, or long-term goals.

4. **Educational foundation and formative values**  
   Describes schooling or early training, then connects institutional values or upbringing to personal worldview.

5. **Achievements and leadership evidence**  
   Lists recognitions, positions of responsibility, and participation in intellectual or collaborative activities.

6. **Skills gained from experience**  
   Interprets achievements rather than merely listing them, drawing out qualities such as leadership, problem-solving, initiative, creativity, and social awareness.

7. **Personal background and broader exposure**  
   Adds family influence, cultural exposure, volunteering, or community engagement to humanize the narrative and show breadth.

8. **Forward-looking conclusion**  
   Ends by linking past experiences to future direction, reinforcing readiness, purpose, and intended contribution.

**Style features**
- Formal, aspirational, and values-driven
- Moves from broad purpose to personal evidence to future ambition
- Blends professional and personal details into one continuous narrative
- Uses reflective phrasing to explain significance of experiences
- Emphasizes contribution, character, and readiness

**Common transitions and linking phrases**
- “As …”
- “Having …”
- “Therefore, …”
- “Not only … but also …”
- “In addition, …”
- “Thus, …”
- “These experiences have …”
- “They have also provided me with …”
- “It is with this experience that …”
- “As a … individual, …”

---

## Short CV Narrative Template

**Narrative Template:**

As **[industry/societal/professional context]** continues to evolve, it presents an opportunity to contribute meaningfully through **[field/area of work]**. With a strong interest in **[core interests/strengths]**, I am drawn to this path because it allows me to combine **[skill 1]**, **[skill 2]**, and **[purpose or impact]**. Therefore, I have pursued **[education/training/experience]** to build a strong foundation for a career in **[target direction]**.

My background in **[school/university/work environment/community]** has shaped my belief in **[guiding value or principle]**. This has given me an inclusive and thoughtful approach to **[work/life/collaboration]**. Over time, I have taken on roles such as **[positions of responsibility]"
5,5,"**Structure Analysis**

**Key Points:**
- **Opening principle:** Begins with a broad belief or value about the field, establishing purpose and motivation.
- **Focused interest:** Quickly narrows to a specific example, topic, or problem that captures the applicant’s curiosity.
- **Personal motivation:** Explains why this area matters personally, often linking impact, usefulness, or fulfilment to future study/work.
- **Intellectual engagement:** Introduces a book, idea, debate, or external influence to show independent thinking.
- **Critical reflection:** Does not just agree or describe; evaluates, questions, and develops a viewpoint.
- **Future direction:** Connects current interests to a longer-term ambition or professional goal.
- **Academic fit:** Moves into subjects, training, or formal study, highlighting enjoyment of core disciplines and especially their overlap.
- **Skills mindset:** Emphasises problem-solving, creativity, analysis, and applying fundamentals to real situations.
- **Practical exposure:** Uses structured experiences such as courses, projects, placements, or competitions to demonstrate engagement beyond the classroom/workplace.
- **Chronological examples:** Presents experiences in sequence, often showing progression from early exposure to more mature insight.
- **Reflective achievement:** Focuses not only on what was done, but what was learned about constraints, trade-offs, or improvement.
- **Personal project or hobby:** Ends with an independent interest that reinforces initiative, curiosity, and hands-on ability.
- **Implicit conclusion:** Rather than a formal ending, the narrative closes by proving sustained enthusiasm through action.

**Typical transitions and linking phrases:**
- “An aspect of this which particularly interests me…”
- “I am intrigued by…”
- “The prospect of…”
- “Hence my interest in…”
- “A recent influence on my thinking has been…”
- “I agree to an extent, but…”
- “For example…”
- “This has strengthened my ambition to…”
- “I particularly enjoy…”
- “What has stood out most is…”
- “To gain further insight…”
- “Upon reflection…”
- “However…”
- “Beyond formal study/work…”
- “What I enjoy most about it is…”
- “In doing so…”

---

## Short CV Narrative Template

**Narrative Template:**

I am motivated by the belief that **[field/work area]** should ultimately **[create value / solve problems / improve outcomes]**. An aspect of this that particularly interests me is **[specific topic, challenge, or specialism]**, because it demonstrates how **[idea/example]** can have a meaningful impact on **[people, organisations, systems, or communities]**. The prospect of contributing to work of this kind is what draws me to **[target role, field, or next step]**.

A recent influence on my thinking has been **[book, article, project, discussion, or experience]**, which"
6,6,"**Key Points:**

- **Opening Motivation:** Begins with a personal influence or early exposure that explains the candidate’s interest in a chosen path.  
- **Development of Interest:** Moves into education, training, or early experience, showing how initial curiosity became a stronger commitment.  
- **Focused Academic/Practical Insight:** Highlights specific areas of study or experience that deepened understanding and revealed how the field works in practice.  
- **Broader Intellectual Engagement:** Introduces related subjects, ideas, or external reading to show analytical thinking and wider awareness beyond core study or work.  
- **Skills and Growth:** Shifts to transferable skills gained through projects, presentations, research, collaboration, or independent work.  
- **Personal Qualities:** Briefly identifies character traits such as determination, organization, adaptability, or dedication.  
- **Forward Commitment:** Ends by linking past experiences to future ambitions, emphasizing readiness for the next stage.

**Common Transitions and Style Features:**

- Uses reflective transitions such as **“Growing up,” “Particularly,” “Through,” “Besides,” “Throughout my experience,” “This has enabled me,”** and **“I believe that.”**
- Follows a **chronological-to-reflective flow**: early influence → study/experience → insight → skills → future direction.
- Blends **personal background with evidence**, keeping the tone sincere, motivated, and forward-looking.
- Uses **specific examples** to support claims, then connects them back to overall ambition.

---

## Short CV Narrative Template

**Template:**

From an early stage, my interest in **[field/industry]** was shaped by **[personal influence, environment, or formative experience]**. This initial exposure encouraged me to pursue **[course, training, career path, or area of development]**, where I have strengthened both my knowledge and enthusiasm for the subject.

Through my experience in **[study, work, project, or placement]**, I have developed a clearer understanding of **[key aspect of the field]** and how it applies in practice. Particularly, I have enjoyed exploring **[specific topic/task/responsibility]**, which has helped me build insight into **[relevant process, challenge, or professional function]**.

Alongside this, my involvement in **[related subject, responsibility, or interest]** has broadened my perspective and strengthened my ability to **[analyze, solve problems, communicate, lead, or work with others]**. Through **[book, research, independent learning, project, or real-world exposure]**, I have further developed my awareness of **[wider issue, trend, or context]**.

Throughout my academic and professional journey, I have gained valuable skills in **[skill 1]**, **[skill 2]**, and **[skill 3]** through experiences such as **[assignments, presentations, teamwork, employment, volunteering, or research]**"
7,7,"**Structure Analysis**

**Key Points:**
- **Opening Hook:** Begins with a broad, meaningful idea or real-world issue to frame the candidate’s motivation.
- **Core Motivation:** Quickly links that wider theme to a personal interest and a clear academic/professional goal.
- **Intellectual Interest:** Expands on a specific aspect of the field that genuinely fascinates the candidate.
- **Values and Mindset:** Introduces a belief, principle, or personal perspective that reinforces commitment and character.
- **Relevant Preparation:** Explains how studies, training, or early experiences built subject knowledge and transferable skills.
- **Focused Example:** Includes one concrete example or topic to show curiosity, depth, and initiative beyond basic requirements.
- **Practical Experience:** Moves into hands-on exposure, showing awareness of what the field requires and what was learned from direct experience.
- **Skills in Action:** Highlights communication, analytical ability, teamwork, time management, or technical competence through evidence.
- **Broader Development:** Adds extracurriculars, volunteering, work, or responsibilities to show discipline and maturity.
- **Personal Interests:** Briefly mentions hobbies or outside interests, linking them to useful qualities where possible.
- **Closing Aim:** Ends by reaffirming enthusiasm, readiness, and interest in further growth.

**Common Transitions / Style Features:**
- “It is this… that led me to…”
- “This is why…”
- “Furthermore…”
- “For example…”
- “Thus…”
- “Beyond…”
- “Also…”
- “Therefore…”
- “As an aspiring…”
- Style is reflective, purposeful, and achievement-based, with each paragraph linking back to the central goal.

---

## Short CV Narrative Template

**Narrative Template:**

From an early stage, I have been drawn to **[wider issue, idea, or motivating theme]**, which sparked my interest in **[field/profession]** and led me to pursue **[goal/course/career direction]**. I am particularly interested in **[specific aspect of the field]**, as it reflects both my curiosity and my desire to contribute meaningfully through **[type of impact]**. Guided by **[personal value, belief, or mindset]**, I am motivated by the idea that progress comes through commitment, reflection, and continuous learning.

This is why I pursued **[subjects, training, qualifications, or early development]**, through which I developed **[key skills]**. In particular, learning about **[specific topic/example]** strengthened my interest and encouraged me to explore beyond the core requirements. Balancing **[study/work/responsibilities]** also helped me become more **[resourceful/disciplined/adaptable]**, qualities I consider essential in any professional environment.

Furthermore, I sought practical experience through **[placement, project, work experience, internship, volunteering]**, where I gained insight into **[industry/work"
8,8,"**Structure Analysis**

**Key Points:**
- **Opening Interest:** Begins with a broad statement of enthusiasm for the subject/field and explains why it is intellectually engaging.
- **Reason for Motivation:** Expands this interest by showing what makes the field dynamic, varied, or meaningful.
- **External Influence:** Introduces a book, article, mentor, course, or experience that deepened understanding and shifted perspective.
- **Critical Reflection:** Includes a brief example showing the ability to question assumptions, compare viewpoints, or think analytically.
- **Value Statement:** Connects the subject/field to transferable skills or wider professional relevance.
- **Focused Experience:** Moves into a specific academic, practical, or personal experience that sparked deeper interest in a particular area.
- **Active Exploration:** Demonstrates initiative through visits, reading, projects, research, or independent learning.
- **Cross-Disciplinary Link:** Shows how another subject, experience, or area of study strengthened understanding.
- **Independent Project/Research:** Highlights a self-directed piece of work to evidence curiosity, analysis, and sustained commitment.
- **Skills Through Responsibility:** Ends with leadership, teamwork, mentoring, volunteering, or service roles that demonstrate interpersonal and organisational strengths.

**Style and Transitions:**
- Uses a **personal but formal tone**: reflective, sincere, and evidence-based.
- Follows a **broad-to-specific structure**: general interest → deeper exploration → practical evidence → skills and responsibilities.
- Frequently links each example back to the central motivation.
- Common transitions include: **“For this reason,” “This inspired me,” “For example,” “As a result,” “Following this,” “This is because,” “It was also an opportunity,” “Overall.”**

---

## Short CV Narrative Template

I have always been drawn to **[field/industry/theme]** because **[brief reason it interests or motivates you]**. What particularly appeals to me is **[aspect of the field]**, as it offers opportunities to **[learn, solve problems, create impact, support others, innovate, etc.]**. **[Book/course/project/person/experience]** broadened my perspective by showing me that **[insight or shift in understanding]**. This encouraged me to approach **[topic/work]** more critically and to consider **[different perspectives, methods, or outcomes]**.

My interest developed further through **[specific course, role, project, or experience]**, which led me to explore **[specific area]** in greater depth. As a result, I engaged with **[research, reading, visits, practical work, training, or independent study]**, which strengthened my understanding of **[topic/industry/context]**. Alongside this, **[another subject, role, or experience]** helped me appreciate **[broader relevance or transferable insight]**.

Undertaking **[independent project, qualification, or responsibility]** gave"
9,1,"Key Points:

- Opening Motivation: Begins with a simple personal reason for interest, often rooted in early exposure, curiosity, or everyday familiarity with a subject or environment.
- Developing Interest: Expands that initial interest into a deeper fascination with how things work, why they matter, or how they affect people and society.
- Career Direction: Moves from general enthusiasm to a clear future aim, explaining what the candidate hopes to study, do, or contribute professionally.
- Current Education or Training: Introduces present academic or vocational study, showing commitment, consistency, and relevant performance.
- Personal Strengths: Highlights qualities such as motivation, reliability, creativity, problem-solving, calmness under pressure, or willingness to challenge oneself.
- Early Experience and Skills: Mentions introductory courses, projects, work experience, volunteering, or practical exposure that support the candidate’s interest and readiness.
- Broader Personal Background: Adds personal details such as languages, upbringing, responsibilities, or formative experiences that strengthen individuality and adaptability.
- Closing Aspiration: Ends by linking gained knowledge and personal drive to a future goal, showing ambition and a sense of direction.

Common transitions and stylistic features:
- Uses direct first-person narration.
- Moves from personal interest -> deeper motivation -> current preparation -> supporting experience -> future ambition.
- Frequently uses transitions such as “From a young age,” “As I developed,” “Currently,” “In addition,” “Through this experience,” and “In the future.”
- Style is personal, sincere, forward-looking, and descriptive rather than highly formal.

Narrative Template:

I have been interested in [field/area of interest] from [an early age/early stage in life/first exposure], and this interest grew through [everyday experience, observation, personal challenge, or early contact]. What first drew me in was not only [surface interest], but also the desire to understand [how things work / the ideas behind them / their wider impact].

As my interest developed, I became increasingly motivated to explore [specific themes, skills, or areas of the field]. I am particularly drawn to [general aspect], and I hope to build a future in which I can contribute to [industry/profession/area of impact]. This ambition has encouraged me to pursue opportunities that strengthen both my knowledge and my commitment.

Currently, I am studying [course/qualification/training], where I have demonstrated that I am [hardworking/motivated/reliable/disciplined]. Through my studies, I have developed strengths in [relevant subjects/competencies], and my achievements in [assignments/projects/modules/responsibilities] reflect my ability to work consistently and meet high standards.

In addition to my formal education, I have gained experience through [introductory courses/projects/work experience/volunteering/extracurricular activities]. These experiences have helped me develop important skills such as [communication, organisation, teamwork, problem-solving, adaptability, leadership, or creativity], while also reinforcing my interest"
10,2,"**Structure Analysis**

**Core flow of the statement:**
1. **Opening motivation:** Begins with a broad observation about change in the world, then narrows to a personal fascination with that change.
2. **Personal connection:** Introduces early exposure or firsthand experience that deepened interest.
3. **Academic development:** Moves into studies, showing how subjects, projects, and awards built relevant knowledge and confidence.
4. **Broader intellectual interest:** Mentions reading, independent exploration, or wider reflection to show curiosity beyond formal study.
5. **Extracurricular evidence:** Adds clubs, competitions, and team activities to demonstrate initiative, collaboration, and communication.
6. **Practical experience:** Brings in work experience or volunteering to connect learning with real-world application.
7. **Personal initiative:** Includes self-directed activity or problem-solving outside formal settings to show genuine engagement.
8. **Closing aspiration:** Ends by linking past experiences to future contribution and growth.

**Style characteristics:**
- **Aspirational and forward-looking**
- **Chronological but thematic**
- **Uses examples as proof of interest and ability**
- **Frequently links each experience back to a central motivation**
- **Balances achievement with reflection**

**Common transitions and linking phrases:**
- “I have long been interested in…”
- “This led me to…”
- “In addition…”
- “Outside of…”
- “Through this experience…”
- “Although…”
- “As a result…”
- “More recently…”
- “Ultimately…”
- “I am eager to…”

---

## Short CV Narrative Template

**Key Points:**
- **Opening Hook:** Begin with a broad observation, personal belief, or defining interest that introduces your core motivation.
- **Personal Motivation:** Explain how an early experience, exposure, or curiosity sparked your interest in this area.
- **Academic or Professional Foundation:** Summarize relevant study, training, or early responsibilities, showing how you developed core skills.
- **Evidence of Growth:** Include a project, achievement, award, or milestone that demonstrates progress and capability.
- **Wider Engagement:** Mention independent learning, reading, research, or exploration that shows initiative beyond formal requirements.
- **Extracurricular or Community Involvement:** Add an activity that highlights teamwork, leadership, communication, or commitment.
- **Practical Experience:** Refer to work experience, volunteering, or hands-on involvement that helped you apply your skills in a real setting.
- **Personal Initiative:** Include a self-started contribution, problem solved, or personal project to show enthusiasm and ownership.
- **Closing Vision:** End by connecting your background to the contribution you want to make next and the environment in which you hope to grow.

**Narrative Template:**

In a world where **[broader context or industry change]**, I have developed a strong interest in **[field/area of focus]**. My interest began through **[early experience,"
11,3,"**Structure Analysis**

**Core narrative pattern**
1. **Opening motivation:** Begins with a strong personal interest or curiosity that introduces the central theme.
2. **Why it matters:** Broadens that interest by showing its relevance in everyday life or wider society.
3. **Personal commitment:** Moves from fascination to intention, explaining why the candidate wants to pursue the path further.
4. **Academic development:** Introduces studies or training that strengthened interest and built foundational skills.
5. **Transferable strengths:** Connects additional subjects or experiences to useful qualities such as communication, analysis, discipline, or resilience.
6. **Leadership and service:** Shifts into positions of responsibility, volunteering, and community involvement to demonstrate character and initiative.
7. **Extracurricular dimension:** Adds hobbies or personal pursuits to show balance, dedication, and broader capability.
8. **Practical exposure:** Includes work experience or real-world insight that clarifies career direction.
9. **Closing affirmation:** Ends by reinforcing motivation, suitability, and future ambition.

**Style characteristics**
- Reflective and purpose-driven.
- Written in the first person with confident but sincere language.
- Each paragraph expands the same central theme from a different angle.
- Achievements are not listed mechanically; they are tied to skills, values, and future goals.
- Uses transitions to maintain flow and connect experiences back to the main narrative.

**Typical transitions and linking phrases**
- “It is for this reason that…”
- “In studying…”
- “I have developed…”
- “Additionally…”
- “I also believe…”
- “During my time…”
- “This has allowed me to…”
- “My leisure interests…”
- “Through this experience…”
- “However…”
- “Ultimately…”
- “I am confident that…”
- “I believe that…”

---

## Short CV Narrative Template

**Template**

What motivates me most is **[core interest, value, or problem you are driven by]**. I am particularly drawn to **[specific aspect of that interest]**, and this has shaped both my personal development and professional direction. **For this reason,** I am committed to building a career in which I can **[contribution or impact you want to make]**.

**Through my studies/training in [subject, qualification, or field],** I have strengthened my knowledge of **[relevant area]** and developed skills in **[skill 1]**, **[skill 2]**, and **[skill 3]**. **In addition,** my experience in **[other subject, project, or area]** has improved my **[transferable skill]**, which I believe supports my ability to perform to a high standard. I am **[quality 1]**, **[quality 2]**, and **[quality 3]**, and these qualities continue to guide my approach.

**Beyond academics/work,** I"
12,4,"**Structure Analysis**

**1. Opening purpose and wider context**
- Begins with a broad observation about a changing environment or societal need.
- Quickly narrows this to the applicant’s area of interest and motivation.
- Connects personal traits to the chosen path.
- Ends the opening with a forward-looking goal.
- Common transitions: **“As…,” “Having…,” “Therefore…,” “Thus…”**

**2. Educational or formative foundation**
- Introduces upbringing, schooling, or early influences.
- Shows how values were shaped by an institution, family, or belief system.
- Links these values to later ambitions.
- Common transitions: **“I have been fortunate…,” “This… has instilled…,” “In addition…”**

**3. Achievements and evidence**
- Lists selected academic, leadership, or extracurricular accomplishments.
- Moves from examples to interpretation: what these experiences developed in the candidate.
- Emphasizes transferable qualities such as leadership, initiative, creativity, and problem-solving.
- Common transitions: **“A few that I mention here…,” “All of the above…,” “They have also provided me with…”**

**4. Personal dimension and broader exposure**
- Adds family influence, cultural exposure, volunteering, or community engagement.
- Broadens the profile beyond formal achievement.
- Reinforces values and maturity through lived experience.
- Common transitions: **“I come from…,” “I have also…,” “These experiences have given me…”**

**5. Closing direction and self-positioning**
- Concludes by tying experience, values, and ambition together.
- States readiness, character, and intended contribution.
- Ends with a confident but service-oriented vision.
- Common transitions: **“It is with this experience that…,” “As a… individual…,” “I feel I will be…”**

**Style Features**
- Formal, aspirational, and values-driven.
- Moves from **big-picture purpose → personal formation → evidence → character → future contribution**.
- Uses reflective commentary after examples, not just listing facts.
- Balances achievement with humility and social awareness.
- Keeps coherence by repeatedly linking experiences back to motivation and impact.

---

## Short CV Narrative Template

**Narrative Template:**

As **[industry/trend/challenge/context]** continues to evolve, it presents a meaningful opportunity to contribute through **[field/professional focus]**. With a strong interest in **[core interests/strengths]**, I am drawn to work that combines **[skill area 1]**, **[skill area 2]**, and **[broader purpose or impact]**. Therefore, I have pursued **[education/training/experience]** to build a solid foundation for a career in **[target direction]**.

My background in **[schooling/education/upbringing/environment]** has shaped my belief in **[guiding value or principle]**. This has instilled"
13,5,"**Structure Analysis**

**Core structure**
1. **Opening motivation:** Begins with a broad belief about the field’s purpose, then narrows to a specific area of interest.
2. **Focused example:** Introduces one striking example that makes the interest concrete and personally meaningful.
3. **Reason for progression:** Connects that interest to a clear ambition or next step.
4. **Independent engagement:** Mentions reading, reflection, or self-directed exploration to show intellectual curiosity.
5. **Analytical viewpoint:** Evaluates an idea or debate rather than simply describing it, showing critical thinking.
6. **Future direction:** States a longer-term goal linked to both theory and application.
7. **Relevant strengths:** Shifts to subjects, skills, or areas of competence, especially where they intersect.
8. **Practical experience:** Gives chronological or selected examples of projects, courses, or work experience.
9. **Reflection on learning:** Explains what each experience revealed, especially lessons about constraints, improvement, or problem-solving.
10. **Personal dimension:** Ends by showing how the interest extends beyond formal settings through hobbies or self-initiated projects.
11. **Evidence through outcome:** Includes measurable or tangible results to reinforce credibility.

**Style features**
- Reflective and purposeful rather than purely descriptive.
- Moves from **big-picture motivation** to **specific evidence**.
- Uses examples to demonstrate qualities indirectly.
- Blends academic/professional interests with personal initiative.
- Frequently interprets experiences: not just *what happened*, but *what it taught*.
- Balances enthusiasm with analysis.

**Common transitions and linking phrases**
- “An aspect of this which particularly interests me is…”
- “This led me to…”
- “I find the prospect of…”
- “Hence my interest in…”
- “A key influence has been…”
- “I agree to an extent, but…”
- “For example…”
- “This reinforced my ambition to…”
- “I have particularly enjoyed…”
- “To gain further insight…”
- “Upon reflection…”
- “However…”
- “Beyond formal study/work…”
- “What I enjoy most about this is…”
- “In doing so…”
- “This demonstrates…”

---

## Short CV Narrative Template

**Narrative Template:**

I am motivated by the belief that **[field/work area]** should ultimately **[solve a problem/create value/improve outcomes]**. An aspect of this that particularly interests me is **[specific theme, challenge, or specialism]**, because it shows how **[practical impact or wider significance]**. This is what first drew me towards **[career path/area of study/professional focus]**.

A key influence on my development has been **[book, project, mentor, experience, or idea]**, which prompted me to think more critically about **[issue or debate]**. While"
14,6,"**Key Points:**

- **Opening Motivation:** Begins with a personal influence or early exposure that explains the origin of interest in a field or path.  
  - Typical transition: *“Having been influenced by…”*, *“Growing up…”*, *“From an early stage…”*

- **Development of Interest:** Moves from initial inspiration to formal study, training, or early experience, showing how interest became commitment.  
  - Typical transition: *“Choosing to continue…”*, *“This has not only… but also…”*, *“Particularly, I have enjoyed…”*

- **Knowledge and Insight:** Highlights specific areas of learning or experience that deepened understanding and show intellectual engagement.  
  - Typical transition: *“This enabled me to understand…”*, *“Through my study of…”*, *“I developed an understanding of…”*

- **Evidence of Broader Capability:** Introduces complementary subjects, transferable skills, or analytical strengths that support the main profile.  
  - Typical transition: *“Throughout my academic experience…”*, *“In addition…”*, *“Irrespective of…”*

- **Independent Engagement:** References wider reading, projects, research, or self-directed learning to demonstrate initiative and curiosity.  
  - Typical transition: *“A key influence on my thinking has been…”*, *“This furthered my knowledge by…”*

- **Skills and Personal Growth:** Reflects on practical skills gained through study, projects, teamwork, or structured responsibilities, linking them to personal development.  
  - Typical transition: *“From learning how to… to…”*, *“I believe that I have not only grown… but also…”*

- **Personal Qualities and Forward Direction:** Ends by summarizing strengths, readiness, and motivation to progress further.  
  - Typical transition: *“I consider myself…”*, *“This has reinforced my decision to…”*, *“I am eager to…”*

- **Style Notes:** The statement is chronological and reflective, blending personal background, formal development, examples of learning, and a forward-looking conclusion. It uses linking phrases such as *“not only… but also,” “particularly,” “throughout,” “however,”* and *“by…”* to maintain flow and coherence.

---

**Short CV Narrative Template:**

[Having been influenced by **early exposure/personal background/defining experience**], I developed a strong interest in **field/industry/professional direction**. [Growing up/Early in my journey], I was drawn to **specific theme, environment, or challenge**, which inspired me to pursue this path further.

[Choosing to continue/deepen/build on] this interest through **education, training, work experience, or practical involvement** has not only strengthened my knowledge of **relevant area**, but also increased my motivation to develop further. In particular, I have gained insight into **key topic, skill area, or responsibility**, where I developed an understanding"
15,7,"**Structure Analysis**

**Core pattern**
1. **Opening motivation:** Begins with a broad idea, issue, belief, or observation that introduces the candidate’s central interest.
2. **Personal connection:** Quickly links that wider theme to a personal curiosity, value, or long-term goal.
3. **Academic/foundational development:** Explains subject choices, training, or early experiences and the skills gained from them.
4. **Deeper interest through examples:** Includes one or two specific examples to show genuine engagement and independent thinking.
5. **Practical experience:** Moves into work experience, placements, projects, or applied learning to show real-world understanding.
6. **Transferable skills and character:** Broadens out to volunteering, part-time work, leadership, or extracurriculars to evidence discipline, teamwork, communication, and time management.
7. **Personal interests:** Adds a hobby or personal pursuit that reinforces attention to detail, creativity, resilience, or other relevant strengths.
8. **Forward-looking close:** Ends by reconnecting motivation, preparation, and future contribution.

**Style features**
- Reflective and purposeful rather than purely factual.
- Experiences are not listed; they are linked back to a central theme.
- Uses specific examples to support claims.
- Balances professional readiness with personal values and interests.
- Maintains flow through transitions such as: **“This led me to…,” “Through…,” “Furthermore…,” “To deepen my understanding…,” “Beyond this…,” “In addition…,” “Looking ahead…”**

---

## Short CV Narrative Template

**Narrative Template:**

From an early stage, I have been drawn to **[broad theme/problem/interest]**, which first sparked my interest in **[field/professional direction]**. What particularly motivates me is **[specific aspect of the field or type of impact]**, and this has shaped both my academic and personal development.

Through **[education/training/core experience]**, I have developed strong skills in **[skill 1]**, **[skill 2]**, and **[skill 3]**. In particular, **[specific subject/project/task]** deepened my interest in **[relevant area]** and encouraged me to explore beyond the basics.

To strengthen my understanding in practice, I gained experience through **[work placement/job/project/volunteering]**, where I **[key responsibility or observation]**. This helped me appreciate **[industry insight/professional reality]** while further developing my **[technical/interpersonal/organisational]** skills.

Beyond formal experience, my involvement in **[extracurricular activity/part-time work/community role]** has strengthened my **[teamwork/communication/leadership/time management/resilience]**. I have also pursued **[personal interest/hobby]**, which has helped me build **[attention to detail/creativity/discipline/problem-solving]**.

Looking ahead"
16,8,"**Structure Analysis**

**Key Points:**
- **Opening Interest:** Begins with a broad statement of enthusiasm for the subject or field, explaining why it is compelling and intellectually engaging.
- **Reason for Motivation:** Expands on this interest by showing what makes the field dynamic, varied, or meaningful.
- **External Insight:** Introduces a book, article, idea, or experience that deepened the candidate’s perspective.
- **Reflective Example:** Uses a specific example to show analytical thinking and the ability to view issues from multiple angles.
- **Value of Further Development:** Connects this interest to future study or professional growth, highlighting transferable skills.
- **Focused Experience:** Moves into a more specific academic, practical, or personal experience that sparked deeper curiosity.
- **Active Exploration:** Shows initiative through visits, reading, projects, research, or other independent engagement.
- **Cross-Disciplinary Link:** Connects another area of study or experience to demonstrate breadth and wider relevance.
- **Independent Project:** Highlights a self-directed piece of work to show ownership, curiosity, and deeper investigation.
- **Skills Through Responsibility:** Includes leadership, mentoring, teamwork, or service roles to evidence interpersonal and organisational strengths.
- **Closing Suitability:** Ends by reinforcing enthusiasm, preparedness, and the skills or qualities that make the candidate a strong fit.

**Common Transitions and Style Features:**
- Uses transitions such as **“For this reason,” “Not only… but,” “For example,” “As a result,” “Following this,” “This is because,” “It was also an opportunity,”** and **“Overall.”**
- Style is **reflective, structured, and evidence-based**.
- Moves from **broad motivation → specific examples → skills gained → readiness for next step**.
- Balances **personal interest** with **proof of action and development**.

---

## Short CV Narrative Template

I have long been drawn to **[field/industry/theme]** because **[brief reason it interests or motivates you]**. For this reason, I am particularly interested in **[specific aspect]**, as it offers opportunities to **[learn, solve problems, create impact, or grow]**. An important influence on my development was **[book/article/person/course/experience]**, which encouraged me to think about **[subject/work]** in a more thoughtful and informed way. For example, **[brief example showing insight, critical thinking, or a shift in perspective]**.

Building on this interest, I have pursued opportunities to deepen my understanding through **[study/work experience/project/research/volunteering]**. As a result, I developed stronger **[technical/professional/academic]** skills and gained a clearer understanding of **[industry issue, professional environment, or area of focus]**. Following this, **[another experience]** broadened my perspective further and showed me how **[related field, context, or"
17,1,"**Structure Analysis**

**Key Points:**
- **Opening Motivation:** Begins with a personal, long-standing interest and everyday familiarity with the subject.  
  - Typical phrases: “This subject interests me because…”, “From a young age…”, “The first time I experienced…”
- **Curiosity to Deeper Purpose:** Moves from enjoyment to curiosity about how things work, then to a broader ambition.  
  - Typical transitions: “This made me more intrigued to…”, “I would like to learn…”, “I am aiming to…”
- **Wider Context:** Connects personal interest to the importance or impact of the field in society.  
  - Typical phrases: “It is astonishing to see…”, “There is still so much to be discovered…”
- **Career Aspiration:** States a clear future goal and links study or experience to that aim.  
  - Typical transitions: “After I complete…”, “By using the knowledge gained…”, “I aim to…”
- **Current Education and Achievement:** Introduces present studies, academic performance, and evidence of discipline.  
  - Typical transitions: “The current course I am studying…”, “I am a hardworking…”, “I received…”
- **Personal Strengths:** Highlights qualities such as motivation, reliability, creativity, calmness, and problem-solving.  
  - Typical phrases: “This shows that I am…”, “I am also…”
- **Early Experience and Transferable Skills:** Includes introductory courses, work experience, or volunteering to demonstrate initiative and practical ability.  
  - Typical transitions: “I have also…”, “In addition…”
- **Personal Background:** Adds language skills, upbringing, or formative habits to create individuality and depth.  
  - Typical transitions: “I am also…”, “At a young age…”
- **Closing Direction:** Ends by reconnecting enthusiasm, strengths, and long-term ambition.  

**Style Features:**
- Personal and reflective tone
- Chronological movement from early interest to future goals
- Repetition of enthusiasm and commitment
- Blend of academic, personal, and practical evidence
- Simple transitions that maintain coherence

---

## Short CV Narrative Template

**Key Points:**
- **Opening Hook:** Begin with a brief statement of long-term interest, motivation, or defining curiosity.  
- **Early Influence:** Mention an early experience, environment, or exposure that shaped this interest.  
- **Developing Focus:** Explain how that interest grew into a clearer academic, professional, or personal direction.  
- **Current Position:** State what you are currently studying, doing, or working toward.  
- **Evidence of Commitment:** Include one or two examples of achievement, consistency, or progress.  
- **Strengths and Skills:** Highlight personal qualities and transferable skills relevant across roles.  
- **Practical Experience:** Add any work experience, volunteering, projects, or short courses that show"
18,2,"Key Points:

- **Opening Motivation:** Begins with a broad observation about change, progress, or impact, then links this to a personal interest developed over time.  
- **Personal Connection:** Introduces a direct experience that deepened this interest and gave early insight into how the field works in practice.  
- **Academic Development:** Moves into relevant studies or formal learning, showing how subjects, projects, or awards strengthened knowledge and commitment.  
- **Broader Understanding:** Adds reading, independent research, or wider exploration to show curiosity beyond required study.  
- **Extracurricular Involvement:** Includes clubs, competitions, or group activities to demonstrate teamwork, initiative, and practical engagement.  
- **Work/Volunteering Experience:** Shows how professional or community-based experience turned interest into applied understanding and revealed strengths in real settings.  
- **Personal Initiative:** Highlights self-directed activity, problem-solving, experimentation, or feedback-driven learning to show proactive character.  
- **Closing Aspiration:** Ends by reaffirming enthusiasm, readiness to contribute, and a desire to grow through future opportunities.  

**Style and Flow Notes:**  
The narrative is chronological but flexible: it moves from motivation, to learning, to application, to future ambition. It stays coherent by repeatedly linking each experience back to one central interest or professional direction. Common transitions include: **“This led me to…,” “In addition…,” “Outside of…,” “Through this experience…,” “Although…,” “Consequently…,”** and **“I am eager to…”**

**Short CV Narrative Template:**

[Opening context about change, challenge, or impact in a wider field], I have developed a strong interest in [professional area/industry/theme], which has grown through both personal experience and formal development. Early exposure to [relevant experience, event, or interest] gave me insight into [key process, skill, or industry perspective] and confirmed my desire to pursue this path further.

Through my studies in [subjects, training, or qualifications], I have built a solid foundation in [relevant knowledge or skills]. In particular, [project, achievement, or award] allowed me to apply my abilities in a practical way and strengthened my confidence in [specific capability]. In addition, my wider reading/research into [topic] broadened my understanding and encouraged me to think more critically about [relevant issue or trend].

Outside of formal study, I have taken part in [club, extracurricular activity, competition, or group project], where I developed skills in [teamwork, communication, leadership, analysis, problem-solving]. Through [work experience, volunteering, or practical role], I gained valuable insight into how organisations operate in real environments and identified particular strengths in [relevant strengths or interests]. I have also shown personal initiative through [independent activity, side project, or self-directed contribution], which gave me a further appreciation of [lesson learned or professional value].

Overall, my experiences have shaped"
19,3,"**Structure Analysis**

**Core structure**
1. **Opening motivation:** Begins with a strong statement of curiosity or purpose.
2. **Broader relevance:** Connects that interest to everyday life or wider society.
3. **Clear intention:** States a desire to deepen knowledge or progress in the field.
4. **Academic or professional foundation:** Explains how study, training, or early experience built interest and clarified goals.
5. **Transferable skills:** Highlights supporting subjects, roles, or experiences that developed communication, analysis, discipline, or resilience.
6. **Leadership and service:** Uses positions of responsibility, volunteering, or community involvement to show character and initiative.
7. **Extracurricular or personal dimension:** Adds hobbies or outside commitments to demonstrate balance and personal development.
8. **Practical exposure:** Includes work experience or real-world insight that sharpened career direction.
9. **Closing affirmation:** Ends by reinforcing motivation, suitability, and future ambition.

**Style features**
- Reflective and personal, but still structured around evidence.
- Moves from **interest -> development -> experience -> future direction**.
- Uses confident first-person phrasing.
- Links each example back to values, strengths, or goals.
- Balances formal achievement with human qualities.

**Common transitions and phrases**
- “It is for this reason that…”
- “In studying/Through my experience in…”
- “Additionally…”
- “I also believe…”
- “During my time…”
- “This enabled me to…”
- “However, I am particularly interested in…”
- “Ultimately…”
- “I am confident that…”
- “I believe that…”

---

## Short CV Narrative Template

**Narrative Template:**

Few things motivate me more than **[core interest, value, or problem you are driven by]**. What especially draws me to this area is **[brief explanation of why it matters in everyday life, work, or society]**. It is for this reason that I am committed to developing my knowledge and contributing meaningfully within **[field/industry/profession]**.

Through **[education, training, or early professional experience]**, I have strengthened my interest in **[specialism/sector]** and clarified my long-term goals. In addition, my experience in **[related subject, role, or activity]** has developed my **[key transferable skill 1]**, while **[another subject/experience]** has improved my **[key transferable skill 2]**. I am confident that these experiences have prepared me to produce work of a high standard and to approach challenges with focus, commitment, and curiosity.

Beyond my academic or professional development, I have taken on responsibilities such as **[leadership role, volunteering, committee work, or community involvement]**, which have strengthened my **[leadership/teamwork/organisation/communication]** skills. Additionally, my involvement in **[extrac"
20,4,"**Structure Analysis**

**Core structure**
1. **Context-led opening**  
   Begins with a broad social, economic, or industry context, then narrows to the applicant’s interest in contributing meaningfully within that space.

2. **Motivation and fit**  
   Explains why the field suits the applicant’s natural interests, values, and strengths, then links this to a desired course, path, or professional direction.

3. **Why this route/institution/environment**  
   Justifies the chosen educational or professional setting by connecting it to credibility, relevance, heritage, or long-term goals.

4. **Academic and formative background**  
   Introduces educational upbringing, institutional values, or formative influences that shaped the applicant’s worldview and work ethic.

5. **Achievements and leadership**  
   Lists recognitions, positions of responsibility, and participation in intellectual or collaborative activities, then interprets them as evidence of transferable strengths.

6. **Personal influences and broader exposure**  
   Adds family influence, cultural exposure, travel, exchange programmes, or community experiences to deepen the narrative and show maturity.

7. **Service and social engagement**  
   Highlights volunteering or civic involvement to demonstrate empathy, responsibility, and commitment beyond self-interest.

8. **Reflective conclusion and future direction**  
   Ends by bringing experiences together into a clear statement of readiness, purpose, and intended contribution.

**Style features**
- Formal, aspirational, and values-driven.
- Moves from **big-picture significance** to **personal motivation**, then to **evidence**, and finally to **future intention**.
- Uses achievements not as isolated bullet points, but as proof of qualities.
- Balances professional promise with personal character.
- Repeats central themes such as leadership, service, justice, creativity, determination, and impact.

**Common transition phrases**
- “Having…”
- “Therefore…”
- “Not only… but also…”
- “In addition…”
- “Thus…”
- “I have been fortunate enough…”
- “These experiences have given me…”
- “It is with this experience that…”
- “As a… individual…”
- “Looking ahead…” / “With this foundation…”

---

## Short CV Narrative Template

**Key Points:**
- **Opening Context:** Begin with a broad observation about a changing industry, community need, or professional challenge that gives relevance to your profile.
- **Personal Motivation:** Explain why this area aligns with your interests, strengths, or values.
- **Purpose Statement:** State the direction you want to pursue and how your background supports that goal.
- **Educational/Formative Background:** Briefly describe the environment, training, or influences that shaped your outlook.
- **Achievements as Evidence:** Mention a few accomplishments, responsibilities, or experiences and connect them to qualities such as leadership, initiative, communication, or problem-solving.
- **Broader Exposure:** Add personal influences, cross-cultural experiences, or community involvement to"
21,5,"**Structure Analysis**

**Essential structure**
1. **Broad motivation:** Opens with a general belief about the value or purpose of the field.
2. **Specific spark of interest:** Narrows to one example, idea, or experience that made the field personally compelling.
3. **Why this matters personally:** Explains why the area feels meaningful, exciting, or fulfilling.
4. **Intellectual engagement:** References reading, research, or reflection to show curiosity beyond formal requirements.
5. **Analytical viewpoint:** Evaluates an idea, debate, or development rather than simply describing it.
6. **Future direction:** States a longer-term ambition linked to the field.
7. **Academic strengths:** Connects studies, training, or core disciplines to the chosen path.
8. **Practical exposure:** Gives examples of courses, projects, work, or hands-on experiences.
9. **Reflection on learning:** Draws lessons from those experiences, showing insight and problem-solving.
10. **Personal application beyond formal settings:** Includes a hobby, self-directed project, or personal initiative that reinforces relevant qualities.
11. **Evidence of capability:** Uses concrete outcomes, achievements, or results.
12. **Implicit conclusion:** Ends by reinforcing sustained interest through action rather than a formal summary.

**Style features**
- Starts **broad**, then becomes **specific**.
- Balances **enthusiasm** with **analysis**.
- Uses **reflection** often: not just what happened, but what was learned.
- Moves between **academic**, **practical**, and **personal** evidence.
- Keeps a clear thread: every paragraph returns to the same central motivation.
- Uses measured, thoughtful language rather than exaggerated claims.

**Typical transitions**
- “An aspect of this which particularly interests me is…”
- “I am intrigued by…”
- “This led me to…”
- “I find the prospect of…”
- “Hence my interest in…”
- “A recent book/article/project that influenced me is…”
- “I agree to an extent, but…”
- “For example…”
- “I enjoy…, but I have particularly valued…”
- “To gain insight into…, I…”
- “Upon reflection…”
- “However, I realised that…”
- “Beyond formal study/work…”
- “What I enjoy most about this is…”
- “In doing so…”
- “This has strengthened my ambition to…”

---

## Short CV Narrative Template

**Template**

I am motivated by the belief that **[field/work area]** should **[broader purpose or impact]**. An aspect of this that particularly interests me is **[specific topic, problem, or experience]**, because it shows how **[practical or human value]**. I find the opportunity to contribute to work of this kind both **[positive quality]** and **[positive quality]**, which is why I have pursued **[course,"
22,6,"**Structure Analysis**

**Key Points:**
- **Origin of Interest:** Opens with a personal background or formative influence that explains the candidate’s motivation.
- **Decision to Pursue the Field:** Moves from inspiration to a clear academic or professional choice.
- **Development Through Study/Training:** Explains how formal learning, training, or early experience deepened knowledge and commitment.
- **Specific Areas of Interest:** Highlights particular topics, tasks, or themes that sparked stronger engagement.
- **Applied Understanding:** Shows how the candidate used what they learned to interpret real-world issues, trends, or practical situations.
- **Related Strengths:** Introduces complementary abilities or subjects of strength that support suitability for the field.
- **Independent Engagement:** References reading, projects, research, or self-directed learning to demonstrate curiosity beyond core requirements.
- **Skills and Personal Growth:** Broadens the narrative to include transferable skills, academic/professional development, and personal maturity.
- **Character Summary:** Briefly states positive personal qualities such as determination, organization, or dedication.
- **Forward-Looking Close:** Ends by reaffirming commitment, readiness for the next step, and enthusiasm for further progression.

**Common Transitions and Style Features:**
- Uses phrases such as **“Growing up,” “Particularly,” “Through my study of,” “Throughout my experience,” “Besides furthering my knowledge,” “I believe,”** and **“This has enabled my decision to…”**
- Style is **personal, reflective, chronological, and motivation-led**
- Links each experience back to **interest, growth, and future ambition**
- Balances **background, evidence, skills, and aspiration** in a continuous narrative

---

**Short CV Narrative Template**

My interest in **[field/industry]** was shaped by **[background, influence, or early exposure]**, which first inspired me to explore this path. As I continued to develop, I chose to pursue **[course/training/role]**, an experience that not only strengthened my knowledge but also increased my motivation to progress further.

Particularly, I have enjoyed developing my understanding of **[specific area/theme]**, where I gained insight into **[relevant process, issue, or skill]**. Through my experience in **[study/work/project]**, I have been able to apply this knowledge in practical ways and better understand **[real-world context/problem/opportunity]**. Throughout this journey, I have also built on my strengths in **[related skill/discipline]**, which has further supported my interest in this area.

In addition, my engagement with **[book/project/research/independent learning]** has broadened my perspective and encouraged me to think more critically about **[wider issue/topic]**. Beyond subject knowledge, these experiences have helped me develop key skills such as **[communication/teamwork/research/time management/problem-solving]** and grow in confidence and independence.

I consider myself **[positive"
23,7,"**Structure Analysis**

**Key Points:**
- **Opening motivation:** Begins with a broad idea, issue, or belief that introduces the candidate’s core interest.
- **Personal connection:** Quickly links that wider theme to a personal motivation or long-term goal.
- **Academic or foundational background:** Explains subject choices, training, or early experiences and connects them to relevant skills.
- **Focused intellectual interest:** Highlights one or two specific topics, challenges, or problems that deepened engagement.
- **Independent curiosity:** Shows initiative by going beyond formal requirements through extra reading, research, or self-directed learning.
- **Transferable skills:** Draws out practical strengths such as analysis, time management, communication, teamwork, or attention to detail.
- **Practical experience:** Introduces work experience, placements, projects, or hands-on exposure to show real-world understanding.
- **Broader development:** Includes extracurricular activities, volunteering, paid work, or personal responsibilities to demonstrate character and balance.
- **Personal interests:** Mentions hobbies or interests and links them to useful qualities or a broader perspective.
- **Forward-looking close:** Ends by reaffirming motivation, readiness, and enthusiasm for future growth.

**Style and Transitions:**
- Moves from **big-picture inspiration** to **personal motivation**, then to **evidence**, and finally to **future ambition**.
- Uses linking phrases such as: **“This is why,” “Furthermore,” “For example,” “Thus,” “Beyond this,” “Also,” “Therefore,”** and **“As a result.”**
- Keeps a reflective tone: each experience is not just listed, but tied back to skills, values, or goals.
- Balances **professional credibility** with **personal character**.

---

## Short CV Narrative Template

**Narrative Template:**

[Opening idea, belief, or industry challenge] first sparked my interest in [field/theme], leading me to develop a strong commitment to [career goal or area of focus]. What especially draws me to this path is [specific aspect of the field], as it reflects both my curiosity and my desire to make a meaningful contribution.

This interest shaped my decision to pursue [qualification, subject, training, or early experience], through which I developed skills in [key skills]. In particular, learning about [topic or experience] strengthened my understanding of [relevant area] and encouraged me to explore beyond the core requirements. As a result, I became more [quality] and more confident in applying [skill] to new challenges.

Furthermore, I have built on this foundation through [work experience, placement, project, or practical activity], where I gained insight into [industry, workplace, or real-world context]. This experience helped me strengthen my abilities in [skills such as communication, teamwork, problem-solving, organisation, or technical work] and showed me the value of [professional quality].

Beyond my formal experience, my involvement in [volunteering, extracurricular activity, part-time work"
24,8,"**Structure Analysis**

**Key Points:**
- **Opening Interest:** Begins with a broad statement of enthusiasm for the subject/field and explains why it is engaging, varied, or meaningful.
- **Reason for Motivation:** Expands this interest by highlighting the depth, scope, or ongoing opportunities for learning and discovery.
- **Intellectual Engagement:** Introduces a book, article, course, or idea that deepened understanding and shifted perspective.
- **Illustrative Example:** Uses a specific example to show analytical thinking and the ability to consider alternative interpretations.
- **Value Statement:** Connects this interest to future study/work and identifies transferable skills gained, such as critical thinking or analysis.
- **Focused Experience:** Moves into a particular academic, professional, or personal experience that sparked a more specific interest.
- **Active Exploration:** Shows initiative through visits, projects, research, reading, or independent exploration beyond core requirements.
- **Cross-Disciplinary Link:** Connects learning from another subject, role, or area of experience to show breadth and versatility.
- **Independent Project:** Highlights a self-directed piece of work to demonstrate curiosity, ownership, and deeper engagement.
- **Skills Through Responsibility:** Concludes with positions of responsibility, teamwork, mentoring, or service to evidence communication, organisation, and collaboration.
- **Transitions Used:** Phrases such as **“For this reason,” “Not only… but…,” “For example,” “As a result,” “Following this,” “This is because,” “It was also an opportunity,”** and **“Overall”** create logical flow and cohesion.

**Style Notes:**
- Personal but purposeful tone.
- Clear progression from **interest → exploration → evidence → skills → future value**.
- Specific examples are used to support claims rather than making vague statements.
- Reflection is important: each experience is followed by what it revealed, developed, or inspired.

---

## Short CV Narrative Template

I have always been drawn to **[field/area of interest]** because **[brief reason: its variety, impact, challenge, or meaning]**. For this reason, I am motivated by opportunities to **[learn/build/solve/create/contribute]** and to keep developing my understanding of **[relevant theme or area]**. Not only has this strengthened my interest in **[field]**, but it has also helped me develop **[key transferable skills]**.

My perspective deepened through **[course/book/project/work experience/event]**, which encouraged me to think about **[subject/problem]** in a different way. For example, **[brief example of analysis, achievement, or insight]**. This showed me the importance of **[critical thinking/adaptability/problem-solving/attention to detail/etc.]** and reinforced my interest in **[future direction]**.

As a result, I sought further opportunities to explore this interest through **[independent research, additional responsibility, volunteering, visit, placement"
25,1,"**Structure Analysis**

**Key Points:**
- **Opening Interest:** Begins by stating a long-standing personal interest in the subject, often rooted in early exposure or everyday familiarity.
- **Early Motivation:** Expands on a formative experience that sparked curiosity and led to a desire to understand how things work.
- **Wider Context:** Broadens the narrative by linking personal interest to the importance, growth, or impact of the field in society.
- **Career Direction:** States a clear ambition to study, develop, or work in the area, showing future focus.
- **Current Education/Training:** Introduces present studies or qualifications and uses them to demonstrate commitment and academic ability.
- **Evidence of Strengths:** Highlights positive traits such as motivation, reliability, problem-solving, creativity, and strong performance.
- **Additional Experience:** Includes brief examples of extracurricular learning, work experience, volunteering, or practical exposure.
- **Personal Qualities and Background:** Adds personal details, transferable skills, or multicultural/language strengths to create a fuller picture.
- **Closing Aspiration:** Ends by connecting acquired knowledge and personal drive to long-term goals and desired contribution.

**Style and Transitions:**
- The narrative is **personal, chronological, and aspirational**.
- It moves from **interest → development → evidence → future ambition**.
- Common transitions include: **“From a young age,” “Over time,” “This led me to,” “In recent years,” “Alongside this,” “Through this experience,” “As a result,”** and **“Looking ahead.”**

---

## Short CV Narrative Template

**Template:**

I have been interested in **[field/area of interest]** from an early stage in my life, and this interest grew through **[early exposure, personal experience, or recurring activity]**. From that point, I became increasingly curious about **[how/why something works, broader questions, or deeper aspects of the field]**, which encouraged me to explore it further.

Over time, I have developed a strong enthusiasm for **[subject/professional area]**, particularly because of its importance in **[society, industry, everyday life, or a wider purpose]**. This has shaped my ambition to pursue **[course, profession, or career direction]** and to continue building my knowledge and skills in this area.

I am currently studying/training in **[qualification, course, or area of study]**, where I have demonstrated that I am **[hardworking, motivated, disciplined, reliable]**. Through **[assignments, projects, assessments, or training]**, I have developed strengths in **[relevant skills such as analysis, communication, teamwork, organisation, problem-solving]** and have consistently shown commitment through **[attendance, results, deadlines, achievements]**.

Alongside my studies, I have gained additional experience through **[work experience, volunteering, extracurricular activity, short courses, personal projects]"
26,2,"**Structure Analysis**

**Essential structure**
1. **Opening motivation:** Begins with a broad observation about change or progress, then links it to the writer’s long-standing interest.
2. **Personal connection:** Introduces direct exposure or early experiences that made the interest feel real.
3. **Academic development:** Moves into studies, showing how subjects, projects, and awards strengthened knowledge and commitment.
4. **Broader understanding:** Adds reading, research, or independent exploration to show curiosity beyond formal requirements.
5. **Extracurricular evidence:** Brings in clubs, competitions, or group activities to demonstrate teamwork, initiative, and communication.
6. **Practical experience:** Uses work experience or volunteering to connect interests to real organisational settings.
7. **Personal initiative:** Includes self-directed experimentation or problem-solving to show proactive engagement.
8. **Forward-looking close:** Ends by linking past experiences to future contribution and growth.

**Style features**
- Motivated and reflective tone.
- Chronological but thematic progression: interest → study → activities → experience → future.
- Frequent linking back to one central interest or goal.
- Uses examples as evidence, not just claims.
- Balances achievement with enthusiasm and potential.

**Common transitions and phrases**
- “I have long been interested in…”
- “This led me to…”
- “Through this experience…”
- “In addition…”
- “Outside of my formal studies/work…”
- “I also developed…”
- “Although my interest began earlier…”
- “More recently…”
- “Consequently…”
- “Looking ahead…” / “I am eager to…”

---

## Short CV Narrative Template

**Key Points:**
- **Opening Hook:** Begin with a broad insight, industry trend, or personal observation that introduces your core motivation.
- **Core Interest:** State the area that has consistently interested you and briefly explain why.
- **Early Exposure:** Mention a formative experience, project, or personal involvement that first gave you practical insight.
- **Academic or Professional Development:** Show how your studies, training, or early responsibilities helped you build relevant knowledge and skills.
- **Evidence of Achievement:** Include one or two examples of recognition, successful outcomes, or responsibilities that demonstrate progress.
- **Wider Engagement:** Add independent reading, research, side projects, or curiosity-driven learning to show initiative.
- **Extracurricular or Community Involvement:** Highlight activities beyond formal work or study that demonstrate teamwork, communication, leadership, or commitment.
- **Practical Application:** Refer to work experience, volunteering, or real-world projects that helped you understand how your skills apply in practice.
- **Personal Initiative:** Include a brief example of problem-solving, experimentation, or self-starting behaviour.
- **Forward Vision:** Close by connecting your background to the contribution you want to make next.

**Narrative Template:**

[Opening observation about change, challenge, or impact in a broad context], I have developed a strong"
27,3,"**Structure Analysis**

**Core structure**
1. **Opening motivation/hook**  
   Begins with a strong personal interest or curiosity, then broadens it into a wider relevance.  
   - Pattern: “Little interests me more than…” / “It is for this reason that…”  
   - Purpose: establish authentic motivation and a clear theme.

2. **Statement of direction and ambition**  
   Moves from interest to intent, explaining why the subject or career path matters personally and socially.  
   - Pattern: “I am certain of my need to…” / “I believe that…” / “Ultimately…”  
   - Purpose: show commitment, ambition, and values.

3. **Academic or professional foundation**  
   Introduces formal study, training, or early career experience, linking it directly to long-term goals.  
   - Pattern: “In studying…” / “Through my work in…” / “I have developed…”  
   - Purpose: demonstrate preparation and relevant capability.

4. **Transferable skills from complementary experiences**  
   Adds other subjects, responsibilities, or parallel experiences that strengthen the profile.  
   - Pattern: “...have also aided me in developing…” / “I also believe that…”  
   - Purpose: show breadth and transferable strengths.

5. **Leadership, service, and extracurricular involvement**  
   Expands into positions of responsibility, volunteering, teamwork, and community contribution.  
   - Pattern: “During my time…” / “Additionally…” / “I have been involved in…”  
   - Purpose: evidence character, initiative, organisation, and collaboration.

6. **Personal interests and resilience**  
   Includes hobbies or achievements outside formal work/study to show balance and personal development.  
   - Pattern: “My leisure interests…” / “Being a keen member…”  
   - Purpose: present a rounded profile and soft skills.

7. **Practical exposure and refined career insight**  
   Mentions work experience or real-world exposure, then reflects on what it clarified about future direction.  
   - Pattern: “During my… work experience…” / “However, I am more interested in…”  
   - Purpose: connect experience to informed aspiration.

8. **Closing reaffirmation**  
   Ends by returning to motivation, strengths, and future contribution.  
   - Pattern: “I believe…” / “This will fuel my determination…”  
   - Purpose: leave a confident, coherent final impression.

**Style features**
- **Reflective and purposeful**: experiences are not just listed; they are interpreted.
- **First-person, confident tone**: frequent use of “I believe,” “I have developed,” “I am confident.”
- **Cause-and-effect flow**: interest leads to study, study leads to skill, skill leads to ambition.
- **Balanced narrative**: combines qualifications, service, leadership, and personal interests.
- **Frequent transitions**: “Additionally,” “During my time,”"
28,4,"**Structure Analysis**

**Core structure**
1. **Context-led opening**: Begins with a broad social or professional trend, then narrows to the candidate’s interest in contributing to it.
2. **Motivation and fit**: Explains why the field suits the candidate’s nature, values, and interests.
3. **Educational/career bridge**: Connects that motivation to a chosen course, qualification, or career path.
4. **Institutional rationale**: Justifies why a particular education system, environment, or training route is valuable.
5. **Formative background**: Introduces school, upbringing, or early influences that shaped worldview and values.
6. **Achievements and leadership**: Lists recognitions, positions of responsibility, and intellectually relevant activities.
7. **Skills gained**: Interprets those experiences in terms of transferable strengths.
8. **Personal influences and broader exposure**: Adds family influence, cultural exposure, volunteering, or community engagement.
9. **Future direction**: Concludes by linking past experiences to a clear sense of purpose and contribution.

**Style features**
- Formal, aspirational, and values-driven.
- Moves from **big-picture purpose** to **personal evidence** to **future ambition**.
- Uses achievements not as isolated facts, but as proof of character and readiness.
- Blends professional promise with personal grounding.

**Common transitions and phrases**
- “Having…”
- “Therefore…”
- “In addition…”
- “Thus…”
- “I have been fortunate enough…”
- “These experiences have…”
- “It is with this experience that…”
- “As a… individual…”

---

## Short CV Narrative Template

**Key Points:**
- **Opening Context:** Start with a wider industry, social, or professional development that gives meaning to your career direction.  
- **Personal Motivation:** Explain why this path aligns with your interests, strengths, or values.  
- **Career/Education Link:** State the qualification, experience, or professional route that provides the foundation for your goals.  
- **Background and Values:** Briefly show how your education, upbringing, or environment shaped your outlook.  
- **Evidence and Achievement:** Include a few leadership roles, awards, projects, or notable contributions.  
- **Transferable Skills:** Show what these experiences taught you—leadership, problem-solving, communication, initiative, creativity, or resilience.  
- **Personal Dimension:** Add community work, cross-cultural exposure, or formative influences to show depth of character.  
- **Future Contribution:** End with how your experience prepares you to make a meaningful impact.

**Narrative Template:**

As **[industry/field/context]** continues to evolve, it presents a meaningful opportunity to contribute to **[broader purpose or impact]**. With a strong interest in **[key interests/strengths]**, I am drawn to work that combines **[function 1]** with"
29,5,"**Structure Analysis**

**Core narrative flow**
1. **Broad motivation:** Opens with a general belief or principle about the field and its wider value.
2. **Specific point of fascination:** Narrows to one example, idea, or experience that makes the interest personal and vivid.
3. **Why this matters:** Explains both intellectual excitement and human or practical impact.
4. **External engagement:** Introduces a book, idea, event, or influence that deepened thinking and shows independent reflection.
5. **Critical perspective:** Does not just admire; evaluates, questions, or nuances the idea.
6. **Future direction:** Links these reflections to a longer-term goal or ambition.
7. **Academic strengths:** Moves into formal study, highlighting enjoyment of subjects and especially how they connect.
8. **Practical experience:** Gives concrete examples of courses, projects, or early exposure, often in chronological order.
9. **Reflective learning:** For each example, extracts a lesson about process, constraints, or improvement.
10. **Personal application:** Extends the same mindset into hobbies or independent projects.
11. **Evidence of capability:** Includes measurable or tangible outcomes.
12. **Implicit conclusion:** Ends by reinforcing sustained interest, initiative, and suitability through evidence rather than a formal summary.

**Style features**
- Reflective and analytical rather than purely descriptive.
- Moves from **big-picture purpose** to **specific evidence**.
- Balances **curiosity**, **technical thinking**, and **personal motivation**.
- Uses examples not just to list achievements, but to show **how the candidate thinks**.
- Often employs transitions such as:
  - **An aspect of this which particularly interests me is...**
  - **I find the prospect of...**
  - **This led me to...**
  - **I agree to an extent, but...**
  - **For example...**
  - **To gain insight into...**
  - **Upon reflection...**
  - **Beyond formal study...**
  - **What I enjoy most is...**
  - **In doing so...**

---

**Short CV Narrative Template**

**Template**
I am motivated by the belief that **[field/work area]** should **[broader purpose or impact]**. An aspect of this that particularly interests me is **[specific topic, problem, or experience]**, because it demonstrates **[why it matters intellectually, practically, or socially]**. The prospect of contributing to work of this kind is both **[quality 1]** and **[quality 2]**, which is why I have pursued **[course, path, career direction]**.

My interest has been shaped further by **[book, article, project, mentor, event, or experience]**, which prompted me to think more critically about **[theme or debate]**. While I value **[one perspective]**, I also believe **[your nuanced view]**."
30,6,"Key Points:

- Opening Motivation: Begins with a personal influence or early exposure that explains the candidate’s initial interest in a field or path.
- Foundational Development: Moves into a recent educational, training, or formative experience that deepened both knowledge and commitment.
- Subject/Area Engagement: Highlights one or two specific areas of study, responsibility, or interest to show focused curiosity and growing expertise.
- Applied Understanding: Demonstrates how the candidate has translated learning into practical insight, showing awareness of how ideas work in real contexts.
- Broader Perspective: Introduces a related area of knowledge or external issue to show critical thinking, awareness of context, and intellectual range.
- Supporting Strengths: Mentions complementary skills or interests that reinforce suitability, such as analytical ability, organization, communication, or problem-solving.
- Independent Growth: Includes a book, project, research task, presentation, or other self-directed experience to show initiative and personal development.
- Personal Qualities: Summarizes traits such as determination, discipline, adaptability, and commitment.
- Forward-Looking Close: Ends by linking past experiences to the next step, emphasizing readiness, motivation, and continued ambition.

Common transitions and style features:
- Uses reflective transitions such as “Growing up,” “Through this experience,” “Particularly,” “As a result,” “In addition,” “Beyond this,” and “Overall.”
- Follows a chronological but reflective flow: early influence → development → evidence → skills → future direction.
- Blends personal background with academic or professional evidence.
- Maintains a sincere, aspirational tone with emphasis on growth, readiness, and motivation.

Short CV Narrative Template:

[Having been influenced by/Through early exposure to] [family, environment, community, or formative experience], I developed a strong interest in [broad field or professional direction]. Over time, this interest grew through [study, training, work experience, or personal exploration], which strengthened both my understanding and my commitment to progressing further.

In particular, I have enjoyed developing my knowledge of [specific area 1] and [specific area 2], where I gained insight into [relevant process, theme, or skill]. Through these experiences, I have been able to understand how [broader professional or practical principle] operates in real-world settings. In addition, my experience with [related subject, project, or responsibility] has broadened my perspective and strengthened my ability to think critically and work across different areas.

Alongside this, I have continued to build key strengths in [skill 1], [skill 2], and [skill 3], supported by experiences such as [research/project/teamwork/presentation/independent task]. These opportunities have helped me grow not only in knowledge and capability, but also in confidence, independence, and resilience.

Overall, I consider myself [quality 1], [quality 2], and [quality 3]. My experiences so far have confirmed my enthusiasm for [field/industry/path"
31,7,"**Structure Analysis**

**Key points:**
- **Opening motivation:** Begins with a broad, engaging idea or real-world issue to introduce the candidate’s core interest.
- **Personal connection:** Quickly links that wider theme to a personal motivation, value, or belief.
- **Academic/professional direction:** States clearly what the candidate wants to study, do, or contribute to.
- **Relevant foundation:** Explains how subjects, training, or early experiences built core skills and knowledge.
- **Focused example:** Includes one specific topic, project, or insight that deepened interest and showed curiosity beyond basic requirements.
- **Skill development:** Highlights transferable strengths such as analysis, research, time management, communication, teamwork, or attention to detail.
- **Practical exposure:** Adds work experience, placements, volunteering, or hands-on activity to show real-world understanding.
- **Broader character:** Introduces extracurriculars, hobbies, or community involvement to present a rounded profile.
- **Future orientation:** Ends by connecting past experience to future goals and readiness for the next step.

**Style and transitions:**
- Moves from **broad context -> personal interest -> evidence -> wider character -> future ambition**.
- Uses reflective and purposeful language, with each paragraph reinforcing the same central motivation.
- Common transitions include: **“This led me to…,” “As a result…,” “Furthermore…,” “In addition…,” “Beyond this…,” “Through this experience…,” “This strengthened my…,” “Looking ahead…”**

---

## Short CV Narrative Template

**Narrative Template:**

From an early interest in **[broader theme/problem/industry]**, I have been drawn to **[specific field or type of work]** because of **[personal motivation, value, or curiosity]**. This interest has shaped my decision to pursue **[qualification, career path, or professional goal]**, and continues to guide the way I develop both personally and professionally.

Through **[education/training/current role]**, I have built a strong foundation in **[relevant knowledge areas]** and developed key skills in **[analysis/communication/problem-solving/teamwork/etc.]**. In particular, **[specific subject, project, task, or experience]** deepened my interest in **[relevant area]** and encouraged me to explore beyond what was required. As a result, I have become more **[resourceful/disciplined/confident/adaptable]**, particularly while balancing **[multiple responsibilities]**.

Furthermore, my experience in **[work placement/job/volunteering/project]** gave me practical insight into **[industry/professional environment]** and strengthened my ability to **[apply knowledge, collaborate, communicate, manage responsibility]**. Beyond my formal experience, **[extracurricular activity/hobby/community involvement]** has helped me develop **[personal qualities or transferable skills]**, while also reflecting my wider interests and"
32,8,"**Structure Analysis**

**Key Points:**
- **Opening Interest:** Begins with a broad statement of enthusiasm for a subject or field, followed by a brief explanation of why it is compelling.
- **Intellectual Motivation:** Expands on that interest by emphasizing depth, variety, or the potential for continued learning.
- **External Influence:** Introduces a book, article, mentor, project, or experience that deepened the applicant’s perspective.
- **Interpretive Example:** Uses a specific example to show curiosity, analytical thinking, or the ability to see issues from multiple viewpoints.
- **Value Statement:** Connects the subject or field to transferable skills and future benefit.
- **Focused Experience:** Shifts into a more specific academic, professional, or practical experience that sparked deeper engagement.
- **Experiential Learning:** Describes a visit, project, placement, or hands-on opportunity and explains the insight gained from it.
- **Independent Exploration:** Follows up with wider reading, research, or self-directed learning to show initiative.
- **Cross-Disciplinary Link:** Connects another area of study or experience to reinforce breadth and deeper understanding.
- **Extended Project or Achievement:** Highlights a substantial independent task or achievement to demonstrate analysis, initiative, and commitment.
- **Leadership and Collaboration:** Includes positions of responsibility, mentoring, teamwork, or service to show interpersonal and organisational strengths.
- **Closing Suitability:** Ends by reinforcing motivation, readiness, and the skills developed through these experiences.

**Style and Transitions:**
- Tone is reflective, motivated, and evidence-based.
- Paragraphs move from **general interest -> specific example -> broader relevance -> supporting experiences -> skills**.
- Common transitions include: **For this reason, Not only... but, This inspired me, For example, Overall, As a result, Following this, This is because, It was also an opportunity, These skills are crucial**.

---

## Short CV Narrative Template

I have long been drawn to **[field/industry/professional area]** because of its **[breadth/complexity/impact/constant scope for learning]**. What particularly interests me is **[specific aspect]**, as it allows me to **[explore, solve, create, analyse, support, improve]** in meaningful ways. **For this reason**, I have continued to seek opportunities to deepen both my knowledge and my perspective.

My interest developed further through **[book/article/course/project/person/experience]**, which encouraged me to think about **[subject/work/challenges]** in a different way. **For example**, I became especially interested in **[specific issue or theme]**, which strengthened my ability to **[analyse critically / approach problems from multiple perspectives / connect theory with practice]**. **Overall**, this has shown me that my interest in **[field]** is matched by valuable transferable skills such as **[critical thinking, communication, organisation, teamwork, research]**.

"
33,1,"Key Points:

- Opening Motivation: Begins by stating a long-standing personal interest, often rooted in early exposure or curiosity.
- Personal Connection: Expands on how repeated experience with a subject, environment, or activity deepened that interest over time.
- Intellectual Curiosity: Explains what specifically draws the person in, such as how things work, how systems are built, or how ideas affect everyday life.
- Future Direction: Clearly states what the person hopes to learn, pursue, or contribute to in the future.
- Broader Relevance: Connects the chosen path to wider social, professional, or practical importance.
- Current Education or Training: Introduces present studies, training, or preparation relevant to future goals.
- Evidence of Work Ethic: Highlights reliability, motivation, attendance, consistency, or strong performance through concise examples.
- Strengths and Qualities: Identifies transferable qualities such as creativity, problem-solving, calmness under pressure, discipline, or willingness to take on challenges.
- Early Experience and Skills: Mentions any introductory courses, projects, work experience, volunteering, or other practical exposure that supports the narrative.
- Personal Background: Adds brief personal details, such as language skills, cultural background, or formative experiences, to create individuality and depth.
- Closing Aspiration: Ends by linking accumulated experience, interests, and strengths to a clear long-term ambition.

The statement follows a simple progression from interest, to development, to preparation, to future ambition. It uses transitions such as ""From a young age,"" ""Over time,"" ""As a result,"" ""In addition,"" ""Alongside this,"" and ""Looking ahead"" to keep the narrative connected and forward-moving.

Template:

I have been interested in [field/area of interest] from an early stage in my life, and over time this interest has grown through my exposure to [relevant experiences, environments, or activities]. What first drew me in was [specific curiosity, question, or motivating factor], and since then I have become increasingly eager to understand more about [subject/process/industry].

What especially appeals to me about this area is [broader significance, challenge, or impact]. As it continues to develop and influence everyday life, I am motivated by the opportunity to learn more about [specific knowledge or skills] and to build a future within this field.

At present, I am studying/training in [qualification, course, or area], where I have developed [relevant knowledge or academic strengths]. I am a [key qualities] individual, and I demonstrate this through [evidence such as strong performance, consistency, meeting deadlines, or commitment]. These experiences have helped me strengthen skills such as [transferable skills].

Alongside my studies, I have also gained experience through [course/project/work experience/volunteering], which introduced me to [practical skills or insights]. In addition, my background in [languages, community involvement, personal experiences, or hobbies] has helped me develop ["
34,2,"**Structure Analysis**

**Core structure**
1. **Opening motivation:** Begins with a broad observation about change or progress, then narrows to a personal interest.
2. **Personal connection:** Introduces firsthand exposure or early experiences that deepened this interest.
3. **Academic development:** Moves into studies, coursework, or formal learning that built relevant knowledge and skills.
4. **Evidence of achievement:** Adds awards, strong outcomes, or notable recognition to validate capability.
5. **Broader understanding:** Connects learning across subjects, reading, or independent exploration to show intellectual curiosity.
6. **Extracurricular engagement:** Includes clubs, competitions, and collaborative activities to demonstrate initiative and teamwork.
7. **Practical experience:** Brings in work experience, volunteering, or applied projects to show real-world understanding.
8. **Personal initiative:** Highlights self-directed experimentation, problem-solving, or independent contributions.
9. **Closing aspiration:** Ends by linking past experiences to future goals and enthusiasm for growth.

**Style characteristics**
- **Aspirational and forward-looking**
- **Chronological but theme-led**
- **Evidence-based, with reflection after each example**
- **Balanced between academic, practical, and personal experiences**
- **Uses experiences not just to list achievements, but to explain motivation**

**Common transitions and linking phrases**
- “I have long been interested in…”
- “This experience provided me with…”
- “In addition…”
- “Outside of…”
- “Through this, I developed…”
- “Although my interest in [area] began earlier…”
- “This further strengthened my…”
- “Consequently…”
- “I am eager to…”
- “I hope to build on this…”

---

## Short CV Narrative Template

**Key Points:**
- **Opening Hook:** Start with a broad observation, personal belief, or motivating idea that introduces your core interest or professional direction.
- **Initial Motivation:** Briefly explain how an early experience, exposure, or curiosity first led you toward this path.
- **Academic or Professional Foundation:** Summarize relevant study, training, or early responsibilities, showing how they developed your skills.
- **Evidence of Achievement:** Include one or two examples of success, recognition, or measurable contribution.
- **Wider Development:** Mention related subjects, independent learning, or reading that expanded your perspective.
- **Experience Beyond the Core Path:** Add extracurricular activities, volunteering, side projects, or team-based work to demonstrate initiative and transferable skills.
- **Practical Application:** Show how work experience or hands-on involvement helped connect theory with real-world practice.
- **Personal Qualities and Initiative:** Highlight curiosity, adaptability, teamwork, communication, or problem-solving through a specific example.
- **Closing Direction:** End by linking your background to the contribution you want to make next and your enthusiasm for continued growth.

**Narrative Template:**

[Opening idea about change, impact, or personal motivation], I have"
35,3,"**Structure Analysis**

**Core narrative pattern**
1. **Opening motivation:** Begins with a strong statement of curiosity or purpose.
2. **Broader significance:** Explains why the field matters beyond personal interest.
3. **Personal commitment:** States clear intent to pursue deeper study or a career path.
4. **Academic foundation:** Introduces relevant study areas and shows how they shaped long-term goals.
5. **Transferable skills:** Connects other subjects or experiences to useful strengths such as communication, analysis, or discipline.
6. **Leadership and service:** Adds positions of responsibility, volunteering, or community involvement to demonstrate character and initiative.
7. **Practical exposure:** Includes work experience or real-world insight that sharpened career direction.
8. **Personal interests:** Briefly shows hobbies or achievements that reflect balance, resilience, or teamwork.
9. **Closing affirmation:** Ends by reinforcing motivation, suitability, and future contribution.

**Style characteristics**
- Reflective, purposeful, and confident.
- Moves from **internal motivation** to **external evidence**.
- Links each experience back to a central theme.
- Uses varied examples to build a rounded profile.
- Balances ambition with service, achievement with personality.

**Typical transitions**
- “It is for this reason that…”
- “In studying…”
- “I have developed…”
- “Additionally…”
- “During my time…”
- “This experience allowed me to…”
- “I have also…”
- “However…”
- “Ultimately…”
- “I believe that…”

---

## Short CV Narrative Template

I have long been driven by a strong interest in **[core subject, industry, or purpose]**, particularly in understanding **[key question, challenge, or impact area]**. What draws me to this area is not only its intellectual or professional value, but also its relevance to **[people, organisations, or society]**. It is for this reason that I am committed to developing my knowledge and building a career in **[field or direction]**.

Through **[qualification, degree, training, or professional experience]**, I have strengthened my interest in this path and developed a solid foundation in **[relevant skills or knowledge areas]**. My experience in **[secondary subject, project, or complementary area]** has further enhanced my **[communication, analytical, technical, organisational, or interpersonal]** skills, which I believe are essential to producing work of a high standard. I am **[2–3 personal qualities]**, and my genuine enthusiasm continues to motivate my progress.

During my time in **[school, university, workplace, or organisation]**, I have taken on roles such as **[leadership role, responsibility, or initiative]**, which have strengthened my ability to **[lead, collaborate, organise, problem-solve, or support others]**. Additionally, my involvement in **[volunteering, community work, extracurricular"
36,4,"**Structure Analysis**

**Core structure**
1. **Context-led opening**: Begins with a broad social/professional trend, then narrows to the applicant’s interest.
   - Typical moves: wider issue/opportunity → relevance of the field → personal fit → study/career aim.
2. **Reason for chosen path**: Explains why a particular course, institution, or training route is the logical next step.
3. **Educational and formative background**: Describes school/university environment, values, and early achievements.
4. **Evidence of capability**: Lists leadership roles, awards, discussions, projects, or activities, then interprets them as proof of skills.
5. **Personal influences and broader exposure**: Introduces family, mentors, travel, volunteering, or community work to show character and perspective.
6. **Conclusion with purpose**: Ends by linking past experiences to future direction and social/professional contribution.

**Style characteristics**
- Formal, aspirational, and values-driven.
- Moves from **big-picture purpose** to **personal motivation**, then to **evidence**, then **future intent**.
- Uses reflective phrasing: not just what was done, but what it taught.
- Balances professional promise with personal character.
- Often repeats a pattern: **experience → insight gained → skill developed**.

**Common transitions and connective phrases**
- **To open/narrow focus**: “In today’s environment,” “As opportunities expand,” “This field presents,” “With this in mind”
- **To connect motivation to action**: “Therefore,” “For this reason,” “Thus,” “This has led me to”
- **To introduce background**: “I have been fortunate to,” “My education has,” “From an early stage”
- **To add evidence**: “In addition,” “Furthermore,” “Among these experiences,” “I have also”
- **To interpret experiences**: “These experiences have given me,” “This strengthened my,” “Through this, I developed”
- **To conclude**: “It is with this foundation that,” “Looking ahead,” “I am now prepared to,” “I hope to contribute”

---

## Short CV Narrative Template

**Template**

In a time when **[broader industry/social/professional context]**, there is growing scope to contribute meaningfully through **[general field/area of work]**. What draws me to this path is its combination of **[interest 1]**, **[interest 2]**, and the opportunity to **[broader impact or purpose]**. **Therefore/For this reason**, I have chosen to pursue **[role, qualification, career direction, or next step]** as the foundation for my long-term development.

My background in **[education/training/environment]** has shaped my values of **[value 1]**, **[value 2]**, and **[value 3]"
37,5,"**Structure Analysis**

**Core narrative pattern**
1. **Broad motivation:** Opens with a general belief about the purpose or value of the field.
2. **Specific spark:** Quickly narrows to one example, idea, or experience that made the field feel meaningful.
3. **Why this matters personally:** Explains why that example is intellectually exciting and personally fulfilling.
4. **Intellectual engagement:** Introduces reading, reflection, or independent thought to show curiosity beyond formal requirements.
5. **Future direction:** States a longer-term ambition and links it to the subject or profession.
6. **Relevant strengths:** Moves into studies, training, or core competencies, especially where different skills connect.
7. **Practical exposure:** Gives structured examples from courses, projects, work, or activities.
8. **Reflective insight:** Does not just describe experiences, but explains what was learned from them.
9. **Personal application:** Includes a hobby, side project, or independent pursuit that demonstrates initiative and problem-solving.
10. **Implied conclusion:** Ends by reinforcing sustained interest through evidence rather than a formal closing line.

**Style features**
- **Reflective and analytical:** Explains *why* experiences mattered.
- **Evidence-led:** Uses concrete examples rather than broad claims.
- **Purpose-driven:** Keeps returning to impact, usefulness, or contribution.
- **Coherent progression:** Moves from motivation → evidence → aspiration.
- **Balanced tone:** Combines enthusiasm with critical thinking.

**Useful transitions**
- “What first drew me to…”
- “In particular…”
- “This showed me…”
- “Beyond this…”
- “I was especially interested in…”
- “Through this, I learned…”
- “On reflection…”
- “More recently…”
- “Outside of formal study/work…”
- “Taken together…”

---

## Short CV Narrative Template

**Key Points:**
- **Opening Motivation:** Begin with a broad statement about what draws you to your field or type of work.  
- **Specific Interest:** Introduce one example, experience, or idea that captures this interest in a concrete way.  
- **Personal Meaning:** Explain why this area matters to you and what makes it engaging or fulfilling.  
- **Independent Thinking:** Mention a book, project, discussion, or insight that shows curiosity and critical reflection.  
- **Future Aim:** State the direction you hope to pursue and how it connects to your interests and strengths.  
- **Core Skills/Qualifications:** Highlight studies, training, or capabilities, especially where disciplines or skill sets overlap.  
- **Applied Experience:** Include practical examples such as projects, placements, competitions, or responsibilities.  
- **Reflection on Learning:** Show what each experience taught you, not just what you did.  
- **Personal Initiative:** Add a hobby or independent activity that demonstrates problem-solving, creativity, or commitment.  
- **Closing Link:** End by tying your experiences back to your"
38,6,"Key Points:

- Opening Motivation: Begins with a personal background or early influence that explains the candidate’s interest in a chosen path.  
- Development of Interest: Moves into formal study, training, or early experience, showing how initial curiosity became a stronger commitment.  
- Subject/Field Engagement: Highlights specific areas of learning or exposure that deepened understanding and sparked further interest.  
- Applied Understanding: Demonstrates the ability to connect theory with real-world examples, showing analytical thinking and awareness of broader issues.  
- Broader Academic/Professional Strengths: Introduces complementary strengths or related interests that support suitability for the field.  
- Independent Growth: Includes a book, project, research task, or practical assignment that shows initiative and intellectual development.  
- Skills and Personal Qualities: Summarizes transferable skills gained, such as organization, teamwork, independence, communication, or working under pressure.  
- Forward Commitment: Ends by reaffirming motivation to progress, linking past preparation to future goals with confidence and readiness.  

Common transitions and style features:
- Uses reflective transitions such as “Growing up,” “Through this experience,” “Particularly,” “In addition,” “Beyond this,” “As a result,” and “Overall.”
- Follows a chronological and developmental flow: early influence → study/experience → insight → skills gained → future direction.
- Blends personal motivation with evidence, keeping the tone sincere, purposeful, and forward-looking.
- Uses first person to create a direct, narrative style while maintaining a professional tone.

Short CV Narrative Template:

[Growing up / Early in my career / From an early stage], I was drawn to [field/interest] through [personal influence, environment, or formative experience]. This first inspired my interest in [area], and over time, that interest developed into a clear commitment to pursuing [career path or professional goal].

Through [education, training, work experience, or independent learning], I have broadened my understanding of [relevant field] and strengthened my enthusiasm for it. In particular, I have valued opportunities to explore [specific area], which helped me develop insight into [key concept, process, or challenge].

By applying what I have learned through [project, role, research, volunteering, or practical experience], I have developed the ability to [analyse, solve problems, communicate, lead, organise, or collaborate]. In addition, my experience with [related subject, responsibility, or activity] has strengthened my skills in [transferable skill], further supporting my suitability for [target role or field].

Beyond formal experience, I have also grown through [book, independent project, extracurricular activity, or personal initiative], which has expanded my perspective and encouraged me to think more critically and independently. As a result, I have developed into someone who is [quality 1], [quality 2], and [quality 3].

Overall, my experiences have prepared me to take the next step in [career, study, or professional development]."
39,7,"**Structure Analysis**

**Core pattern**
1. **Opening motivation:** Begins with a broad, engaging idea or real-world issue, then narrows to the applicant’s personal interest.
2. **Clear goal statement:** Explains why this interest leads to a specific academic or professional direction.
3. **Academic or formal development:** Shows how chosen subjects, training, or qualifications support that goal.
4. **Focused example of interest:** Includes one concrete topic, project, or problem that deepened curiosity.
5. **Skills gained through study/work balance:** Connects formal learning with transferable strengths such as analysis, time management, and discipline.
6. **Practical experience:** Uses work experience, placements, or projects to demonstrate real-world understanding.
7. **Evidence of broader strengths:** Adds extracurriculars, volunteering, or part-time work to show teamwork, communication, commitment, and responsibility.
8. **Personal interests:** Briefly includes hobbies to present a rounded profile and link them to useful qualities.
9. **Closing aspiration:** Ends by reaffirming motivation, readiness, and future contribution.

**Style features**
- Moves from **big-picture inspiration** to **personal motivation**, then to **evidence**.
- Uses **specific examples** to support claims rather than making unsupported statements.
- Balances **professional/academic achievements** with **personal qualities**.
- Maintains a **forward-looking tone**, linking past experiences to future goals.
- Common transitions include: **“This is why,” “Furthermore,” “For example,” “Thus,” “Beyond this,” “Also,” “Therefore,” “Looking ahead.”**

---

## Short CV Narrative Template

**Key Points:**
- **Opening Hook:** Begin with a broad idea, challenge, value, or experience that reflects your core motivation.
- **Personal Direction:** State how this shaped your interest in your chosen field or career path.
- **Relevant Preparation:** Summarize your studies, training, or early experience, showing the knowledge and skills you developed.
- **Focused Example:** Include one specific topic, achievement, or experience that strengthened your interest or expertise.
- **Transferable Skills:** Show how you built qualities such as analytical thinking, communication, teamwork, adaptability, or time management.
- **Practical Exposure:** Describe work experience, projects, placements, or hands-on responsibilities that gave you real-world insight.
- **Wider Involvement:** Add volunteering, extracurricular activities, or part-time work to demonstrate character, commitment, and interpersonal skills.
- **Personal Dimension:** Mention a hobby or interest that reflects positive traits and adds depth to your profile.
- **Closing Statement:** End by reinforcing your motivation, readiness, and the contribution you hope to make.

**Narrative Template:**

From an early stage, I have been motivated by **[broad interest, value, challenge, or experience]**, which led me to develop a strong interest in **[field/industry/professional area]**. This interest"
40,8,"## Structure Analysis

**Core structure of the statement:**
1. **Opening motivation/interest**
   - Begins with a broad statement of enthusiasm for the subject.
   - Explains *why* the field is appealing and intellectually engaging.
   - Moves from general interest to deeper reflection on what makes the field meaningful.

2. **Intellectual spark or perspective shift**
   - Introduces a book, article, idea, or experience that broadened understanding.
   - Shows the candidate thinking beyond surface-level interest.
   - Often uses an example to demonstrate analytical ability.

3. **Focused exploration through independent engagement**
   - Describes a specific topic, project, visit, or research activity.
   - Explains what was learned and why it mattered.
   - Connects experience to wider curiosity and initiative.

4. **Connection across studies/experiences**
   - Links one area of study or experience to another.
   - Demonstrates interdisciplinary thinking and transferable understanding.

5. **Skills development through formal and informal activities**
   - Shows how academic work, projects, leadership, or volunteering built key skills.
   - Names skills explicitly: critical thinking, communication, teamwork, organisation, analysis.

6. **Concluding suitability statement**
   - Ends by tying passion, experience, and skills to future study/work.
   - Reinforces both motivation and readiness.

**Style characteristics:**
- Reflective and motivated rather than purely factual.
- Uses examples to support claims.
- Balances personal interest with evidence of capability.
- Moves from broad interest → specific evidence → transferable skills → future value.

**Common transitions and linking phrases:**
- “For this reason…”
- “This inspired me to…”
- “For example…”
- “As a result…”
- “Following this…”
- “This is because…”
- “It was also an opportunity to…”
- “Overall…”
- “Not only… but also…”

---

## Short CV Narrative Template

**Key Points:**
- **Opening Motivation:** Begin with a concise statement about what draws you to your field or type of work.
- **Deeper Interest:** Explain what makes it meaningful, engaging, or important to you.
- **Influential Experience:** Introduce a book, project, course, conversation, or experience that changed or sharpened your perspective.
- **Evidence in Action:** Give one or two examples of how you explored this interest further through study, work, research, or practical experience.
- **Broader Connection:** Show how another subject, role, or experience strengthened your understanding or widened your perspective.
- **Skills and Contribution:** Highlight the key skills developed through projects, leadership, teamwork, volunteering, or mentoring.
- **Closing Fit Statement:** End by linking your interests, achievements, and strengths to the value you can bring in future roles.

**Narrative Template:**

I have long been drawn to **[field/industry/area of interest]** because **"
41,1,"**Structure Analysis**

**Key Points:**
- **Opening Interest:** Begins by stating a long-standing personal interest in the subject, often rooted in early exposure or everyday familiarity.
- **Early Motivation:** Expands on a formative experience that sparked curiosity and led to a deeper desire to understand how things work.
- **Wider Context:** Broadens the narrative by explaining why the field matters in society and why it feels exciting or meaningful.
- **Career Aspiration:** Clearly states the area the candidate wants to pursue and the direction they hope to take in the future.
- **Current Education:** Introduces present studies or training as evidence of commitment and preparation.
- **Academic Strengths:** Highlights performance, reliability, attendance, and subject-related strengths to show discipline and capability.
- **Personal Qualities:** Adds transferable traits such as creativity, resilience, problem-solving, motivation, or calmness under pressure.
- **Early Experience:** Mentions introductory exposure, short courses, volunteering, or work experience to demonstrate initiative.
- **Broader Background:** Includes personal details, languages, interests, or life experiences that add individuality and depth.
- **Future Goal:** Concludes by linking current learning and strengths to a long-term professional aim.

**Style and Transitions:**
- The narrative is **personal, chronological, and aspirational**.
- It moves from **interest → motivation → education → skills → experience → future goals**.
- Common transitions include: **“From a young age,” “As a result,” “Over time,” “In recent years,” “Alongside this,” “In addition,” “Through this experience,” and “Looking ahead.”**
- The tone is **earnest and reflective**, blending personal background with evidence of readiness.

---

## Short CV Narrative Template

**Template:**

I have long been interested in **[field/area of interest]**, and this interest began through **[early exposure, personal experience, or formative moment]**. From an early stage, I became curious about **[specific aspect of the field]**, which encouraged me to explore how and why it works. Over time, this developed into a strong motivation to pursue **[career path or subject area]**.

What especially draws me to this area is **[broader significance, impact, or relevance]**. As the field continues to evolve, I am keen to contribute to it and build a career in **[professional direction]**.

I am currently studying **[course/qualification/training]**, where I have developed **[relevant knowledge or strengths]**. I am a **[personal qualities: hardworking/motivated/reliable/etc.]** individual who consistently **[evidence of discipline, achievement, or responsibility]**. In particular, I have demonstrated strengths in **[key subjects/skills]**, alongside qualities such as **[problem-solving, creativity, teamwork, calmness under pressure, etc.]**.

Alongside my studies, I have"
42,2,"**Structure Analysis**

**Core structure of the statement**
1. **Opening motivation:** Begins with a broad observation about change in the world, then quickly narrows to a personal interest.
2. **Personal connection:** Introduces first-hand exposure or a formative experience that made the interest more concrete.
3. **Academic development:** Moves into studies, projects, and awards that support the stated interest.
4. **Broader intellectual context:** Links other subjects, reading, or independent learning to show curiosity beyond the classroom.
5. **Extracurricular evidence:** Adds clubs, competitions, and collaborative activities to demonstrate teamwork, initiative, and communication.
6. **Work/volunteering application:** Shows how practical experience strengthened career direction and applied existing knowledge.
7. **Personal initiative:** Includes self-driven experimentation or problem-solving outside formal settings.
8. **Forward-looking close:** Ends by connecting past experiences to future goals and contribution.

**Style features**
- **Aspirational and reflective:** Focuses on enthusiasm, growth, and future potential.
- **Chronological but thematic:** Experiences are grouped by type, while all point back to one central motivation.
- **Evidence-led:** Uses specific examples, awards, projects, and responsibilities to support claims.
- **Linking language:** Frequently ties each experience back to interest, readiness, or ambition.

**Common transition phrases**
- “I have long been interested in…”
- “This experience gave me insight into…”
- “In addition…”
- “Outside of my studies…”
- “Through this, I developed…”
- “Although my interest began earlier…”
- “More recently…”
- “Consequently…”
- “This confirmed my desire to…”
- “I am now eager to…”

---

## Short CV Narrative Template

**Key Points:**
- **Opening Hook:** Start with a broad observation, value, or theme that explains what draws you to your field.
- **Personal Motivation:** Briefly describe an early experience, interest, or exposure that shaped your direction.
- **Academic/Professional Development:** Summarize relevant study, training, or early responsibilities, highlighting skills gained and any recognition earned.
- **Wider Curiosity:** Mention related reading, independent learning, or cross-disciplinary interests that deepen your perspective.
- **Extracurricular/Collaborative Experience:** Include activities beyond core work or study that show teamwork, communication, leadership, or initiative.
- **Practical Application:** Refer to work experience, volunteering, or hands-on projects that helped you apply knowledge in real settings.
- **Personal Initiative:** Add one example of self-motivated problem-solving, experimentation, or contribution.
- **Closing Direction:** End by linking your background to the opportunity you are pursuing and the contribution you hope to make.

**Narrative Template:**

In a world shaped by **[wider change/theme]**, I have developed a strong interest in **[field/area]**. My interest began"
43,3,"**Structure Analysis**

**Core structure**
1. **Opening motivation:** Begins with a strong statement of curiosity or purpose.
2. **Wider relevance:** Explains why the field or type of work matters in everyday life or society.
3. **Personal commitment:** Moves from interest to certainty about pursuing the path further.
4. **Academic or professional foundation:** Introduces studies, training, or early experience that developed the interest and clarified long-term goals.
5. **Transferable skills:** Adds supporting subjects, qualifications, or experiences that strengthened communication, analysis, discipline, or other relevant abilities.
6. **Evidence through responsibility:** Shows leadership, teamwork, service, or organisational ability through positions of responsibility and group involvement.
7. **Volunteering/community engagement:** Demonstrates values, perspective, and commitment beyond formal study or work.
8. **Personal interests:** Includes hobbies or achievements that show balance, resilience, confidence, and character.
9. **Practical exposure:** Mentions work experience or real-world insight that sharpened career direction.
10. **Closing ambition:** Ends by reaffirming motivation, strengths, and readiness to contribute.

**Style features**
- Reflective and purposeful tone.
- Strong first-person narrative.
- Frequent linking of each experience back to the central motivation.
- Mix of ambition, evidence, and personal values.
- Uses transitions to maintain flow and coherence.

**Common transitions and phrases**
- “It is for this reason that…”
- “In studying/through…”
- “I have developed…”
- “Additionally…”
- “During my time…”
- “This has allowed me to…”
- “I also believe…”
- “However…”
- “Beyond this…”
- “Ultimately…”
- “I am confident that…”

---

## Short CV Narrative Template

**Narrative Template:**

Few things motivate me more than **[core interest, problem, or purpose]**. I am particularly drawn to **[specific aspect of work/industry]**, and I value the opportunity to understand, improve, or contribute to **[broader impact on people, organisations, or society]**. It is for this reason that I am committed to developing my career in **[field/area]**.

Through **[education, training, or early professional experience]**, I have developed a strong foundation in **[relevant knowledge or technical area]** and clarified my long-term goals. In addition, **[other subject, qualification, or complementary experience]** has strengthened my **[communication/analytical/problem-solving/interpersonal]** skills, while **[another experience]** has prepared me for working to a high standard. I am focused, hard-working, and motivated by a genuine interest in **[field/type of work]**.

During my time at **[organisation/school/company/community group]**, I have taken on responsibilities such as **[leadership role/project/team contribution]**, which have"
44,4,"**Structure Analysis**

**Essential arrangement**
1. **Context + purpose:** Opens with a broad societal or industry-level observation, then narrows to the applicant’s interest and intended direction.
2. **Reason for fit:** Explains why the field suits the applicant’s nature, values, or strengths.
3. **Educational/career bridge:** Connects the desired education or next step to long-term goals.
4. **Background and formative environment:** Introduces school, upbringing, or institutional ethos as a source of values.
5. **Achievements and leadership:** Lists selected accomplishments, positions, and participation in activities.
6. **Skills interpretation:** Converts those experiences into qualities such as leadership, problem-solving, creativity, and responsibility.
7. **Personal influences and wider exposure:** Adds family influence, travel, cultural exchange, volunteering, or community engagement.
8. **Conclusion with direction:** Ends by reaffirming readiness, determination, and a commitment to meaningful contribution.

**Style features**
- Formal, aspirational, and values-driven.
- Moves from **big-picture motivation** to **personal evidence** to **future intent**.
- Uses reflective phrasing to interpret achievements rather than simply list them.
- Balances professional promise with personal character.
- Emphasizes impact, service, leadership, and growth.

**Common transitions and phrases**
- “Having…”
- “Therefore…”
- “In addition…”
- “Thus…”
- “I have been fortunate enough…”
- “These experiences have given me…”
- “They have also provided me with…”
- “It is with this experience that…”
- “As a [quality] individual…”

---

## Short CV Narrative Template

**Key Points:**
- **Opening Context:** Begin with a broad observation about the field, industry, or type of work, then connect it to your interest.
- **Personal Fit:** Explain how your strengths, values, or temperament align with this direction.
- **Goal Statement:** State the role, opportunity, or path you are pursuing and why it matters to you.
- **Formative Background:** Briefly mention education, upbringing, or an influential environment that shaped your outlook.
- **Selected Achievements:** Highlight a few academic, professional, leadership, or extracurricular accomplishments.
- **Skills Meaning:** Interpret those experiences by showing the qualities they developed in you.
- **Personal Dimension:** Add family influence, community service, cross-cultural exposure, or personal experiences that deepen your profile.
- **Closing Vision:** End with a forward-looking statement about the contribution you hope to make.

**Template:**

As [industry/field/context] continues to evolve, it presents a meaningful opportunity to contribute to [broader goal or impact]. With a strong interest in [area of interest], I am drawn to work that combines [strength 1], [strength 2], and [value or purpose]. Therefore, I am pursuing [target role/path/opportunity], which I see as a"
45,5,"**Structure Analysis**

**Core structure**
1. **Opening motivation:** Begins with a broad belief about the field’s purpose, then narrows to a specific example that sparked interest.
2. **Focused interest:** Explains why a particular idea, problem, or development is compelling and meaningful.
3. **Reason for progression:** Links that interest directly to the decision to pursue the next academic or professional step.
4. **Intellectual engagement:** Mentions reading, research, or reflection on a wider issue in the field, showing independent thought.
5. **Critical perspective:** Does not just agree with sources or experiences, but evaluates them and adds a personal viewpoint.
6. **Future ambition:** States a clear longer-term goal, connecting learning with contribution.
7. **Academic strengths:** Highlights subjects, skills, or areas of training, especially where they overlap or reinforce one another.
8. **Practical experience:** Gives examples of courses, projects, work, or structured experiences that developed insight.
9. **Reflection on learning:** Moves beyond description to explain what each experience revealed.
10. **Personal application:** Includes a hobby, side project, or informal activity that demonstrates initiative and problem-solving.
11. **Evidence of capability:** Ends practical examples with concrete outcomes, showing effectiveness and follow-through.

**Style features**
- Reflective, purposeful, and analytical.
- Moves from **big-picture motivation** to **specific evidence**.
- Uses examples not just to list achievements, but to reveal thinking.
- Balances formal achievement with personal curiosity and initiative.
- Often uses transitions such as: **“For example,” “To gain insight,” “Upon reflection,” “However,” “In doing so,” “Hence,” “Beyond this,” “Looking ahead.”**

---

## Short CV Narrative Template

**Key Points:**
- **Opening Hook:** Start with a broad statement about what draws you to your field or type of work and the impact you value.
- **Specific Motivation:** Introduce one example, idea, or experience that made this interest more concrete and meaningful.
- **Reason for Pursuit:** Link that motivation to your decision to pursue a role, qualification, or career path.
- **Independent Thinking:** Reference a book, project, discussion, or experience that shaped your perspective, and briefly show your own critical view.
- **Future Direction:** State the kind of contribution, growth, or responsibility you hope to take on next.
- **Core Strengths:** Summarize the subjects, skills, or disciplines you most enjoy, especially where they connect.
- **Applied Experience:** Include practical experiences, projects, or work that gave insight into how your skills operate in real settings.
- **Reflective Evidence:** For each example, explain not only what you did, but what you learned or improved.
- **Personal Initiative:** Add a personal interest, side project, or extracurricular activity that shows curiosity, initiative, and problem-solving.
- **Closing Value:** End with a concise statement"
46,6,"Key Points:

- Opening Motivation: Begins with a personal influence or formative environment that sparked interest in a chosen path.
- Early Exposure and Interest: Explains how prior experiences or surroundings shaped admiration, curiosity, or long-term ambition.
- Academic or Development Journey: Moves into formal study, training, or early development, showing how this deepened knowledge and strengthened commitment.
- Specific Areas of Interest: Highlights particular topics, modules, or themes that stood out and helped refine the candidate’s direction.
- Applied Understanding: Demonstrates the ability to connect learning to real-world examples, showing analysis, awareness, and practical understanding.
- Broader Intellectual Engagement: Introduces related subjects or wider issues to show range, critical thinking, and interdisciplinary interest.
- External Reading or Independent Learning: References a book, project, research task, or independent exploration that expanded perspective beyond core study or work.
- Skills and Personal Growth: Summarizes transferable skills gained through study, projects, teamwork, deadlines, or independent responsibility.
- Personal Qualities and Readiness: States key strengths such as determination, organization, adaptability, or dedication, linking them to future success.
- Forward-Looking Close: Ends by reaffirming commitment to the next stage and showing preparedness for greater challenge and responsibility.

Common Transitions:
- “Growing up,”
- “This led me to…”
- “Through…”
- “In particular,”
- “As a result,”
- “Beyond this,”
- “Additionally,”
- “Through this experience,”
- “I have developed…”
- “These experiences have confirmed…”
- “Looking ahead,”

Short Narrative Template:

[Growing up / Early in my life / From the outset], I was influenced by [personal background, environment, or experience], which first inspired my interest in [field or direction]. Being exposed to [relevant people, situations, or challenges] encouraged me to admire [quality, profession, or area of work] and motivated me to explore it further.

This led me to pursue [study, training, work experience, or development opportunity], which has broadened my understanding and strengthened my commitment to [field/goal]. In particular, I have enjoyed exploring [specific area], where I developed insight into [relevant concept, skill, or issue].

Through my experience in [subject, project, work, or activity], I have learned how to apply knowledge in practical ways, particularly in understanding [real-world process, challenge, or outcome]. Additionally, my engagement with [related subject, wider issue, or independent learning] has helped me develop a broader perspective and stronger critical thinking skills.

Beyond academic or professional development, I have built valuable transferable skills through [projects, presentations, teamwork, research, deadlines, or independent responsibilities]. Through these experiences, I have become more [quality 1], [quality 2], and [quality 3].

These experiences have confirmed my desire to continue progressing in [field/next step]."
47,7,"**Structure Analysis**

**Key Points:**
- **Opening Hook:** Begins with a broad, meaningful context or belief that introduces the applicant’s core motivation.
- **Personal Motivation:** Connects that wider theme to a specific personal interest and explains why the chosen field matters.
- **Academic Alignment:** Shows how subject choices, study areas, or formal training support that interest.
- **Focused Curiosity:** Highlights one or two specific topics, problems, or ideas that deepened engagement beyond basic requirements.
- **Skill Development:** Explains transferable strengths gained through study, such as analysis, research, time management, or discipline.
- **Practical Experience:** Introduces work experience, placements, projects, or hands-on exposure to show real-world understanding.
- **Broader Achievements:** Adds extracurriculars, volunteering, part-time work, or awards to demonstrate character, teamwork, and commitment.
- **Personal Interests:** Briefly includes hobbies or passions, linking them to useful qualities or a well-rounded profile.
- **Closing Aspiration:** Ends by reaffirming enthusiasm, readiness to grow, and the contribution the applicant hopes to make.

**Style and Transitions:**
- Moves from **big-picture motivation** to **personal interest**, then to **evidence** and **future ambition**.
- Balances **professional/academic credibility** with **personal character**.
- Uses transitions such as: **“This is why,” “Furthermore,” “Through this,” “Beyond this,” “In addition,” “As a result,”** and **“Looking ahead.”**
- Maintains a reflective, purposeful tone: each experience is not just listed, but linked back to motivation or suitability.

---

## Short CV Narrative Template

**Narrative Template:**

From an early stage, I have been drawn to **[broader theme, challenge, or purpose]**, which first inspired my interest in **[field/industry]**. What especially motivates me is **[specific aspect of the field]**, as it reflects my interest in **[problem, impact, or value]**. This growing curiosity is what led me to pursue **[course, training, qualification, or career path]**.

This interest has been strengthened through my experience in **[relevant subjects, qualifications, or professional areas]**, where I developed skills in **[analysis, communication, problem-solving, research, leadership, etc.]**. In particular, learning about **[specific topic, project, or experience]** encouraged me to explore the subject more deeply and broaden my understanding beyond the core requirements. Through this, I have become more **[resourceful/disciplined/adaptable/confident]**, especially while balancing **[study/work/responsibilities]**.

Furthermore, I have built practical insight through **[work experience, placement, internship, project, or employment]**, which gave me the opportunity to observe and contribute to **[relevant tasks or environment]**. This experience strengthened"
48,8,"**Structure Analysis**

**Key Points:**
- **Opening Interest:** Begins with a broad statement of enthusiasm for a subject or field and explains why it is compelling.
- **Reason for Motivation:** Expands this interest by highlighting the field’s depth, variety, or capacity for continued learning.
- **Intellectual Spark:** Introduces a book, article, idea, or experience that deepened the applicant’s perspective.
- **Illustrative Example:** Uses a specific example to show analytical thinking and the ability to consider multiple viewpoints.
- **Purpose Link:** Connects this interest to future study or career goals, often through transferable skills gained.
- **Focused Exploration:** Moves into a more specific area of interest sparked by formal study, training, or a project.
- **Experiential Evidence:** Describes a visit, project, course, or practical experience that made learning more tangible and meaningful.
- **Independent Engagement:** Adds wider reading, research, or self-directed learning to show initiative beyond formal requirements.
- **Cross-Disciplinary Connection:** Links another subject, skill area, or experience to demonstrate breadth and deeper understanding.
- **Extended Project or Achievement:** Highlights an independent project or major responsibility to show ownership, curiosity, and analytical ability.
- **Extracurricular/Leadership Skills:** Concludes with positions of responsibility, teamwork, mentoring, or service to evidence communication, organisation, and collaboration.
- **Implicit Closing:** Ends by reinforcing preparedness through both passion and skill development rather than with a formal conclusion.

**Style and Transitions:**
- Starts broad, then narrows into specific examples.
- Balances **interest**, **evidence**, and **skills**.
- Frequently uses transitions such as:
  - **For this reason**
  - **Not only... but**
  - **For example**
  - **However**
  - **Overall**
  - **As a result**
  - **Following this**
  - **This is because**
  - **It was also an opportunity**
- Tone is reflective, motivated, and evidence-based.
- Each paragraph builds on the previous one: **interest → exploration → deeper engagement → skills and responsibility**.

---

## Short CV Narrative Template

I have long been drawn to **[field/industry/theme]** because of **[what makes it meaningful, varied, or intellectually engaging]**. For this reason, I am motivated by opportunities to **[learn, solve problems, create impact, support others, improve systems, etc.]**. An early influence on my perspective was **[book, project, mentor, course, experience]**, which encouraged me to think about **[subject/professional area]** in a more thoughtful and analytical way. For example, **[brief example showing insight, problem-solving, or ability to see different perspectives]**. Overall, this has strengthened my interest in **[target area]** and helped me develop skills such as **[key transferable skills]**.

My"
49,1,"**Structure Analysis**

**Key Points:**
- **Opening Interest:** Begins by stating a long-standing personal interest in a subject, often rooted in early exposure.
- **Early Motivation:** Expands on a formative experience or repeated exposure that sparked curiosity and deeper questions.
- **Field Perspective:** Broadens from personal interest to a wider reflection on the importance, growth, or impact of the field.
- **Career Intention:** Clearly states the area the candidate wants to pursue and the kind of future role they aim for.
- **Current Education:** Introduces present studies or training, linking them to discipline, commitment, and academic progress.
- **Evidence of Work Ethic:** Uses grades, attendance, consistency, or performance indicators to demonstrate reliability and motivation.
- **Personal Strengths:** Highlights transferable qualities such as creativity, problem-solving, calmness under pressure, or willingness to learn.
- **Early Practical Exposure:** Mentions introductory courses, projects, volunteering, or work experience to show initiative and developing skills.
- **Broader Personal Background:** Adds personal details such as language skills, life experience, or childhood traits that reinforce character and adaptability.
- **Future Goal:** Ends by connecting learning gained so far to a clear professional ambition.

**Style and Transitions:**
- The narrative is **personal, chronological, and aspirational**.
- It moves from **interest -> development -> evidence -> character -> future goals**.
- Common transition types include:
  - **Origin:** “From a young age,” “The first time I…”
  - **Development:** “Over the years,” “As I progressed…”
  - **Evidence:** “This is shown by…,” “For example…”
  - **Extension:** “In addition,” “Beyond this…”
  - **Future focus:** “After completing…,” “I aim to…”

---

## Short CV Narrative Template

**Key Points:**
- **Opening Hook:** Begin with a brief statement of long-standing interest, motivation, or professional drive.
- **Initial Influence:** Mention an early experience, exposure, or defining moment that shaped this interest.
- **Wider Relevance:** Show awareness of the broader significance or impact of the field or type of work.
- **Current Position:** State current education, training, or professional standing.
- **Evidence of Commitment:** Include one or two indicators of performance, consistency, or achievement.
- **Strengths and Skills:** Highlight transferable strengths and qualities relevant across roles.
- **Practical Experience:** Refer to work experience, volunteering, projects, or introductory training that demonstrates initiative.
- **Personal Dimension:** Add a brief detail about background, perspective, or interests that strengthens the narrative.
- **Future Direction:** Close with what you hope to contribute, achieve, or progress into next.

**Template:**

I have been interested in **[field/area of work]** from an early stage, and this interest grew through **[early exposure, experience, or"
50,2,"Key Points:

- **Opening Motivation:** Begins with a broad observation about change or progress, then links it to a personal interest.  
  *Template move:* “In a world where [broad trend/challenge] shapes [industry/society], I have developed a strong interest in [field/area].”

- **Personal Connection:** Quickly grounds this interest in firsthand exposure, curiosity, or early engagement.  
  *Template move:* “Through [early experience/personal involvement], I gained insight into [process/field], which strengthened my desire to pursue it further.”

- **Academic Development:** Moves into studies, showing how subjects, projects, or awards built relevant knowledge and confirmed aptitude.  
  *Template move:* “My academic experience in [subject/project] allowed me to apply [skill/knowledge] in practice, while [award/achievement] reflected my commitment and progress.”

- **Broader Intellectual Interest:** Expands beyond formal study by mentioning reading, independent learning, or wider reflection.  
  *Template move:* “This interest led me to explore [book/article/topic], which deepened my understanding of [theme] and its wider significance.”

- **Extracurricular and Team Experience:** Introduces activities outside the classroom/workplace to show collaboration, initiative, and communication.  
  *Template move:* “Outside my formal studies/work, I took part in [activity], where I developed [teamwork/leadership/problem-solving] skills.”

- **Practical Experience:** Adds work experience, volunteering, or applied projects to connect interest with real-world settings.  
  *Template move:* “My experience with [organisation/project] gave me practical insight into how [field/skill] operates in a professional context.”

- **Personal Initiative:** Includes self-driven examples such as independent projects, problem-solving, or experimentation to show curiosity and ownership.  
  *Template move:* “I have also independently pursued [project/interest], which gave me a valuable perspective on [skill/process].”

- **Closing Aspiration:** Ends by bringing all experiences back to a forward-looking goal and readiness for the next step.  
  *Template move:* “Together, these experiences have strengthened my enthusiasm for [next step/field], and I look forward to contributing, learning, and developing further.”

- **Style and Transitions:** The statement is cohesive because each paragraph returns to the same central motivation. It uses transitions such as **“Through this,” “In addition,” “Outside of,” “Although,” “This led me to,” “Consequently,”** and **“Together, these experiences”** to move naturally from interest, to evidence, to aspiration.

Short CV Narrative Template:

> In a world where [broad trend or challenge] continues to shape [industry/sector], I have developed a strong interest in [field/professional area]. Through [personal exposure, early experience, or longstanding interest], I gained an initial understanding of [relevant topic],"
