id,template_id,persona_id,P_quantile,X_quantile
1,32,93,0.0661730816055276,0.7310302638277362
2,38,87,0.4324330752483032,0.9227409889396213
3,49,68,0.1110146366693816,0.5115090823948739
4,25,5,0.8999980977285091,0.18894866660042264
5,10,50,0.6879298196703171,0.3246078111599935
6,11,99,0.5246510238661904,0.31598039738909867
7,50,1,0.41463571571668467,0.8171517543256545
8,24,8,0.16884840933905332,0.45195135580225576
9,8,88,0.3340160577210276,0.0602084079088665
10,5,65,0.06352085204667535,0.6256758496521503
11,34,30,0.2732077208477762,0.7101846451509247
12,48,6,0.16654403124140638,0.41398944505335067
13,36,55,0.6117835986087646,0.6487867029247978
14,10,90,0.2542830504927306,0.902271556691986
15,23,62,0.7189212804985631,0.5505192575563475
16,27,9,0.06227268801482588,0.19928806271920552
17,1,92,0.895178304294958,0.8313821399708236
18,38,95,0.5210713542365915,0.8866799908214443
19,11,54,0.07796652366349621,0.3649461652475746
20,46,76,0.34554707398373863,0.8876842953952637
21,49,13,0.6417981167115058,0.029868274611561718
22,31,24,0.053313118951846206,0.8844417437741563
23,35,51,0.5904003536699739,0.9651233215429053
24,36,69,0.48589883234110287,0.03762770318325481
25,3,92,0.1392171141787183,0.45296475131455005
26,37,56,0.02312001154715626,0.7080144267254687
27,30,27,0.21420444819401085,0.8878195443065775
28,28,60,0.8241537330665051,0.6783768779193667
29,45,90,0.15996277287852922,0.5893302975829513
30,47,58,0.25302111856196474,0.567113279857898
31,17,93,0.9954868682900333,0.7484484649678416
32,21,12,0.550697201787817,0.5343336322634913
33,44,59,0.2887524777688797,0.6973805368531281
34,42,66,0.9383815669545922,0.21894913008154882
35,1,53,0.35601284473869577,0.9106375783945337
36,9,64,0.14490363365287762,0.009187861339158832
37,30,14,0.4706393951942093,0.3835098029207986
38,17,45,0.18596124118568558,0.13781395016448794
39,19,70,0.3573610989375918,0.821641372654876
40,42,73,0.4346219913665298,0.4412049075330685
41,40,78,0.3581408053324949,0.8087209054646556
42,40,64,0.9245164101398246,0.7836800571342711
43,44,18,0.34318076743370574,0.3615005307665726
44,22,39,0.18088779011946543,0.7016450744333668
45,14,27,0.9661951769844522,0.501042538762455
46,1,13,0.2554658881903151,0.8468417654714997
47,21,31,0.19357614551721214,0.4870262168615852
48,45,36,0.6388700613311175,0.24035577886984394
49,46,78,0.23381342490200419,0.6478617731389936
50,5,27,0.43493380514669255,0.7014037554793743
51,20,45,0.10755908863919206,0.1648930684019968
52,13,62,0.022048454643640802,0.8108187527907261
53,30,20,0.7621766025322035,0.8391666926964764
54,28,3,0.8205641350604921,0.5515880653101318
55,47,98,0.506706035614431,0.4160916777899091
56,27,14,0.7099864506261003,0.3691408977163816
57,37,63,0.6888426598327904,0.704397587101846
58,46,2,0.7629813335870246,0.9999007555458762
59,46,8,0.08253234914536667,0.8074156438901106
60,47,97,0.06387440775015885,0.5410773481413317
61,15,40,0.9992864967784646,0.0026097379443191793
62,46,97,0.3905319756615635,0.15960869974549408
63,1,77,0.24175558386047868,0.6201193834622887
64,10,31,0.3824494097683282,0.4798071509892595
65,31,13,0.4634146572552601,0.8776739387307461
66,36,50,0.2088465639242435,0.4621474045053795
67,19,77,0.04664528448695093,0.0007680065803120639
68,5,47,0.9463578487053564,0.4885495166121704
69,1,25,0.059715723683341104,0.6917139925174803
70,13,76,0.39767202079222974,0.6070386316878421
71,37,24,0.43413625798855526,0.20444362190333876
72,15,34,0.20571251760082943,0.44639405631226947
73,16,25,0.8013166087483199,0.687437102389768
74,3,55,0.56689749778547,0.32959822646882286
75,14,93,0.8071963450401266,0.7877614842097306
76,35,33,0.6259143251835816,0.340023723405413
77,1,19,0.46978949108425294,0.028013518799807624
78,43,62,0.6428980075004861,0.34050720039520066
79,47,81,0.43560511257219603,0.3438809101737583
80,5,97,0.5912930794919415,0.45307702243141745
81,13,57,0.5695741655650961,0.9173104176679073
82,29,47,0.58553183466075,0.7355208366823455
83,40,76,0.07087466682496857,0.9718066112357021
84,50,69,0.32925330770293426,0.2881625586250387
85,39,87,0.4159506923006121,0.3750329725842555
86,24,45,0.8243959527541342,0.7598031229450427
87,14,55,0.662530844993089,0.026429854274123143
88,20,27,0.22412841847312315,0.1114860288719236
89,45,8,0.5555473568779425,0.73770610585645
90,9,8,0.047910820254394526,0.5829617630589009
91,21,85,0.3385661952409834,0.7133917889337387
92,6,9,0.7322094745518839,0.7030205414252981
93,38,28,0.9328639924706444,0.5610506072648626
94,18,22,0.16795507815222965,0.80355951840468
95,8,99,0.6232808708340937,0.188966439725907
96,19,60,0.683698930017775,0.9864090710454729
97,46,84,0.7482356331693364,0.42197264179126426
98,9,4,0.5207009548615067,0.14203327221297823
99,29,41,0.30355981646920294,0.704734515472374
100,32,42,0.22109699516405557,0.8378783109967911
101,26,88,0.10766573887675412,0.8799071445112547
102,37,86,0.9270286510656156,0.32782246150922023
103,9,66,0.7493792361422213,0.6274862703562395
104,19,84,0.6283336577937746,0.12006804080252786
105,32,96,0.04836122854071767,0.76453705380366
106,21,8,0.6887861041926707,0.7668537666412225
107,7,6,0.46546570181295954,0.18136809448273283
108,47,50,0.504025030386242,0.7585946299549386
109,11,24,0.03909531835380953,0.8873363412015493
110,38,60,0.20626612731817173,0.5113736082565451
111,8,69,0.4838305694156959,0.30822166322095434
112,12,100,0.8083267247091845,0.16760660814709627
113,40,59,0.2862044563307026,0.7601909027588617
114,49,30,0.4487051283974346,0.773746264752154
115,14,14,0.5847323624264714,0.6914359205814993
116,35,23,0.8052966693796957,0.7801332649359954
117,49,45,0.492867146709277,0.41290904483489765
118,11,82,0.06597860916566367,0.1029157442374945
119,48,45,0.7797637161041884,0.5223578379998409
120,37,45,0.552705535462426,0.35743342207103534
121,19,97,0.8601012242408572,0.4487993854685821
122,11,67,0.5452623117623882,0.6319497631164855
123,49,52,0.03641944914379103,0.14551711066269546
124,47,29,0.12175542727135391,0.5144455152934742
125,22,71,0.13562075799970097,0.4062714524008385
126,3,22,0.6953910275303083,0.28967495345934
127,32,88,0.7575286461679979,0.20606182873114964
128,24,49,0.45945850803898414,0.8052665928478724
129,5,88,0.1602788942679626,0.15831368690604586
130,32,22,0.007796642018385591,0.7026165275032709
131,48,24,0.18762741288703866,0.8801008290146751
132,28,6,0.08778214630126147,0.9129151796392625
133,18,89,0.005468036385187336,0.9173650475817781
134,12,2,0.20188087939780597,0.49281909604147023
135,47,78,0.5536973426682695,0.898999723442346
136,23,83,0.8125338136573561,0.7201869608669142
137,19,23,0.7624765078942581,0.8375940143115869
138,29,33,0.7113381452666128,0.6029546425136963
139,44,19,0.7493121028716523,0.04483302375564202
140,34,55,0.1118052346241376,0.6471639938689774
141,22,63,0.6072351817278214,0.5805115103937908
142,21,19,0.3943553376244793,0.003405230907161383
143,48,60,0.35252980804523726,0.24603404652935634
144,40,54,0.5112973714932529,0.49050584176001566
145,17,76,0.05013688362659041,0.7384504885479052
146,39,9,0.04356185263054957,0.48932688940184477
147,46,29,0.35818354524550244,0.6446613248524173
148,12,37,0.572467315565013,0.2972605116003515
149,27,36,0.20393687148213147,0.779952062212013
150,23,88,0.45647730290372834,0.8765349549146605
151,13,89,0.6746316393588762,0.5488575838244808
152,3,19,0.5738293835463771,0.6671839746046814
153,26,12,0.8733570353208948,0.9392111503678869
154,36,39,0.1775044299623354,0.22720499600235033
155,45,9,0.28049329572389214,0.5007213372504983
156,38,58,0.18808924295100826,0.6195327045859494
157,18,48,0.65965551594522,0.834419579600641
158,18,46,0.687664092229235,0.03637023629934144
159,50,89,0.8761843068082645,0.4053611587336945
160,15,61,0.623957411424459,0.19552248369299385
161,42,28,0.2978179790439571,0.21430917259779825
162,39,34,0.3221997054200294,0.40114029560713993
163,41,79,0.16939332784691752,0.04494877362371286
164,13,8,0.7878081061743494,0.8762677119989372
165,38,12,0.4752120388308304,0.6154154121259886
166,43,79,0.5383983825828565,0.6894424732956038
167,49,32,0.873639267116433,0.8976990423659803
168,32,87,0.024162887239214892,0.6111610972173014
169,2,96,0.7726194001111758,0.9988052366231148
170,40,65,0.5897364404904453,0.7510165878558196
171,34,32,0.219665050380624,0.3812254334321681
172,28,79,0.013441431869842146,0.20762002991525075
173,35,90,0.9040727375984565,0.6829149889250592
174,39,43,0.35195577650290655,0.9287183891958858
175,31,33,0.49774740997941624,0.9507571853711021
176,1,72,0.7158274354213936,0.40985209664371103
177,32,86,0.35657584673617515,0.7542524871551864
178,47,21,0.19760694865651607,0.30591653046749623
179,29,98,0.7195668876871325,0.790567481790505
180,33,23,0.7910031797172881,0.14246422891659805
181,24,55,0.5523415725414256,0.8140202988144067
182,22,18,0.8450169372815167,0.5401065637720781
183,10,98,0.8341643819780664,0.8055995315127167
184,29,12,0.31095499461824194,0.49230628433727364
185,32,48,0.03872822894563399,0.507471210633749
186,7,36,0.06866874924425592,0.5593054722229303
187,42,29,0.7927779553886357,0.2816106889622836
188,28,42,0.29418143279799236,0.9040050441531586
189,3,51,0.09663376500303555,0.7387734630091161
190,4,56,0.362430329415248,0.3989200108311066
191,23,11,0.25019447858641697,0.4745665147230882
192,3,65,0.700564139472727,0.36581864382693363
193,25,1,0.024927124307852044,0.612424963664451
194,24,88,0.6710228501169404,0.8196071584511764
195,15,61,0.8744853114775752,0.7821031114404916
196,12,55,0.5179841562792887,0.9842399106088323
197,4,28,0.8639760571982027,0.884466307076763
198,42,5,0.14856813774493483,0.6610999978179396
199,50,3,0.4904765256189153,0.3057593826613214
200,20,85,0.529823414650176,0.8126192502897427
201,30,57,0.28180946446011246,0.5428196442974625
202,12,52,0.2766421042012279,0.43012266102396535
203,23,19,0.361408857863309,0.6460184924104732
204,32,92,0.2687218838541209,0.5409054430787665
205,38,38,0.7236431897055552,0.3420762489131851
206,7,100,0.28160240245590984,0.7133773129057465
207,7,82,0.7978603327829056,0.27966283452678087
208,9,33,0.3488556119575701,0.5812304426494139
209,39,53,0.18563394208079753,0.8054831443934597
210,6,4,0.7938424980530647,0.403273793150695
211,17,54,0.27038845917953325,0.5434630711359243
212,3,33,0.8972448134576078,0.9826378826578818
213,33,79,0.08052581852525953,0.8407534472680279
214,31,79,0.7886834632039602,0.2314452173480973
215,34,2,0.29486539658004973,0.790549074900376
216,4,14,0.9086570958588233,0.6000172330087278
217,26,11,0.0012387357721692638,0.8730208670026592
218,27,43,0.42877278983047373,0.497507111430716
219,5,38,0.4848143720215897,0.17876785976829168
220,8,55,0.25004679793769835,0.8560951537976654
221,8,70,0.7443626557501012,0.8989773980876057
222,31,52,0.1407260675048818,0.8675475298474689
223,42,37,0.3324543309933483,0.695487309281345
224,5,24,0.23664631275540726,0.8779847103643829
225,42,39,0.3568399194070945,0.22631984865674104
226,25,10,0.5372586854571636,0.36474597887683846
227,10,25,0.35810658904433457,0.2144962794814721
228,36,70,0.997702615727135,0.7963473409148967
229,36,56,0.5037123942881274,0.1203112946102668
230,5,8,0.2721682067646617,0.031831270445831006
231,4,29,0.37400016161439387,0.0447117449766663
232,3,65,0.5480968628948588,0.41935573562414785
233,44,5,0.8523336090500802,0.13670278756291498
234,23,68,0.5453997154454346,0.9075909586373226
235,47,85,0.8489980414345949,0.11643332813580787
236,1,41,0.5082189876421547,0.40087668786156594
237,35,71,0.4413373677941115,0.8127093433588878
238,43,63,0.9962342918135053,0.9528204160432392
239,15,92,0.8863199992241356,0.8631573968484766
240,14,99,0.9489619146664681,0.07958078678914526
241,49,10,0.9951126938974447,0.49951942462178056
242,9,63,0.42943712751741026,0.0070319642728374765
243,36,9,0.49868657452291354,0.4100642581133813
244,27,32,0.4091600000015264,0.18419677534568102
245,15,26,0.6410888427281481,0.03660690432593805
246,29,53,0.8873630265562901,0.8816006024528473
247,16,98,0.7109311460136918,0.451754276026358
248,39,32,0.28674116389193416,0.12208899489043534
249,2,55,0.8155777307851169,0.5293659118340475
250,46,77,0.16899321667937806,0.8004758661360186
251,37,34,0.08589152541955536,0.3868589180826667
252,46,73,0.7693054349716086,0.8762019453337123
253,23,68,0.167664178653398,0.11235615846304758
254,25,3,0.6114930538932405,0.9197536778037387
255,18,2,0.35527887586952134,0.7232550552461087
256,29,70,0.909934242104327,0.6436913261005899
257,31,95,0.6392091682750336,0.8395762492842975
258,4,3,0.4311659958699242,0.41628699300433314
259,39,56,0.356187132180807,0.1738717019755054
260,8,99,0.7628941992205208,0.33189228136394433
261,23,71,0.9221398594110182,0.7410938103469762
262,15,58,0.6577332953804705,0.7450022207262389
263,3,94,0.7514612797183419,0.4079830771345353
264,2,46,0.9061682339604311,0.44340445718988464
265,50,36,0.21852353570341754,0.0763599684123083
266,2,75,0.525050091454079,0.6139296456398998
267,16,34,0.513724428271972,0.6164984324404316
268,29,93,0.4758216355478617,0.3502740465633345
269,12,8,0.9254067024910555,0.32053394346570496
270,28,94,0.8299037059287515,0.7892251274165122
271,11,27,0.8757663605712456,0.34258391693731316
272,13,68,0.6737629520785646,0.8754008674096873
273,2,21,0.16664191327423572,0.3447435306683614
274,38,13,0.6960450177179615,0.21712609257947024
275,44,18,0.05841611453860218,0.2125964463770983
276,13,80,0.031821191683265804,0.48290711021968147
277,1,14,0.5476872170438505,0.39897276016178995
278,31,95,0.9713020499215164,0.9895585039785981
279,9,85,0.3931638134999731,0.8317291926783016
280,44,91,0.5225418517683098,0.36159035040743925
281,50,60,0.5121286050065835,0.39585417143621515
282,27,82,0.16583892955912372,0.7286387600668294
283,50,14,0.10652049171840372,0.4749923720809198
284,21,29,0.7278557843793622,0.02364657195694375
285,12,32,0.0697388647508701,0.22619165932269025
286,1,70,0.5398571471344207,0.6766843964173205
287,20,75,0.7750313702138739,0.3295330335055391
288,5,34,0.7025452163262618,0.5796347605279113
289,29,47,0.42455371207070425,0.8008755107314095
290,42,91,0.023732877924434348,0.38292006951180324
291,38,24,0.685269038257375,0.745225716095234
292,32,71,0.7448899930622725,0.8193193517525449
293,34,6,0.13352303125208054,0.03561718174728379
294,9,7,0.3248240204356275,0.514760859434497
295,10,88,0.15472020655383634,0.9679357984153789
296,9,50,0.7948324610951814,0.2690978268196119
297,18,39,0.8838613858239435,0.6888119524424483
298,6,24,0.9271797937569725,0.6384351452392513
299,36,73,0.5423909737573447,0.05301665064081562
300,5,61,0.3393320921855274,0.06882507643789681
301,1,83,0.18264860266193916,0.6911488891110844
302,6,21,0.5434712347643974,0.591278770103947
303,23,27,0.26651399088721006,0.3637654457283387
304,34,94,0.48789762330354236,0.3232133169467174
305,39,88,0.38552465999983887,0.46050561922240896
306,11,37,0.5477125351471384,0.5166503826629876
307,19,50,0.8290722406305857,0.5374635859661139
308,2,20,0.5090885149472638,0.7121043157402991
309,22,49,0.6312036101212574,0.06083829666972507
310,19,30,0.7891593928415789,0.07003140429578525
311,8,75,0.7259706709113714,0.3778536449001838
312,30,89,0.6549104567437439,0.06234535805840258
313,43,3,0.22936332780221624,0.6782968787831225
314,24,1,0.9433173090893108,0.9465297654617689
315,2,45,0.6282561765609221,0.5749757658584327
316,20,96,0.21289850185370063,0.18336196638979962
317,8,90,0.5180604743652705,0.7969076282202663
318,13,2,0.8506966754632035,0.38303395421183173
319,35,39,0.03602269640448452,0.8929592400528702
320,45,20,0.04077683990244785,0.9086413774230704
321,4,56,0.6958089940871975,0.9220628225291861
322,24,37,0.4787782455741685,0.3283168387664587
323,41,85,0.0074721359196242565,0.16755673802692184
324,9,59,0.7352982819618006,0.25391441700635176
325,29,66,0.39065190838498565,0.7884686011480776
326,50,36,0.9238936566931893,0.4959210215422817
327,20,9,0.09165797550223831,0.5332689259950889
328,21,28,0.23144217496882868,0.9624718380578109
329,38,82,0.6482996776294845,0.21239211211035414
330,4,15,0.31003038787986426,0.9575735398231655
331,31,100,0.14844462569479988,0.4288647807474264
332,29,18,0.4552698152137148,0.7098014231011904
333,49,83,0.019751881788838244,0.442259309557159
334,49,5,0.4835738973024375,0.547571201861446
335,24,41,0.8172847630457009,0.9143061278774978
336,34,79,0.10155562333483059,0.13058216024768643
337,24,14,0.6875388475596518,0.7320966768760165
338,47,89,0.05731098709792837,0.023886149497004294
339,49,95,0.565920263382425,0.9486770259866215
340,11,77,0.5772968694035543,0.5294148057459196
341,32,10,0.8408309364961658,0.9728975464998706
342,1,12,0.7982638661806986,0.5359620323221582
343,40,90,0.5398863693524684,0.3058429764893986
344,38,98,0.4992303471843005,0.37082256840737804
345,1,8,0.7664406574443207,0.3493244497607163
346,48,5,0.0404608167227255,0.31180056744448525
347,44,94,0.37395589776292326,0.7367438642461717
348,5,50,0.6261275693429864,0.5187954444795579
349,8,84,0.44492134130383,0.03362807769484488
350,23,6,0.21260458761390166,0.21073682479200406
351,9,21,0.3491185104509207,0.8166023195301847
352,27,33,0.25433651880669594,0.7763645340883083
353,24,15,0.83656425843209,0.3775359984740665
354,32,58,0.1608007871573267,0.7327626915773253
355,33,63,0.6991171432055256,0.8223040632697739
356,11,53,0.1660589784480988,0.8687345629773848
357,48,14,0.5665340450177622,0.9364521678575237
358,23,91,0.5787427275561318,0.9044557249028711
359,19,13,0.1506338856305416,0.2630801247380099
360,16,2,0.29765017631584445,0.9800585263614275
361,32,86,0.4120830872317529,0.42538207215457213
362,39,2,0.3594947791631854,0.40752543064524904
363,30,59,0.09304535445355111,0.18901216806530918
364,25,20,0.9013570586852849,0.6219563914706348
365,44,20,0.6664034830056773,0.7140799854134277
366,23,92,0.9428765340892812,0.8435263834863289
367,6,92,0.33379606419754915,0.9318104840370356
368,2,72,0.6010926341157046,0.5939763469185195
369,39,23,0.9240741580924984,0.16729814447046865
370,29,25,0.9212679580866998,0.21814015169350365
371,25,35,0.06773535339212744,0.6244486199852499
372,41,90,0.9667074997033975,0.12838736073879775
373,15,41,0.40751840642876647,0.17767001631316082
374,26,9,0.7770454316689195,0.728037276317683
375,17,51,0.20626051057397565,0.4686425991041324
376,1,8,0.862551677421523,0.7286493077159025
377,30,65,0.2563567169855855,0.3827574776759788
378,2,98,0.14679725825421874,0.41300057385493316
379,9,25,0.28794674932823006,0.11964123701051843
380,2,85,0.1586549863629465,0.2360260661674447
381,42,41,0.5552435912168097,0.45127321523539043
382,4,67,0.6203257846097368,0.5214185629814344
383,18,7,0.5176367223345429,0.6585306059048723
384,5,99,0.5767701575109079,0.20281377269722534
385,20,31,0.13501742045875342,0.8851285811552309
386,34,84,0.7264517107355323,0.8894061330146277
387,40,96,0.06206314132789614,0.5939402523152535
388,44,53,0.4007568003933508,0.11782289928031342
389,26,89,0.3617269719128996,0.38199597742489877
390,30,94,0.5453650976361607,0.7601068058964081
391,35,61,0.2937939140108088,0.6980648300015236
392,34,43,0.04816425754059095,0.7006449751316216
393,22,87,0.5678977572541445,0.48815261440510627
394,38,9,0.8580030373197778,0.6488958282197679
395,29,88,0.7562746161151906,0.6844114226146728
396,31,7,0.9319329126879952,0.8213150123949161
397,45,12,0.418656397458132,0.7653857461949631
398,28,83,0.6233533887573123,0.7823335127734588
399,42,97,0.3379722807790161,0.8141952318054388
400,18,57,0.4495444823749928,0.6023148706256701
401,40,59,0.887762263792737,0.028517586180469734
402,25,56,0.7940255910197449,0.44768920236796195
403,44,15,0.32194989493793147,0.7000609160310914
404,16,81,0.06171723297387122,0.12992224552296183
405,3,100,0.46681204920521013,0.7138220328645701
406,26,70,0.217701809995276,0.8247335183145394
407,22,80,0.9798413381803572,0.976972399213129
408,22,44,0.684198788868694,0.695358183351567
409,6,35,0.437099369352817,0.965681946204997
410,9,57,0.8783796091211881,0.2822859675540158
411,11,74,0.04210949600374381,0.11705472813047091
412,25,10,0.0005934043567871194,0.5788286019427851
413,16,64,0.6988274984028193,0.538104820100794
414,1,67,0.2634754228295143,0.6417609076683883
415,17,23,0.889439785828332,0.5863843194890679
416,49,23,0.10698135120082386,0.3342550212783576
417,1,5,0.009114547729826561,0.35736685398335966
418,38,82,0.5337777698502377,0.8377779071232571
419,22,23,0.8175290735270505,0.8065467665729666
420,43,68,0.10462056761596394,0.8633898350038002
421,45,27,0.10209055235246722,0.5922967524339064
422,28,24,0.5356117616099978,0.9543814304793907
423,2,35,0.1600327909022793,0.03643148754260528
424,31,27,0.7004761506880095,0.6143775145081742
425,45,87,0.4352259877676735,0.3379004797613546
426,39,15,0.8293784475442522,0.9783979879426756
427,41,15,0.4677252090538123,0.8483933626885735
428,24,99,0.06698495476906374,0.9259457899984376
429,44,67,0.4706992478090082,0.9086824734031439
430,44,67,0.28004902113990127,0.36176332128967614
431,14,93,0.9621278343839927,0.645060385654571
432,9,85,0.1926421158540037,0.3088984466362855
433,39,71,0.9440091008099645,0.41461746754974915
434,12,73,0.2248302725349095,0.13151193956168106
435,41,38,0.7633415078510803,0.6579082681112876
436,44,27,0.06347840203641109,0.7757873288367517
437,38,24,0.25385797221603945,0.45532529562701196
438,42,29,0.534385763609174,0.3090596938557233
439,34,91,0.9940127302920262,0.8969347082143274
440,15,48,0.3690940567970573,0.6618683331222984
441,37,53,0.2425191496460427,0.6088573819164591
442,9,11,0.6762781349579925,0.16609212892788316
443,28,53,0.8130259365498539,0.6673195031749093
444,43,6,0.5004157342175333,0.6066899571115433
445,24,21,0.03468824242391588,0.15209653913969545
446,24,90,0.09429508097722206,0.7008354222108075
447,20,87,0.2592695235544987,0.9219561385808948
448,38,97,0.9884997958621927,0.18189973141896076
449,17,36,0.060380667280065414,0.7212499959815364
450,46,68,0.7505094968578269,0.40657440669396616
451,12,25,0.3958865224013658,0.10477665613779452
452,29,20,0.4287776818330442,0.3944447521614164
453,7,90,0.4205248751955911,0.9041020995352256
454,47,74,0.13265805676443354,0.08784567773208907
455,24,73,0.6929248560055656,0.8045151510402663
456,9,19,0.3934666381759384,0.12637394502710964
457,20,98,0.6761634675290452,0.35753139663058786
458,34,65,0.7130540699131174,0.3022233176419922
459,24,77,0.8227137028078682,0.6677291204023094
460,25,36,0.20858489993106977,0.7135154930022302
461,32,58,0.6389762547345018,0.3152140286396662
462,28,29,0.5224834574612885,0.5427274430322842
463,8,48,0.6901886401459701,0.6310939367587719
464,37,13,0.4324821714193311,0.5086043856447356
465,26,1,0.5304763869875265,0.2991567070997788
466,13,53,0.5417869270218644,0.3168281803538301
467,2,76,0.6496880304591088,0.2134077494025053
468,32,51,0.808922612178472,0.9560177590823161
469,31,84,0.8633462331823788,0.7448446623886189
470,21,33,0.4181440457340695,0.2486296222929717
471,47,79,0.14937703505835143,0.21936387589331063
472,20,75,0.03798745204169918,0.6091199713349978
473,19,42,0.5976022146030014,0.9258332846954018
474,34,67,0.5360151822154697,0.6177726602726618
475,36,99,0.8722046877469631,0.9080884954652059
476,39,9,0.20048615690620897,0.0656140689717305
477,31,44,0.5127410581858446,0.43486889034231757
478,1,72,0.2126238010361936,0.11533814208659787
479,46,72,0.030587131896923525,0.5447341138622982
480,7,9,0.031223859227299977,0.4231197845609741
481,43,93,0.3220488188799254,0.7514142924572029
482,18,9,0.5571193536999555,0.33957132626903397
483,48,58,0.17694763813261716,0.718601152260681
484,43,12,0.4133094563692372,0.8402956298678166
485,5,30,0.030997502040180258,0.12436273829541444
486,20,66,0.8187907015837227,0.5476965497556917
487,44,31,0.5359648602598747,0.8165724683263035
488,46,25,0.7529571465342798,0.6998839667074097
489,37,36,0.8357902337736184,0.6488790941603826
490,48,62,0.032913176742057404,0.011763330639589897
491,48,71,0.6677820535444565,0.6063949500333838
492,35,48,0.9049800227670663,0.48260106795344526
493,16,23,0.24479139331606703,0.6657189172766379
494,23,96,0.1250977871790354,0.22024083659304827
495,13,14,0.010591563657403547,0.2006373952675986
496,5,68,0.17373781895580598,0.38455769308522536
497,32,94,0.49939560144616113,0.06312895860184597
498,47,81,0.8387552650688368,0.3358654755376952
499,31,58,0.9545561687600307,0.6559073550446358
500,1,32,0.702753612302936,0.7241176292896583
501,26,6,0.9247329859148885,0.10267742364834331
502,39,35,0.888241452228538,0.21480216997599066
503,11,38,0.9997219389920967,0.16040257592528717
504,9,68,0.7440332669879728,0.36757861742451203
505,1,71,0.4461271252272192,0.5960745690371895
506,27,43,0.3373907216166441,0.3710745461489017
507,23,22,0.004657942594978204,0.6787361916384935
508,21,85,0.30657021365662795,0.17997668388730614
509,35,62,0.8320879233029991,0.6277314375509576
510,41,100,0.2769491854356434,0.26918780147873145
511,2,20,0.268027408738422,0.2847061036869901
512,3,29,0.10882132083066198,0.9094915970541663
513,26,27,0.17382476466087504,0.6856493023784006
514,12,60,0.9782777792575169,0.34870077544893496
515,3,46,0.46066990517423567,0.9771075335233637
516,50,16,0.7899444874660665,0.7407635125069667
517,45,62,0.8064063659864821,0.47808421693132674
518,13,34,0.9798716593243283,0.3246777028640411
519,22,59,0.19851087079385632,0.24152144833962297
520,8,52,0.21028056629298397,0.735430052957032
521,41,49,0.10325353784899993,0.20883486643258253
522,35,100,0.2848486021070302,0.4891660578056435
523,34,85,0.9097606272689344,0.8814670881117399
524,17,85,0.8141997115422706,0.10128449269300799
525,46,39,0.24096671911616485,0.09726714505551848
526,29,66,0.7308713010081358,0.22215554749892252
527,13,9,0.7829057569994129,0.6385160303273925
528,24,59,0.10663503927071882,0.5217319387171231
529,6,8,0.8451054546670006,0.931410442731535
530,19,33,0.9098481254793279,0.14698781133977634
531,36,68,0.3422694349491049,0.42598382725912176
532,34,28,0.5699865202872695,0.5370004325965889
533,35,40,0.1446890620986272,0.8699678579504543
534,38,19,0.6405128909384501,0.30507188682911957
535,47,44,0.0641322809630096,0.5920311423029092
536,49,60,0.5683450875267297,0.44796581792027
537,23,95,0.7284648077285624,0.4092551596126033
538,26,25,0.9616229750252383,0.37571551747057674
539,45,7,0.6587451271106565,0.15672817952665408
540,42,20,0.24049927831536055,0.6436014813312565
541,10,100,0.593144966702074,0.9400937468163476
542,27,77,0.8057535053240829,0.9220281631867484
543,9,60,0.598873094942989,0.4808994677657751
544,14,9,0.7421678134714034,0.36212495057889926
545,1,61,0.6661001678542345,0.0831122535401505
546,16,29,0.6537007818394537,0.10433934977340831
547,19,60,0.7846714540250304,0.022382855691594483
548,45,34,0.0923536600344268,0.8352466138323645
549,48,1,0.38328424152086005,0.7332487505842505
550,18,21,0.9240593381904175,0.693476354714445
551,8,9,0.7726309330998804,0.9304345571245005
552,25,26,0.5454738904660908,0.2437730426086565
553,31,38,0.07473601995857226,0.17279846046305047
554,18,22,0.4718868105649979,0.5927147196128483
555,27,5,0.5208043791127114,0.9929461324376092
556,12,22,0.35018137024390283,0.48332872873341604
557,7,81,0.0012119734480696698,0.6033349687976097
558,27,9,0.8487777716127733,0.8369130619232189
559,43,6,0.4991614808758892,0.2901415599749
560,12,8,0.56917395339615,0.3269062184447521
561,14,98,0.3828506012863435,0.2911069617082396
562,10,28,0.3999230940337771,0.5467608733314036
563,32,75,0.35780787799867386,0.4652291446272775
564,42,90,0.8828926609674993,0.566599178327817
565,10,91,0.7336700337622744,0.44133936488077563
566,46,53,0.8640962432858222,0.08002864035826474
567,19,7,0.7932517970382068,0.5566852923752962
568,49,33,0.8086965901771495,0.1968029737970124
569,27,25,0.8481029326162595,0.12868099932129518
570,11,79,0.7836222152965291,0.8346534076249057
571,8,25,0.2300415467376422,0.3049261202746375
572,19,42,0.878682431697755,0.7735051059228685
573,11,66,0.6164028691425123,0.9332877615878453
574,28,80,0.6711333564207759,0.3631759007008508
575,31,60,0.09358969164663777,0.6391178229044241
576,5,2,0.8501548115057508,0.36744491675774105
577,17,14,0.8160751906076305,0.9958138709758496
578,19,25,0.4516963780005755,0.5946874525327317
579,46,8,0.17902991137603963,0.8279220766234143
580,6,76,0.656393259704054,0.3174025188315953
581,24,72,0.6360801818494198,0.6806984873128973
582,38,40,0.3987828358538794,0.7843169920394005
583,13,10,0.6315990699048635,0.7126811549546773
584,4,25,0.5669420661788435,0.21585349200869985
585,3,16,0.28913885213280577,0.8787990789548639
586,15,82,0.7071696385908788,0.5584135948042228
587,1,86,0.4381828695189073,0.16989326477508437
588,2,34,0.02424961096640732,0.602025273570897
589,12,32,0.7024691775589981,0.6486105529332108
590,26,33,0.6954493253777203,0.753960728219621
591,35,43,0.26676412348688927,0.519094065485923
592,22,38,0.974696776849786,0.8528970717275977
593,8,97,0.03244985609484807,0.8911921124248472
594,30,66,0.19917843509539412,0.7447966036545741
595,14,28,0.1299787577879421,0.19147311642912668
596,42,34,0.08843443731087519,0.6799904625469828
597,27,51,0.5463824014804576,0.8559601305635169
598,26,72,0.24942146664220322,0.824761700793204
599,29,1,0.5735959895708536,0.45172558205255575
600,14,2,0.39776674492079866,0.29241018091068216
601,30,59,0.44581190537141724,0.3094377053880606
602,16,58,0.6338218963924572,0.39993795864017145
603,3,60,0.5884960195541101,0.05501780316393923
604,13,34,0.7179120392924342,0.8455077981027769
605,39,66,0.30981852859320724,0.2522882386314689
606,38,55,0.7828103108449114,0.8921334334390276
607,28,4,0.26802436656325457,0.8100772783538187
608,37,49,0.8724016958738815,0.6592837238430634
609,7,88,0.8310003199862803,0.705394939552334
610,21,27,0.3394334897835394,0.0856214733337064
611,2,26,0.9077067210150239,0.2795113991711057
612,18,84,0.1606773179504588,0.46092182886510813
613,26,23,0.9833350094454754,0.4058182804503174
614,48,92,0.9852936430609365,0.45089728050514155
615,31,6,0.7864013351156914,0.44502577701872836
616,45,30,0.5548630961424119,0.09461332053772209
617,32,45,0.7531325448989636,0.44837494494707364
618,28,13,0.18364583085553998,0.884733053910166
619,25,61,0.1174987910176215,0.20849297355837704
620,16,19,0.9488429337915851,0.9920548187285184
621,16,99,0.7003276014382124,0.3592511988938215
622,37,36,0.4965791037337671,0.7203875461085636
623,12,97,0.8149493500804197,0.17288943957243463
624,36,4,0.2930242811950182,0.8842338636436456
625,7,56,0.830491138075336,0.7134288255780938
626,11,41,0.34419978351669833,0.9221112134249009
627,50,11,0.0474610647600443,0.5371768710567586
628,7,11,0.8514072594166294,0.5089065183117035
629,5,41,0.2970847850658951,0.9216431274281442
630,47,22,0.5356481548418595,0.3077518755834838
631,28,80,0.14045404955951268,0.7952083111624747
632,47,47,0.43879944050541975,0.6659447310765023
633,17,6,0.4733674975633927,0.30096708526199323
634,43,34,0.7832819195739777,0.2783166436653679
635,35,34,0.20469565762666997,0.3220527374978498
636,39,39,0.8976758544750905,0.12366376531598444
637,13,89,0.021072496471478352,0.6292038941965573
638,27,23,0.4515455398161996,0.4648884654608806
639,29,34,0.7573353470525037,0.3296964595192998
640,36,64,0.18258605684426388,0.3216648462142676
641,42,19,0.743299187674887,0.29813428452744994
642,50,73,0.15931357886521647,0.2373695609868317
643,31,44,0.325632225566885,0.3103619160619441
644,19,52,0.15919907005161826,0.48399898572437716
645,36,11,0.9443868200363731,0.48298756342121985
646,14,92,0.10964366081047794,0.5412039584729561
647,43,37,0.8005674276505171,0.8939907921264441
648,33,12,0.475596408909151,0.25414836118833106
649,11,65,0.3120535016368682,0.4471765865265278
650,30,43,0.024679769543461738,0.7203288945544704
651,36,75,0.08524755844320686,0.3610191994895886
652,32,17,0.13038079235305,0.03755112621520362
653,13,54,0.06477191307329566,0.8172999825917222
654,3,74,0.595336298480245,0.5166862332653901
655,39,37,0.7629714964052197,0.6338390364592472
656,10,21,0.9047450060885894,0.721402115490087
657,19,63,0.022345364966499637,0.4932094870650189
658,7,33,0.5018687476568437,0.10357220960072133
659,40,11,0.7499456328882457,0.5181770752063004
660,12,74,0.9066028406176083,0.42957308438005115
661,34,10,0.8088861052410931,0.094613318006047
662,36,29,0.28536521291903694,0.3687517289296294
663,39,93,0.627490005577206,0.5598537464251734
664,40,65,0.0918092657087356,0.9084160997041715
665,14,83,0.9317708068432999,0.4504383618587322
666,48,88,0.19810071515241967,0.8245793425125811
667,37,76,0.983328197356467,0.4243327579900824
668,41,25,0.7029102695536152,0.9659379393798082
669,33,10,0.5433175320449297,0.7594973909566923
670,21,36,0.7807876611066982,0.6377567733649229
671,42,15,0.5463296682380668,0.3134555310608005
672,34,49,0.09439744596278399,0.16163126406390715
673,33,100,0.32748945163655274,0.8214181707240106
674,15,28,0.7421340170313538,0.9966214444905511
675,34,65,0.8048959997442665,0.22718529648741637
676,9,61,0.9313636392068433,0.7732486975558445
677,9,84,0.33281387261899176,0.3911355706668488
678,1,64,0.7891217457113027,0.9229545453863627
679,45,5,0.22727460002187327,0.5046103016756209
680,4,79,0.255135745747084,0.9323470760917933
681,27,80,0.03767319861007379,0.49239822343138295
682,49,96,0.6313096336106544,0.5477254412370726
683,26,13,0.07339411259550443,0.8373073006603434
684,24,35,0.664357765638962,0.9667373879176322
685,46,5,0.09806804483101184,0.2626631307762187
686,36,91,0.4231125339993328,0.7197232801538922
687,18,56,0.5679523324106711,0.5735086780177197
688,10,16,0.05047782795626876,0.11783728728740739
689,31,42,0.8111138084762555,0.9043464799547536
690,37,7,0.6852866755127849,0.7060132003572367
691,50,17,0.9290372727372951,0.30904088802391294
692,33,66,0.4804721041090454,0.7256615143839749
693,24,59,0.29626375070506394,0.5579768248541753
694,27,2,0.7369112107235052,0.3679139221690719
695,3,20,0.015658651774840382,0.13918818619006035
696,19,60,0.9423030064677979,0.24375848506338849
697,38,20,0.5209940137880469,0.28305221340033104
698,5,59,0.2892548685164399,0.10540862342971624
699,5,70,0.4609528550245662,0.12815756078494966
700,38,7,0.6484593882208716,0.9270987578284051
701,22,73,0.6441124367561725,0.7018853721082524
702,27,34,0.8090993280781515,0.8701497282477009
703,8,61,0.538729539839296,0.49517990957101155
704,45,3,0.300054751227223,0.6825487664552081
705,18,36,0.3810465810299235,0.1241495860472559
706,40,29,0.7436679772693654,0.3061726757094243
707,49,48,0.502587497902196,0.8885857699276699
708,28,13,0.1961452054886027,0.6852128995849518
709,8,80,0.2954731942738632,0.021325074690665136
710,10,95,0.37908633884799225,0.6991826368619907
711,39,78,0.6877778879207168,0.9561128166668911
712,36,35,0.4069193429930462,0.6726533288183674
713,46,80,0.4696380611441656,0.7514950348089944
714,41,21,0.07473929766755971,0.9012982534933528
715,11,96,0.18765082849407966,0.7389406185144137
716,14,73,0.934888195338887,0.4456183171230894
717,5,100,0.8376442216308212,0.7304590397515296
718,43,43,0.7252953999649889,0.5074037554780599
719,22,5,0.43826796363967646,0.39362598961548134
720,30,63,0.3854796684140994,0.002255518387694
721,47,61,0.24231656734774087,0.3027320726694931
722,48,39,0.2983453037325081,0.08330224806859055
723,11,27,0.891760943348124,0.9321398896095567
724,18,83,0.0849572575032389,0.5594858348216183
725,44,15,0.9948173219776653,0.4456297079703029
726,2,22,0.4521230740141474,0.7495661423105073
727,11,39,0.3858474194763545,0.2063527211804974
728,28,80,0.46144257126976695,0.86145706694743
729,21,50,0.048969492328556186,0.9854453146603394
730,4,41,0.49087181329934937,0.12008904810758747
731,14,85,0.06632734938933493,0.19416048241431383
732,21,66,0.14469228601930595,0.6248401419414418
733,13,64,0.0346118508528217,0.1849672131948823
734,9,15,0.11006220167410907,0.38914547335855887
735,5,40,0.75789660287406,0.8689555921946317
736,28,71,0.780799011840863,0.2200821115803252
737,40,87,0.4292865540313996,0.9300714307060249
738,50,37,0.35653493131595926,0.7543055020787852
739,45,93,0.8819181532894362,0.9817019309199496
740,19,82,0.22253064714172188,0.6805889983873835
741,20,27,0.9967578475819046,0.8570160435835383
742,1,7,0.6782422556433629,0.3913384450381078
743,32,92,0.16837404212861362,0.17895621231907788
744,45,28,0.04455314128234589,0.4794532984142006
745,44,62,0.4208339899773701,0.9018010158330124
746,35,29,0.8786326092101437,0.6746514975195969
747,46,92,0.9273057981674555,0.056540964298801066
748,27,2,0.13489988590277358,0.9414976205180197
749,25,66,0.4447806339622564,0.9160648973721955
750,17,93,0.14355720630412372,0.8464315038311235
751,47,2,0.22800913869948236,0.7420874704274296
752,30,99,0.4247381302457224,0.3271884978212547
753,40,30,0.3297171958158086,0.45560593977953723
754,12,7,0.035205816311402405,0.32113530921625855
755,36,98,0.575666377244495,0.06714323793124011
756,36,8,0.9585567325999755,0.444937550646066
757,48,13,0.4555573453252493,0.6338666951933828
758,28,15,0.9367906439043368,0.5092451319984787
759,35,24,0.878071882482147,0.7785757399722227
760,27,16,0.038287272169540976,0.17995905312503135
761,28,89,0.4037942931321262,0.09019724316933564
762,43,13,0.2876715147750559,0.6380006989437996
763,28,14,0.09181286875822336,0.2708339236572811
764,15,57,0.4569836151317104,0.32267324013508214
765,22,93,0.5233021445456585,0.5882371221601576
766,43,33,0.8061616503785833,0.03950382350159165
767,15,70,0.1614087950434383,0.7245425701333278
768,47,32,0.13312092585433766,0.5944003229356883
769,14,68,0.5998572127628939,0.3704883689704933
770,18,50,0.005889349499213603,0.5834262833829089
771,33,14,0.9292122504101555,0.24094113944241136
772,15,42,0.29982812337970266,0.9051168502552791
773,17,15,0.10637993238994115,0.35191892140035097
774,17,18,0.85141125878689,0.2245183209894197
775,44,2,0.4507566723475783,0.027106777672071036
776,14,72,0.17534705162868414,0.03123629918392523
777,33,26,0.443183211497467,0.3114110576692968
778,33,71,0.16137538172074994,0.9323939410615981
779,18,84,0.7791623476253421,0.9253484860480209
780,4,100,0.851370245540949,0.8682513680961583
781,50,37,0.32218295255770013,0.07828204421488172
782,16,8,0.21897359530938743,0.2901524259386751
783,39,82,0.3500268361449542,0.17282124933580856
784,41,36,0.07726950049748671,0.870411419607227
785,6,61,0.7959527805391657,0.5865220149837612
786,31,51,0.36254251833193696,0.9174239011635327
787,38,55,0.896722228486848,0.011685654270721768
788,10,10,0.4804621745627581,0.4321867491165675
789,43,79,0.7659001817103732,0.5604320474089496
790,28,63,0.9303592498956802,0.4687420127658978
791,6,88,0.457393571877172,0.8059670469609598
792,6,85,0.15908859275254195,0.07903295245163866
793,39,61,0.2708861613827821,0.10313563765648259
794,8,11,0.7625026921888525,0.944536089229806
795,21,31,0.9005485404882889,0.9766665606253068
796,19,94,0.034431772331196986,0.7223060927192836
797,38,18,0.8315544413159311,0.6135087829482553
798,40,13,0.4914128280812695,0.9379292810038422
799,4,84,0.3126292864395833,0.8695225010679484
800,31,59,0.5033140217044249,0.9582079225367988
801,50,59,0.2646895492399829,0.9283139468577146
802,14,82,0.8375661929549856,0.7887004218419394
803,9,53,0.20459785999681224,0.6246865978693584
804,34,62,0.7189348960896615,0.9330214469846757
805,3,59,0.1522001073530883,0.01525505378734393
806,22,40,0.31258277336970397,0.9130735298276001
807,6,18,0.9424576332971674,0.9580325149588953
808,35,72,0.35746515244758226,0.04904867185140516
809,35,99,0.7828527971873182,0.12769459466538924
810,9,57,0.049749751696820166,0.23668877976743763
811,36,2,0.46763605236932604,0.7529857524686129
812,4,19,0.6688182565970816,0.6475138886430166
813,45,82,0.0904841051221853,0.17968783722990878
814,27,35,0.6298117333684047,0.777918066780036
815,9,49,0.8131864346539203,0.08520567238706689
816,48,92,0.6883477481996104,0.08925413851639774
817,47,16,0.35961541108604067,0.8600665561490234
818,10,16,0.2902057670565269,0.9271330472726506
819,10,39,0.8711502090245515,0.07792994282646049
820,46,19,0.42671516594616377,0.7490330314308473
821,10,71,0.7335674779042687,0.40291520249691437
822,13,97,0.5796619290830202,0.39597825530160913
823,32,21,0.19064406062574923,0.5907541406746056
824,2,48,0.22258404911476504,0.3738392415199433
825,37,35,0.7322174056919367,0.9608886968706145
826,27,54,0.7290778843249555,0.7590961007898159
827,2,32,0.6656491591266046,0.8188549778797104
828,9,87,0.027274312478047458,0.783282772968944
829,44,91,0.43426462857430126,0.6595607790381158
830,37,77,0.28983490381201926,0.4755209500842864
831,13,55,0.7296514058647092,0.7126485756668463
832,31,83,0.5274119070687489,0.21639429846208225
833,38,83,0.7578946417798492,0.0450334714584647
834,30,50,0.5637557981563168,0.9541374374083326
835,27,54,0.4019024980352285,0.6833848860033341
836,28,41,0.8172181531969803,0.8162362434670298
837,21,98,0.8927123925883864,0.5138238136680631
838,32,92,0.21833128867542706,0.6058993234172318
839,17,36,0.7352466503017736,0.5205836306795922
840,49,32,0.06283195253043283,0.5098117402394021
841,20,30,0.9885590392064533,0.5560982331117682
842,39,70,0.770256302654782,0.7941753215537052
843,33,15,0.31522815754244404,0.3894743075959184
844,49,21,0.1357795003563459,0.13884795034649222
845,29,24,0.19667774154835238,0.8017877370721499
846,3,95,0.9148245501852263,0.2017987889124111
847,2,94,0.6021289196259477,0.486100794052846
848,3,48,0.29788828350558894,0.21840507669476616
849,14,80,0.4406292195163303,0.23095976740962432
850,10,30,0.39954958151518627,0.2719077517810524
851,40,41,0.7687297425538945,0.34106372385849903
852,23,20,0.48822001266997894,0.5573598539043109
853,30,3,0.6536806547771244,0.18673806472414
854,21,63,0.8965803821763744,0.6555102976794842
855,29,91,0.11594903886210628,0.19271925473707763
856,39,42,0.45316716562805026,0.8637477864435497
857,18,79,0.8004976563098641,0.002670323153782128
858,45,96,0.9228147624973945,0.7687740271038858
859,41,26,0.16815349902170595,0.9608586508326938
860,11,12,0.41470330779800335,0.8141674052077372
861,12,84,0.2373135919264816,0.18673455477730316
862,25,10,0.4068651197736093,0.17177022993504842
863,34,63,0.44295128475064094,0.18950740094774798
864,16,57,0.5604861956050521,0.7574156422867164
865,25,1,0.3279204309700917,0.7172749725318482
866,33,1,0.4675481743875244,0.9269916947469359
867,29,21,0.8680134021837255,0.03558422889864343
868,49,64,0.4824978224569636,0.988949002286064
869,49,42,0.07649345400014573,0.9052813768891548
870,26,48,0.7316099331582985,0.148393017344441
871,49,49,0.4964353266881605,0.09455930024424986
872,49,30,0.8100129850526349,0.11780644364440407
873,25,73,0.2986911772313059,0.4704788173085813
874,13,94,0.31284248209545373,0.9933123824394692
875,24,10,0.9893011878391662,0.8762271823672289
876,9,89,0.08743696709954107,0.10436470334516412
877,6,25,0.9738093943043729,0.4288773331416289
878,4,33,0.192431041145542,0.05215058480732293
879,18,28,0.9477632150215098,0.25303697052127105
880,9,54,0.6757438932514219,0.14640270583908133
881,3,6,0.5244426634521234,0.6920427786331732
882,22,67,0.7484158496931915,0.32772656677200274
883,18,32,0.19076097937342051,0.8631191422931581
884,5,60,0.7354355143368223,0.8747698091477885
885,48,22,0.3445783933068449,0.5517533300930371
886,49,80,0.6780487804216585,0.18306012449118647
887,39,86,0.2601582748841734,0.12301754108484031
888,4,99,0.676755704407847,0.9920411172290834
889,8,6,0.008832743384638797,0.3829908061943035
890,2,31,0.44314538321779184,0.09228315086110861
891,35,1,0.8677024897364525,0.5171495848702107
892,46,78,0.3471446483241625,0.48837999842319857
893,39,87,0.8066267748378583,0.7602664814345405
894,2,20,0.905220704771546,0.8365819696823864
895,43,73,0.5328764814148156,0.5164362918586792
896,24,88,0.1215022176983026,0.850229163507167
897,14,86,0.07907140826468906,0.9256729799510403
898,29,94,0.6636544512317488,0.47962162388644536
899,26,10,0.9276107444751339,0.6877430829727658
900,49,57,0.5430610463024648,0.42933428807598684
901,5,7,0.009450546606423749,0.5755843080941552
902,26,68,0.5695788902906846,0.5840951217442039
903,20,34,0.0750943457603106,0.6728662618755104
904,47,56,0.6679273549171134,0.2858601445922143
905,31,33,0.7056669742091296,0.14224618594194882
906,7,19,0.8466327239545065,0.3484853663168779
907,44,74,0.034799769878933406,0.6639520141193275
908,25,19,0.17971642093778506,0.1272940793932319
909,8,93,0.2262264960861129,0.2622910800223529
910,4,9,0.5834378533361955,0.8562691238369596
911,30,95,0.4338673559962186,0.9550121174361473
912,41,98,0.4007942462288835,0.1298791209267528
913,23,18,0.7309873086691825,0.13080659543373685
914,17,61,0.10593186764747298,0.1790619734903497
915,20,96,0.2460027750063155,0.7970279184476193
916,25,49,0.8677224722289671,0.7474574095887897
917,10,16,0.7488371651398685,0.1398800737919471
918,31,81,0.16998725177161012,0.4921655736041357
919,50,95,0.5180231293301827,0.20313633179747792
920,16,16,0.14241525650020337,0.5262981072425654
921,15,78,0.6963905210147202,0.3326347298234391
922,15,38,0.9648434127825419,0.3722363749293326
923,19,28,0.610432340374408,0.9895927461057115
924,38,35,0.9572737237724898,0.4163697942394772
925,42,41,0.3445056635834015,0.08698984408735111
926,12,9,0.610130697220565,0.9068593590407688
927,45,23,0.009617769081981864,0.45331427875584096
928,31,11,0.6343568382826015,0.206489781686076
929,44,96,0.4175588754349402,0.9633379938235607
930,1,9,0.5859697056655936,0.07197539980730228
931,50,99,0.8063518613848123,0.7656030448960154
932,35,74,0.4490598667757224,0.5043051324947218
933,19,62,0.5014456124411424,0.27393671731895075
934,9,47,0.45579249672521216,0.016867191379460134
935,44,79,0.4992869879730669,0.5558498422962601
936,16,9,0.9339735711426251,0.21411230425721384
937,46,100,0.7868653620347784,0.6738003117469956
938,28,49,0.4705781535086411,0.05709462489744099
939,43,92,0.8735447160312558,0.784135283835783
940,34,77,0.026033282763192167,0.9251474849058132
941,17,1,0.5653769847724371,0.6708236776195906
942,33,76,0.9868641733062684,0.7535975694595286
943,36,51,0.9205264859579783,0.8513730062482856
944,38,36,0.6289737249644538,0.9081459280854647
945,23,17,0.8512693568352122,0.452508155261936
946,29,71,0.7056869014037183,0.2981101145739864
947,48,36,0.7050580749048779,0.9100286569804165
948,11,94,0.9636101128939477,0.3029860219557422
949,19,56,0.4405992762903276,0.256590515793667
950,47,5,0.5113860277373877,0.8500176619982293
951,2,33,0.32423953477582745,0.8845290657200651
952,38,56,0.9200211423384069,0.8456291615785685
953,7,11,0.6335913070339517,0.9353224017191147
954,48,22,0.763488650746824,0.5628368824770893
955,36,16,0.7201684358139244,0.637047061959227
956,29,20,0.032597820287928236,0.1668138337840377
957,9,14,0.7180416827892915,0.12638283650991444
958,14,37,0.09739873812929944,0.9575404976618259
959,41,83,0.5267841347366603,0.4565215386499014
960,21,70,0.8750501800223629,0.94098263255234
961,19,68,0.8695927953642871,0.7559214701550631
962,15,76,0.3281903723048778,0.44186330118087225
963,18,27,0.017020066511387766,0.32194645161125157
964,46,35,0.8196201716692405,0.026135300616655255
965,30,97,0.15135206921942368,0.9094639153071801
966,32,65,0.45925012690433753,0.5903613264228192
967,40,48,0.6523403379938181,0.5648673510446499
968,50,87,0.7598829656876862,0.033891612833406914
969,28,69,0.3853738981741196,0.3186016389284886
970,49,16,0.33111575422373685,0.2849994946126354
971,25,26,0.8181980009750083,0.5058611173785689
972,12,88,0.9339103717126513,0.922618656498549
973,17,39,0.6401290657637276,0.20511009088272025
974,9,74,0.11237644092464572,0.7508043944489503
975,47,98,0.88103539065961,0.928589643808034
976,29,100,0.8044648764392042,0.0014086195685328873
977,30,4,0.7912699182101699,0.3800085808388244
978,2,6,0.846442026018735,0.7116632135023029
979,12,85,0.27784230400958176,0.8687687598186481
980,9,82,0.7525019109987324,0.9615979804352321
981,22,86,0.08768197536364852,0.3035010897932815
982,6,30,0.25342538089594924,0.7398561383798016
983,12,51,0.8211157874536068,0.08056386493921552
984,10,79,0.009443374864866017,0.9470737475058876
985,42,89,0.26520056698408856,0.9813474149512011
986,25,81,0.6189070953709859,0.3421088315524299
987,21,10,0.8285583262084492,0.8605104836697045
988,15,75,0.7151426730704084,0.6957689102076692
989,49,85,0.3485503391351856,0.6885804739582922
990,25,48,0.7472137722645049,0.6335458554945148
991,14,57,0.0036407239294097282,0.6947139358727163
992,8,53,0.27586534731321255,0.24485713741434845
993,45,94,0.6440585834025846,0.7539659241180203
994,9,31,0.6483709593662959,0.752882424720951
995,33,67,0.4486336518459678,0.3545633961022252
996,17,47,0.7854456386427981,0.24239078264686498
997,48,12,0.672169938845025,0.3479271654982634
998,11,28,0.23505339890265398,0.49892630085365675
999,4,14,0.07990480031758085,0.09094935654935166
1000,6,79,0.5096130673140975,0.18256353780930457
1001,30,69,0.11283584390186874,0.5735045897297987
1002,37,60,0.39922871908402824,0.5479191377923393
1003,20,4,0.890475255874894,0.9249865859820192
1004,13,5,0.9961292460121559,0.07661599679614439
1005,3,88,0.30795249910805733,0.4302755474442306
1006,23,62,0.54231302522733,0.10337811999487045
1007,27,56,0.11192799177052304,0.7243919770197906
1008,14,10,0.5816386125835641,0.23648762487566988
1009,12,9,0.9027263549130575,0.9053952748172178
1010,19,41,0.37266005973214067,0.4280418022163335
1011,24,17,0.7913300245448073,0.018219349080643377
1012,31,36,0.3053672800825925,0.5887965103230628
1013,19,91,0.8617743308136812,0.12842075428157151
1014,8,39,0.32916822119216105,0.3470156470068023
1015,21,77,0.3221512166504251,0.9125936114240218
1016,36,12,0.08429282874200061,0.8652251650593706
1017,41,5,0.08406234674034674,0.9494590470251184
1018,16,93,0.19255146569630954,0.9684552867593064
1019,23,54,0.312186303996692,0.9871810298932687
1020,1,9,0.7546278843272308,0.603975176295505
1021,25,56,0.7689345386813298,0.6571483035030043
1022,20,51,0.2592802057802833,0.2221450566959976
1023,28,20,0.07784156246672569,0.4085977113608421
1024,27,83,0.6738883665938304,0.9278868070688986
1025,43,76,0.6834113853488916,0.280312082709256
1026,36,12,0.9931239626371047,0.4635856994592086
1027,37,19,0.5060473435838251,0.9971435505530865
1028,47,8,0.08405920578474746,0.5307795945250073
1029,49,27,0.9340901308662851,0.23804405132755302
1030,36,83,0.2697403796386084,0.3985019400142146
1031,16,76,0.2950883037708619,0.42044033266349
1032,1,45,0.2949812001396298,0.48419361035972663
1033,3,98,0.921085227693156,0.5587853547740671
1034,23,42,0.9422686317410945,0.04501842741543782
1035,12,68,0.8803668851261647,0.2723315525369431
1036,27,42,0.06150622786901072,0.143531784368378
1037,32,3,0.6503474624390395,0.38833118209330053
1038,3,68,0.2015063171526198,0.2504225918893489
1039,21,4,0.043513038755383704,0.9390868910316933
1040,38,90,0.23605716881649663,0.0057045701427778095
1041,19,38,0.7338425194903331,0.21560492565890932
1042,35,8,0.40699984195977545,0.2340804367659408
1043,50,78,0.5020554950221873,0.9474630119083199
1044,31,53,0.5453396326790773,0.9348140932242511
1045,34,25,0.9862282465043346,0.14526840563041143
1046,1,95,0.08189772172374199,0.1807384440290658
1047,26,35,0.5992978287308175,0.46061408197673515
1048,7,37,0.37522911977624074,0.035197682966972454
1049,29,3,0.4413742260422676,0.1304888782083683
1050,5,36,0.9951751957728402,0.31557792523580175
1051,49,74,0.8889643226666458,0.3112346794099562
1052,22,50,0.8318530587966384,0.9619264080866016
1053,20,79,0.044586838141472795,0.6341121262363638
1054,44,9,0.02374653028079432,0.7214451155767211
1055,27,34,0.8306211458681113,0.6224959764012677
1056,50,73,0.9967118843378524,0.29057819190054823
1057,21,75,0.10098279363116247,0.5726000092704893
1058,45,34,0.34446894632949965,0.75187659033624
1059,1,67,0.38705893363527055,0.05831700893440306
1060,4,57,0.0971135986597843,0.6207244116076448
1061,43,69,0.09561200285381521,0.04821173849971039
1062,37,95,0.4080014280449178,0.9010922347773871
1063,43,65,0.30779982726629285,0.48920224685007496
1064,16,88,0.7468575810359228,0.9361552355456612
1065,7,7,0.5300296680954357,0.7460328645434844
1066,8,97,0.1408682125725974,0.033523836225746395
1067,6,47,0.09037262216493425,0.5887221859371883
1068,27,3,0.32880414642847766,0.747358809182284
1069,50,7,0.22213913665996465,0.02571561796234012
1070,40,91,0.577005764834995,0.414060633072154
1071,41,15,0.26860247482184607,0.12177653717513359
1072,16,2,0.9964041404444334,0.0015193931095606183
1073,36,59,0.5574848433540323,0.5833354207769126
1074,47,76,0.6221916135327787,0.11927196238804316
1075,44,1,0.9576160162705626,0.07147326875691062
1076,27,33,0.04604912157941743,0.36554863272736327
1077,4,15,0.42461588223263314,0.9897366828575868
1078,34,34,0.9847347365789532,0.19302466408348018
1079,40,69,0.7737788721977656,0.7848903523652684
1080,47,89,0.7115731548228451,0.43177860661606215
1081,44,76,0.448245273666929,0.3199965670082756
1082,13,31,0.7686282940445367,0.928552585474251
1083,44,7,0.08297760888335215,0.7389186393635812
1084,17,41,0.6305128902052648,0.38510188342050566
1085,43,80,0.5174840179247898,0.7745648885552859
1086,38,98,0.8686400261188921,0.5064771744033311
1087,15,98,0.18828050323636092,0.22588389388475727
1088,3,100,0.6722928557920714,0.29445938677125827
1089,27,3,0.5343335873544803,0.48131822702295934
1090,4,52,0.47576808273847815,0.8994738454673623
1091,9,33,0.1766361024336245,0.04600320464951457
1092,29,23,0.7309761175393429,0.7194437824506857
1093,14,48,0.510582776294801,0.7942417843143809
1094,34,83,0.7765649038345557,0.07091401700436706
1095,45,45,0.1869649387700275,0.7361300838204099
1096,20,81,0.5170982292528276,0.3912871580216043
1097,14,36,0.05324925986800111,0.9995174933819923
1098,41,34,0.7723915474734565,0.645175561606117
1099,20,25,0.18629134704790862,0.47154063644876254
1100,33,88,0.23105578450305098,0.9413081363449471
1101,7,63,0.8895258999083978,0.42599889100971733
1102,26,45,0.40664829006000336,0.7656144916703873
1103,35,45,0.21585451009484202,0.2800041838520869
1104,10,55,0.986813354053732,0.10268529917729985
1105,5,44,0.01259074574227581,0.34649108557960084
1106,15,79,0.062140108538777494,0.7201645042974343
1107,46,97,0.7367559786180051,0.9192420490490886
1108,37,24,0.32265101582902145,0.40718652338571126
1109,47,74,0.6122445837752624,0.36710781318108876
1110,22,33,0.5806974151430587,0.5616247405021357
1111,50,52,0.08958162294852157,0.29907413868150334
1112,39,70,0.6122756837121234,0.9851764533208314
1113,42,30,0.8353359008821818,0.7551420976503622
1114,49,57,0.44663882518439346,0.8023995534682262
1115,29,86,0.9092277962741347,0.02754359752874702
1116,20,13,0.8160432609726248,0.29260115066226666
1117,11,2,0.10772666596840308,0.4863277091366729
1118,39,63,0.9090976291670751,0.17286642186179746
1119,19,13,0.5343870245926098,0.9117113101298661
1120,14,59,0.9175591802125327,0.5591394808306636
1121,9,24,0.01211112816111859,0.936845550741167
1122,32,9,0.2255877523433849,0.41298143468190485
1123,24,82,0.7249536885869072,0.5289359111845174
1124,3,45,0.7000013407061263,0.8510191231650657
1125,44,38,0.01127064188603244,0.5190239739803977
1126,2,29,0.60348616543662,0.12232831075561057
1127,38,98,0.746849741431802,0.48378652896666596
1128,24,27,0.8749754742035053,0.9695393027076957
1129,30,56,0.6070165374269354,0.4875229745491634
1130,37,32,0.6236625594420714,0.6826616556437679
1131,20,20,0.9242373518565745,0.30859921621757547
1132,3,48,0.5339236286333845,0.7135809337026119
1133,49,31,0.6975313546117197,0.4916631103911584
1134,45,5,0.5144478894886774,0.8215595070057875
1135,15,29,0.200436354354949,0.490081566160242
1136,32,55,0.8496198325732395,0.980324920244427
1137,37,74,0.3370549110798907,0.711658351325989
1138,12,6,0.9522148662235067,0.5093108235375711
1139,6,16,0.9640358704933639,0.9524762451489412
1140,27,39,0.6654988711350944,0.8227401862203882
1141,19,87,0.9537989980700371,0.06548931062566954
1142,49,91,0.10402571724293697,0.14564854103944758
1143,16,4,0.10825837957512396,0.30210452632100127
1144,16,8,0.38167138629417297,0.8900306424535235
1145,23,65,0.12337241952755573,0.9567918308264518
1146,21,78,0.8326437667722948,0.6537907138064012
1147,19,70,0.4998863085779398,0.17419905073543918
1148,7,58,0.5795987485205139,0.6209711161705046
1149,33,36,0.512653875741848,0.6165707484558482
1150,27,53,0.9904240671434229,0.21150389361306177
1151,34,81,0.406969113593757,0.4676443672758166
1152,32,81,0.847342293226055,0.22988509652013334
1153,7,94,0.639655649338478,0.007038033890440887
1154,44,60,0.5759175834963262,0.8659012915926935
1155,5,60,0.13503663607552252,0.6818415802832332
1156,44,37,0.027300769196029195,0.38056899342462924
1157,36,2,0.14374445450447149,0.21370592669238286
1158,22,40,0.4574981128944202,0.038623668911744624
1159,44,37,0.7965564866653068,0.8517520255598129
1160,2,52,0.3306639470845857,0.8622254343036637
1161,10,1,0.5167005207710041,0.251851052850783
1162,35,9,0.15693517019570202,0.11862412233379183
1163,44,23,0.4509411432657662,0.4873908383385558
1164,42,8,0.6900317050446234,0.5220961120166494
1165,17,72,0.046423497122611845,0.7478137879022952
1166,23,97,0.37335777068704923,0.3432257503069789
1167,2,17,0.8377524868084925,0.7044027998276778
1168,41,22,0.8200612421616058,0.8417911884055878
1169,5,68,0.9460436080422789,0.9534546961011591
1170,20,64,0.24859408630845603,0.11722762418216448
1171,23,96,0.03571687789978917,0.7061956720506909
1172,23,60,0.5240006501065252,0.6815246127955197
1173,48,32,0.39378767292724726,0.48723062215112467
1174,36,39,0.15199596643541546,0.11416731501625565
1175,37,64,0.13347212727371405,0.3855506271011011
1176,8,2,0.9929945949915882,0.12146222085458802
1177,46,90,0.809189090233966,0.7908402646014571
1178,21,30,0.7136298021776616,0.09736964176932306
1179,30,10,0.1341324859037133,0.3459322303549459
1180,30,11,0.8900181629313507,0.9237465152506102
1181,42,84,0.5010859919799188,0.0583216137464343
1182,43,22,0.5804816023763507,0.007421737778308124
1183,9,4,0.9095794562784577,0.6945066471202092
1184,42,39,0.42737181806797275,0.04763155306801825
1185,14,19,0.7627501282212127,0.8608915292930487
1186,7,38,0.11277185472639684,0.12509230298983542
1187,23,9,0.22157882750002944,0.2443844436254149
1188,12,72,0.26359761636824375,0.43141230587762813
1189,26,73,0.4566091202327154,0.0205992268714984
1190,40,9,0.7342923700402859,0.7506804533513692
1191,36,83,0.8594000016155185,0.8719217566099431
1192,33,28,0.4859815750439641,0.5116948105967938
1193,2,48,0.2351826840999377,0.10018309336010567
1194,3,50,0.33631714943760693,0.9056266741166253
1195,7,28,0.37019022599421914,0.7103141491962452
1196,24,62,0.15108541976081247,0.6518340697854167
1197,13,7,0.9286727147640653,0.5483988879425724
1198,1,69,0.08431892391362616,0.8991020041573011
1199,28,11,0.9920816482023189,0.015003852373460025
1200,33,3,0.4278334789326468,0.9242114726915277
1201,20,81,0.9029589254512395,0.35044098126161316
1202,6,26,0.4864759434848839,0.8190858494619143
1203,18,20,0.34189551525663553,0.727008832593064
1204,18,53,0.04168480659540785,0.5359082406472738
1205,15,40,0.7563935995136438,0.6412776724567503
1206,33,91,0.7680214595721986,0.9552700798401047
1207,9,81,0.062261313804039764,0.33102828412239105
1208,45,16,0.7424749304761997,0.05860278768998484
1209,42,17,0.7540536998852446,0.27128179830414323
1210,37,68,0.3788360942882756,0.978315502824693
1211,28,41,0.49110938780461355,0.019549036321349966
1212,30,62,0.1833729218604364,0.09341551419695238
1213,9,46,0.8109075793177695,0.771670067936386
1214,43,38,0.5029048488089826,0.35294354282498663
1215,19,1,0.606399077636491,0.6775839855931597
1216,42,85,0.9720327502161971,0.8100925543360676
1217,28,61,0.24188101123367312,0.8863984881194007
1218,6,81,0.4742168878449077,0.39498508843580993
1219,28,33,0.5928561332964617,0.9616703002928253
1220,27,9,0.046246753055398826,0.2773910549781633
1221,47,88,0.6854531203377932,0.5827743950992542
1222,35,72,0.7420979693821997,0.3949945946301603
1223,3,11,0.6898491843865693,0.5731099893123149
1224,18,71,0.42865107240214073,0.40454387083647037
1225,38,74,0.002263025566269561,0.608611863496293
1226,24,8,0.44108580550174514,0.3716862901409117
1227,18,13,0.933797697456246,0.2538086980258507
1228,30,83,0.8028421807202668,0.3433193268832492
1229,13,74,0.3946882205203853,0.4632856230233424
1230,23,72,0.7984672077273771,0.49723761808008327
1231,34,51,0.8052000667837681,0.3034055868119232
1232,17,81,0.7617669906351955,0.5022881206716183
1233,6,20,0.7182836065018301,0.43725489400248363
1234,9,73,0.10895407689010572,0.42051161456726727
1235,49,8,0.9906919809455003,0.169950643419015
1236,43,18,0.22820583390495897,0.3286978904095227
1237,11,25,0.7599080716136348,0.2813707459892004
1238,49,14,0.5195581325729197,0.7789819973337015
1239,24,20,0.9817930758441705,0.5363321337552461
1240,44,53,0.46915444984557464,0.2724639620187379
1241,13,52,0.8362865497288456,0.14470314672432893
1242,35,57,0.03820737302732069,0.9374313523769504
1243,43,39,0.3326363132338699,0.7959493436872127
1244,6,88,0.4316745944959337,0.11989167748887353
1245,26,35,0.8488324206528418,0.2953918808616931
1246,49,71,0.10352460420915321,0.38276451037900217
1247,45,29,0.6106223352788398,0.06928396401587389
1248,16,92,0.5435570073495308,0.933069707001981
1249,3,85,0.36472173054065415,0.5575560341676942
1250,7,5,0.14759365363254728,0.20249509611012606
1251,23,56,0.7518292921341602,0.14911155464248282
1252,50,60,0.4948195693654338,0.6583423714333007
1253,1,35,0.9136157009670218,0.42131284655683254
1254,18,13,0.9882296325559736,0.18178841096487608
1255,8,45,0.29264352113595515,0.7809142681086285
1256,17,81,0.350086061026615,0.7221371101557079
1257,11,63,0.7977140081063927,0.43600446550369965
1258,24,14,0.37464512607096057,0.05103289116787624
1259,24,64,0.33111217712465446,0.6624094125112522
1260,13,86,0.6828378782646141,0.8738855125410675
1261,36,93,0.6539539609301773,0.7827825718908112
1262,1,9,0.8928233976672743,0.1700702965562223
1263,3,24,0.8923854485391012,0.19602571098173482
1264,26,99,0.011804021741283921,0.8359700051545634
1265,23,39,0.1555020758426764,0.6515814168592388
1266,37,92,0.5334564965502859,0.21497126218958296
1267,20,83,0.20258080188904104,0.21147629147903413
1268,14,85,0.1891929728798396,0.9215366744722522
1269,13,6,0.14723820870376259,0.6935108864333718
1270,40,76,0.289635473925123,0.3066976317897142
1271,17,28,0.042247150943607426,0.485056146862367
1272,50,84,0.8670112065991802,0.9829426668579226
1273,9,3,0.09991456445988289,0.8399356687414696
1274,26,71,0.6497591815298012,0.9375428219799764
1275,10,94,0.43495057210164845,0.17361558288405532
1276,44,35,0.43015161391898116,0.5115726031145241
1277,12,67,0.11341380409039115,0.9125822365613848
1278,12,71,0.007641982896539723,0.25327839077378644
1279,5,42,0.43699268964482363,0.9460327556731194
1280,48,85,0.3057781644299016,0.3074764763252431
1281,48,81,0.38918361413654845,0.8085988488553696
1282,12,2,0.744768291818506,0.39186183666484053
1283,48,1,0.06720997317702704,0.9554472877629696
1284,8,60,0.008088392365774966,0.4853909639508096
1285,4,73,0.7984885152439256,0.6288855796804683
1286,17,3,0.599419763004993,0.818742015267063
1287,10,66,0.11240081570137106,0.9341661916465249
1288,20,39,0.052641545715941374,0.5284059418670599
1289,35,9,0.09861512273999162,0.3350712259583827
1290,27,58,0.8091154509093585,0.04226452722937457
1291,49,25,0.985130576371156,0.8038690565769052
1292,12,26,0.44533249225009885,0.5820419087109522
1293,16,32,0.4233704541802995,0.8219794084947846
1294,25,100,0.0640483178392185,0.49907340089655283
1295,23,52,0.605582635197155,0.20544947002875102
1296,7,67,0.6770373545606387,0.6747784843309728
1297,9,93,0.4016069547714638,0.9323851732801172
1298,50,51,0.1708446852306721,0.5967010257045117
1299,32,63,0.10373067319279206,0.692376782276534
1300,45,100,0.6416277063776681,0.11715293011334726
1301,45,94,0.3792063041190318,0.19793512165526372
1302,8,1,0.06875646144906056,0.8219283738722447
1303,23,66,0.8291773897520759,0.4266220394532326
1304,50,74,0.33308145295494884,0.5274802048049134
1305,43,2,0.31734902221161065,0.35292085391282446
1306,39,51,0.4011462725967522,0.4473804248248695
1307,4,51,0.23838452156462575,0.6240481998174774
1308,39,23,0.7205895913476984,0.8623788695485501
1309,42,49,0.011507494925206418,0.15732921534437838
1310,14,18,0.46712045294525784,0.21958008634445203
1311,2,71,0.7122831072506668,0.5058150287459835
1312,42,51,0.05050296977505597,0.15863755930272538
1313,44,68,0.5934376199071854,0.8120557855201471
1314,10,9,0.3635822999477105,0.07597212425962141
1315,16,31,0.8894470063363061,0.1462601307871646
1316,39,86,0.37146347161776994,0.5847842444449904
1317,8,22,0.48706107145806565,0.08012616354231883
1318,19,79,0.4401089636894424,0.7802147733114408
1319,39,68,0.0893146245451627,0.8140985426734395
1320,34,14,0.5920723794304197,0.32181286868747583
1321,40,38,0.25305710524167846,0.6417749425628951
1322,33,41,0.09217361240715194,0.5225046740454865
1323,8,9,0.26121292142796204,0.7233199500896478
1324,32,6,0.7972973674341888,0.6745700123313447
1325,1,77,0.8393386118977074,0.22648264940770568
1326,43,50,0.7296720915717468,0.18976842254545823
1327,49,40,0.4648079802483337,0.06905027723947976
1328,14,80,0.017005540545186104,0.8911359136997862
1329,23,15,0.26582294361821635,0.9143261359541199
1330,4,50,0.5259805157192147,0.5450763561499655
1331,7,52,0.46596427929123574,0.9213620884699344
1332,24,12,0.14368189025356093,0.4645909506809991
1333,10,65,0.47860230978203744,0.08000602394727407
1334,43,98,0.1710458237404242,0.272364743471472
1335,36,14,0.3243342398114155,0.5300475043059083
1336,34,38,0.9114976914525277,0.4673363765668691
1337,14,72,0.4497387998841419,0.08438284897983117
1338,13,62,0.39259914479498403,0.01951753948251933
1339,42,18,0.17709191390718548,0.40864671979830947
1340,17,76,0.4592544072175264,0.8021406519574259
1341,29,27,0.07408827820640018,0.4144211312112458
1342,31,21,0.7520007945454785,0.21015786733115271
1343,41,46,0.509890098710143,0.6314529359566344
1344,17,47,0.17610493503805735,0.3447517414274539
1345,4,1,0.04834554414599379,0.656462031820374
1346,3,41,0.22114523936411312,0.9753949274097123
1347,40,31,0.23396664945621626,0.19258946092951734
1348,27,12,0.4605979514222165,0.7460305597555845
1349,8,73,0.42343620064488663,0.49266433226107487
1350,22,13,0.9695310968582791,0.42068951305779745
1351,32,49,0.12735489640537723,0.9835125294515795
1352,21,7,0.00544122876858899,0.25438922572743294
1353,44,91,0.9750873578884349,0.6723936843558659
1354,20,3,0.6865296700568264,0.7166956238733063
1355,44,94,0.37124223764078457,0.28110966924766867
1356,6,20,0.8799280821926833,0.5621551320804189
1357,49,25,0.9511851387646878,0.6680813965420987
1358,33,18,0.1433763034450235,0.5261012808511311
1359,50,6,0.3720272342929365,0.25800785034432994
1360,27,31,0.7846467038388479,0.3616827218965084
1361,46,11,0.38654748832485963,0.9559747747701844
1362,19,84,0.2272571870460769,0.5488573307103027
1363,35,25,0.43327758497376023,0.12591636943251971
1364,47,52,0.8247571794374274,0.4341922799240142
1365,49,37,0.07486475689079153,0.27350884123006747
1366,19,55,0.25560411851698905,0.027151111633647917
1367,43,55,0.39713037570378085,0.4299739232175702
1368,3,17,0.7788665223014734,0.7070562503732553
1369,17,44,0.3813999201309224,0.38512119494971997
1370,3,93,0.8169238330469518,0.5759313138771291
1371,32,60,0.35000722240158055,0.87718823514545
1372,45,18,0.5056292143283448,0.16909482057147307
1373,25,19,0.18242214184368122,0.9893691996213275
1374,13,72,0.21945931551329323,0.0009350145024153989
1375,23,99,0.2137187665657968,0.5472912733819897
1376,16,17,0.31854812451173753,0.09677705105613721
1377,47,33,0.9020461212916675,0.6537927882637754
1378,37,88,0.5224566496052414,0.4121987508500642
1379,42,97,0.21824352302837569,0.646534713804629
1380,14,24,0.41087350682211554,0.29029709662143643
1381,35,97,0.6848966507850408,0.13280692175952336
1382,23,86,0.9858441717173808,0.9598921541948895
1383,37,40,0.4158207000958797,0.8183972367876806
1384,30,12,0.22876969383693135,0.5307661356416331
1385,15,47,0.7145927855573306,0.6530882407132395
1386,50,60,0.31105526572579234,0.4893596316417895
1387,10,98,0.45089262026254107,0.7902831263651462
1388,19,70,0.6813807930075425,0.6052847463947452
1389,5,25,0.9865225144768619,0.13555055007773542
1390,18,92,0.497141613740694,0.4923071858596211
1391,5,75,0.08493032021144709,0.6339429063377852
1392,26,36,0.345321102257949,0.837755582631496
1393,34,95,0.33443245291768364,0.23637254890752424
1394,21,67,0.4667362163138483,0.08214195660519397
1395,39,58,0.8372716192487255,0.7499061505495196
1396,46,28,0.3940621179686147,0.33782837806376154
1397,28,32,0.6907273789808124,0.8095660899014575
1398,27,51,0.8974350728517934,0.6576908314514943
1399,22,42,0.885616163743105,0.14553856867008474
1400,45,17,0.1308234275830401,0.9475946019386422
1401,40,56,0.011499963661988688,0.8257086990828718
1402,48,53,0.7099864859796073,0.2760777075150037
1403,20,81,0.30252280258154274,0.6179253837931097
1404,3,23,0.835465443152744,0.8170186624237774
1405,49,35,0.44299318832014534,0.636262474795172
1406,26,14,0.24768793319383264,0.4302542638909598
1407,4,14,0.9303525716393665,0.16647677505024938
1408,39,79,0.6642976183925141,0.1223358308075092
1409,22,53,0.8119520648835985,0.9053553980227323
1410,13,24,0.29355794598139573,0.8492764808031356
1411,45,14,0.5182157585486383,0.4410917375840716
1412,36,99,0.8898017591192934,0.32107831770050155
1413,35,95,0.43171401811926413,0.31903508302585537
1414,8,19,0.17379444907236985,0.3438775285215201
1415,14,74,0.3029384144352719,0.8597691318461649
1416,20,27,0.25653480216749835,0.17017061672566347
1417,25,48,0.7162069774843159,0.9185537388949654
1418,16,49,0.4548403813037434,0.726387919806349
1419,30,56,0.6565138840412246,0.8010296106785457
1420,22,83,0.07869525592720328,0.24373541676205313
1421,10,31,0.5192105736935945,0.6687518240820198
1422,47,53,0.524537852351622,0.08336060306164572
1423,3,5,0.35877661077292644,0.8790588133281954
1424,11,85,0.2677194240991765,0.10044727509849116
1425,42,15,0.8070078233721284,0.5595687220842059
1426,4,10,0.7194147951510097,0.9871452320681113
1427,38,74,0.4251510927319576,0.6612369326135318
1428,44,44,0.9917441575324882,0.6864333463848884
1429,31,84,0.14947265960367273,0.4879291890857619
1430,27,67,0.8186219875926195,0.45643572722393155
1431,6,92,0.7640741939500134,0.36391543366499834
1432,27,64,0.26519366413085654,0.5391367722196599
1433,33,3,0.013078992502032039,0.42513368891979186
1434,47,39,0.39359176082141645,0.6360026092126307
1435,29,62,0.39207866170806627,0.702885568460478
1436,45,16,0.6451662250899212,0.8397264072164295
1437,49,15,0.5878523592070133,0.21515796433110113
1438,49,34,0.12506508491892954,0.6135154321079646
1439,31,70,0.14131660638484556,0.8967900531588615
1440,38,52,0.5554519661723474,0.7624496536024513
1441,27,65,0.23668822189647098,0.21745707783120427
1442,49,66,0.7745087977269334,0.2602004355777632
1443,47,45,0.8296086138006888,0.5044359585671961
1444,10,58,0.38067597493627303,0.9140069022379479
1445,36,13,0.29017314885911005,0.855166118142934
1446,4,39,0.28286448167639977,0.18492718844528266
1447,26,85,0.06042466701627247,0.5003991675445251
1448,19,45,0.4508627037603621,0.6426780193918659
1449,48,68,0.478420420377044,0.6401890228411844
1450,37,27,0.683245702471686,0.4146051387261708
1451,47,84,0.4180152650580923,0.048519710512475944
1452,38,70,0.7115794972129005,0.5487419345736904
1453,18,78,0.7160535796419131,0.6757112910149032
1454,38,49,0.3259883716964822,0.911930600423899
1455,30,63,0.051249104774129584,0.785844756492716
1456,2,98,0.8094398741139702,0.05973417030678507
1457,17,70,0.023291577561155408,0.44711364547272625
1458,17,56,0.3629460029052233,0.2774755748735256
1459,25,72,0.8609679868205068,0.6194784396161104
1460,3,88,0.49715570740928283,0.6948419500304576
1461,10,98,0.03682397935639414,0.30284750344639844
1462,25,100,0.27484398262732457,0.41449369090750277
1463,15,15,0.33434802271933073,0.7399240194565736
1464,17,68,0.7047756712386113,0.22127981887248427
1465,29,41,0.0199092747534112,0.385533602856973
1466,9,62,0.5397540675452842,0.5727797429719923
1467,11,90,0.495362544232014,0.11783387711441096
1468,28,86,0.7934804505106449,0.9871005610810172
1469,12,14,0.0338538973928022,0.6680819589435862
1470,38,15,0.8629579150633275,0.5892562556083837
1471,2,31,0.0011217723379598477,0.6244310409168732
1472,41,6,0.1093226941631198,0.9379973064719278
1473,8,98,0.23408319966253932,0.758685001499339
1474,3,30,0.955421216539107,0.39512594496745546
1475,27,55,0.22658147549108354,0.36434211462610544
1476,17,97,0.2528556274874345,0.4233821768001116
1477,30,66,0.5158004045590426,0.6510022566712332
1478,50,36,0.57731204968518,0.8398230392752443
1479,25,83,0.8552422186217965,0.9548252208460021
1480,32,2,0.27234045270731766,0.7252100638860374
1481,30,41,0.7474747291437217,0.5664573036492405
1482,28,8,0.2714813988040753,0.07259426553355786
1483,28,52,0.41599606839414627,0.37592954879079377
1484,44,52,0.7029678445490086,0.08768824764180472
1485,6,32,0.7005693810629484,0.2845355278361176
1486,6,43,0.4575727805942774,0.18062384153856437
1487,14,15,0.8499130870618827,0.43842374347362034
1488,43,1,0.3458724733289147,0.34547783393690235
1489,49,7,0.3108455191235475,0.9834646329896793
1490,26,1,0.9487898812934563,0.9596201903139002
1491,37,14,0.9000227631091621,0.590286507152121
1492,41,24,0.719731259303809,0.4151402985478433
1493,9,3,0.6507090294726112,0.7060310264678609
1494,10,11,0.6714160115252542,0.4434191658678568
1495,49,29,0.0808809861572014,0.6897852104695499
1496,28,13,0.4989886837534173,0.24493121459654454
1497,41,7,0.26652143749439106,0.31252140145655793
1498,42,30,0.555120924351744,0.6575225517411201
1499,30,13,0.9279190050897915,0.10230157128175887
1500,24,32,0.10501976205860308,0.663350405476539
1501,45,40,0.9681975057364729,0.9235983149923802
1502,36,43,0.33771463182565664,0.9922630296945703
1503,8,41,0.03037632630791065,0.6284735403500694
1504,32,98,0.5801487912074782,0.9005288074131254
1505,37,78,0.5416388312534798,0.9095304324553493
1506,19,92,0.2048651373327246,0.2848352425978259
1507,17,49,0.686955964843787,0.05663974747394629
1508,39,58,0.540689351655871,0.2585356146862098
1509,26,42,0.08659475797393001,0.0020982949045706967
1510,16,75,0.6778675989913033,0.7533163346163382
1511,13,50,0.43062599389553624,0.8926721532551128
1512,40,16,0.572196464654449,0.9663487011454701
1513,47,23,0.819024984404749,0.6112826091534675
1514,1,68,0.31507730721480653,0.4168541033684635
1515,38,64,0.7767096080316288,0.3802012651737692
1516,11,55,0.4845782733705739,0.0010996714979274458
1517,22,47,0.9884387359927005,0.5718892289994604
1518,11,27,0.028928060326537275,0.005700913054726531
1519,9,12,0.4780960520535251,0.38997421036005053
1520,8,97,0.8969980917290162,0.9472093651718121
1521,37,97,0.9671494171254428,0.3938749974365878
1522,33,30,0.3011291378277976,0.19976424538106308
1523,27,38,0.8128009169773777,0.27594155282678223
1524,39,9,0.626855502851543,0.08359478381759688
1525,40,89,0.9626702904536871,0.45653613065816345
1526,20,30,0.6621270909892087,0.21401234662775193
1527,48,53,0.0016098592403817058,0.801898791768593
1528,33,54,0.04003919714121118,0.7568754346151603
1529,29,19,0.7142527174330526,0.6449727928548469
1530,15,64,0.4271059322732378,0.14513424692606403
1531,50,17,0.2702441561010639,0.3038521169626366
1532,20,18,0.8680346380936927,0.4549100676668544
1533,25,39,0.37873220528733764,0.8577131176065435
1534,2,38,0.07488132093617672,0.7716917524311788
1535,32,93,0.9723091103536571,0.8860864867660107
1536,43,31,0.057534926953695,0.26686812609444854
1537,30,51,0.7671502266873657,0.6636940385115937
1538,19,75,0.25205781540076,0.19462705908508693
1539,48,22,0.773551014404675,0.3086940211683745
1540,48,92,0.3532674306186647,0.44051618983080376
1541,12,40,0.30993634628998656,0.0053299109608230255
1542,33,38,0.7320507404574027,0.1673637001336531
1543,13,21,0.20884915907239787,0.041907613009400047
1544,5,33,0.9707520788949816,0.04707541625823575
1545,30,25,0.3088147145383675,0.1748367969966127
1546,43,90,0.509414914687546,0.6023586320568016
1547,9,14,0.4456695937754366,0.6371454659434891
1548,39,99,0.36703667153150543,0.35093999704147016
1549,37,27,0.2737504754912353,0.7672904467786006
1550,16,53,0.4155095651508758,0.23883644536580306
1551,16,60,0.8952855698741823,0.4535127294535751
1552,28,13,0.10966792425338867,0.8180637858412974
1553,8,29,0.26916110600541765,0.5245184808637335
1554,9,49,0.5711852685354315,0.4844816966607064
1555,49,73,0.10586831183907075,0.43060792160639516
1556,28,57,0.15632541043226744,0.1222859051023939
1557,32,91,0.8949079011513417,0.4894682051986671
1558,21,53,0.057963277640229016,0.8649573026058646
1559,2,31,0.13365619537794993,0.6442219647046548
1560,17,97,0.6449249297518062,0.07499156511292582
1561,20,4,0.6782768161146902,0.9275605381104719
1562,21,87,0.5303167512031307,0.045470675584637466
1563,13,19,0.48073904619273244,0.7454184660984335
1564,28,67,0.009010474757467635,0.3378766424883898
1565,43,74,0.38494061776160104,0.3537734605547004
1566,21,94,0.4730499632167988,0.9948424613519941
1567,29,4,0.8850277871755435,0.3599301099667782
1568,7,30,0.8800276032765803,0.727880349583333
1569,7,88,0.34072327003142133,0.5664845208299767
1570,25,91,0.6018560657620973,0.5868647522277878
1571,39,82,0.3182975598899809,0.021590708653626
1572,34,43,0.07734525994510966,0.6740273949092115
1573,14,46,0.045844286009560364,0.2376673928689007
1574,44,11,0.8948711195040672,0.3613190906488615
1575,26,61,0.3470365478686763,0.20402257768806153
1576,17,52,0.07431366989275079,0.11104332041875531
1577,10,10,0.021785298798990604,0.03425401241280146
1578,41,16,0.7795846418269244,0.6708677358422249
1579,46,42,0.7176928504433493,0.9320820619395709
1580,17,76,0.1032072535664662,0.47324623946093536
1581,41,70,0.2396743795176739,0.19630418567337993
1582,28,36,0.3777852045323341,0.008451962223317233
1583,45,76,0.34423336275263117,0.8593633470458825
1584,4,20,0.8175635335057954,0.8729692910153763
1585,40,3,0.2882455150615857,0.21118505514988528
1586,5,12,0.4400031462006092,0.46448295214635194
1587,29,72,0.04780816868952664,0.15724103357158659
1588,30,13,0.441293140561691,0.17581223231751142
1589,46,63,0.3285737105727994,0.88653861543593
1590,39,33,0.49673595067098375,0.38121782759208434
1591,38,82,0.04178019304116032,0.6332056844898265
1592,49,23,0.5830734096108666,0.6238895450285222
1593,10,54,0.21415568903183613,0.8715798826024475
1594,8,69,0.9432795192647226,0.7651331190839662
1595,40,78,0.3468775959107201,0.3562013141356263
1596,48,30,0.9741810211211132,0.736584633147065
1597,13,88,0.9211368227690964,0.8989807232639754
1598,31,85,0.32990566051211434,0.37102156808818443
1599,10,18,0.19215656000358616,0.8220436007960301
1600,35,86,0.12113675961624404,0.8092424258703939
1601,45,62,0.32717592020465425,0.5877604159053248
1602,27,80,0.9897571809058645,0.16659222660229445
1603,4,97,0.9399012559309959,0.5640541469627144
1604,45,33,0.6606003495569298,0.7862088145597133
1605,26,18,0.30625113804056825,0.7718489403735712
1606,31,55,0.18547298960252945,0.4224363731925921
1607,11,84,0.971534062069931,0.8157393338141634
1608,15,83,0.5879450176070392,0.7038902042788905
1609,8,95,0.28439298196483775,0.24183923125802853
1610,20,46,0.3100610088660073,0.47908205366859147
1611,8,1,0.2696337446861303,0.4130591402131044
1612,31,59,0.4432097728069263,0.6955782269844557
1613,23,56,0.11963592293106551,0.7759991140771239
1614,46,81,0.9878265709691668,0.46747700934753866
1615,23,91,0.9627026465360683,0.9797101035542749
1616,3,48,0.37182821600647276,0.5753364857674999
1617,4,46,0.5746186528701164,0.35471100314315873
1618,34,20,0.268241528413399,0.5926622519161592
1619,11,96,0.40484276659862173,0.31406841822095577
1620,19,8,0.7644920305812634,0.4695420454585496
1621,31,46,0.27168157930253334,0.8433272307344359
1622,5,84,0.46935169379357744,0.8307700468483704
1623,16,27,0.4629397958273883,0.6945633553268309
1624,39,5,0.5280166350230066,0.3758971234553552
1625,31,12,0.34523676048288043,0.18706744290353294
1626,2,17,0.27546845771126394,0.8547554470357419
1627,48,83,0.7061072603696664,0.583926830763124
1628,29,95,0.633165187857493,0.4191833191586424
1629,7,90,0.06738134850826583,0.16573070536618295
1630,8,100,0.3837647362493902,0.43897622812165815
1631,18,27,0.3976955164675252,0.050018904566683786
1632,16,42,0.623071833970812,0.40800896987750435
1633,3,68,0.9370655065653477,0.13653741583113987
1634,5,44,0.23568267436957513,0.9722758646397595
1635,6,68,0.11780886116003575,0.9256210238186644
1636,26,23,0.3877428893144479,0.3249343215846111
1637,3,18,0.8239078018363105,0.2770908261867069
1638,42,85,0.7769061854454652,0.06485315053627017
1639,29,87,0.6998308002672264,0.9245232531377535
1640,49,51,0.16261005128352202,0.8905603862685191
1641,24,48,0.15486324835445675,0.07218740616182939
1642,49,31,0.4921226089089493,0.5590658139117164
1643,40,74,0.23411374488233672,0.27747828771939953
1644,23,71,0.7355542764678713,0.5273372433101802
1645,35,72,0.6979235289008884,0.5974723486340439
1646,13,26,0.38123797057815256,0.7868087008686362
1647,14,53,0.7672176258320116,0.06859364438321092
1648,17,7,0.8589518664307791,0.5132677854418439
1649,30,19,0.1055772865613408,0.02145866582232181
1650,34,94,0.7928298549803442,0.5491138628200734
1651,10,96,0.8952751010164862,0.4199439192948007
1652,6,5,0.8583377538758226,0.060564881289550065
1653,10,32,0.01774386235125025,0.06210662941382694
1654,2,41,0.8465201688537706,0.21769857033435902
1655,49,35,0.39893723633243794,0.9652040897683762
1656,15,59,0.9392493727633423,0.5308746748436672
1657,28,57,0.9944519733366786,0.5334755830465335
1658,16,53,0.18226537847642665,0.6071554299239514
1659,6,55,0.5550662545244831,0.9364183898864639
1660,22,85,0.6838672944481535,0.42617601528717597
1661,16,37,0.5659271423615894,0.33948385168771333
1662,3,88,0.6124597205832336,0.25844506257457756
1663,24,39,0.19725159188706765,0.37190521854595027
1664,5,85,0.003474238218124426,0.5823037518981444
1665,23,57,0.4703588979860036,0.43745767486139064
1666,22,13,0.2532341981532329,0.48738643185009045
1667,4,53,0.04736070219079924,0.8977124365783768
1668,43,52,0.9714528658705178,0.8154623205895012
1669,13,77,0.29468156582633287,0.7617179287236203
1670,3,43,0.9460255384650726,0.4678995942979436
1671,46,5,0.2699676108046787,0.5417125404280568
1672,22,35,0.36796379401399737,0.637031383535075
1673,24,56,0.2972310935603092,0.543601231389638
1674,49,35,0.35956306781114045,0.001887990195330369
1675,34,13,0.09810039153029815,0.248700830693241
1676,8,29,0.27853912584185514,0.28487813517018523
1677,49,94,0.16525129167441754,0.26448180139189026
1678,35,92,0.11233528735740173,0.01436034279236964
1679,24,42,0.46514161362479745,0.5135187427135229
1680,8,91,0.12093945862430433,0.10741481978098966
1681,28,94,0.2897806781012381,0.8999041993963366
1682,19,86,0.893995941984499,0.353653813376995
1683,29,61,0.8224789859168679,0.14633677307074922
1684,20,49,0.12646403619060143,0.5258829689908099
1685,3,94,0.5447325328403293,0.12915921387295215
1686,8,72,0.9725101267582899,0.14169232727225878
1687,15,10,0.8963602200989359,0.6762722210881226
1688,20,30,0.1760347394542634,0.10987375491602758
1689,19,77,0.16424553748758308,0.6140070934476869
1690,27,85,0.3947566849602645,0.7874883884807091
1691,43,15,0.1551938896524786,0.6044066288763168
1692,46,61,0.1608569810827294,0.38635624837303306
1693,41,52,0.9953904931374546,0.2535411800334685
1694,49,100,0.17816525304939368,0.37177970192782495
1695,42,32,0.38374248497961805,0.7536544198419927
1696,40,29,0.6727899818318427,0.7033024917167191
1697,12,81,0.8526121724325901,0.14348833713990672
1698,40,61,0.32476265053739295,0.04489572076112924
1699,47,44,0.13554895594694705,0.8810216360540041
1700,48,54,0.178908384394601,0.2996638101607395
1701,8,72,0.4071061311256642,0.7002930470381704
1702,44,36,0.054866147903360085,0.3027449522343134
1703,31,35,0.42548942248060384,0.6621302630952829
1704,33,70,0.5685490193062586,0.9819711250183416
1705,45,42,0.5846041135033565,0.44462829845954943
1706,19,32,0.6154780046340053,0.7079371870078883
1707,6,99,0.26501966197192117,0.1395252070434453
1708,19,98,0.8367245737883585,0.8368377123329502
1709,31,79,0.772581968676041,0.8256728981120631
1710,26,93,0.5276253266298331,0.7537458271544444
1711,14,38,0.02977888590399158,0.45015402484320033
1712,48,36,0.3261361962045721,0.3197692967317639
1713,37,50,0.6665034521338915,0.1079348504011366
1714,15,98,0.19406552957650547,0.016168578998068228
1715,13,22,0.5498447991424047,0.08844031787497497
1716,40,24,0.9565951087936548,0.10407309395823072
1717,4,65,0.6602802147841097,0.08513052526743348
1718,34,83,0.5315823774346186,0.7381177512827357
1719,35,37,0.3140824798755708,0.9928990854181535
1720,11,2,0.7058715604322762,0.8553940306622795
1721,46,1,0.014822554905836616,0.08913566153669528
1722,21,59,0.09317702962278629,0.906504217671793
1723,15,8,0.49391879032582653,0.12822475812555845
1724,45,45,0.05020687353140674,0.08632554890353017
1725,2,5,0.2937667421818464,0.23453537668186752
1726,21,48,0.3483871079379346,0.8213553778949072
1727,47,5,0.6059550233431936,0.8275327250812177
1728,5,87,0.5841125451279293,0.5257815048392015
1729,12,28,0.49915586450949834,0.019738544614818943
1730,21,1,0.47066264562816895,0.4445561250254204
1731,20,90,0.006646297096894349,0.6230712071249762
1732,29,99,0.035779927332263206,0.6072128176100554
1733,25,23,0.1233386811790731,0.6876377451556286
1734,4,73,0.9718215494523387,0.4215649267491197
1735,3,80,0.2775089577133566,0.8187229455642877
1736,25,59,0.7271399455436064,0.5353385484416878
1737,5,20,0.3876166411030809,0.8564838841290255
1738,9,72,0.2183586963857741,0.8422488986017481
1739,22,96,0.7200373272503775,0.5872425393089533
1740,8,71,0.41413910052110436,0.5274957880411194
1741,15,11,0.9760164735497082,0.2111855684330899
1742,16,9,0.5771106717259273,0.7780616726854656
1743,7,27,0.8664605993840792,0.07101559149806835
1744,20,26,0.8297205438427051,0.11928652940851259
1745,5,62,0.32652432532228604,0.09911423155810106
1746,46,2,0.4478485502108698,0.5760187661102295
1747,5,81,0.9726421068823978,0.6075018715051518
1748,20,36,0.6264688260185988,0.9695812924218032
1749,35,41,0.23835011803996708,0.7317815357930798
1750,19,77,0.46609105943163154,0.010628158725590198
1751,23,73,0.843826974578796,0.8411363475433556
1752,45,90,0.23954801966989003,0.9283729338975782
1753,29,21,0.14875669840031747,0.29937686538792774
1754,46,37,0.5957390146981095,0.942723800999658
1755,20,19,0.2825203985807897,0.1907525341480124
1756,19,25,0.9561392241142238,0.9771697967749267
1757,7,64,0.5281602241137571,0.22352277120706054
1758,21,70,0.38121344345222585,0.13704358251393411
1759,40,61,0.15069714971981996,0.8237821360222926
1760,46,12,0.19893396845625477,0.14758497652499336
1761,36,97,0.9717385295510024,0.48289202211102134
1762,41,32,0.17336115250860507,0.22145791453526986
1763,12,26,0.9595707023981664,0.29309110353140333
1764,44,2,0.7625108931424367,0.7695082045290856
1765,32,76,0.9486776819513041,0.11702121228781348
1766,37,72,0.12121184496503035,0.7006556560890703
1767,21,81,0.9147107144924763,0.13474508521261386
1768,47,38,0.4778619604692529,0.4930637130945814
1769,18,99,0.9919473307913217,0.672240845344911
1770,36,21,0.6431696149415774,0.3743718498067613
1771,33,97,0.21752944405756536,0.7131836176854499
1772,14,82,0.36128584056948465,0.8913866865024874
1773,32,86,0.9833920979802228,0.10401072014488832
1774,28,87,0.04593799908984442,0.6034020527343403
1775,6,96,0.16522887206173142,0.30201866199694705
1776,21,68,0.5016313660630964,0.29800255148303334
1777,1,74,0.14765181566944907,0.541682310670046
1778,9,83,0.8602547439218688,0.7356265557943146
1779,50,10,0.0937477559612171,0.5370333463698994
1780,3,8,0.8129905346188125,0.8875481001614343
1781,47,52,0.9114513348806443,0.23603404888560575
1782,14,38,0.08939202460357054,0.1045158363563432
1783,41,5,0.7954654232741004,0.30435785916732494
1784,5,8,0.08519192655661567,0.97068773692088
1785,7,47,0.07549858484007366,0.34888016632175967
1786,9,15,0.7709815334341894,0.3115457268780618
1787,12,78,0.892672125531223,0.1971805289966616
1788,46,67,0.666231540051662,0.033716902825167816
1789,40,3,0.906087886505715,0.832414243620771
1790,18,58,0.2747110817280256,0.9817412647817174
1791,34,17,0.9711146007866495,0.6451423521855263
1792,48,7,0.21542828579018358,0.4679265260183708
1793,15,72,0.305128745421426,0.5680636815336981
1794,30,48,0.03666303449784791,0.6490910285840995
1795,40,35,0.252843150453232,0.6523075883764847
1796,49,67,0.5442897771194919,0.6255810545361344
1797,25,48,0.6336938290679451,0.5616571487135839
1798,44,4,0.7255332363935666,0.003189601782649043
1799,45,31,0.2866105081203826,0.3457763585075512
1800,18,65,0.189901761648113,0.9539911915592001
1801,28,13,0.6015997699909323,0.7470971470911837
1802,16,86,0.3579764246443693,0.7232874521577148
1803,24,44,0.7312072445068343,0.23007522720112195
1804,37,22,0.4493445167656718,0.012750327200679923
1805,49,64,0.9365115054928256,0.5420059607764331
1806,37,59,0.8157061992456737,0.4689429211130658
1807,2,42,0.3451748811910723,0.5778328281282298
1808,39,76,0.5771838109911701,0.33042202952842437
1809,4,10,0.23951745106630973,0.7007681598341545
1810,5,36,0.9879594154552116,0.32490517696986876
1811,9,5,0.2836969777560938,0.9156150718696479
1812,41,45,0.09229639974636028,0.9698563942642406
1813,7,25,0.2367092029836224,0.711742781196013
1814,25,13,0.23783790978929475,0.4770867783135212
1815,50,100,0.45974749181691343,0.9623760239334732
1816,33,29,0.4573076247748342,0.19613100485102597
1817,47,41,0.8948484699409942,0.061798961916177286
1818,13,61,0.23693957436493096,0.26817907067096225
1819,44,34,0.9363152493496889,0.13844504545240743
1820,2,89,0.9836303684209199,0.9654505261401816
1821,42,6,0.6265199553787567,0.329893174591373
1822,42,53,0.8143015427613515,0.8766617503900624
1823,45,52,0.5723163606761394,0.888811477926113
1824,30,60,0.8092101918243428,0.13161765061225195
1825,5,40,0.09484108636131006,0.2411046379550179
1826,5,41,0.12275068159413116,0.9862712880062324
1827,38,88,0.4918559139989712,0.5164372397620614
1828,39,32,0.5407730729846337,0.9144810459802986
1829,15,30,0.018063242302752358,0.7644775622129536
1830,13,95,0.2646617993255107,0.06580868522215899
1831,34,77,0.5354505391680062,0.6947654238882046
1832,29,79,0.857166913741307,0.07143841102030513
1833,26,57,0.5236364028564933,0.1534839168195703
1834,48,19,0.357572122131228,0.5652065305053366
1835,40,27,0.09128132696249647,0.3739833150399693
1836,9,92,0.2195176746380263,0.5061691877445957
1837,21,61,0.5748721134766868,0.5494781077785691
1838,41,11,0.22696068619762744,0.09518685374080638
1839,23,53,0.1840472740464204,0.6674339433897025
1840,28,70,0.6389519348018,0.02542011226533225
1841,22,65,0.7425281482258475,0.40358168747345113
1842,22,10,0.5216664553708318,0.29374069907417744
1843,10,50,0.9140581869943571,0.819268052339649
1844,47,48,0.5253523242682339,0.7037403268985775
1845,3,90,0.6637268080180755,0.2775840625924374
1846,18,82,0.9854229292573286,0.20690298624578063
1847,17,77,0.5749291818748785,0.8557359601372933
1848,6,53,0.4126629164241731,0.542349623561567
1849,24,88,0.14195889249241767,0.449290554340519
1850,17,23,0.6897585012547337,0.2780590634063498
1851,10,99,0.5704722022730446,0.46285243728901226
1852,4,86,0.5850914014068831,0.5386326171149319
1853,38,84,0.2879452913025399,0.7584599065577673
1854,49,34,0.7545189715666013,0.7830060120899878
1855,24,20,0.17050305014482248,0.8977034321289503
1856,11,11,0.5381581684998755,0.7221640844666778
1857,9,81,0.47012577638536635,0.003916789737321236
1858,41,48,0.855591947062306,0.7216629117521287
1859,31,56,0.40745807695842795,0.009587847204510336
1860,30,77,0.15213493345115459,0.981873585170985
1861,30,49,0.6765527128608851,0.724917204929591
1862,3,75,0.4728395218073732,0.4284362855128938
1863,28,49,0.7345814834697941,0.8603737729144928
1864,31,36,0.5638926015063014,0.23352084832070485
1865,27,55,0.5142149377650509,0.8702474874785993
1866,9,25,0.7380496893511865,0.3456489877473705
1867,21,84,0.8346178200948969,0.8940657906232068
1868,26,40,0.020339030472247277,0.18646673896622978
1869,36,84,0.7292329655668305,0.05626821204626775
1870,27,8,0.6572696678340931,0.390297450303587
1871,33,68,0.9348318416187069,0.5005616025524873
1872,22,4,0.23832032862829056,0.5451852935945611
1873,17,89,0.2111259010920028,0.23713902050819924
1874,23,66,0.031323053358391806,0.29446443111260623
1875,37,31,0.573328798525341,0.8446848614727577
1876,35,61,0.7116740498061225,0.29097498233036756
1877,25,86,0.0892998743191944,0.328403898448424
1878,50,96,0.013907566419863349,0.8444598586085401
1879,3,78,0.6165210790087311,0.7859687246678285
1880,2,35,0.5407443017400023,0.8354437289612054
1881,26,31,0.6310378160753944,0.3710113804095886
1882,47,46,0.3333006019266953,0.5153627572365495
1883,14,65,0.5201262898487768,0.5485525249751833
1884,1,99,0.9961163032304752,0.28080737086164664
1885,47,49,0.2829802290795137,0.3971717218869132
1886,7,24,0.03705038958166351,0.21126117218504448
1887,17,52,0.6494034601214516,0.17249826507834953
1888,36,80,0.5692070502001014,0.9901704642351189
1889,35,61,0.26573081530293774,0.4657532060791263
1890,38,17,0.8732891922243726,0.24016724500593822
1891,6,63,0.7579662888242703,0.7746467852498115
1892,23,36,0.5878834302481063,0.9522431701720243
1893,3,81,0.8753905845588206,0.15091398480073703
1894,16,83,0.7884063066776912,0.31796077003027723
1895,8,15,0.1202603825621762,0.9463968098830001
1896,32,50,0.9768214471598835,0.5631884455226907
1897,48,48,0.9174523556755363,0.2845728897760542
1898,3,97,0.850047581470255,0.852743230303713
1899,33,75,0.5317880851097398,0.5634174481467504
1900,31,66,0.7697349557021507,0.043924455105854854
1901,35,84,0.23796812175309268,0.4051768074245865
1902,45,93,0.9393036812798805,0.08524064470497239
1903,34,54,0.2859097509690335,0.13694322760188837
1904,33,37,0.26342204833317884,0.4141659313007773
1905,41,43,0.08194075913983367,0.5294738222601701
1906,13,64,0.3561197800203132,0.9801455095496575
1907,13,61,0.9599882512392746,0.4627941939219965
1908,1,34,0.7642834478965206,0.7701218613985769
1909,39,46,0.19097208845953917,0.5134996000283762
1910,24,88,0.0346284155309905,0.4977418150212948
1911,49,7,0.3399941054115514,0.6515837012031412
1912,27,10,0.12602145319756664,0.8459645710559667
1913,13,30,0.12971887306500784,0.37246011830499604
1914,25,70,0.22883763328702522,0.0031339006392182567
1915,42,65,0.4912591036647984,0.17463737014076208
1916,5,99,0.2767109520465093,0.7515030674608607
1917,49,71,0.20475557628937258,0.23873271027758047
1918,42,34,0.5979605532035687,0.04922127246010655
1919,34,78,0.058442603681793104,0.9394835936801853
1920,46,22,0.28991093510040544,0.129779225302726
1921,40,14,0.5954575828881501,0.5423581279216131
1922,25,72,0.237916709267307,0.7050379430989637
1923,36,75,0.2675170463684522,0.48629056010691196
1924,47,32,0.04884472562087383,0.7557505646808177
1925,22,88,0.026088299390312875,0.2569819031310222
1926,25,28,0.24854586982358473,0.03766040648078539
1927,29,34,0.4194427911730846,0.22627464896669647
1928,25,28,0.8151378306413984,0.7325422764924535
1929,15,87,0.3348693959414819,0.5309807115426639
1930,34,36,0.9063307310982975,0.3768757760517192
1931,3,71,0.013732397386238104,0.7171732162751021
1932,1,54,0.7058638792441719,0.8239464323411939
1933,47,97,0.20038546160994675,0.6501570161420589
1934,39,35,0.9332476616695609,0.4266007268214814
1935,26,69,0.7235791388838453,0.44832605723550367
1936,4,25,0.7234374812545632,0.18867916212570812
1937,18,79,0.6127617537863137,0.2118612157530292
1938,36,40,0.9009345078735626,0.31278436767768847
1939,18,16,0.8658340041852545,0.47320153291557976
1940,18,40,0.7470548115983981,0.3647786928593145
1941,12,98,0.5491312351280435,0.8759171302752746
1942,44,13,0.7195927078553618,0.24520285060993707
1943,34,46,0.034389006385555976,0.12351234474902784
1944,28,80,0.17731364014796602,0.7174615841020395
1945,19,46,0.28672568611365634,0.2694586904095908
1946,33,55,0.8296641869752086,0.7499951516698732
1947,15,15,0.943881623885096,0.6533422705859033
1948,8,78,0.5977169059082523,0.09090106619809846
1949,10,68,0.1785077198905759,0.029694254080970373
1950,27,20,0.31414017747640877,0.4114455133980983
1951,13,95,0.7332661884067152,0.502264790343582
1952,35,57,0.4451231959975873,0.8408297810553444
1953,38,83,0.2841461047738095,0.07070882732247652
1954,13,95,0.26321062441351306,0.9424703710172896
1955,2,20,0.9489634901824288,0.6559241370476566
1956,7,11,0.1996505452361267,0.768793896754417
1957,30,64,0.8543652053857823,0.20531658870940916
1958,41,3,0.12062628885348403,0.4942457951210244
1959,29,54,0.6127221607857238,0.9073001737696768
1960,1,58,0.7660639220607321,0.4595169200078997
1961,46,21,0.9914084560655488,0.6639230815244297
1962,38,76,0.39756115206215525,0.7076468184409951
1963,50,82,0.23777320481705,0.9749888805410073
1964,49,29,0.21954547215762887,0.8662395051255611
1965,32,11,0.29101434616512,0.47648969277796727
1966,19,100,0.8693908280489838,0.7260345338334402
1967,30,90,0.7756506717944474,0.28058077453362595
1968,19,39,0.05274872343624937,0.20058192691579446
1969,18,82,0.6047787851026045,0.04209578868070363
1970,21,99,0.15464102816884617,0.2055001840612266
1971,37,49,0.5105737308919317,0.8436081243593028
1972,10,60,0.2596260261272588,0.9554398903158863
1973,29,3,0.7431019566651578,0.5335663054150995
1974,33,44,0.9666445429369924,0.3222137410255028
1975,1,19,0.9266514978158757,0.04051564717039202
1976,13,49,0.7068291544715676,0.6274326126089015
1977,23,23,0.6616692104216344,0.1673352377330546
1978,34,49,0.6489645991899292,0.6000161349141111
1979,3,19,0.09268262525825655,0.5594477293867428
1980,29,22,0.4227539932403771,0.08803194170306206
1981,41,1,0.9530560631512792,0.5791004000746567
1982,1,45,0.3884892053942274,0.48770569876751724
1983,11,31,0.8646124626933667,0.6963488889940401
1984,50,51,0.5954788294590923,0.7333689285293721
1985,15,98,0.31112430939339275,0.15693913262260528
1986,42,41,0.92077720753902,0.049345702222058696
1987,2,94,0.8346547442199413,0.5535433080806437
1988,39,10,0.9525744666720757,0.22086544535521557
1989,17,20,0.7522617855947007,0.7736926444210948
1990,50,4,0.9055127087170635,0.7368396680241538
1991,45,21,0.8619627483769166,0.7156308253208102
1992,50,13,0.17923365361348875,0.9886865827874471
1993,44,55,0.6590197202900471,0.4924167701136385
1994,25,50,0.645533724259544,0.8194881742088117
1995,8,51,0.004985828824375926,0.9064160800639831
1996,15,2,0.631195825314611,0.4473745481715098
1997,23,58,0.7439433581152967,0.4208728878541007
1998,7,56,0.6213819028563519,0.4571857585812853
1999,49,66,0.4165287340562255,0.28099635859027405
2000,49,76,0.9691563755038767,0.037128665426450436
2001,14,25,0.5239227015829805,0.2806458299981577
2002,4,42,0.618688734349896,0.9455059076858453
2003,26,66,0.1494783237911249,0.834048902321431
2004,7,7,0.9809754686078274,0.13068645732345296
2005,5,25,0.46657196276909463,0.2843704970411286
2006,44,32,0.19777568800025813,0.932493913763697
2007,26,9,0.8722845311741383,0.6351465035257307
2008,12,56,0.8526027949095588,0.8859746358648483
2009,17,89,0.37456186819593684,0.3103051266344199
2010,40,96,0.6335372097182368,0.40539239443061503
2011,31,29,0.9232178668578654,0.06175396230869312
2012,28,11,0.44952162731469714,0.4654225448861372
2013,6,79,0.3118950743387734,0.029107498598916925
2014,16,39,0.2411630708448358,0.32505002645826375
2015,14,21,0.4894252977089466,0.7094027601616668
2016,7,53,0.1760558853510944,0.4430763950730483
2017,46,81,0.6856572710606039,0.005589306375680114
2018,33,72,0.7328974149926918,0.7057220549830531
2019,47,5,0.3084831020788412,0.3249445972578472
2020,41,59,0.3709171714391474,0.966395056234101
2021,6,81,0.17365027058125504,0.5716964557417021
2022,1,28,0.6535853006889817,0.10608657390119614
2023,3,88,0.2440120064025063,0.9795866867871631
2024,21,84,0.8575071301998871,0.31970028305481424
2025,4,98,0.30427116345257066,0.9141852489347909
2026,42,47,0.29604940662587054,0.6319677588962661
2027,11,92,0.31890448187106535,0.40727492969481205
2028,38,94,0.9920479559591999,0.11489121625704779
2029,48,56,0.10263082824595471,0.6768955272712123
2030,21,18,0.8140952947522986,0.8376439336301783
2031,12,29,0.32351229742369125,0.2982662144654057
2032,44,93,0.3837588984056759,0.5122927697634677
2033,34,86,0.5592149908340998,0.2079785108897264
2034,16,42,0.22966151266276125,0.20420168988178733
2035,25,46,0.2724843792039462,0.43941148679709663
2036,47,79,0.42351114917165167,0.8866121944702121
2037,8,28,0.45954251682073466,0.028783431706226104
2038,48,6,0.979885513380102,0.3241917605249397
2039,35,88,0.34309581746438855,0.6836522016099396
2040,37,65,0.8238839799608669,0.859984817637331
2041,12,13,0.16287960291610548,0.6667149137595267
2042,26,30,0.45678534258314685,0.2770694383187068
2043,30,1,0.8905507046486654,0.3291466827059013
2044,26,26,0.8215943704131845,0.46386598287095837
2045,10,75,0.5564242455182706,0.2237492165065359
2046,49,38,0.7813470651148786,0.5145692627607561
2047,16,15,0.6997681473389119,0.06758450550063277
2048,24,42,0.8031515203351788,0.8649588391155114
2049,26,76,0.7668656174992611,0.48090060756861175
2050,7,31,0.6387875092989888,0.6988128985473708
2051,27,78,0.8967853256357132,0.7737740508056098
2052,37,48,0.9235283462669258,0.23502249965229194
2053,6,45,0.17443415066851042,0.16526803725566452
2054,41,10,0.7717182098892684,0.4082941858451993
2055,28,22,0.7982240767409059,0.6052874414299486
2056,35,32,0.14074534337031486,0.23152338577630205
2057,10,8,0.18146849077881533,0.09711241123331316
2058,32,23,0.7690977252493442,0.8347802266370681
2059,31,75,0.05869322568589963,0.7070330930884624
2060,38,99,0.011712739021782825,0.8437026251068394
2061,7,10,0.36050622664259213,0.38538635251226705
2062,21,13,0.09015584936630694,0.08917586977586589
2063,49,5,0.7061161476172526,0.6050178199040114
2064,31,13,0.5029386432280877,0.6376848123698374
2065,2,37,0.7654167125318442,0.9105865570688313
2066,25,57,0.9676884748527467,0.775097872936993
2067,3,21,0.992894878498753,0.779147408921665
2068,45,20,0.9313505605727165,0.39014514706063097
2069,34,71,0.8508124420799058,0.6577692898292576
2070,46,8,0.6044996295028306,0.18519553169859837
2071,37,26,0.9976809960570222,0.9750595055060869
2072,41,83,0.6017026340999004,0.8945704146954923
2073,4,43,0.8642694031437904,0.864844630894038
2074,4,8,0.4354199037723542,0.07913673710258928
2075,36,27,0.4828622143627318,0.06456658951564676
2076,35,13,0.2762849573185262,0.2646712646515441
2077,13,54,0.17585267094844326,0.799482312946921
2078,15,52,0.4253709211889245,0.016938952361903792
2079,24,39,0.2919732648845257,0.8737122020396104
2080,33,46,0.9903527023810388,0.2305697279234259
2081,41,83,0.29583616280535663,0.501833764375045
2082,41,49,0.5728039957784895,0.7734596596870956
2083,34,45,0.8280452609632619,0.9314290239851405
2084,3,28,0.5049034990112411,0.7425448765368371
2085,39,90,0.4065378411883026,0.9484360420925392
2086,40,30,0.09965556096132588,0.8064681298903651
2087,4,37,0.6401301540996914,0.29887933398619715
2088,42,68,0.24203502826731027,0.14115546439104487
2089,39,61,0.7167610014858319,0.4788091880548161
2090,29,7,0.0651284084187358,0.13605269008425558
2091,42,98,0.9231990153795024,0.3858745978991308
2092,19,42,0.7211085807507768,0.20528669457899063
2093,44,14,0.2067121435439051,0.772326258881756
2094,26,19,0.046974075965830364,0.33671362511478475
2095,4,25,0.7774118990452198,0.9338787932155984
2096,30,85,0.8474690950251555,0.5776127356277643
2097,31,50,0.8151679352138559,0.10189920189895485
2098,8,22,0.0603562604565252,0.46914301096610656
2099,6,27,0.2420824074612008,0.4647634764220302
2100,50,30,0.5830483079126366,0.9726896448346063
2101,20,84,0.10059292091351935,0.6941449193243261
2102,31,21,0.07227534028535954,0.6328602964246653
2103,46,24,0.2730984144700006,0.7572226468535561
2104,40,22,0.9702070555633501,0.3419253533446329
2105,2,12,0.9357417946911054,0.5303384660937088
2106,8,44,0.5748593053120454,0.9812839561690098
2107,49,92,0.3427364805182811,0.42873107097589436
2108,39,93,0.9148062699881251,0.7239106665135991
2109,50,20,0.30376616796543443,0.05982844149973576
2110,29,84,0.1371925385431657,0.5188177397609194
2111,18,63,0.7933553431943837,0.13691650096147834
2112,36,11,0.8885092317564419,0.11773687734159077
2113,18,75,0.5714141779084491,0.3052969595989625
2114,35,10,0.2843053541905606,0.6867802695799297
2115,20,69,0.6583627229487128,0.12468206786678926
2116,32,47,0.36530843254151935,0.33950524785586655
2117,12,70,0.6494466753178872,0.29498565130832677
2118,22,39,0.9781402678875468,0.934545099515152
2119,48,94,0.8519978820283172,0.23264597837215772
2120,24,58,0.6032468890390962,0.08358632583305992
2121,47,68,0.3747504804654276,0.6919704418797069
2122,19,87,0.567798138160225,0.5596776600741538
2123,37,95,0.8111642257125591,0.9401328185163614
2124,7,43,0.18821193750171827,0.4175368296828891
2125,49,73,0.9830132332161687,0.5506513253436103
2126,28,64,0.8327553337196202,0.49284374928521557
2127,39,36,0.9302606794932422,0.14352264125149994
2128,20,79,0.3905279995023978,0.7878923965221886
2129,9,91,0.6983173999259517,0.9221549352230227
2130,12,93,0.7365303098080077,0.36267986889044534
2131,24,91,0.6055744429412903,0.32635694773624746
2132,35,75,0.10387490573434832,0.05237880922674121
2133,35,47,0.5124365405600163,0.2402944620461882
2134,2,90,0.46219275787866354,0.2276141699176849
2135,7,64,0.7427458712349665,0.7652452742397208
2136,43,43,0.9031606005572437,0.9466184618524501
2137,50,72,0.9784423962886063,0.8601112418378576
2138,35,27,0.4840380201363057,0.778706637859853
2139,20,79,0.33096873396048365,0.20355234998911453
2140,24,8,0.37017686815097894,0.9881065956230185
2141,2,85,0.7763968651537214,0.7890118302627784
2142,2,18,0.6252891997477382,0.28833117714199097
2143,46,54,0.24438032791554343,0.17234093112195914
2144,28,94,0.09354541206946021,0.41520681786205305
2145,49,21,0.3391231706334642,0.9377342998073023
2146,25,70,0.9049135597335223,0.16588309941268342
2147,6,80,0.5564935266312819,0.5766281696122778
2148,45,44,0.6915341379518175,0.5326109638787752
2149,30,26,0.4083507710964104,0.38548421219276285
2150,12,17,0.9446321193709508,0.4859341525820793
2151,21,16,0.5325622142762615,0.4156831659945498
2152,48,100,0.4886138624746341,0.30571895416940065
2153,17,32,0.37898166045642034,0.7625984238813716
2154,41,93,0.6307462173907323,0.22641532518115093
2155,35,56,0.5470145057585021,0.6647196627493027
2156,35,80,0.931390194918041,0.09387642882184888
2157,33,20,0.4081490727225312,0.22632862211635185
2158,6,51,0.5029945451540275,0.10061975662155143
2159,1,77,0.6869566306254001,0.7586823846579068
2160,33,27,0.7070800069965936,0.8065501249459927
2161,5,66,0.367566200141918,0.36005488725364476
2162,19,63,0.8716621834791332,0.6586600713035144
2163,2,25,0.13835876373537503,0.8911274191326247
2164,8,55,0.8712026162886559,0.8782283286581251
2165,38,85,0.024841392141675356,0.8518166680260008
2166,18,36,0.7502601257062927,0.23968155531856628
2167,5,28,0.4086718979050523,0.6380599735925535
2168,9,48,0.24144915017684487,0.8108670037389589
2169,17,20,0.38861215458433584,0.41526055326539457
2170,35,15,0.722632915330795,0.817143010856681
2171,36,39,0.059476314358497095,0.4943014965038779
2172,44,9,0.7775169117323877,0.208296957778642
2173,50,74,0.7633508004479193,0.46923345340266087
2174,28,70,0.7401863763719794,0.01173952790455679
2175,21,33,0.503157240816269,0.9701356894054772
2176,48,69,0.5904294742887772,0.9573926452016067
2177,35,8,0.18829833088252224,0.39553099024462546
2178,46,26,0.6112668180280711,0.4158481702222909
2179,27,80,0.7076204384187934,0.5967037090319747
2180,41,5,0.4831089172965237,0.3779205262958403
2181,40,80,0.8533085487843965,0.6169328425842422
2182,36,34,0.936562060351386,0.809931142393505
2183,23,46,0.7457120180661687,0.10370423390170536
2184,37,52,0.7180421292012658,0.3117446388377254
2185,10,8,0.7018494048636945,0.45739394154233814
2186,1,70,0.1985738505985296,0.9418549925366388
2187,37,5,0.870662372296683,0.7401557897151619
2188,41,37,0.7446613333477636,0.3468396675692309
2189,40,42,0.7205849395576289,0.7912629291271854
2190,7,88,0.9306520461312208,0.48518188515849603
2191,2,11,0.7315143335199218,0.5526879104940369
2192,14,55,0.018464776759227308,0.2997665571804661
2193,12,2,0.9401423045822217,0.5902424182072297
2194,35,71,0.059485747704226544,0.36939398817945945
2195,4,54,0.040946518115278274,0.8486070147872785
2196,15,94,0.29713964765610734,0.45942279008903275
2197,4,5,0.30279083829704545,0.6781596076334933
2198,42,74,0.16090272426660213,0.11783717757304124
2199,35,27,0.006140511859969555,0.07934760577240119
2200,40,64,0.9944001409907287,0.3709448178427289
2201,23,55,0.6114784436108316,0.3112201180170998
2202,15,13,0.356132862680121,0.676368252794478
2203,30,86,0.21805951058705852,0.9809924883291896
2204,44,41,0.20222802346566815,0.8716456945354012
2205,14,8,0.026008993706913675,0.2749646100896751
2206,41,74,0.44275163583196986,0.7006290288031339
2207,21,30,0.6443095453975531,0.79636243949142
2208,50,56,0.4858168182995144,0.2394804217225357
2209,1,84,0.44196444519569866,0.16215683801230363
2210,30,43,0.3105849949788736,0.9062585261026428
2211,13,78,0.29986735052802704,0.5762603993748355
2212,14,75,0.4926770821809243,0.43944971680705935
2213,6,78,0.7035746195298472,0.6596092656472021
2214,17,65,0.18713273466961788,0.8368890293326852
2215,47,2,0.9420891942024108,0.5240899142654575
2216,40,23,0.828061456890159,0.7947490912376801
2217,25,61,0.6561752964073747,0.22064937586625066
2218,47,41,0.0391311394738828,0.1863241457331446
2219,21,97,0.0009198614004127803,0.44490710655955135
2220,43,43,0.3972754308819312,0.945147101420419
2221,40,77,0.021962031589193187,0.14706504051804792
2222,47,65,0.0804587421478683,0.40985313216205665
2223,47,62,0.33433064553642655,0.8208627265037146
2224,18,72,0.7635979955553083,0.9984997441651529
2225,20,38,0.9042481486232425,0.3188922225271349
2226,32,73,0.539539834036156,0.33838171950152673
2227,17,18,0.16874570332232308,0.2841249921545763
2228,26,51,0.1812490206764853,0.8539126705208561
2229,6,2,0.44862426174647496,0.05896302114192842
2230,30,28,0.5593912096365661,0.2734196774586113
2231,6,47,0.29564105719206435,0.4444366077848144
2232,26,2,0.5890937939482802,0.8276595758528373
2233,40,52,0.5623079869800315,0.7146132140222126
2234,9,38,0.7195377426101544,0.42849646714365297
2235,32,22,0.49029501124480124,0.1950292829223449
2236,2,40,0.07362817549722844,0.9285594004073892
2237,14,89,0.7798902770619243,0.5945104282999607
2238,25,85,0.31187751750223125,0.7989462222494481
2239,49,39,0.6040453671147069,0.5058276900212554
2240,20,15,0.9284297789156181,0.6934662656650215
2241,27,32,0.1711685417253972,0.7486351770657145
2242,48,60,0.7090351457640575,0.9925818701606903
2243,47,25,0.07238638785160267,0.0557637200744423
2244,5,79,0.15812411320251885,0.05331680622039969
2245,3,64,0.15210367164003546,0.8923396719826863
2246,11,29,0.8968616149877663,0.5442441632977152
2247,13,29,0.37154703830221714,0.933900389031888
2248,49,62,0.2904962271271049,0.7838573893111007
2249,50,13,0.8603565826894234,0.2979773573021375
2250,1,20,0.3581892845327641,0.5835823830889167
2251,50,45,0.08585158984405639,0.9321743290884387
2252,39,20,0.13684598737558373,0.016613221078597862
2253,32,41,0.5529075422578548,0.41439791171409346
2254,15,66,0.6022541451381687,0.7459583948890293
2255,11,45,0.6476840808498963,0.6696429752304875
2256,35,99,0.403313181057379,0.06624945555487449
2257,46,20,0.46597402476268945,0.997177143382277
2258,12,25,0.7482086014917269,0.3894599370264413
2259,23,42,0.45875064376105346,0.8962742446071351
2260,31,66,0.21995691487711622,0.03924212896895796
2261,45,61,0.57111016629406,0.0660166505689942
2262,15,29,0.9491959130607791,0.2334079842580089
2263,3,59,0.10255448413920398,0.7195884105454612
2264,3,52,0.7941865798878045,0.8915333066260259
2265,41,93,0.9061927946652444,0.3843589351229645
2266,4,77,0.401111437397749,0.9100649111174882
2267,46,42,0.010082235659873318,0.8041815272202556
2268,34,46,0.8515101370292892,0.2882464120538406
2269,14,47,0.8731113567572086,0.3591971035031579
2270,45,99,0.5972200934908497,0.5927951625677078
2271,18,16,0.7654633129226334,0.8435321567355308
2272,5,59,0.31117579994459477,0.24458094529896157
2273,30,80,0.6096572817050477,0.6192090146024328
2274,45,47,0.48345055211431287,0.5254260914834195
2275,24,64,0.09877429542721528,0.6129958650457297
2276,42,61,0.37223909997897575,0.29160408539789573
2277,26,76,0.06578807509822648,0.5116303619247701
2278,50,30,0.5197191817803227,0.7088735496003159
2279,50,9,0.1277157216713276,0.8180231169357141
2280,33,32,0.4218705213850653,0.538554100766877
2281,15,5,0.8026206364050246,0.6545786551665984
2282,16,15,0.3014686387885829,0.7071385721313501
2283,3,67,0.3453078285794603,0.23075208202841146
2284,42,61,0.4009377691887386,0.6574036331319053
2285,10,70,0.4653904312734517,0.28077419366447554
2286,46,91,0.0008655292469296194,0.8752640895960407
2287,43,42,0.44146126966431987,0.936654531471825
2288,12,70,0.07860306556132979,0.6522124923682174
2289,27,6,0.15757712038763183,0.46038094719122746
2290,16,32,0.9124218629327077,0.6984639908308768
2291,2,92,0.7625652314337046,0.036147403515053966
2292,41,29,0.7503682798719453,0.03322896713711143
2293,11,53,0.2693640762938577,0.6910889533202341
2294,33,19,0.7697549440725648,0.7061373018058478
2295,17,49,0.7268325870746951,0.5723877624681332
2296,15,2,0.12490831853472806,0.31739722533831605
2297,34,73,0.6779041163607482,0.17875422972315802
2298,24,5,0.3499719061780152,0.5527267949619465
2299,25,52,0.3876532306486413,0.6839393151870957
2300,10,7,0.3859615942392063,0.22723496335159454
2301,30,38,0.09635083521487986,0.21186916727235494
2302,34,51,0.22586804136826577,0.21272522493992962
2303,25,25,0.771142439516056,0.860921984741927
2304,12,9,0.8070842380330006,0.27578127059296764
2305,10,55,0.8888319452139499,0.46817377357476997
2306,12,9,0.668702752836543,0.4369237905625585
2307,12,49,0.25238513340504154,0.43533041307937015
2308,35,21,0.9207898923499779,0.28954487649300986
2309,2,63,0.3500270253777106,0.10184012291381328
2310,30,61,0.7159423040832696,0.5521075303036148
2311,9,57,0.9820141560350317,0.8852145709900276
2312,1,21,0.35541794826391304,0.9870144012405387
2313,47,3,0.8640906394046285,0.7337353589703098
2314,9,58,0.48863332858088193,0.8609062135305332
2315,45,36,0.4795142211627069,0.8405515203544275
2316,39,15,0.2598829556355188,0.4115139688413697
2317,33,41,0.3410324796718225,0.19104502354365605
2318,45,1,0.3572265700416857,0.8841174757551384
2319,39,19,0.465927412377658,0.6465844147570498
2320,37,18,0.42040839789170137,0.6320812931647412
2321,37,62,0.4001946798138474,0.9696340931492187
2322,47,68,0.8528246234765725,0.26329692669694027
2323,15,83,0.4969812823155453,0.5010898246833753
2324,13,99,0.9160991017863114,0.3351721944445203
2325,13,7,0.007570741131261882,0.12488291742067625
2326,3,27,0.9013819689255116,0.7224452028754876
2327,34,23,0.6296604265094922,0.03997887327753147
2328,18,64,0.9225320732352548,0.9762053921771693
2329,31,40,0.6542181048255314,0.435077237676166
2330,45,21,0.06041484742775771,0.08345964097504921
2331,48,87,0.12913412716234463,0.8183924755330872
2332,17,27,0.7368854074469726,0.2283770017660085
2333,41,61,0.3677016863468955,0.17190376610898328
2334,23,87,0.4547159285292147,0.03246730747718607
2335,39,45,0.33876112697175076,0.8363399642028817
2336,49,31,0.8170793679633618,0.3986630265331995
2337,3,52,0.4464206948958802,0.24864993546677938
2338,46,93,0.8072839666864122,0.5899912862805321
2339,41,58,0.8023472074586551,0.2762880479228169
2340,44,74,0.6553021318369932,0.24734870166544032
2341,45,13,0.528007913723878,0.9659211627233774
2342,14,37,0.8503262468110392,0.10516800190433451
2343,27,79,0.6770739138902744,0.6377948082544668
2344,49,10,0.37156489871312626,0.6063181082429359
2345,4,23,0.3086642161291233,0.7379261747533512
2346,13,83,0.6199105316573235,0.1957463884860493
2347,10,86,0.8755163803600381,0.5175107980336532
2348,37,18,0.9571840428812652,0.14936722615171183
2349,7,5,0.5194921788641392,0.7961666361021308
2350,43,10,0.25688553635776723,0.76910205474832
2351,46,67,0.06771664668106836,0.9046187174713588
2352,38,93,0.8682040569729289,0.8033977390512256
2353,17,2,0.6553045973191114,0.7775269608877323
2354,50,94,0.007875132244445915,0.9371707822105229
2355,42,70,0.11902346664468155,0.09143338535002687
2356,21,73,0.030567936268625306,0.3552009054455455
2357,21,51,0.9745821459440677,0.1605290500712271
2358,5,45,0.620794957830042,0.993463277710198
2359,36,51,0.09546306012698935,0.8434509335688709
2360,43,4,0.4749485783800764,0.2790425452543386
2361,35,23,0.20517150212778068,0.6277732340900356
2362,7,88,0.6699363915382907,0.1765646126290218
2363,26,39,0.7437925779102454,0.4979847314666137
2364,5,22,0.6926248274802175,0.9497106595091617
2365,29,5,0.11853594423208136,0.5449337339869808
2366,15,2,0.8507932667972149,0.9721845689541425
2367,17,44,0.09510336349333182,0.2555181839482201
2368,34,98,0.9853822787225878,0.6752895221652698
2369,33,24,0.12068142994787912,0.5045393717686555
2370,10,44,0.5217540204260906,0.29630533363018896
2371,21,48,0.7926707546271773,0.35496600144251267
2372,34,95,0.9622926814270792,0.5300379175185003
2373,17,15,0.4720462255315885,0.6128279919315724
2374,30,50,0.03350956829425478,0.2229958731522007
2375,25,79,0.1422676183683529,0.56254097224881
2376,31,42,0.6059705421178305,0.6225155935788415
2377,43,24,0.425854546799468,0.02258648774242311
2378,19,35,0.5034825947811382,0.2133437564949986
2379,43,86,0.6797570203487188,0.553656986865171
2380,47,35,0.13839455694273417,0.15704059859161756
2381,46,57,0.5527332920271121,0.6785152572482598
2382,16,54,0.1551750710047819,0.4649500451041725
2383,47,78,0.8346458112200441,0.4814524875711902
2384,45,80,0.45894300827740486,0.259078573617343
2385,33,40,0.9289466291632664,0.6869921553361699
2386,31,24,0.04245911107992095,0.11913550813734142
2387,12,25,0.3106650565162987,0.6754280851676129
2388,32,66,0.5395069478753588,0.4658290519335059
2389,13,60,0.6967663180892898,0.8796121240517061
2390,6,77,0.6933985436540004,0.9155351713275547
2391,46,80,0.6583212958361635,0.03382064612575031
2392,17,40,0.5814206519693625,0.8924501702632338
2393,2,28,0.6041857684009992,0.16903441160696064
2394,32,29,0.3458054255487283,0.029773827687889387
2395,49,26,0.1338607056926291,0.5298630145524345
2396,27,53,0.9859056258844208,0.9262590182671433
2397,14,38,0.4374222206026984,0.9939198056181592
2398,5,8,0.6498584178644776,0.2860604586308323
2399,27,55,0.7489339679949133,0.20780102959579883
2400,18,95,0.4658671596900936,0.5924977552902368
2401,42,8,0.5722831799710512,0.6215917486540696
2402,19,1,0.9820374819935427,0.40496436949865044
2403,20,65,0.10248501578569458,0.8259881572162714
2404,47,12,0.08958144582382654,0.7608121574758959
2405,32,23,0.5062870509817039,0.3021836311809659
2406,23,37,0.6837452144001414,0.7038619713996752
2407,19,4,0.8051983758692064,0.9310344931083252
2408,7,80,0.9494464938680176,0.413320921593501
2409,28,76,0.7447027516198719,0.13270521924404532
2410,24,50,0.5787574714177808,0.28481621375072996
2411,7,50,0.24106526584917976,0.05281926880313004
2412,18,72,0.6547171593140957,0.8732155410890883
2413,14,95,0.4489116008642946,0.09378477865648138
2414,25,6,0.026315008384974026,0.11302996181596237
2415,20,29,0.1561639084532912,0.6772646380276515
2416,12,21,0.49704886172231877,0.7153603239286043
2417,7,94,0.33140859338857986,0.5272050952408814
2418,33,60,0.0068466152470976205,0.6039537384258014
2419,47,49,0.7056264963210922,0.6103695779252669
2420,10,32,0.9894761472764214,0.3396993808735401
2421,6,24,0.7822091621945664,0.12216452897370489
2422,16,81,0.781115715888684,0.7180730019851241
2423,11,18,0.34452696186520015,0.5500973350640478
2424,11,7,0.5736635835948327,0.15198101403385544
2425,32,91,0.904781108153285,0.40288873820496507
2426,28,72,0.36723283286841224,0.9720818142741962
2427,42,58,0.47098242201458085,0.019292568325096293
2428,4,83,0.3982945175596123,0.40353073497442815
2429,42,90,0.7297062400514981,0.9841724395849318
2430,46,75,0.027112105843387524,0.4474749193215225
2431,36,88,0.5711688326132222,0.8974705632387324
2432,30,64,0.3966811527887013,0.13676410885901413
2433,20,12,0.3876220113954366,0.21316662210520998
2434,40,86,0.7476411638574764,0.7591936828445252
2435,37,88,0.22069906843296894,0.45224941087581694
2436,37,55,0.54510356165621,0.49510312407305745
2437,4,45,0.06701285575432325,0.33854109668513555
2438,9,96,0.23897699722176025,0.502581810031128
2439,10,69,0.8885534074888944,0.6013412463821755
2440,44,80,0.8250417865288329,0.02354129253327153
2441,48,22,0.6668232230880466,0.2848632777644694
2442,48,90,0.8151843043963833,0.7945254482869543
2443,11,68,0.43167453571206105,0.8534322018727065
2444,9,58,0.25135058385352915,0.1835604300644721
2445,32,46,0.2656203115621024,0.2609149571146616
2446,24,83,0.4247830195027493,0.7917323475290436
2447,22,30,0.3690733134835459,0.2297865645681032
2448,40,10,0.9497606163321318,0.5157593324298537
2449,13,52,0.041034824146835125,0.874743221533669
2450,24,10,0.28552374824835614,0.3540950091958759
2451,29,37,0.25578364439931867,0.45963176892540947
2452,47,2,0.2873462664706312,0.9892204337458076
2453,49,40,0.6768340026961654,0.49576383061696605
2454,26,85,0.4234171669736637,0.11934787221494825
2455,45,68,0.1885321421356797,0.4529172670118111
2456,3,89,0.1790968924982571,0.8398773428745897
2457,43,86,0.3123966193385822,0.9708638072899134
2458,45,87,0.07818576934921995,0.9158177010780237
2459,29,27,0.7039582756803959,0.02608034665184289
2460,5,64,0.6450633055145354,0.38860904068992597
2461,5,96,0.8093730425606818,0.7399757576236873
2462,46,35,0.948524275292044,0.5587179848116383
2463,49,14,0.3119119015140813,0.8020721290877006
2464,18,30,0.003966034202986801,0.4834258362161735
2465,29,44,0.3265095662003219,0.5695478617287725
2466,43,23,0.6343413328576025,0.9506166043601247
2467,34,44,0.9999255852278196,0.5033589327415879
2468,37,1,0.023901594203255105,0.5671941182553772
2469,33,76,0.8736514009491132,0.8515512717772735
2470,26,65,0.755428905976126,0.30380997444604274
2471,1,86,0.5890821668970836,0.031479532989973746
2472,50,100,0.15330255423238281,0.7055456532785866
2473,32,26,0.4903468329087425,0.15063420286714113
2474,21,12,0.42114959004521235,0.807081476570593
2475,42,6,0.935328572340652,0.8746533507284379
2476,49,28,0.4264962964935095,0.9649329704624735
2477,19,52,0.1897697367864397,0.054953394323400295
2478,33,60,0.33233955295632567,0.29644412625179917
2479,29,65,0.1868527383396088,0.1813291165717128
2480,36,30,0.5980310504743852,0.6791651192648438
2481,6,64,0.1910072938520454,0.2998990435394562
2482,20,45,0.23794977756645153,0.33423898060782953
2483,10,26,0.6114882884971155,0.2607427868381873
2484,11,47,0.23254985556453867,0.5978970491492677
2485,47,76,0.2716866600453368,0.01764699238318357
2486,43,46,0.14715754489969268,0.006379080853432195
2487,36,30,0.9102587822719617,0.9851197203340373
2488,20,18,0.42055072645784286,0.1804258591220531
2489,3,54,0.3320719450965366,0.01990371309441097
2490,26,24,0.5946325450137848,0.6466624721697705
2491,9,21,0.5145927964460891,0.8798092370964696
2492,19,75,0.711657977000003,0.9316422682373161
2493,41,34,0.318648092708399,0.14822159587745742
2494,30,64,0.5720307326589759,0.08114645864109937
2495,3,6,0.5232590849956612,0.2086601315993578
2496,42,73,0.7502832184466832,0.8003382742850231
2497,20,59,0.3973146171756047,0.9314067587589864
2498,29,89,0.79356625666545,0.27492451183314026
2499,43,77,0.15662467160495797,0.2114371277662649
2500,16,12,0.5084069300159946,0.19902726816827043
2501,26,2,0.6978910515922337,0.3502905191012402
2502,37,9,0.08892271062441492,0.1959402192648999
2503,44,28,0.7937912047771871,0.9432784265100642
2504,46,18,0.7498451546473253,0.9776500318413162
2505,10,21,0.3229782868195874,0.10319347095952824
2506,3,100,0.2496472909467473,0.5125263373375735
2507,45,59,0.6379449232346774,0.39243437502720213
2508,30,54,0.2342884895007532,0.46495118426249527
2509,33,5,0.3407126976059983,0.18436665687880194
2510,41,19,0.3982791163982041,0.9173724581050715
2511,17,9,0.3324536320966157,0.6004571051732592
2512,37,26,0.06588108877444487,0.5734907436322181
2513,3,91,0.6196376098956449,0.4804103804443479
2514,14,88,0.46347779174597936,0.9393362894872147
2515,49,92,0.6792719502555179,0.00684565879839194
2516,43,85,0.7605075569753057,0.021830320923836743
2517,35,58,0.07135063429252131,0.8369014032712006
2518,13,77,0.916553515239115,0.40589730417532055
2519,16,49,0.3217724886193545,0.7870116875667544
2520,18,54,0.947596354436252,0.31493267693648164
2521,42,43,0.7443325868175519,0.509462511928621
2522,7,81,0.8205628690734806,0.35910779664008297
2523,50,55,0.921745774026242,0.3898222446564046
2524,48,65,0.7059234082924776,0.5003681972631966
2525,42,40,0.404174420362277,0.5215440480489097
2526,28,82,0.6431720500157988,0.6539540690487268
2527,8,91,0.8924421888983554,0.5067442063388061
2528,10,91,0.7808907294853175,0.9444128260412671
2529,16,39,0.36737635041488914,0.2721818192159998
2530,24,9,0.6143017371913688,0.004908992230869824
2531,2,37,0.610419402291576,0.7367387075136446
2532,22,85,0.6180926221365776,0.4389515029294907
2533,40,49,0.4102070199765292,0.6515528180279148
2534,31,94,0.5791708873951624,0.3214869866946486
2535,30,44,0.7525266623295925,0.8193200527497779
2536,41,84,0.18057861719938972,0.603176138973415
2537,45,20,0.652223817228502,0.25867831658872575
2538,14,98,0.7158455621991219,0.27751034290191223
2539,4,11,0.6434256467628591,0.17764159669588253
2540,6,41,0.5516383212230145,0.9045094725089344
2541,10,58,0.11955830449909899,0.6123607358247227
2542,25,6,0.13197460220350643,0.8207525882540451
2543,33,67,0.23684033797630966,0.7444926470556207
2544,23,63,0.18731294261567977,0.6439940121081619
2545,1,87,0.11867779693891367,0.8046380148382986
2546,9,74,0.5040446634532074,0.9230946994474075
2547,15,64,0.5161311711264966,0.3830324569965673
2548,10,19,0.4221034770144083,0.4733434598067958
2549,22,20,0.2301149140719394,0.8629998150752046
2550,28,2,0.49599171048786106,0.7901333649539912
2551,50,72,0.2940018630337854,0.32794099077392347
2552,17,78,0.336359238679106,0.6091508506228138
2553,22,8,0.6318790444900481,0.49400516997558563
2554,13,84,0.0019125045870073132,0.6285065479341485
2555,49,100,0.006185475577948574,0.7849456942941737
2556,7,28,0.40039433223412024,0.6395296556142928
2557,2,70,0.33940101989380633,0.5469308413319949
2558,47,66,0.36304919368025645,0.0746175867244876
2559,35,88,0.36041300155045475,0.2439870605911505
2560,27,41,0.45679131462293865,0.8857852462112622
2561,41,6,0.6408623204307816,0.8661737234965843
2562,18,38,0.34454518327292616,0.689905041469282
2563,37,77,0.9228364329651354,0.42406950247106034
2564,46,60,0.5239280441677968,0.6534746526205795
2565,17,38,0.8371442940324445,0.6355797767690807
2566,3,19,0.7010818272692262,0.3221296381753168
2567,9,32,0.7405830385412588,0.19906117971539827
2568,20,94,0.1361967125018665,0.1330030390678062
2569,33,1,0.9865481937931067,0.5194072471994702
2570,5,9,0.5198717978220982,0.5512260889503154
2571,43,25,0.6124436706758778,0.40055329374721027
2572,6,41,0.8908013212703199,0.6829279641822894
2573,31,22,0.06458136967085992,0.5402092930957715
2574,26,55,0.745368027501849,0.6328905882235535
2575,34,29,0.16818985443111534,0.5072633412421631
2576,8,20,0.5661520698920484,0.5227661593112684
2577,36,40,0.4304087407141929,0.6526202918164573
2578,43,92,0.8020462281488038,0.34238399727130575
2579,25,51,0.6991138890285301,0.9069603030554318
2580,11,38,0.10758987498176587,0.43766621955538554
2581,14,12,0.5670287116326063,0.7356831100933018
2582,29,23,0.8214067365342534,0.9392297013289298
2583,14,12,0.7429466753429836,0.9553427857722336
2584,30,63,0.33556533244523445,0.36552007407843357
2585,30,70,0.05502402548899765,0.5300900769232603
2586,12,62,0.09256329339028735,0.6440686019865866
2587,1,62,0.2971342694789503,0.06012994381701697
2588,17,99,0.0121528748536881,0.20254415052683916
2589,29,24,0.22575202915961634,0.6185946400304587
2590,26,83,0.12594141089136135,0.623210512046719
2591,43,95,0.28610403315411304,0.09810490210962197
2592,30,58,0.2310411938813025,0.22374198008056334
2593,47,64,0.7354747023750682,0.40341131742697767
2594,45,37,0.13890992517263123,0.6638323839039533
2595,35,77,0.7111117123576111,0.057449472307435356
2596,22,8,0.6923102862699079,0.24408497187627798
2597,34,82,0.8171841018124,0.32819249886377533
2598,21,90,0.6760229714663579,0.5632373671070069
2599,38,90,0.9173062169195492,0.9394251312995545
2600,11,8,0.7833265050219179,0.13432969172103448
2601,5,91,0.5657970434849113,0.9540446147081926
2602,34,91,0.5708718503808798,0.14646934283132906
2603,12,76,0.27631812924368226,0.7627920940897561
2604,2,100,0.005125405346349088,0.8071162724726206
2605,18,54,0.023394442254399128,0.7547854735891615
2606,46,94,0.25951075393920264,0.4291668232571997
2607,18,83,0.5123511670257772,0.8954283796274253
2608,26,6,0.42892568009354115,0.11479628112167639
2609,7,51,0.6563365854689357,0.21730665080883194
2610,22,20,0.7372476709058634,0.8937191541236713
2611,34,89,0.6094176455686949,0.21556275689439042
2612,28,99,0.15394854865276542,0.8413348922240378
2613,29,62,0.8132209112464859,0.5520569062478627
2614,49,35,0.539246287970821,0.2694704166778038
2615,39,81,0.1921388223307846,0.42998788937205135
2616,37,45,0.6518006948508929,0.16538044958754405
2617,10,26,0.47932694232065554,0.2386039806269199
2618,23,46,0.5606907516480193,0.544291672231936
2619,50,40,0.6428763713569485,0.8453456943853297
2620,36,45,0.38529936168997647,0.5289179618989426
2621,20,3,0.2952897596943229,0.6721980078205793
2622,25,76,0.5348684249614745,0.7173624298266363
2623,42,24,0.8594926734842656,0.7484319535588031
2624,44,95,0.9769407459393247,0.33819548758592877
2625,43,28,0.8855223208206392,0.2199441962233708
2626,37,44,0.06953869542710578,0.45070567770905257
2627,37,93,0.22540971493671236,0.6983532137623136
2628,36,63,0.4687498225331874,0.7938784345704809
2629,49,99,0.06447729651471856,0.6222963397534984
2630,19,89,0.909675374503631,0.5029021519757765
2631,50,80,0.5692285642989697,0.026464757782743265
2632,24,76,0.9414357865201988,0.9018477830039477
2633,8,11,0.784629827660848,0.6362679386510577
2634,44,20,0.23958990092751797,0.9970998610386695
2635,32,17,0.9289625836304344,0.7526949052677573
2636,5,25,0.19009939573924484,0.49302363735344645
2637,46,3,0.3907210316404893,0.4924386572654791
2638,31,41,0.7595154660977002,0.08099765853417384
2639,6,82,0.4758994353598044,0.5404935010152014
2640,29,56,0.3525329679116014,0.7537471384948399
2641,31,25,0.07509943618175896,0.4830030491122095
2642,38,92,0.20112331703857877,0.5929475831615827
2643,31,46,0.8438256817018825,0.5464628383214033
2644,50,36,0.692111233753408,0.7936675147751959
2645,24,73,0.8631830054689169,0.40373804523252876
2646,48,96,0.9949585353040007,0.42191584207569766
2647,12,63,0.9723874865630125,0.70048635168596
2648,16,43,0.08822110584175502,0.37747596639775705
2649,8,76,0.7422406810754147,0.08918154438453096
2650,41,42,0.6797204029528847,0.5604537581590697
2651,49,67,0.06843499450243196,0.8688421241805488
2652,23,64,0.5456428865165462,0.5075198740801193
2653,8,43,0.8618959471619537,0.13374103438807794
2654,13,14,0.9749095654938514,0.6791141079511269
2655,41,83,0.14318213268220237,0.5979381544475559
2656,48,42,0.12159113209923123,0.8516345022767848
2657,15,1,0.259321563973708,0.005438047068237695
2658,28,37,0.9650864522589154,0.6581359773633914
2659,5,40,0.49853853103304313,0.8103289891837798
2660,46,58,0.2623544745357227,0.8914540789434533
2661,11,77,0.283040887670851,0.8577131776405021
2662,21,31,0.9918242437252883,0.924440220997345
2663,49,68,0.42759245852588723,0.43949702062171525
2664,33,95,0.35317381586829966,0.9801971186214088
2665,7,96,0.2431356482223559,0.21036092082501967
2666,4,51,0.8016174705749187,0.14641742715475348
2667,18,50,0.829489859797662,0.4655111697932617
2668,19,13,0.29817614049355834,0.3653482357832256
2669,22,61,0.234337571719884,0.14190684007092635
2670,44,65,0.3818676552640665,0.11174796884999716
2671,27,31,0.0329359531200053,0.2609613781784508
2672,42,55,0.36086963490468094,0.36814140851138
2673,37,61,0.7383566888350723,0.1538561392644313
2674,34,9,0.8767615844648099,0.924467314631216
2675,32,14,0.235207920668554,0.5153093666060937
2676,32,12,0.0034803337312824256,0.027772905841850326
2677,46,19,0.5967925122500386,0.5991627903077974
2678,25,40,0.7381023894324167,0.5645862087847983
2679,11,59,0.44846896118464563,0.9561383710273154
2680,3,68,0.9821673179388966,0.22726758483656884
2681,12,37,0.032217885337780694,0.47601823085721107
2682,16,24,0.24749815973679912,0.5627203109501664
2683,27,75,0.189845971021953,0.7584356174543347
2684,26,31,0.08263028294136288,0.8036043117190732
2685,5,69,0.19825524723185706,0.0072520029808803566
2686,29,45,0.8476867412499242,0.5628546279283964
2687,45,82,0.08401568523743863,0.4677585717479147
2688,26,47,0.7860452465711426,0.49168364461600633
2689,45,35,0.9878488920566266,0.4173664715816884
2690,20,43,0.7927786639579162,0.08420392723848491
2691,30,19,0.6703380735940129,0.5797297813045181
2692,19,55,0.8607646374127762,0.8465585155770206
2693,46,40,0.7920206842023665,0.23244364286289732
2694,4,39,0.04923346596704592,0.06729894073978149
2695,16,78,0.5524520749552257,0.286163747179918
2696,12,96,0.7808583135060034,0.4382081420125874
2697,41,76,0.5030620561900542,0.3698679532808483
2698,40,23,0.8743324660514963,0.3718860047413811
2699,24,22,0.46026504757932085,0.8130659860848559
2700,2,16,0.9597393100760485,0.6021173130421951
2701,25,26,0.6320926659562882,0.8769708189918247
2702,3,6,0.4018637139646737,0.027620263197367878
2703,20,50,0.8737327684723127,0.3763439915629342
2704,45,60,0.2625560497628554,0.7196097185269853
2705,41,79,0.5728795987053714,0.9174684156382797
2706,48,10,0.927148494013384,0.13090793497862052
2707,20,21,0.6075675653273326,0.8808521926138985
2708,17,50,0.9098948334590743,0.8814795063994697
2709,6,37,0.3958648386330078,0.4974078016382949
2710,28,30,0.06457215148804518,0.09070388365976745
2711,50,87,0.45321124108029676,0.7419770235038964
2712,30,51,0.5379647786120472,0.19049729445348285
2713,33,100,0.9551604770389489,0.3357382135592617
2714,43,19,0.08991953600370195,0.9847817459418142
2715,28,33,0.41018335137835715,0.9643116864664003
2716,11,36,0.9806496899466635,0.7070149148743969
2717,22,30,0.9508392998269956,0.7948719365568898
2718,20,64,0.6372667030469018,0.15313567752463353
2719,15,77,0.6424742865355694,0.7031339682575594
2720,6,15,0.3454072541471408,0.6420477491227894
2721,25,97,0.7985355941885153,0.582407375686278
2722,5,20,0.27789235324115336,0.9607994847253906
2723,43,65,0.5008431299717503,0.37391888641619697
2724,34,62,0.5043816765395862,0.22242789630117576
2725,27,10,0.961531641101476,0.9514108345446005
2726,43,97,0.3312447302261592,0.3131219855428702
2727,20,26,0.5675976994221006,0.8844782141818819
2728,36,88,0.9939894281950232,0.6943009241613708
2729,39,45,0.07823857152393399,0.005829672488898763
2730,4,15,0.8446457253424838,0.4592438604043224
2731,2,5,0.18680074358538667,0.5490169197232685
2732,32,98,0.1404922599250521,0.3056207648900021
2733,48,32,0.9440203609247148,0.057149889799255615
2734,38,42,0.3621695718211987,0.2297283620203857
2735,11,39,0.22012900069132968,0.947258207605646
2736,1,68,0.7254439498326307,0.3939902073959929
2737,27,96,0.07277742355558103,0.5018553718239268
2738,7,4,0.8237707102982778,0.5754422128629232
2739,15,28,0.31929202352847286,0.9364872857289523
2740,30,21,0.31479569287666975,0.06096072388301754
2741,48,44,0.05463197561061117,0.19691513165632457
2742,8,22,0.454161546517556,0.14218131545569235
2743,46,44,0.712694922400515,0.7523497412852109
2744,5,82,0.8843030950842328,0.7518313234740779
2745,45,88,0.24392636433061177,0.18348749340783554
2746,16,56,0.35599813314272455,0.6358810844493958
2747,31,66,0.8168016410656643,0.2351848029242114
2748,19,56,0.9789765190882448,0.7961257929533505
2749,1,52,0.6442586727443523,0.35811148728850173
2750,47,65,0.7951592087791414,0.509592839081835
2751,12,87,0.643490737776079,0.38654621253712695
2752,43,84,0.5595864493754495,0.0049948784100657395
2753,19,57,0.4942125483812806,0.48932753112264527
2754,21,64,0.27613678412905207,0.9373347773250961
2755,27,31,0.8326588539630019,0.13031619667793082
2756,26,62,0.23596878532274057,0.12974682321346476
2757,36,63,0.11641752961634766,0.2167253326233164
2758,11,90,0.01741520522851725,0.26928196150080297
2759,45,64,0.28487813547726504,0.6170592659964997
2760,36,78,0.0953583655089042,0.5913842463130112
2761,8,26,0.8014178728301581,0.6269829861648937
2762,26,37,0.2069496763741263,0.27497943992263796
2763,23,10,0.44346217705244095,0.648086364042571
2764,14,74,0.9546610361643381,0.4347945546914732
2765,6,11,0.6422808177345904,0.968892919134465
2766,32,91,0.9876508619037123,0.3724319104218141
2767,24,32,0.5667059336613125,0.2509556842816977
2768,39,65,0.9724240341031156,0.44507800513636786
2769,22,55,0.0304250416222398,0.14521533933634934
2770,36,30,0.18101471733015861,0.5866109247843515
2771,24,2,0.5521587946229126,0.22856939559167033
2772,13,29,0.15046244329377922,0.16180057510797696
2773,27,57,0.6356492294043078,0.4565663283548175
2774,13,26,0.8295613734707339,0.4334208855414895
2775,24,7,0.1733827972813633,0.3191458904687764
2776,12,26,0.4959124038827788,0.308913889612931
2777,31,16,0.001108715337797439,0.8976944692816949
2778,26,54,0.7951817460883712,0.1767704901581122
2779,10,89,0.39921196375111445,0.6056004979145755
2780,17,20,0.47647552358155754,0.25543221893835577
2781,23,57,0.0352581918801288,0.6365263517731432
2782,20,82,0.5248622831442935,0.1088372498556317
2783,39,100,0.26889664518960077,0.49576996453615363
2784,49,69,0.7334798206851595,0.5811999125234251
2785,46,90,0.7190721403149157,0.7962896257353338
2786,22,51,0.03780439344325748,0.9826690201860951
2787,14,35,0.029976694486643196,0.4783955039274772
2788,24,58,0.338210842952939,0.17060596290480157
2789,19,67,0.17638883099950653,0.6159924830389027
2790,44,100,0.5442869892347904,0.007743336983269122
2791,19,10,0.13336152289804826,0.8819431538341759
2792,44,24,0.5054389866988566,0.04711471624823915
2793,31,66,0.09759143752698918,0.8117585235944605
2794,29,68,0.2760392481707631,0.7207591840993068
2795,12,89,0.16435305155532298,0.24561780183745285
2796,14,29,0.16390478391307883,0.3372707216409945
2797,38,48,0.26081529609703014,0.6549309484124944
2798,41,76,0.6595785944199375,0.5964122577554705
2799,48,3,0.13337408568033915,0.01634927737681313
2800,44,29,0.13140282004533788,0.828106161875612
2801,9,88,0.23740872051884188,0.6174519873791724
2802,30,33,0.05785552845674291,0.7761016887120166
2803,17,12,0.0023727572871368174,0.24534365356792753
2804,42,95,0.2712789480872013,0.021430635192995373
2805,49,16,0.7950687753067512,0.4695575262032148
2806,14,25,0.7242787791879859,0.08615304579736915
2807,43,28,0.6835994931238301,0.8342773015405531
2808,26,74,0.29741820434587896,0.1678049225511501
2809,35,55,0.8712144289872299,0.5860670444605002
2810,40,65,0.23430043963432823,0.5686076026981021
2811,36,33,0.9004793042325482,0.5638204635115298
2812,42,87,0.7762787984066476,0.06566870959020288
2813,4,58,0.28016346642615875,0.9753779810018689
2814,23,74,0.8375054706502545,0.9482316127338964
2815,14,76,0.13074089860183624,0.8751930740284655
2816,50,85,0.07896645594654217,0.8905200323535637
2817,27,82,0.8224842236822367,0.20604442803128498
2818,18,76,0.16025734933893376,0.9046581077515377
2819,25,61,0.6313984035486047,0.1115968880971886
2820,38,92,0.4528311174331241,0.7131305746031158
2821,28,45,0.6123962802859594,0.8877565951334221
2822,3,63,0.3641088047829859,0.7120160880272445
2823,47,95,0.6404459085800438,0.9387311835696684
2824,16,50,0.38951359890505755,0.3553694301605551
2825,43,56,0.7671478953620539,0.14779227786505722
2826,15,58,0.5644082961059086,0.19723803039526155
2827,32,85,0.3004805056370332,0.47697286730697963
2828,49,22,0.6719521051831062,0.9477166672941283
2829,10,70,0.7237046278089091,0.906759110091125
2830,40,73,0.7150388829087198,0.17421711308895949
2831,29,26,0.855853294158783,0.06047124014976324
2832,45,28,0.4187456974049032,0.5785406207855296
2833,1,10,0.19445705911132627,0.07889544329540388
2834,14,55,0.0018952444540567548,0.23305249955738117
2835,22,59,0.7344080847857509,0.856926080692767
2836,4,19,0.8518258392959691,0.014655799587779406
2837,20,61,0.7675602437701523,0.5635196263021949
2838,25,86,0.36815592521279594,0.7751758220345887
2839,27,20,0.30561437694807714,0.2449560210551518
2840,40,19,0.9156127513060223,0.6174725934514648
2841,45,4,0.6309153195803953,0.3436060848339605
2842,43,75,0.08611296065554297,0.4189175258994323
2843,34,53,0.9598942013172814,0.02053683114707283
2844,43,73,0.21159278164106743,0.9793402901677657
2845,17,92,0.5833984650616507,0.6418243623437108
2846,40,47,0.796029517080782,0.25600764200883563
2847,48,76,0.8777359076670705,0.7656442647448664
2848,8,35,0.05565767008313205,0.5342714866504252
2849,8,64,0.7430496389989667,0.476081581466969
2850,6,34,0.9579705592459753,0.9055660297874489
2851,36,79,0.3637563499385257,0.7425535814343642
2852,36,60,0.6124370664032843,0.8605621859736317
2853,3,68,0.15231945183330142,0.2752127482822784
2854,39,54,0.31748938982764296,0.2638769852410089
2855,30,84,0.9829474223848379,0.1123929794650006
2856,12,45,0.8278808092091728,0.6458160410339314
2857,20,28,0.696468560040455,0.8818644177869948
2858,43,63,0.4863939046912453,0.8257561012199562
2859,16,34,0.04657233464796473,0.7607572167525167
2860,43,64,0.06603288458669665,0.8457611315246952
2861,24,60,0.15556866309646122,0.12221977006133844
2862,34,21,0.3122436066320353,0.564796477067223
2863,3,54,0.8622140403317489,0.5222496952959614
2864,40,99,0.5753613597521229,0.14771168095989684
2865,34,1,0.13932710444288499,0.49060663184743525
2866,8,60,0.44886169055872116,0.2517291079254168
2867,43,22,0.7512793650805317,0.34657363492214255
2868,24,26,0.07731400430669799,0.6838055170249654
2869,19,10,0.584664018918517,0.14742943702302513
2870,23,75,0.12802907939144303,0.4999968177730678
2871,16,34,0.9088660761112979,0.7265290296044054
2872,35,83,0.4909903244890089,0.5275339171737471
2873,17,30,0.21726980827799014,0.1865430281575079
2874,27,45,0.0067681682283402544,0.9708722159131945
2875,7,22,0.8359895094820591,0.36117116295739327
2876,31,70,0.007394913722719387,0.6417368528162598
2877,8,46,0.8060366857625334,0.04654289076570317
2878,12,39,0.8082855759033758,0.6824909065459981
2879,30,79,0.5657817271160862,0.24418407696730804
2880,6,18,0.5113590552789632,0.2426769168887335
2881,46,70,0.34326520433958063,0.9744826583105782
2882,46,41,0.5294798834222749,0.17613258856740788
2883,18,71,0.8196065412355613,0.045659213822064504
2884,26,51,0.9907813073913538,0.6279185322194262
2885,43,53,0.8656774681127867,0.37922109096716405
2886,4,86,0.47308317280403467,0.44748997726762885
2887,9,55,0.7021859316837668,0.5321536689139459
2888,39,9,0.3488104124430862,0.6152971160093003
2889,26,82,0.9065904003871339,0.05045351148252708
2890,9,82,0.8391914296522581,0.46436241564457137
2891,13,83,0.09499057220701623,0.3513759438558077
2892,44,16,0.3457490062980111,0.23259060866877956
2893,8,46,0.41455998459227483,0.23998359549293802
2894,40,33,0.762679691298655,0.5793364154536649
2895,6,14,0.28427205988728377,0.1871416148147581
2896,12,85,0.8937189140710999,0.2084313126053341
2897,35,28,0.2807922416508988,0.15007476151789512
2898,11,67,0.6346519212985529,0.15439175987336784
2899,46,68,0.8478424752702068,0.5940879205541542
2900,42,42,0.12629624697265396,0.7684968306874929
2901,8,91,0.5003756980929673,0.26916227721701136
2902,15,48,0.03340402857383773,0.249529926206551
2903,11,62,0.25519197606393884,0.43376013406523684
2904,47,100,0.4432752975089146,0.6103593449563296
2905,50,83,0.26709733244234846,0.3383842514629942
2906,37,97,0.07392780167160462,0.17372308983513962
2907,34,65,0.8381965584851246,0.5775755740534729
2908,35,25,0.518373388183835,0.5485594745958741
2909,36,96,0.8205383100875788,0.5653975716827495
2910,9,36,0.5022332095568206,0.7650047306371792
2911,36,98,0.24927830700053477,0.23468783577695607
2912,35,80,0.8371604638774504,0.9999723112491238
2913,24,22,0.0996128141257836,0.9721004807446239
2914,50,30,0.9086263222542278,0.31362523682203214
2915,40,7,0.8449564768378892,0.2967264987530308
2916,9,89,0.7662774788032896,0.3548761624061494
2917,50,83,0.8771478956501587,0.6874949877338227
2918,48,41,0.7750487152396841,0.22113579647007886
2919,36,21,0.0895997423274355,0.8262594941111684
2920,27,86,0.3208229550440381,0.5550293616411255
2921,23,42,0.5134063668713368,0.13750648156040857
2922,7,56,0.5737021438483868,0.014939240762526285
2923,43,58,0.26437125332777067,0.7223489409561302
2924,1,1,0.8123618397862787,0.2927602022477832
2925,31,27,0.04567734608854379,0.7763613066512743
2926,27,61,0.8842085345504112,0.15944967039093072
2927,6,12,0.7141923991924732,0.8506947834841091
2928,2,91,0.9569333772356429,0.1327804186620125
2929,8,11,0.9021681204301336,0.5151081629028947
2930,43,39,0.011711924459113066,0.28109514885794074
2931,45,41,0.7103419625503937,0.8304136478509294
2932,43,46,0.023789553877686886,0.2740562623381134
2933,36,59,0.9891556686110814,0.1975265300141158
2934,28,45,0.700340384149379,0.10877718124962876
2935,26,79,0.5290756106642719,0.23027404650410632
2936,41,93,0.29667963634685013,0.4949008054218982
2937,16,13,0.023232455466890678,0.09395331487202774
2938,27,72,0.5607866565727307,0.44886292593131794
2939,9,77,0.09507645186597036,0.3289946056110771
2940,32,22,0.18096612667094703,0.49457127701887305
2941,35,93,0.8725933289134311,0.06922265136120609
2942,14,43,0.18268076351256413,0.23037617774081776
2943,43,67,0.048216402306262784,0.7898615119633573
2944,11,62,0.6623365330252781,0.7521076783132223
2945,35,65,0.33840553519393535,0.11097470581399493
2946,42,12,0.6859625393966713,0.5834296265598095
2947,30,57,0.450949393710108,0.767903805921694
2948,50,68,0.507976218707995,0.7063845174959562
2949,35,81,0.2563725435052583,0.8478983423831598
2950,39,78,0.6291887058398395,0.8161917135246191
2951,45,41,0.9470136175201277,0.18512404568763818
2952,20,56,0.4033073159425423,0.7011847352915372
2953,23,33,0.6501046223486009,0.013894330269660582
2954,3,50,0.6898876765051047,0.5021179045900565
2955,18,93,0.338561644844822,0.29821572353284787
2956,11,80,0.613225536486725,0.7410431274237407
2957,34,75,0.3245723068776547,0.006519844297143806
2958,30,42,0.23183143949054297,0.5853347116151406
2959,34,29,0.08434298536391394,0.009191711728096519
2960,26,62,0.7116997916606723,0.8553291325076305
2961,21,54,0.8004333432891163,0.22299526035041384
2962,35,90,0.17859193597768652,0.08609744156850374
2963,46,62,0.8212939861417946,0.559043505491194
2964,50,80,0.5911749486951599,0.9760622597359865
2965,6,65,0.42643805823326997,0.6773953020780579
2966,3,15,0.27067726812113047,0.04041985633842715
2967,2,66,0.2286608308490814,0.5818657464960474
2968,24,68,0.0672366664133327,0.9544037587453277
2969,43,45,0.2657882083179359,0.7364252250377584
2970,39,58,0.698852282416871,0.8577668761645937
2971,16,60,0.2822076929168559,0.5435863261229174
2972,21,95,0.6337031060837347,0.3003762936067258
2973,38,49,0.29507330066265414,0.5464062290677222
2974,9,14,0.938707630352268,0.4556293912350572
2975,49,15,0.8514494817577697,0.8938752319388855
2976,21,63,0.2303317773993665,0.4010529125117631
2977,22,41,0.5018233281830988,0.7521336225688575
2978,16,42,0.14575046943774683,0.8866661168635473
2979,20,89,0.3464394505446582,0.39349736382233813
2980,47,56,0.516984118018881,0.9850425735875409
2981,44,77,0.45101384140568324,0.023653353957299394
2982,11,95,0.26128214129126404,0.5804252435540922
2983,7,94,0.5164123512058086,0.8830978543210618
2984,31,95,0.13410585911517203,0.629742521367642
2985,37,19,0.7687479262874145,0.7290310673856679
2986,16,49,0.35126135107814793,0.5489236158860066
2987,12,57,0.3612879673698731,0.1877226130446521
2988,21,87,0.4483700656989189,0.05553142434422553
2989,24,37,0.4585352408638981,0.8681771965765864
2990,32,62,0.19646386494157486,0.3432877818954466
2991,43,21,0.7230579276224977,0.47982408353993844
2992,10,33,0.6323828796443579,0.5278766840061909
2993,43,95,0.21530253258803833,0.5525003008782546
2994,47,21,0.4697568167320556,0.01420986894917109
2995,46,36,0.6656306711870316,0.5357551979858156
2996,49,71,0.9077907617359541,0.41120918986291943
2997,28,99,0.7702945979073856,0.34788281562258794
2998,27,22,0.42650222068099963,0.4528910688767842
2999,36,91,0.4027550397733086,0.16427077529093348
3000,48,48,0.8883507325345918,0.2429730482793767
3001,34,56,0.1618034108286036,0.5154952469353324
3002,37,69,0.48695461922963823,0.8855622634382029
3003,15,86,0.11627027638725573,0.6010047952697315
3004,33,69,0.17185406936407321,0.5679217535044421
3005,31,99,0.591809218607442,0.5075667087212467
3006,34,78,0.7625494742687071,0.868432427167733
3007,46,21,0.8812223698494044,0.36824882945654636
3008,9,70,0.8394558728400783,0.5570025196201427
3009,16,90,0.7870947457542293,0.10684954621553777
3010,15,34,0.7434048751659248,0.8479109712329482
3011,45,72,0.47380884434875803,0.9198825157059022
3012,24,70,0.20201434269376928,0.31937114931173916
3013,19,52,0.6742469558786065,0.4013156641672624
3014,22,57,0.5245040426372398,0.83890776452476
3015,14,26,0.5965033200387305,0.8769375453115559
3016,28,61,0.6915620693749298,0.22471023100752463
3017,37,31,0.6085871259577447,0.09868972827108402
3018,30,94,0.885310185441546,0.1846914614288776
3019,20,96,0.49488357025765006,0.8393561385435416
3020,35,92,0.6935514572203931,0.9085048724557458
3021,47,41,0.2938270847813885,0.06234142553078326
3022,37,76,0.3095359454679836,0.7903502466359191
3023,37,72,0.06446943068664046,0.38665007716850874
3024,11,67,0.9764718227235891,0.1764581365527952
3025,11,85,0.4165470871568583,0.9996718187323286
3026,44,59,0.4473392531276593,0.2403020658258549
3027,47,34,0.07100887218342977,0.5134146418529068
3028,12,68,0.17958752281407997,0.1396456052830749
3029,50,75,0.31831774055372264,0.3724352503363262
3030,45,24,0.6968723638682132,0.8950267408024691
3031,30,45,0.632432490505748,0.4343879184188928
3032,6,42,0.5296675258641601,0.6854196220290393
3033,28,79,0.6953467659453072,0.13572854500349574
3034,18,26,0.8299441028342953,0.8675629254720556
3035,50,76,0.6571438418458047,0.4178082745343892
3036,7,65,0.79809180544671,0.6935594921301068
3037,9,64,0.3475898214895923,0.5426782417909849
3038,15,19,0.5955326140162158,0.5939329895246751
3039,9,13,0.629573891507447,0.972076224669699
3040,41,69,0.8205731407836843,0.46268079160948783
3041,40,47,0.7939126360162206,0.13103796729562012
3042,47,23,0.6072780250246417,0.9584971357535337
3043,22,66,0.7728816674877539,0.165759443801616
3044,1,97,0.5077766202312104,0.39393963547153255
3045,29,90,0.5186150596986364,0.37361840955486625
3046,19,94,0.4533473934612777,0.58963683529798
3047,13,60,0.9531149535486619,0.6172184152378407
3048,28,21,0.6068981054131279,0.10278855719303004
3049,1,82,0.5689186344760255,0.5167881111615326
3050,22,6,0.49850975672297515,0.8318868059935356
3051,13,77,0.41176604256495053,0.6540140403079459
3052,1,85,0.4465609982365495,0.1758576763224553
3053,8,88,0.8902853155940955,0.7139918030331142
3054,9,75,0.29361420225975043,0.35296307009349825
3055,1,19,0.6426741990051662,0.8187648053014828
3056,39,7,0.24385990381693723,0.4877559682608702
3057,29,62,0.5513349395215199,0.0978511032318532
3058,10,28,0.12501478098616425,0.37627203368048745
3059,33,16,0.8599136790948972,0.7659158368402462
3060,28,62,0.33757117929952174,0.08343176032832533
3061,45,12,0.4953101754339585,0.4551896715867497
3062,44,56,0.9810084901699819,0.21455462342993503
3063,46,99,0.2255649152464454,0.8176876138883808
3064,35,21,0.0427410015014148,0.6945603550984966
3065,6,44,0.06333101756519477,0.8036683545232701
3066,4,14,0.9653020816880585,0.9984009788175263
3067,6,20,0.15128461907455915,0.49767113982798317
3068,12,25,0.3130417298442377,0.5631247462875361
3069,2,62,0.5031242646059458,0.8707683855052029
3070,50,5,0.9489374200598256,0.7076471341415138
3071,49,22,0.4195035507090009,0.6850992859507647
3072,36,21,0.552825855293647,0.47771676485698567
3073,18,78,0.2582061457734509,0.6932557886425909
3074,2,76,0.9766687377486354,0.26539030948322717
3075,36,95,0.6032444248344303,0.26898060810638025
3076,24,39,0.09451428298428688,0.8369688619218496
3077,37,40,0.17301787721118245,0.8178132358469216
3078,47,66,0.738814237105352,0.22965823548289
3079,41,87,0.17896678679316425,0.4731482763239192
3080,29,54,0.5179370101510686,0.8846508901376117
3081,11,74,0.21167729116527167,0.5150415524852635
3082,5,76,0.6591001317205981,0.711320699153865
3083,8,40,0.5004181436328057,0.4695596783370838
3084,12,91,0.6078021985017089,0.21613184322289625
3085,20,34,0.7853219557462333,0.9478445078759249
3086,38,45,0.7672288742498964,0.5062454466079576
3087,21,21,0.7954985389511141,0.21425042396713667
3088,32,16,0.22250078043466026,0.9772111567062022
3089,38,20,0.035559137086883075,0.9590688585150381
3090,39,93,0.5793965074596603,0.6313186099654499
3091,47,30,0.29689567139311024,0.9972819199382801
3092,11,56,0.04261661560652941,0.07664868380305734
3093,42,22,0.11754395691735553,0.05432786845078741
3094,25,85,0.035471869962451774,0.811819743309264
3095,1,62,0.9444115018120557,0.73050810458866
3096,30,51,0.06546816165711578,0.8716550057272764
3097,36,25,0.7494782174297389,0.3175840388199347
3098,11,6,0.9870334519015,0.7587254833925847
3099,11,7,0.7588947644471372,0.8192176955523102
3100,9,98,0.8078256371268631,0.9435823063120085
3101,6,71,0.47905342414125196,0.246558337040101
3102,20,4,0.9934408080753258,0.6311167839802386
3103,29,24,0.9955801617241893,0.5961929119707724
3104,24,62,0.9003651070235607,0.3090671726366747
3105,47,39,0.04869946305335626,0.6430216299149056
3106,22,18,0.19868266406970814,0.18845239627943344
3107,19,9,0.24461094458666532,0.6990049983391083
3108,34,67,0.5385930946776623,0.45684224587126154
3109,5,8,0.16465916323870855,0.11642095925755935
3110,30,54,0.03572336391340247,0.06655673345732294
3111,49,68,0.46632429901897154,0.20005147856004757
3112,7,51,0.015297811269425199,0.2534826869349933
3113,6,22,0.1374501894396576,0.18243479846330624
3114,35,84,0.812840033092457,0.6869379755432459
3115,15,15,0.1702941591733088,0.44471693109629806
3116,36,40,0.5191187339859279,0.21806898092007065
3117,21,99,0.4955613769743322,0.8649958989878097
3118,37,25,0.6858977152672888,0.5028940834907557
3119,14,96,0.421032824322103,0.9708695521859053
3120,33,34,0.700205728530428,0.19740679283921914
3121,15,65,0.8310517677983593,0.25060335063131445
3122,1,63,0.026348586650932093,0.32929042466965885
3123,38,23,0.02305382050851157,0.788127553998244
3124,5,83,0.9188625636851037,0.4864542237544712
3125,38,41,0.5864481166941917,0.417326087716281
3126,14,5,0.18208950437705396,0.904078428993409
3127,4,6,0.33049513359993843,0.747783644142316
3128,25,13,0.4905542351156259,0.007228088838894031
3129,30,51,0.11633005840201416,0.9403546153044708
3130,46,27,0.1757384847080279,0.2996946913592349
3131,20,79,0.9782065766314236,0.056063710958855095
3132,35,14,0.13935193464692008,0.7788708308491525
3133,46,57,0.7856630283533983,0.7184520439022971
3134,30,53,0.1985037802377182,0.09991715191141126
3135,8,81,0.23700798879521778,0.14214429136411721
3136,42,57,0.95337935931798,0.3651265845763255
3137,16,6,0.2512702017627356,0.7877825969390562
3138,37,93,0.8470697728086914,0.47565154294443146
3139,13,38,0.12335112203470677,0.7753718982749354
3140,49,19,0.08011226424422124,0.41507458973203293
3141,36,14,0.13151664573408128,0.215273959218367
3142,6,63,0.5770923370884343,0.7001025678835496
3143,40,56,0.7699655793717607,0.7487039177597595
3144,4,84,0.1592827143057698,0.02409649943114278
3145,4,36,0.6836752112160216,0.6562865005496101
3146,27,10,0.21677419891336003,0.2562749883518868
3147,45,31,0.5293829915897165,0.9501806210789897
3148,37,7,0.3748320600624466,0.6984901673225865
3149,17,59,0.3780079907447964,0.4050562888248238
3150,2,28,0.1679609151437732,0.6331623836089275
3151,39,52,0.3920229068743961,0.7876975173366088
3152,25,89,0.6646208327018963,0.29033117339384373
3153,20,29,0.31010199718427867,0.2433438674012426
3154,5,15,0.21168704861334553,0.8121330329541598
3155,12,29,0.1934227401244032,0.5538100135040382
3156,40,15,0.28581690626378176,0.27658237432287547
3157,49,14,0.5121691463883932,0.677225730501962
3158,24,92,0.5864709601424872,0.673886923452279
3159,35,33,0.04204720965158182,0.42628452066409583
3160,28,49,0.37250503647416955,0.9986338348329521
3161,30,82,0.3916732627390064,0.9177831734347498
3162,2,80,0.5328577450681344,0.4648235423121343
3163,11,62,0.5301855470882207,0.1805360329584602
3164,46,87,0.6081600623160877,0.7821188957619919
3165,40,67,0.537250793306905,0.20414205032929034
3166,6,59,0.626859134131181,0.7775379337878547
3167,42,67,0.477620456617863,0.20467025502156544
3168,30,31,0.8401339497539251,0.31103714878978805
3169,39,10,0.07602905217912559,0.068947929851222
3170,11,66,0.1317092438088835,0.24500562522321623
3171,13,85,0.6265646067619147,0.45728968900834244
3172,18,8,0.21431886569253444,0.3428978885991648
3173,28,53,0.563464849701322,0.6825095600824996
3174,12,99,0.6096599524302795,0.10989245662710911
3175,36,90,0.8825145348085965,0.5866696063822939
3176,28,99,0.5373290059591133,0.9875477039591926
3177,5,76,0.8436554075546117,0.07188106205694167
3178,25,9,0.0942266163291905,0.9103913261571607
3179,13,92,0.8943667442281361,0.43267294764708086
3180,14,37,0.06847284379227914,0.4058059623994298
3181,38,67,0.6486842047957313,0.4805910805689445
3182,5,28,0.13107517934133273,0.020285602926336188
3183,4,63,0.3527912644479544,0.5263314023791194
3184,12,18,0.8683395646455935,0.5830129599736111
3185,39,16,0.630743361374866,0.7166040869513609
3186,15,19,0.6340212700752338,0.1400502526683165
3187,11,90,0.29780731425051443,0.5880906818549765
3188,16,46,0.835121011109195,0.9075460581236202
3189,33,75,0.9831460624965873,0.3160949563963771
3190,14,85,0.20616858436925445,0.6461315191522004
3191,20,88,0.4475822261918393,0.9620805875913285
3192,45,28,0.3517404542193815,0.2655681974905988
3193,34,44,0.19900656487427315,0.3530533144121638
3194,37,13,0.14409071561999076,0.2737737871306051
3195,42,70,0.1407020304553691,0.09188730523203081
3196,39,89,0.8266937672572533,0.943889002301116
3197,12,19,0.8211590845451121,0.4693310611091126
3198,1,85,0.15112796865750655,0.37848797287896774
3199,22,98,0.7368003047603192,0.8784414836313008
3200,9,63,0.7971503528043745,0.40027847816590567
3201,30,55,0.3608967196281808,0.40564051307239024
3202,39,57,0.3351161074481219,0.8477209148649536
3203,16,44,0.4546082190911338,0.8897460784193574
3204,5,52,0.3076086023279275,0.5740784339276287
3205,13,73,0.9301219688324738,0.6175324458414563
3206,30,90,0.31249686382318675,0.8074136198994589
3207,4,13,0.059387267032572244,0.9367248827254283
3208,48,74,0.21298430754886533,0.022324402904994933
3209,1,45,0.17922001719469582,0.8635583460230688
3210,19,94,0.844156374557484,0.9349936947800614
3211,19,73,0.6323417691024494,0.5507338869080126
3212,38,53,0.7688453620977149,0.8107879510514759
3213,49,42,0.5924795890494757,0.1069102687484762
3214,23,78,0.3958216586664435,0.21733290204289746
3215,14,27,0.8157329186200636,0.986430879916209
3216,20,41,0.15925279241010504,0.8527313450766755
3217,22,62,0.22424016597304153,0.2944438582985429
3218,25,19,0.1968346480538724,0.9833557722804978
3219,43,15,0.29200754354946223,0.7865931566879749
3220,3,7,0.29244957121160287,0.681989141352384
3221,21,15,0.382783708065783,0.8353222997843673
3222,11,87,0.561199764809197,0.9067854088271288
3223,15,71,0.579749285168744,0.29313510683835287
3224,49,19,0.7539879801938,0.18752625280559232
3225,12,94,0.37529082143967485,0.8507505067564723
3226,6,31,0.5310107806136246,0.2751682593914345
3227,16,94,0.13660342352327093,0.9814414897304381
3228,40,76,0.2714069988386454,0.3142893540977054
3229,13,87,0.5261153693387796,0.5558111007779797
3230,20,77,0.24844356626090802,0.044404731355777605
3231,27,91,0.39728168234944194,0.8962810542324297
3232,6,14,0.5522800637715425,0.3786880068005275
3233,25,66,0.9643017515765144,0.35812006930918894
3234,19,84,0.7834894597760287,0.8145361010570581
3235,32,70,0.7566081660485096,0.7593515855597585
3236,2,100,0.17988520718071077,0.5687753239015212
3237,8,84,0.2676996695892524,0.7099885887522611
3238,13,44,0.16842832281788422,0.2200179678535935
3239,44,9,0.6485769633008349,0.9984496886171748
3240,45,88,0.005425708226448389,0.7020541869367565
3241,36,52,0.6017837111573805,0.8463466886537707
3242,36,95,0.7898791345106568,0.5046153127877453
3243,12,16,0.6620324878495123,0.1845652589072987
3244,45,42,0.17302104393520212,0.4959129967336211
3245,26,98,0.24220764002056128,0.7025432673395757
3246,4,16,0.5674172251538919,0.3520476087211636
3247,29,55,0.018346839568399997,0.4342440490142281
3248,49,79,0.2954636611165842,0.18089570400852917
3249,34,9,0.17489857805131448,0.07309559801138477
3250,21,25,0.06035181509251586,0.399313746162423
3251,41,62,0.856535905430076,0.14250710393391142
3252,39,46,0.7859473763767292,0.8152674493635901
3253,4,66,0.06595215313605263,0.08515702493654487
3254,16,81,0.8064231901544241,0.118509986071759
3255,42,50,0.6517518786503487,0.29300796940808893
3256,35,16,0.8341660468922911,0.09906278760240939
3257,36,78,0.34442612900775327,0.24260135181251463
3258,39,4,0.13451775566453206,0.36280507092761216
3259,21,52,0.35981117703711696,0.07440552169166126
3260,30,17,0.23340866009876637,0.4858315447549435
3261,48,79,0.5672889184658702,0.978944640228923
3262,36,13,0.6396195329652521,0.8553563576555949
3263,33,98,0.054048771750017544,0.05149151206991165
3264,11,51,0.03417660653493704,0.678844675970592
3265,37,89,0.6470475933939885,0.11163476329623323
3266,2,46,0.8671232973959047,0.8664208398622677
3267,24,79,0.12815211487725486,0.26126699982009416
3268,44,20,0.07799939726212357,0.2484991167543642
3269,24,6,0.33146239727572424,0.43318545756158733
3270,22,35,0.33428703410121496,0.27161390341591896
3271,1,73,0.44350618012901843,0.224016150614339
3272,31,79,0.8575243859869721,0.4951406561341738
3273,42,92,0.44763813375912975,0.30713223219339525
3274,11,85,0.24973788424275156,0.08138448641057772
3275,41,19,0.6046519555952005,0.9733655296931386
3276,19,22,0.15544596715051495,0.9327500139780539
3277,49,68,0.669846645730099,0.0877607644039975
3278,11,46,0.6178174338982846,0.06244782697663287
3279,21,36,0.7393353027683919,0.9507919776059044
3280,2,26,0.8390457910796774,0.7024561861610931
3281,36,59,0.965427069044385,0.9370402888166548
3282,46,99,0.8137101277252782,0.7704581706924251
3283,35,59,0.2812923457462049,0.007670193865514707
3284,37,77,0.6811991261493938,0.43522969836138525
3285,5,96,0.3549581822578457,0.9203123161800029
3286,45,88,0.7939578463824043,0.03470278296177065
3287,7,46,0.21791431114342075,0.39483326070026703
3288,14,58,0.22922371846325051,0.6934633802069116
3289,31,82,0.5045914150590765,0.1184253738337977
3290,20,40,0.48700030649712456,0.1517766327509269
3291,50,81,0.8093328781748191,0.7867836132305267
3292,31,73,0.5535478061827606,0.9851096003954143
3293,7,86,0.8764658335296164,0.5463219266061059
3294,13,62,0.9126869691059417,0.6856432828425774
3295,40,1,0.7636664238770229,0.0018549025981666745
3296,25,72,0.49494401445264613,0.1869565906302998
3297,4,87,0.7375530750917937,0.6383671730297664
3298,27,70,0.22750303552894546,0.09447375194071705
3299,34,56,0.20731408771799253,0.3050384394112041
3300,40,67,0.5843657430565202,0.3591675175867508
3301,35,68,0.2574307454771335,0.9899523455495816
3302,36,92,0.07939024134844275,0.35840002772480406
3303,35,38,0.4650813029946653,0.6479239637435005
3304,6,62,0.983470970282932,0.8184182761917091
3305,17,36,0.944716074632871,0.31757323698438
3306,45,48,0.29713975525975334,0.9486683552104698
3307,20,47,0.6702277865204563,0.9466296398110778
3308,46,46,0.6565625926335534,0.66699346615584
3309,46,1,0.8767577792068274,0.07793475424556595
3310,3,99,0.7860442798933602,0.054794119705884214
3311,3,65,0.14357146176189606,0.2546387855798907
3312,6,72,0.04537201930126944,0.06326618614570334
3313,6,97,0.5538972789607057,0.2691121282616157
3314,21,64,0.24877184886781278,0.15962477671643127
3315,28,44,0.7134074435439735,0.5419442355890934
3316,2,3,0.9830009234005366,0.22402613173938868
3317,2,89,0.4019129585214142,0.37547716150313215
3318,4,14,0.7268213370824568,0.7460882893106783
3319,45,9,0.4258887499352203,0.11515480977820791
3320,44,38,0.10482624172609945,0.8050545293895093
3321,25,99,0.18908091310700226,0.18084677511139868
3322,1,1,0.656965338917541,0.3521683828245695
3323,50,83,0.25539477677909916,0.7204982948566674
3324,27,80,0.4733673490246454,0.7141754012937196
3325,24,68,0.7501930869793247,0.566067136762992
3326,25,7,0.051588197143025316,0.7460045297242215
3327,38,89,0.5902893021614288,0.6093796194453969
3328,1,30,0.35187222456467393,0.7771916385613393
3329,46,12,0.9189209238553848,0.7841118099833574
3330,5,91,0.14981952629890227,0.5700688734305691
3331,18,42,0.5294549737038133,0.09904168803007107
3332,34,91,0.5346480749107793,0.009179547608670457
3333,31,42,0.7002998826453799,0.5549429790104478
3334,46,24,0.8657549154752845,0.7193079916116741
3335,20,47,0.7223456092086112,0.01840963592053524
3336,14,28,0.49135831889143833,0.8222645078111721
3337,19,5,0.4248305435244044,0.657285885776205
3338,18,42,0.10308818720276791,0.81002832538259
3339,15,93,0.02410765193289166,0.7359614208306008
3340,43,52,0.5926607142799235,0.9809207855748555
3341,34,88,0.16417411360906664,0.16592026704597929
3342,48,82,0.22634965240983906,0.8301437618609888
3343,42,22,0.6771388882393211,0.34830387591622636
3344,8,83,0.24424146926842305,0.31479013483978113
3345,29,40,0.47567460898072156,0.614060312783336
3346,43,11,0.3092199557904851,0.42925639836146834
3347,46,57,0.17337380094141552,0.7403738246983108
3348,9,70,0.5228782151930249,0.536244153705516
3349,17,31,0.8415067746529649,0.8578221474316392
3350,7,39,0.9334170291385441,0.5227980699408213
3351,12,14,0.7996686930631672,0.021480927866101007
3352,30,97,0.2896813023778413,0.5406032351924972
3353,27,95,0.007455674133694634,0.1652680284731306
3354,41,4,0.30795196895307364,0.9943455313700623
3355,4,77,0.43473619234797556,0.9311565679060221
3356,22,37,0.30840252090936726,0.8246633801063775
3357,29,70,0.9652258638319465,0.7312847784159773
3358,6,90,0.7430075913753287,0.20582574922202002
3359,42,8,0.5388392241539931,0.10527769286961175
3360,17,89,0.4326128486294366,0.9030208803269861
3361,32,31,0.20942668542946863,0.6124713599133809
3362,11,62,0.04943564470658146,0.3399072126555135
3363,24,84,0.5537724330791091,0.15215055202522298
3364,29,56,0.41904151662439826,0.9781740144500953
3365,25,58,0.9703221737380899,0.7022533425660873
3366,50,38,0.22877184093524228,0.66258452188849
3367,42,91,0.3942442574590094,0.8559224695757333
3368,17,54,0.6393584892959241,0.676665667419895
3369,25,24,0.7554800471455685,0.3624169340345257
3370,22,6,0.42392626460121685,0.7864907039206697
3371,1,27,0.24293828157458164,0.3328717349045308
3372,1,10,0.8887380825576402,0.774851933327671
3373,43,15,0.7271338299676718,0.6823879898727928
3374,49,2,0.8681983013274589,0.011855537593544296
3375,16,11,0.6450543918415124,0.6822452236109579
3376,48,40,0.545769252243787,0.8864962885366604
3377,14,58,0.8972164132881,0.9726863082248728
3378,2,98,0.6203150072465691,0.14206204794038002
3379,14,99,0.8828675344882677,0.03953900488422446
3380,49,5,0.5832444748883263,0.7279724850083559
3381,32,22,0.8065584134289737,0.9814883367863292
3382,37,68,0.4414338159188965,0.7870153894951428
3383,20,48,0.5967348368439269,0.6835108348694497
3384,3,52,0.3986823712649099,0.2465738072008088
3385,44,85,0.7676944497421416,0.5120404001653572
3386,49,43,0.5093074068990397,0.6653463763377729
3387,31,85,0.8222532356363741,0.028958722595730624
3388,7,68,0.7609986424966537,0.06831742817058395
3389,44,12,0.6965434483044103,0.6510429605222239
3390,21,25,0.5025395475872289,0.048412447562710126
3391,45,66,0.1692769147725126,0.5869615627908259
3392,24,81,0.6282928190947389,0.02709142556108579
3393,32,95,0.23455299032691257,0.8230456329990622
3394,8,85,0.9300778788318188,0.46080030067067423
3395,10,41,0.13555242779009147,0.9357510776280641
3396,32,38,0.5342781155406834,0.6450544609057101
3397,10,67,0.1861581068541689,0.9169475558394292
3398,42,13,0.3479776775747153,0.5010374196066523
3399,11,17,0.975111092252438,0.9177177605278242
3400,10,55,0.8555376353692324,0.536788064437464
3401,17,54,0.5229997786713579,0.6809935293012706
3402,12,53,0.3554003680209281,0.35448359349347536
3403,16,44,0.9713523474160837,0.4484476047268592
3404,4,84,0.872164050179771,0.7142812511827137
3405,21,72,0.8383741708580678,0.08010822093401992
3406,1,32,0.4370679840765135,0.38969657040355743
3407,38,84,0.14775582308229507,0.4785774802778415
3408,30,4,0.9698424566177372,0.205304378765364
3409,20,8,0.15466640761386685,0.32232705310931786
3410,13,82,0.6010442337101193,0.9938446005292235
3411,15,41,0.1959666088628762,0.7770617537841864
3412,1,63,0.3186895066997536,0.6037892894627042
3413,4,78,0.18493336965621232,0.9350331637112953
3414,18,42,0.8729182494559151,0.6755215953868147
3415,4,10,0.5515015536169489,0.864361272046093
3416,37,16,0.9816384150442553,0.608728293687876
3417,24,72,0.8415163460576637,0.5642972272566323
3418,37,84,0.43299622727758735,0.5469319150304836
3419,46,36,0.48918649555221816,0.4834969219727562
3420,36,2,0.7364488394485811,0.363344071509591
3421,5,49,0.06286191067928348,0.007763141785152805
3422,36,50,0.05586982329656931,0.0810115750106436
3423,24,14,0.933088399465014,0.8548314744395854
3424,41,3,0.8297960888834844,0.9222031069544068
3425,39,93,0.027253435072912557,0.43794521366939165
3426,1,80,0.8608038097249294,0.03582878387755151
3427,31,90,0.14150945143249016,0.4918639506354442
3428,28,44,0.9808320704746286,0.21896304518622056
3429,50,36,0.09460297230761927,0.19765368411150186
3430,9,86,0.6680742925656803,0.7799953289033512
3431,11,17,0.1412477575212504,0.7838760565427475
3432,22,47,0.4003433351208574,0.3525713973573982
3433,49,12,0.8107299678712481,0.3596275900431599
3434,25,46,0.5260879979817745,0.03812098831891819
3435,6,98,0.5660882587584993,0.845203733998639
3436,30,38,0.799694166824786,0.6298381790528994
3437,8,83,0.9328709369100939,0.10898011522117379
3438,14,11,0.8626104269960679,0.18611336152857538
3439,31,83,0.5718186967448529,0.32063275557762183
3440,32,34,0.1836734245201299,0.006411944174920636
3441,35,96,0.16409168347175052,0.2845885365251226
3442,40,83,0.7198464446196327,0.24886504367288076
3443,7,49,0.27255521945510763,0.6004024904725187
3444,42,36,0.7006486387242489,0.8490304850277258
3445,25,54,0.44121247088391324,0.668298944059398
3446,48,5,0.045858638017644004,0.7815193496333981
3447,17,47,0.46263873910997944,0.522925135719004
3448,26,51,0.8771148846744931,0.9300429146180117
3449,31,30,0.05105947161710378,0.13478119438409408
3450,20,43,0.45927859555277084,0.9028305492220834
3451,47,51,0.033639984397540124,0.9084927283473413
3452,15,66,0.3318435626687899,0.5595664537145738
3453,15,95,0.9569241691298531,0.6034734971057599
3454,4,54,0.5516184921254513,0.9674103830362164
3455,29,100,0.14511439495164524,0.3827383632926491
3456,8,96,0.38843187622458997,0.02544413725202288
3457,39,79,0.09259983838150732,0.12938623285283068
3458,38,92,0.9147909620625141,0.9987840061500575
3459,22,22,0.1693289942891858,0.7305549094916437
3460,40,6,0.6041692856063994,0.32658330729598584
3461,41,71,0.5737621892563699,0.8562761647519745
3462,23,58,0.21429861839977016,0.7245045261944733
3463,49,79,0.31132757337322603,0.15917318355815469
3464,31,6,0.1624844601366019,0.40702054145299305
3465,26,21,0.15451566554082485,0.8489064450813779
3466,18,75,0.9024045377946801,0.4917173228768331
3467,23,74,0.5593460758157601,0.44832398090743975
3468,46,30,0.6472892323083203,0.39156833007299097
3469,32,46,0.2051483078761237,0.2608690029683509
3470,3,93,0.9737523016422343,0.4211976346909526
3471,20,53,0.18533202756162825,0.13139798577124762
3472,19,70,0.25476361730626806,0.5430981469138434
3473,45,46,0.6731842405628342,0.9178763230493397
3474,38,23,0.6551276138313933,0.67446197668774
3475,45,72,0.3707264574141603,0.18409057067742562
3476,40,21,0.5962978763573323,0.30881419110901176
3477,40,62,0.6734826199664593,0.02576209625564918
3478,18,66,0.12902088347837704,0.45960141324521053
3479,50,74,0.30629457558984574,0.21229175378799703
3480,46,58,0.4396480974128665,0.22838504628023315
3481,50,1,0.7288423103569094,0.2232187104058586
3482,46,38,0.31401003210815803,0.3691506530300871
3483,46,98,0.4482269930146221,0.4967511926143211
3484,10,24,0.33017474351502374,0.6076486741706403
3485,7,44,0.6480858923013917,0.6978318845481777
3486,17,81,0.6008554148236012,0.03458697891276785
3487,25,3,0.9167340381560843,0.45346678637096305
3488,48,12,0.12526021855664748,0.01933483606969577
3489,23,78,0.8064883371737411,0.7135413404474963
3490,13,52,0.20464787647743055,0.33572956214782645
3491,35,50,0.03144620603369874,0.5985097931101039
3492,18,79,0.7945474155357509,0.9943599417270164
3493,8,21,0.036846997273253024,0.26165108044391683
3494,38,41,0.2786584067904053,0.574328118317067
3495,16,90,0.3489401681284444,0.23572812516698938
3496,15,79,0.19567049765763622,0.8734678539227501
3497,48,31,0.808590664257856,0.8124123252762494
3498,17,91,0.41513959151978497,0.7153273103519533
3499,35,68,0.8426819214152356,0.17792314032589307
3500,41,8,0.8189494869536902,0.9954848768437274
3501,22,79,0.6428280575316394,0.41892119888038215
3502,36,4,0.05034349132508176,0.9928762227014243
3503,48,11,0.2458773489533711,0.2015986849193664
3504,38,32,0.1095666572655789,0.4494492588361201
3505,36,83,0.9916742314575556,0.4560165844846428
3506,25,52,0.6514351065600441,0.3233896247890393
3507,17,62,0.4220280031925153,0.6146535831533475
3508,49,32,0.874566242663345,0.6969239255128848
3509,34,21,0.3912429696657377,0.4502610731760498
3510,15,46,0.5903918882524768,0.9572619033823455
3511,19,38,0.5955743521346446,0.11278391542983335
3512,38,7,0.5991033860672755,0.11023117467884902
3513,38,5,0.6450395238506176,0.5263490187485401
3514,26,3,0.34471063081150677,0.7799489897501481
3515,45,87,0.20449412158229552,0.7577344439900254
3516,12,71,0.03892788874452913,0.23739485033650676
3517,31,13,0.14676870682058452,0.5465313577599337
3518,49,70,0.6923044591081077,0.334939787130658
3519,48,8,0.28114782091645474,0.7081605011178166
3520,32,68,0.4852723463148704,0.049621375010627466
3521,37,27,0.36761381753872246,0.6428963093473612
3522,30,12,0.5214180289881175,0.9974451581716756
3523,47,21,0.03914473089750525,0.05427221779642799
3524,43,42,0.07943040549464575,0.7610702306961661
3525,38,23,0.03875480536472686,0.5510059741473738
3526,41,47,0.5489681473972675,0.36896663369582583
3527,49,13,0.6429632216014137,0.9097280345922647
3528,20,69,0.26229400703122485,0.07259418344502244
3529,7,34,0.05777722140074237,0.6519037528282388
3530,41,22,0.21265102483524,0.13232693623775782
3531,3,33,0.24382235950984443,0.5726991038034616
3532,42,87,0.6409867010259446,0.8869347474722815
3533,36,33,0.09446758976196246,0.007939070518825697
3534,28,72,0.7909579815932395,0.0029089945581528553
3535,7,77,0.4776754823916395,0.4771320589635709
3536,1,91,0.7903645048809966,0.9021369789342699
3537,39,66,0.9954843520001709,0.9345914079529638
3538,36,32,0.3368624867730773,0.9077839101347891
3539,10,99,0.602617085116819,0.10821968415554284
3540,16,77,0.45345588232638945,0.847382323697961
3541,10,89,0.6558521589059714,0.3448672291763232
3542,36,32,0.07531062655675425,0.30795091848498624
3543,47,48,0.3460344097109249,0.7635290394236872
3544,11,66,0.0704245254759327,0.9066952008025694
3545,37,87,0.8781480157513434,0.5129277140325057
3546,47,34,0.9445206774987367,0.008535633785475172
3547,47,56,0.2742324456175901,0.7652680583406852
3548,3,53,0.7503633429490218,0.8718356781362842
3549,27,83,0.9472227784498223,0.09231583563407497
3550,4,72,0.7756375116074479,0.5947920342628139
3551,11,26,0.653843422910498,0.8785711351476702
3552,18,23,0.49996534909662504,0.5906342663393149
3553,16,90,0.02347006355850234,0.6194576636822997
3554,20,80,0.1446439919116851,0.8855799917898971
3555,13,86,0.09472415175653004,0.9731379062280897
3556,19,48,0.6549000652302527,0.8925956435475537
3557,24,60,0.0034727690472171613,0.9356119066904707
3558,3,16,0.6257168726922833,0.4778985768997306
3559,28,30,0.3783030716779805,0.6095359741472179
3560,47,9,0.4676058961268975,0.04563208160335497
3561,39,7,0.958963093444842,0.5368605050200511
3562,21,46,0.4995151039145622,0.18309962387515055
3563,13,9,0.7618365998501241,0.9902548944333739
3564,23,34,0.8025254881149366,0.1036831627730217
3565,5,29,0.3266331439296666,0.762981373426946
3566,27,65,0.5869573196921268,0.6989339806371916
3567,34,66,0.5251647687329107,0.5215231987886251
3568,48,64,0.9703260274098263,0.2598399697568098
3569,34,74,0.5300193224721451,0.49254074783346413
3570,14,80,0.21670550244662212,0.6089421235656841
3571,7,100,0.6367149354663949,0.6854100312828785
3572,23,57,0.05692182602049911,0.3852124455934075
3573,48,70,0.10925248505458807,0.7274380689139022
3574,5,99,0.8133299100735166,0.4939584758580883
3575,19,18,0.8679378102957415,0.9093525216015673
3576,28,60,0.5860463591605106,0.6033085367894213
3577,19,19,0.022296034216744087,0.7700038734117345
3578,12,51,0.2779263336886345,0.5415302591459231
3579,46,96,0.777665757628705,0.3197427487704725
3580,35,12,0.7554454816916794,0.07162158963804055
3581,43,68,0.8764956834597826,0.9416127049584059
3582,26,79,0.4186519964266532,0.28021462074892056
3583,15,85,0.08563993701729866,0.007938675138993045
3584,31,80,0.8915503635843584,0.0908418640984755
3585,16,88,0.6580771538436603,0.48087364152543854
3586,35,56,0.6679336543746738,0.8349638753974946
3587,18,48,0.015362385221704744,0.6226218087755381
3588,1,54,0.5798340781776494,0.9794126442239501
3589,32,64,0.9423084617274076,0.476077721477175
3590,10,2,0.7970625381004841,0.11299953316029931
3591,6,62,0.15500712100780223,0.29314706467055485
3592,24,37,0.7687119778228277,0.0751679303255911
3593,12,82,0.7945818328007864,0.3733641319386469
3594,49,63,0.6049525832417662,0.11316634524652913
3595,28,34,0.8665734972810777,0.3646127814127501
3596,35,75,0.136783227346292,0.4720267278123269
3597,21,41,0.987514792735551,0.016570710734684524
3598,32,70,0.3980604013652871,0.4991025148559357
3599,4,21,0.03901303583399107,0.6939294933158101
3600,31,63,0.016442466644559284,0.361980015731306
3601,41,44,0.7751344773601118,0.08912490171072518
3602,37,45,0.378768922372252,0.3979883942490028
3603,2,7,0.07727104232793647,0.7251959474085607
3604,16,59,0.17143382556327935,0.4502695708067629
3605,7,15,0.5678855308467731,0.5260138136887683
3606,44,21,0.17951767512183658,0.2655300836533506
3607,27,6,0.2150810443477994,0.7852994685882606
3608,48,12,0.8764926989649744,0.8842460696575015
3609,20,20,0.9584486884742026,0.05957668815222683
3610,39,70,0.4810830743987,0.3864833549403104
3611,14,71,0.5638146194823824,0.02915252454535322
3612,30,9,0.583087932409923,0.9335177247698007
3613,41,70,0.4069354899779126,0.6422662023593432
3614,43,55,0.8434253241157204,0.1592500949374036
3615,10,65,0.7301422462073474,0.39715462365289833
3616,21,52,0.7905186303754045,0.1396766070576596
3617,9,99,0.2750425725458914,0.7861932349427202
3618,8,72,0.18144967722591077,0.2689402012018527
3619,34,90,0.0842356456066089,0.018950164744095943
3620,42,1,0.7398822850687851,0.6018315139509015
3621,48,8,0.17587662870068477,0.9892979608621308
3622,15,96,0.9689802708737317,0.1979867970052891
3623,22,95,0.06785383082734087,0.48071159537800423
3624,27,60,0.09868846422824173,0.6225694507478873
3625,1,54,0.37356144928097235,0.34334836636956745
3626,5,30,0.7310842199689387,0.2821565226264203
3627,14,48,0.5572585214489816,0.453295058317006
3628,5,89,0.5810619132556237,0.7894551674368634
3629,26,39,0.5369515844964774,0.5789495045022635
3630,28,85,0.5498806119248758,0.493508320812454
3631,41,27,0.5759165513349187,0.9333644870042171
3632,20,15,0.1268839911896369,0.5594382830395497
3633,36,29,0.9473147286062024,0.003529252687436646
3634,37,65,0.3541811676418496,0.24200217403904822
3635,13,73,0.8484668426924764,0.16416559409726295
3636,18,86,0.6563598225449871,0.8394404978261862
3637,17,7,0.030219278555885576,0.29997279238000485
3638,41,34,0.710268878052384,0.871531549374532
3639,12,12,0.20455250470144815,0.532572032085305
3640,46,81,0.5210872724682288,0.8803215927428524
3641,25,97,0.8246838380634305,0.20126387771426435
3642,11,95,0.18777785546779158,0.2996294005099278
3643,45,77,0.38483123840610634,0.3433456822984843
3644,16,5,0.20012490945424666,0.8800826339206914
3645,38,74,0.7776115772360946,0.07093894895193165
3646,26,76,0.607212462055388,0.4118574846058455
3647,30,71,0.6600518002683128,0.15964906293985415
3648,37,6,0.27707227893774955,0.6581506527272043
3649,7,30,0.0628387806078744,0.44872918456919086
3650,24,85,0.6759200775992641,0.43905259494298843
3651,41,98,0.9332768187019028,0.7496914610739289
3652,4,86,0.9791527858987685,0.21565315080330205
3653,2,14,0.8253965306863759,0.37770733526201716
3654,10,82,0.6933487557546237,0.7020351606836713
3655,5,64,0.1359511304163452,0.37719200726540036
3656,50,72,0.48316704115080067,0.6772110636131952
3657,27,81,0.11978363129440672,0.8786089017699226
3658,32,24,0.1343213829268488,0.437100843327596
3659,30,19,0.39361046829832325,0.39282110074104826
3660,44,48,0.08204949592136956,0.8077662810189065
3661,27,51,0.04746181415138462,0.12308754023366175
3662,39,3,0.6177169232023125,0.288914331359839
3663,24,13,0.04675493777970707,0.9270900782085177
3664,43,14,0.6703473138689516,0.6606864235129155
3665,49,51,0.14054953479227483,0.29731647875682354
3666,34,4,0.4678255018466033,0.3553565329520938
3667,29,45,0.5855780678759581,0.08290325953654931
3668,25,46,0.6571882493898097,0.5975667389524152
3669,13,95,0.02957391417244426,0.12290758921317024
3670,6,69,0.8227529256276374,0.9580919222698487
3671,13,69,0.1449765494881986,0.6028734170134991
3672,8,51,0.9802561465560021,0.7838282844236504
3673,32,69,0.06972226384592306,0.07784707637904409
3674,44,44,0.8052768757948309,0.6611917738660902
3675,23,16,0.4157639617264143,0.9490580141643369
3676,8,40,0.19592378557578183,0.7296716362721231
3677,34,28,0.10279806390725177,0.16128692408306633
3678,18,72,0.077118135953261,0.6990074575353608
3679,7,5,0.13051750257278882,0.9332309723167194
3680,40,29,0.894671036767938,0.6644764134769396
3681,29,44,0.9336633979333043,0.27117317342287395
3682,9,11,0.4906793051975137,0.830547403058915
3683,50,61,0.9649925189409239,0.6263389353287423
3684,25,52,0.15377062885452408,0.05963476065407092
3685,40,13,0.6919822114741672,0.15557567662263283
3686,35,84,0.27192015047961227,0.11182189234072581
3687,4,60,0.17889257440460893,0.15969982005265526
3688,26,23,0.3741780908719786,0.7804048669852051
3689,24,11,0.14155660990388375,0.8694034865315159
3690,13,82,0.961043850423394,0.16445737298388796
3691,12,86,0.6596951779371054,0.4448289113639532
3692,3,60,0.8645236178826003,0.854536424772484
3693,5,48,0.4534692270758893,0.6075391287691106
3694,9,69,0.9147798844656418,0.7019009755789191
3695,3,59,0.9989514442170108,0.1260855783116276
3696,50,71,0.1859003910672714,0.20748582636495416
3697,25,46,0.2697323154662029,0.714469334316164
3698,11,4,0.9591404699699819,0.2716732734895225
3699,45,10,0.07070975410475999,0.8788028543440686
3700,33,9,0.44952573146096675,0.1160871602213146
3701,45,65,0.9255611126096889,0.733854365579818
3702,9,2,0.6189738398131467,0.8850909274456094
3703,7,29,0.7886746512238924,0.7877250129596532
3704,32,73,0.6146562858767467,0.8235930035616527
3705,50,94,0.5784938937595389,0.3148166642851672
3706,25,98,0.36519513177672713,0.5185040943909772
3707,28,32,0.35288615211666485,0.07482964924405555
3708,11,95,0.9850350440831638,0.5407105142391657
3709,28,91,0.8910804644861999,0.27766240667277475
3710,12,57,0.04958662323255136,0.4095629971200835
3711,2,18,0.8364229090400409,0.3859590466186008
3712,16,75,0.7112607682214872,0.4192727186913948
3713,4,27,0.2680935447318855,0.34166028515207136
3714,4,38,0.7807300461445046,0.8140553611376227
3715,1,53,0.4507244826044573,0.7114927727711123
3716,17,90,0.9002579136337955,0.08779355640912656
3717,12,27,0.084739222363028,0.901591580219535
3718,50,52,0.30154170862598806,0.7947432953471046
3719,20,98,0.19194349630994845,0.14273645548193947
3720,11,3,0.2613488889487705,0.6827652745613904
3721,45,82,0.24987568873695132,0.5010694208520458
3722,47,89,0.020838630215283538,0.9774465032799794
3723,30,92,0.6201103430361266,0.9684330102383351
3724,6,7,0.7078815117904182,0.07616025779798952
3725,4,12,0.8645449355830075,0.8314491493611547
3726,37,95,0.5732435559157507,0.6090745813054309
3727,23,36,0.15213109332050823,0.34838713164003887
3728,10,60,0.5364294010032362,0.7082273656097428
3729,48,28,0.5425856773604648,0.6818653404445303
3730,6,73,0.910960251881282,0.9974680840647231
3731,20,15,0.3513912940442714,0.7106398721424573
3732,21,35,0.3184675093263517,0.402611848360947
3733,41,62,0.12685676618081065,0.2155318961275553
3734,28,93,0.6994812121316968,0.9062867448241614
3735,13,12,0.12891334549031142,0.5822293417986276
3736,33,52,0.09906663622005807,0.05808974695654945
3737,7,43,0.3707779439550566,0.5284191372477769
3738,50,87,0.28347169370519665,0.6545537905636167
3739,6,42,0.3358265587799737,0.5487977629304469
3740,50,44,0.5939999542435115,0.7958333263965294
3741,34,62,0.19573502408907018,0.6298283378608264
3742,48,100,0.35289119371975197,0.9748012413315824
3743,38,33,0.9750408314952775,0.5132774886778458
3744,35,85,0.5091194826104836,0.0013308047381377364
3745,33,39,0.08094808571272782,0.23019462745476882
3746,25,60,0.2314057183957443,0.5521474492466187
3747,5,8,0.0940814669076212,0.04993070157114565
3748,17,18,0.5866570037505884,0.8031085867185591
3749,37,30,0.34966917745585624,0.32198310781826744
3750,30,26,0.22920419852161678,0.5002997566969345
3751,9,62,0.6123313763792311,0.5969033298454657
3752,46,44,0.5878622325054339,0.5123191947098465
3753,14,14,0.3930451207291008,0.9939730670517463
3754,46,86,0.49471622920479064,0.984142422025821
3755,12,60,0.4733125432324793,0.33175000284787437
3756,25,60,0.6012318176519477,0.5781151779845325
3757,45,11,0.9077954263452727,0.06898759162658064
3758,1,46,0.7196614061337255,0.2957215188030997
3759,26,18,0.8061878903629752,0.6273552048232564
3760,22,68,0.7421824999885202,0.08060664908532433
3761,34,47,0.8356567111067282,0.2554117324223387
3762,3,61,0.2521400016953912,0.8602724113576138
3763,18,49,0.9115593085890956,0.7716801825586083
3764,3,35,0.897837233456863,0.11404632390091696
3765,34,37,0.4064642028591907,0.541766698558955
3766,25,44,0.9129895553854673,0.8240032857238546
3767,14,6,0.4797569401891103,0.9627687620985095
3768,35,95,0.49073389150185276,0.01228334428376665
3769,19,82,0.791641559460556,0.2851169721223056
3770,3,31,0.18530125523745244,0.34364844334031175
3771,41,14,0.37794290547532283,0.8947003258664903
3772,15,95,0.438517277130112,0.0035881076093542408
3773,46,48,0.3753699054042625,0.7898532558735768
3774,33,77,0.6063568268710918,0.9061676011814425
3775,5,100,0.17386993179580845,0.9482409437046978
3776,13,31,0.3269002873358733,0.8576108144624088
3777,26,56,0.9967834544705694,0.66890739348189
3778,43,66,0.5319921003161077,0.5774723674203176
3779,13,31,0.5024407588617207,0.3897969345626393
3780,4,8,0.04707132472798936,0.9883198415121287
3781,48,56,0.3270697073211184,0.39974461688259033
3782,7,7,0.9730392888812581,0.6049696418963516
3783,50,46,0.3203289202310772,0.2036613213329681
3784,16,72,0.23167382561567373,0.6148326179071268
3785,26,5,0.25342338430781297,0.36671167734089694
3786,18,33,0.5513068665704324,0.6937131838025833
3787,40,82,0.8299091358172312,0.5132656887057084
3788,17,5,0.20718287759176623,0.7607988025983687
3789,18,15,0.2213556264937473,0.4444650817309812
3790,13,99,0.6416156474222653,0.7529484023726452
3791,26,4,0.6736394379640073,0.8409429003223513
3792,17,9,0.9643892163109891,0.48892755594105164
3793,40,70,0.8054914501778425,0.13889833374778882
3794,44,10,0.5705448132501699,0.4761785226823164
3795,4,42,0.47409042285225,0.6746186650227256
3796,17,84,0.7340199495747034,0.6923194932902591
3797,25,88,0.48359182587802285,0.1740239517465364
3798,18,34,0.841788313994029,0.8946511673167481
3799,18,54,0.20971726832569704,0.37378600165965314
3800,7,73,0.19086439902487917,0.5875442785773639
3801,10,43,0.2828615238593969,0.8127739037761116
3802,8,18,0.6914590911897509,0.23993837217291214
3803,46,11,0.8188891156601749,0.7452690652840142
3804,3,60,0.38276528214348826,0.0009225926110917326
3805,49,56,0.5322784211820173,0.7674397191427232
3806,21,71,0.6721705438459729,0.44414532307716803
3807,49,21,0.982429697176068,0.9301793390968432
3808,26,57,0.4315910605312828,0.26389384689994955
3809,5,25,0.033106283867066266,0.9987189141471611
3810,29,12,0.43501961787763765,0.5468990297271218
3811,32,23,0.7353757823959634,0.788628826412677
3812,22,82,0.45673187680293026,0.12160313439768633
3813,2,52,0.49974295847110584,0.09321979365514466
3814,23,71,0.5329736936018901,0.4105049033626884
3815,40,3,0.45223093789736635,0.5338404411467891
3816,27,99,0.7761471097644627,0.7352542243153336
3817,38,8,0.48620407139473554,0.09067816851387656
3818,12,90,0.2701423724082115,0.22553256305947256
3819,50,40,0.7844283296085274,0.8598710442029619
3820,18,60,0.9056622828079535,0.7577620443204234
3821,19,51,0.7403805327004161,0.20555596356543426
3822,23,93,0.5030862522738629,0.37293928652835173
3823,4,22,0.21574605682502623,0.8506963678132355
3824,18,42,0.7318469310447724,0.31795119530759575
3825,47,77,0.7424886201346763,0.8935700073671484
3826,30,95,0.5045377294515452,0.6739160916669937
3827,31,67,0.24701647118288783,0.08099313813645836
3828,36,8,0.25706544058768366,0.3568452669863521
3829,35,59,0.2522218163468761,0.6615387503926935
3830,11,48,0.33684478658283956,0.5632666300033424
3831,10,35,0.580110992849059,0.44835586406227534
3832,20,43,0.1519296101906813,0.5789270009344195
3833,11,57,0.5112587936394768,0.5996515026681917
3834,1,6,0.406995520741651,0.015815948495675358
3835,31,24,0.6644789688022803,0.620019252354926
3836,49,23,0.9072211043271806,0.07203776035056142
3837,26,27,0.8041667830852748,0.7108296778014196
3838,41,28,0.0020834006768584157,0.7213219595401203
3839,34,55,0.8217276955985264,0.7591577328302553
3840,22,93,0.4771796436432646,0.6197196425389615
3841,40,70,0.5011679735765514,0.4854634825370392
3842,14,31,0.5852436019080486,0.6893115653889362
3843,5,3,0.3339148921567371,0.07142004167966687
3844,5,81,0.005519954991293541,0.7364031676572467
3845,27,67,0.5950178365984731,0.7514662188496652
3846,30,89,0.717418842359505,0.4376572666765576
3847,37,53,0.17592818422007772,0.937617758451479
3848,18,37,0.8990220833699757,0.5626533541635489
3849,15,65,0.42689743951119263,0.7596460244133081
3850,17,74,0.27595671106613984,0.7099263893681395
3851,48,90,0.4408203544219248,0.9221205604977062
3852,41,36,0.8868849095149526,0.5013509523603542
3853,10,81,0.09573511363437837,0.5295303521639046
3854,14,18,0.07228737058021917,0.1626088755064301
3855,18,99,0.3713460446262753,0.3750788352943568
3856,6,55,0.9399253867870233,0.29160778978027746
3857,43,63,0.2548676575192368,0.9824540397496379
3858,35,42,0.3801405250174925,0.28435666234088175
3859,2,11,0.4630815550389812,0.3546795566510593
3860,49,46,0.16939471465737932,0.08302738602786308
3861,6,96,0.8690419836465719,0.9984273210426406
3862,33,43,0.854338861817034,0.9163844399408483
3863,5,85,0.4215938680318685,0.3411128615153375
3864,16,87,0.43429449670236986,0.5044471092735565
3865,31,20,0.26630563700631815,0.40299979519731166
3866,50,80,0.6549951141888307,0.4422964320451521
3867,6,47,0.4306342680037869,0.11516746711119452
3868,47,61,0.5333244013176616,0.10586445397256838
3869,40,39,0.12587099062589113,0.7263046459670969
3870,46,62,0.8383789037947826,0.7819452593719353
3871,49,75,0.6935124578620755,0.9674521867230328
3872,43,33,0.7515320803610166,0.65029619214061
3873,3,57,0.47327770273926506,0.7098387116978214
3874,3,28,0.7363113610728894,0.31374846982759386
3875,19,78,0.7156635807295083,0.09288456121921984
3876,49,17,0.8074054837501651,0.1332026767588228
3877,18,20,0.1942899576552124,0.7198480715163782
3878,24,38,0.18440841892163606,0.4628593213009198
3879,22,10,0.37988980555291196,0.6438775381443561
3880,15,95,0.06142876182928225,0.16450947594589282
3881,40,30,0.105270440704621,0.9333264788201091
3882,21,13,0.44924099595418565,0.2329640595278758
3883,10,100,0.8517943814597401,0.2853016940961336
3884,2,80,0.5455794207439387,0.5182697618877374
3885,16,69,0.8102531940703078,0.13780051029320206
3886,6,74,0.8270788786017698,0.5110065886726428
3887,12,19,0.9870755371223028,0.39884277734099194
3888,10,48,0.9827588331773612,0.8323487285293233
3889,27,97,0.6726522063388723,0.2998532149914037
3890,28,67,0.33984717948558596,0.7700830889881138
3891,3,10,0.6865780067807772,0.21744507647988465
3892,7,58,0.11760123308718795,0.2677768423020558
3893,37,28,0.6607071383079709,0.23979745425712107
3894,9,52,0.7073936864288469,0.7898740126421365
3895,10,35,0.40937863233464566,0.16907585369927947
3896,8,28,0.6428817841888759,0.8513048340842801
3897,8,42,0.25811124569497634,0.2912860722196907
3898,13,13,0.4325899333611276,0.3733212771198374
3899,40,56,0.5655229489951444,0.13508714154408996
3900,34,47,0.9793713138159452,0.9966105916182203
3901,5,57,0.04741648165295964,0.4688459417834542
3902,6,36,0.33940436274848385,0.43234956208773
3903,39,11,0.979073171966065,0.47788036462264183
3904,15,95,0.06560109460138253,0.4950811091583487
3905,6,74,0.7126232819047604,0.42137594109063004
3906,38,26,0.0451373828123095,0.039352354844746085
3907,30,92,0.4124633750073261,0.9637128430112363
3908,29,6,0.9879398872887505,0.6242172075752093
3909,20,74,0.7714394292051193,0.03289905170452134
3910,39,3,0.8349511545915272,0.01440504311491686
3911,40,79,0.36603319258042133,0.16710992458115925
3912,17,90,0.9660156452292036,0.09966933058359018
3913,48,76,0.46163469002783053,0.8909788290546793
3914,44,88,0.7699798213616605,0.29904428834672603
3915,37,2,0.7026737148206288,0.17726538978982476
3916,23,63,0.2610417803990456,0.302687891092575
3917,13,54,0.7613784109204987,0.9096240911195745
3918,34,12,0.1420880510167627,0.6628686390404946
3919,36,65,0.7353006663666346,0.7886262582290805
3920,17,57,0.0618884053853066,0.9680162836870887
3921,44,100,0.7430726240372281,0.16974991416564789
3922,37,21,0.48555018987807885,0.41035294436523984
3923,6,83,0.3236186721101115,0.8191814042015683
3924,3,79,0.789306737511804,0.9573010424439483
3925,26,59,0.856485583423426,0.8823494115024731
3926,41,58,0.8386285332406409,0.15025097621812433
3927,14,77,0.5228584127955059,0.7055365932165076
3928,19,68,0.11280741448840548,0.5621642694718986
3929,36,34,0.7201939751809232,0.7784734480355168
3930,38,38,0.5629501216303598,0.0330628677209891
3931,25,83,0.227717724680514,0.9328563974153589
3932,27,99,0.9524476021146157,0.09318026071780872
3933,44,67,0.9674793388396503,0.9165081560627742
3934,3,34,0.9513583683470386,0.4023949675357179
3935,12,88,0.501390614086017,0.29342260517585605
3936,20,90,0.9963359750210113,0.11000520490876686
3937,21,64,0.8532529231755873,0.8264267601403457
3938,8,78,0.466163914031987,0.8342710951908081
3939,12,86,0.6409327854323359,0.7369334681097574
3940,5,66,0.5286640458971963,0.21483516466441177
3941,20,81,0.38142566228612573,0.36614594547953005
3942,10,39,0.6077058640744389,0.6201962738349266
3943,8,95,0.39722413795783307,0.25311138106213005
3944,50,95,0.9842678742526219,0.643632071679051
3945,42,44,0.24932804935929642,0.41939020380093317
3946,27,93,0.7231640925941893,0.6809454143563275
3947,9,59,0.3162889432699929,0.32788787605685543
3948,19,2,0.8782914848881389,0.6074346174859958
3949,5,75,0.8487045892884756,0.11460027675752782
3950,24,38,0.9931576679903105,0.8234424285844392
3951,41,48,0.5576531668403308,0.984828650860777
3952,14,40,0.39714887717402536,0.7481454487978809
3953,28,54,0.6374740961397496,0.6496246224956412
3954,20,49,0.7772966265905779,0.12586115396939157
3955,44,56,0.9662220281265081,0.0434040316065567
3956,41,60,0.3589375863067883,0.9206033045130972
3957,40,47,0.9442917106704923,0.832608511592378
3958,27,91,0.46389365626125867,0.670541865174218
3959,35,11,0.3751157322488685,0.4543259027021742
3960,2,46,0.38381911287809867,0.7706623983560028
3961,30,80,0.9428983538513922,0.8554159654324329
3962,4,37,0.8213000040507322,0.12874951046588456
3963,7,59,0.5354047221307349,0.07149583987264263
3964,10,83,0.33867182950736485,0.9352665419529181
3965,14,67,0.2497108359995236,0.03538764354377644
3966,42,63,0.20757211625714034,0.2107312080113285
3967,24,83,0.8976663328907737,0.9349030521471307
3968,39,67,0.4497292439504045,0.34356900942461277
3969,8,5,0.001981975543774883,0.7851834720733493
3970,14,67,0.4067202147715011,0.8884294023181674
3971,9,91,0.10657850853689,0.7556267207468976
3972,13,87,0.006708461779525221,0.7352069350821566
3973,4,90,0.5157441043873292,0.9591672480538235
3974,42,69,0.4137713416735558,0.03919606939846254
3975,25,3,0.9012191550571769,0.463651165582442
3976,42,31,0.9888695967964712,0.8121078357039831
3977,39,54,0.7654919325943783,0.13779359020536497
3978,21,11,0.9145098944999783,0.49757986065921544
3979,13,4,0.30375463897316624,0.7053757331453359
3980,42,13,0.8329117943069213,0.7329900827987799
3981,44,27,0.07006114652001827,0.5600479030881506
3982,17,37,0.05944991057047633,0.8429188995434579
3983,35,66,0.2328020234742474,0.7854408266894981
3984,43,53,0.8871099795334387,0.5844331254672607
3985,36,76,0.3767908639818426,0.3469738237654064
3986,38,44,0.5121236915173896,0.2586273572438318
3987,33,10,0.967693670049922,0.35504530360353714
3988,10,37,0.6585641059178015,0.7729384570235454
3989,23,20,0.28649177273355486,0.8982023062229568
3990,30,95,0.3485039788981893,0.5358573983008381
3991,1,11,0.9727447629518299,0.47432502673464716
3992,29,80,0.6949242930987046,0.36047072857553963
3993,31,1,0.7520283127862061,0.3750356819181594
3994,48,34,0.8616736554631744,0.5134780732177072
3995,31,45,0.29633630426946656,0.6078856486031706
3996,6,38,0.637834417378881,0.23744314767662966
3997,13,80,0.19820193316627444,0.26345480760356177
3998,30,87,0.4383518118086457,0.7799499343136531
3999,44,34,0.035134477505997075,0.7777004719489509
4000,28,6,0.8330611851047613,0.956427894491857
4001,13,88,0.40421551048012616,0.2580919160301326
4002,6,7,0.5276894965667224,0.4122345224183792
4003,27,44,0.6313867241602513,0.5612823913910994
4004,12,34,0.23282718336138286,0.5818593763444894
4005,25,99,0.4503843888643333,0.9865229673904914
4006,29,81,0.7848254241350032,0.8880448168282944
4007,26,57,0.529989744650502,0.3143146802102863
4008,27,23,0.16661105171638324,0.7315280150055594
4009,30,30,0.7355236991541869,0.37022845682560424
4010,11,94,0.4442797211462175,0.2168165251957047
4011,27,17,0.974725127623825,0.9120250988132383
4012,25,87,0.44214991128422465,0.2897453185574531
4013,25,51,0.36849912504806226,0.1482687666908269
4014,6,51,0.7942194320574987,0.9852125929774281
4015,11,89,0.7259453735243049,0.07166733552134807
4016,26,31,0.6884734118017973,0.7620010663753838
4017,49,32,0.9950490780566864,0.4558753366417746
4018,39,97,0.8617532887368596,0.4318827585640016
4019,1,91,0.09626811477205366,0.003240943252021733
4020,45,27,0.07093605296911887,0.9893969278675375
4021,16,64,0.24713858928726218,0.16802530458885212
4022,48,11,0.40919970282261875,0.9233969242790778
4023,6,59,0.7246929789585121,0.29710593857521794
4024,27,65,0.5836288994306132,0.7539845994367594
4025,21,62,0.480382415465766,0.17030711252061836
4026,31,60,0.11483614949570597,0.5735138727905578
4027,11,28,0.4147222443117069,0.2343978152618429
4028,20,84,0.9790026579079115,0.9445667411346144
4029,43,27,0.24102246075548905,0.7766821957659068
4030,8,95,0.6273344850858242,0.3619543871912495
4031,28,77,0.11671256528323792,0.2722794801634342
4032,42,95,0.29212251166182013,0.7324063276554541
4033,25,24,0.14463919329308028,0.3062909461443025
4034,17,46,0.7163956255557951,0.6625561592201256
4035,31,61,0.8703183197284685,0.00048252843954532665
4036,6,67,0.5240217307329684,0.9410099939960755
4037,21,76,0.10517770238541146,0.7957103144967561
4038,29,50,0.25961384210134875,0.2640990698916643
4039,43,33,0.08854588571286082,0.9063621040738239
4040,6,41,0.18916462200839257,0.23725447040826053
4041,41,19,0.41165209660691293,0.19559882358743486
4042,3,15,0.008460566106265444,0.6010835717166063
4043,20,18,0.45806603938206647,0.06762599761391941
4044,29,12,0.9178762471868342,0.47171298876844536
4045,4,97,0.9617552456946065,0.4328362813862505
4046,24,2,0.5141951151325197,0.1702984795849325
4047,4,36,0.6107197283373288,0.13859456912113333
4048,12,65,0.9636848126866123,0.9997359209048015
4049,14,9,0.17395341002663456,0.39437034149664374
4050,9,9,0.3886487004087874,0.17976096749316017
4051,33,4,0.9669304966287381,0.4516965798852687
4052,49,2,0.3750732229350279,0.9429717827045172
4053,30,38,0.19555357402709028,0.4649196596452446
4054,2,63,0.21327761719193095,0.9845121894347841
4055,7,5,0.2809318776694615,0.9777893963821235
4056,18,16,0.47880093895344444,0.706802013735489
4057,10,68,0.7292371280671874,0.24715157504755036
4058,9,77,0.638018246612767,0.9440617439564329
4059,20,24,0.8103015828980275,0.14109182187501323
4060,13,26,0.6874884457832119,0.6005194251352806
4061,46,56,0.06087312611271345,0.29170613944123425
4062,42,61,0.28007601751968636,0.6769776715894043
4063,43,12,0.5298659666620893,0.22018851290585484
4064,37,43,0.2675645133937975,0.6126295726750149
4065,39,81,0.5221614193692111,0.9062742676382749
4066,29,84,0.7219885788288043,0.18215210354205413
4067,27,46,0.8648593555053109,0.9189699286200557
4068,18,1,0.5949734777492686,0.6734874086641328
4069,22,12,0.8874246783867932,0.4740161105327768
4070,14,46,0.32815709660648906,0.8686127901688497
4071,30,15,0.9335237453372318,0.9220873810932264
4072,28,20,0.9734374083635905,0.9115570810091784
4073,50,19,0.5384738039949393,0.7850691540063887
4074,49,21,0.40501069942353185,0.6699145237827386
4075,3,98,0.4042248823691754,0.2528073344342002
4076,47,2,0.5714741299564285,0.25090444679451407
4077,10,71,0.5488414360101703,0.17409880317898385
4078,42,58,0.1580137261400063,0.3798972331798932
4079,8,35,0.5063799522709528,0.226592312777523
4080,38,28,0.036082162254964856,0.1983896973268119
4081,47,92,0.705009684041086,0.7018859647639961
4082,9,19,0.7960734964398437,0.24181949199131614
4083,20,59,0.3554605883618355,0.06684253325432488
4084,42,86,0.41491313743546265,0.48749292228825947
4085,25,91,0.5273792225953374,0.4156245767313814
4086,36,26,0.8457506984178897,0.7790484597555679
4087,49,30,0.3809651280780866,0.7193723710311631
4088,24,97,0.7231863229696178,0.6396216702156546
4089,42,23,0.7195347926305359,0.41539105538337007
4090,42,30,0.5144354148409206,0.014330828136602913
4091,29,92,0.9746649666954716,0.4497451240674959
4092,29,53,0.07517311708475238,0.6256861483907137
4093,29,65,0.08883255163875658,0.13287849104396132
4094,48,1,0.6584361728302739,0.167906691955526
4095,26,44,0.25785434999493784,0.5404334364481906
4096,25,90,0.18599853956651935,0.6529122034455186
4097,28,7,0.9701416157974496,0.24571076584541507
4098,9,29,0.1754703720546057,0.21333024138383316
4099,6,82,0.8434477069154475,0.18086008398886888
4100,40,38,0.6746382639777537,0.08631854391921101
4101,19,71,0.4455932074886265,0.8360671612621273
4102,28,77,0.37436990632581524,0.5119991560283726
4103,44,19,0.7705615463245754,0.0014937384728715974
4104,27,81,0.13572572212327416,0.3752005340886462
4105,16,50,0.5708111142855312,0.7316679968254322
4106,2,77,0.41778451999219723,0.5190753034469335
4107,3,18,0.9619133440994857,0.15034430858358716
4108,44,62,0.8616336637036524,0.6665024786051872
4109,34,68,0.1396702056137099,0.3251500262754998
4110,20,19,0.8633733939647235,0.018771423883464422
4111,47,70,0.3498417765835533,0.6716273428521924
4112,35,22,0.4711853527480617,0.3595922744110587
4113,25,6,0.21575268795309466,0.70788093556213
4114,8,11,0.13612818129863158,0.06503147788270414
4115,38,87,0.25082050887142326,0.24214969485871818
4116,21,2,0.4524795217172146,0.689778393558354
4117,45,37,0.9562706795797612,0.04358153622282779
4118,5,94,0.30150631174774434,0.8188831699575468
4119,2,20,0.9211963399520722,0.02414587864833928
4120,8,64,0.5117657521855974,0.5591433909713893
4121,2,12,0.32553998258683225,0.9305307047762004
4122,41,11,0.70922221381454,0.5514867660623792
4123,5,100,0.20779485502748063,0.47472409997808795
4124,22,93,0.533721901626729,0.7219297932095008
4125,21,33,0.966638204854322,0.32775166528844524
4126,5,60,0.979871369831158,0.04765859030919173
4127,19,42,0.9681674714503021,0.545500236902138
4128,32,39,0.38083456950779404,0.26510863417659447
4129,38,26,0.8573181997403285,0.7312545827509974
4130,40,56,0.05095694241014881,0.665827472037994
4131,45,13,0.05933624981956653,0.8122828633750238
4132,49,49,0.6082805911093507,0.03873022791202951
4133,26,11,0.4461095705282375,0.5664074959396475
4134,7,60,0.3051335287440792,0.4639385104180761
4135,22,29,0.7561528708185419,0.8928007414280497
4136,6,57,0.8869323266776634,0.5752659022021039
4137,39,75,0.16290489051395218,0.5117473546552359
4138,42,43,0.5434184750533446,0.0947039621455672
4139,48,92,0.9806378185206163,0.901146008959907
4140,3,35,0.49640247053642284,0.5810874522162143
4141,24,40,0.13182872646447108,0.41635086446675995
4142,48,64,0.8200206251307335,0.9920685419461432
4143,13,84,0.30913108494886665,0.7760125342694436
4144,46,27,0.6678989620936907,0.4389924725148999
4145,35,51,0.2678029402215155,0.07262058413185901
4146,22,1,0.07686223729883723,0.2978553130959738
4147,36,64,0.07933614076875162,0.9092226513786811
4148,2,33,0.16279087603708764,0.4706205100683719
4149,47,62,0.9194843578485349,0.7427715278696522
4150,16,29,0.5403727202517904,0.2772044779261632
4151,33,39,0.8246500951929501,0.3277870352893847
4152,4,69,0.3748694495160042,0.9056655435132177
4153,22,16,0.8644094124329346,0.48159919880767066
4154,4,71,0.890931664677913,0.578343793192057
4155,50,72,0.45407996164765196,0.9421463970142029
4156,18,46,0.9602018614579784,0.05370233469758379
4157,16,86,0.6513705075835681,0.013156955063717612
4158,16,53,0.9909268727155046,0.15281784064634407
4159,46,46,0.9556435469365877,0.5389793901104336
4160,4,6,0.10774983298039364,0.2960789902938652
4161,20,13,0.44432409266451045,0.9245434383751951
4162,30,54,0.6209023920006339,0.4090243324736108
4163,7,21,0.4128824832634139,0.10540340543803373
4164,15,26,0.5978250594055899,0.3437137781242309
4165,5,52,0.2872779475347128,0.9754715183022281
4166,13,86,0.6073902766109014,0.6907021816655208
4167,40,43,0.7603353404608835,0.27195462844459783
4168,47,40,0.3001117004554982,0.5100435348872733
4169,50,30,0.8630653327662547,0.9625644109513838
4170,40,100,0.7525880628281402,0.17560077335316926
4171,31,97,0.30788382080137644,0.6239119123981005
4172,47,98,0.15311744481064005,0.306011294109776
4173,33,47,0.694380218789025,0.023795513055888895
4174,31,83,0.7291835272671747,0.007432681626351245
4175,33,45,0.3904169361182269,0.7331321149327505
4176,4,1,0.11548420838391293,0.7296944120401541
4177,32,15,0.8614058043937066,0.7953780561029616
4178,39,45,0.31493443498877327,0.5005975783563011
4179,36,86,0.251654954345531,0.45294398093564847
4180,23,98,0.5181241879013453,0.6194492804446554
4181,33,40,0.15423564156307135,0.9828363398284324
4182,37,20,0.5885691704787138,0.37821321946723463
4183,46,76,0.09953933496040868,0.48270579840189975
4184,43,76,0.9882240224590367,0.12102746471675208
4185,40,77,0.31891575233978875,0.09062340133659308
4186,26,84,0.5957824676854306,0.046867742435147464
4187,26,96,0.5635324448320836,0.22830891547624677
4188,18,32,0.42419490776276514,0.3681313306244597
4189,23,88,0.6031266618594501,0.8263838348225162
4190,32,93,0.4845988415312107,0.5194739431816741
4191,34,89,0.9513334059065246,0.48650610438894826
4192,20,77,0.25079828766380174,0.9126262843453443
4193,40,7,0.4423540885408259,0.2692812342909634
4194,12,42,0.7983664947973763,0.9093650222878409
4195,31,14,0.3180110575610018,0.4654647034388182
4196,11,93,0.8058952813418847,0.8866499627222866
4197,26,34,0.760592543852102,0.28491530461703574
4198,1,86,0.9083573445131756,0.8227510176447891
4199,12,93,0.31798337349849615,0.2057840356256243
4200,21,17,0.792005578495243,0.8917136127694967
4201,34,58,0.8650132713945866,0.1478299050441162
4202,22,35,0.4042066987557519,0.5302042787652197
4203,35,23,0.19499072151942587,0.654803941349792
4204,49,16,0.4012903998642434,0.9736319325446051
4205,14,55,0.3922657428487618,0.6878825610597408
4206,42,52,0.7843465214567009,0.35340468698116745
4207,46,80,0.44806218190822955,0.19260070830795128
4208,11,48,0.707649633384796,0.445632310942755
4209,18,51,0.1725605696147695,0.3046102519915799
4210,39,72,0.7395548852251191,0.1682969935374241
4211,10,28,0.41838214349888636,0.8511097507088528
4212,12,7,0.7365592257297378,0.8821273354143994
4213,28,29,0.13780351984796757,0.694928552242295
4214,40,15,0.9203209967931352,0.24397200143302777
4215,34,88,0.4156571775817778,0.9163582952891781
4216,18,54,0.835579566833966,0.31160780627436957
4217,26,54,0.4281063716579605,0.27540937565253043
4218,2,72,0.36264092385520486,0.14175545963110903
4219,49,4,0.7136504584987059,0.42653375449629816
4220,43,30,0.1401806474071542,0.5349635937807081
4221,5,50,0.09638987043814684,0.4763941749172108
4222,50,48,0.3549667189564375,0.04776235746123181
4223,24,57,0.16384869454961404,0.5652580381872199
4224,30,50,0.5779654107323541,0.07785904711725633
4225,33,74,0.5856712645865011,0.9358748619364906
4226,9,46,0.1582463961479399,0.19027246582086865
4227,15,44,0.6707363119441688,0.11899181499066402
4228,41,53,0.20615075816455197,0.3380907567194301
4229,46,96,0.7480204637289283,0.3076828412901773
4230,47,82,0.002946383765544347,0.7318200030499152
4231,4,44,0.029880587554962923,0.15372715517631474
4232,9,14,0.5313887661952367,0.6910241811819908
4233,17,85,0.06799054154338413,0.9581833133032017
4234,48,47,0.5928591883184855,0.3681150602270653
4235,20,18,0.32917074953719805,0.612479592244717
4236,49,39,0.05623699322042264,0.9273736208284522
4237,10,3,0.1884692283685433,0.5753060350672407
4238,3,1,0.3317995147031171,0.7887417457494403
4239,8,34,0.16731984142068657,0.7632326677801982
4240,13,20,0.5228393386648886,0.7372405285164709
4241,49,82,0.9624503409380292,0.9986376404677276
4242,44,75,0.20468021375058476,0.10813455167932617
4243,45,1,0.42530051129460367,0.023205663376421493
4244,27,52,0.5143559558841604,0.28992559559896136
4245,36,58,0.4876026069455749,0.975050270247424
4246,32,91,0.1295967941755698,0.07154720072699905
4247,26,11,0.2912622458995383,0.8660571502285188
4248,22,94,0.6109702261221261,0.8680321574135554
4249,14,23,0.49827962538660386,0.5267815036313576
4250,25,100,0.34465445410167883,0.6136902440287693
4251,22,19,0.4126826297675197,0.45048543178327005
4252,31,71,0.8962231774821492,0.5883200580365183
4253,36,98,0.5139749833322512,0.05230415336524796
4254,41,66,0.8432882114784425,0.13353309960088577
4255,20,8,0.9659021337163269,0.4659336071001501
4256,49,82,0.9679463003000837,0.006579390763178594
4257,39,66,0.5367411585989632,0.8729046248401586
4258,2,87,0.9647056226008415,0.7381208359305997
4259,37,32,0.9264206465634423,0.14881616390375463
4260,3,86,0.5040337990062682,0.9918085643287995
4261,15,34,0.1221418565623924,0.8717264601096153
4262,33,60,0.7239875762490954,0.0325633771089312
4263,37,59,0.8969067085488766,0.43100136554881163
4264,43,26,0.5999604322531372,0.6302335630400913
4265,35,82,0.44552300438344483,0.003417671060199412
4266,15,26,0.8198071759441153,0.11504545563367174
4267,19,31,0.04295111558062925,0.10118774048628021
4268,5,77,0.04929485607172057,0.4942897668945322
4269,28,67,0.7668393430135059,0.9625802639331048
4270,30,58,0.174482835236197,0.8464242728664901
4271,30,95,0.16715528509082556,0.36020850116244796
4272,48,54,0.7279485417713824,0.6688819610237152
4273,37,30,0.3224116641966335,0.9808428184567322
4274,28,47,0.5154010462379104,0.464199352319393
4275,34,51,0.6276159131812874,0.5362216167508532
4276,45,42,0.966268532045647,0.4559253597965893
4277,20,51,0.7377839774517219,0.444965006569804
4278,48,52,0.7186910928125572,0.7531576516854875
4279,9,25,0.9773982195086869,0.93130745626538
4280,8,80,0.9012884879667743,0.946624841548407
4281,34,10,0.026181524820197755,0.32864232161538587
4282,34,83,0.24173652525483946,0.05777225298817856
4283,44,52,0.9484742119948568,0.9759357334662611
4284,22,42,0.09196768727169957,0.8512303243492241
4285,28,61,0.9775932257902045,0.21258028095432313
4286,42,47,0.0500479796045763,0.3029652488506128
4287,7,2,0.007670105975004282,0.7775726956680814
4288,12,32,0.6607222452810521,0.8776491686552018
4289,44,7,0.7565743879883644,0.6881344941417424
4290,28,43,0.38155032981127823,0.8453860531543294
4291,4,78,0.4761130965391053,0.4489082466003894
4292,27,38,0.5041033464817521,0.6291607450609004
4293,7,34,0.2678538941356321,0.060978548142617495
4294,36,96,0.5572010306427423,0.4797106434115085
4295,50,33,0.4375446867946927,0.8618675017115706
4296,50,76,0.7941139750459961,0.608832183476179
4297,40,5,0.20643271105922245,0.028595322184990946
4298,2,20,0.6565764050468563,0.0024071512770290626
4299,46,60,0.5990658445208196,0.6803337112863368
4300,41,44,0.3384024663104581,0.5971394495873111
4301,50,39,0.20036032220665678,0.12003160289944059
4302,11,38,0.3987476769992433,0.3364346685328209
4303,22,90,0.8743253122570632,0.02043891713730317
4304,4,93,0.07903777262456135,0.7757618673717679
4305,28,68,0.16963827635224715,0.2476979058535307
4306,43,59,0.12527650971906235,0.7354250148527886
4307,42,9,0.09607438344047226,0.4021728895715422
4308,39,35,0.8181580798149629,0.37322455879957217
4309,4,9,0.6112187473083326,0.8699537185451027
4310,43,78,0.1957786072296246,0.5908559921579847
4311,30,66,0.9383257821068408,0.08472746713296797
4312,39,87,0.5755711673980394,0.1803073890922764
4313,5,65,0.0106457300553352,0.3034940293887478
4314,22,78,0.7441958878304127,0.8602860915117672
4315,5,88,0.9951700025732577,0.7842715027354059
4316,30,69,0.8936238144260483,0.2690652016601607
4317,26,83,0.7415226719773309,0.42835650493105926
4318,21,73,0.15013037431243947,0.42015198279125554
4319,47,47,0.6628693221917908,0.1810796466894916
4320,38,1,0.899883249330936,0.7981347293467916
4321,8,85,0.23671077025453313,0.08744950195168966
4322,49,27,0.9761807460452977,0.24448045254615725
4323,10,71,0.15952753492748284,0.20227007304758104
4324,36,16,0.7177454698125967,0.8454270232554302
4325,50,56,0.27104513749697845,0.48515406893761615
4326,32,25,0.4019869660162063,0.4010922436118476
4327,24,49,0.5316348355226768,0.2400047673086798
4328,44,41,0.6606726387679274,0.47267290933313155
4329,28,55,0.9397853773693583,0.5191326428130637
4330,48,46,0.5805461292227323,0.5233255156282288
4331,39,47,0.6514851583761994,0.34188282761147226
4332,20,61,0.41079364735174884,0.9236776186149035
4333,12,41,0.3078771299003038,0.8721920566190653
4334,46,62,0.5854759924439019,0.8517531052568973
4335,50,82,0.05187128065720792,0.27426556384286627
4336,21,69,0.9145640472349115,0.6898226100390935
4337,31,67,0.30691086018889147,0.36512138080746837
4338,14,2,0.22025019256958078,0.724991564450459
4339,39,76,0.5471826202138164,0.5968058027932223
4340,13,6,0.8000875214546805,0.0584049349958059
4341,27,71,0.17961589273659018,0.09066262704824157
4342,40,94,0.5899039734135776,0.6036628119398139
4343,12,36,0.3721220077356481,0.49601743856127056
4344,12,73,0.16467478895315002,0.45004166481667107
4345,28,19,0.23995690596110675,0.4363768471105538
4346,26,57,0.3064634727875378,0.40119095122839044
4347,27,76,0.6594428338483133,0.5361459391687236
4348,30,41,0.4852518247437313,0.9308726564416411
4349,2,71,0.9005248000236714,0.13208929448664664
4350,1,5,0.9242108223500826,0.22747961057110544
4351,32,67,0.8813363091948043,0.131110293413642
4352,22,53,0.26444465873234224,0.8052826088396391
4353,2,43,0.6695851811614869,0.5093521404842609
4354,4,20,0.17022069589664202,0.38631510786130896
4355,42,55,0.5880582681088798,0.0726993709228081
4356,15,82,0.9115287142064152,0.761490432708561
4357,1,13,0.7969233946139405,0.7078328605590155
4358,26,23,0.6408271380866909,0.5339674932142732
4359,24,40,0.593817629180644,0.9147551993802883
4360,13,79,0.36972498815429033,0.013316839869379815
4361,37,36,0.09604388220840265,0.45505356153204224
4362,33,2,0.09270199567248005,0.4680404932281571
4363,2,35,0.28370495055709777,0.8669031095347328
4364,12,95,0.19387564722271444,0.9183516820182039
4365,41,92,0.0910202265811122,0.9695965332396854
4366,40,80,0.7082003475380344,0.13351917420697224
4367,19,39,0.2820603068786066,0.780955424161305
4368,27,54,0.4844333027118365,0.9821045148077179
4369,5,22,0.8651580623482826,0.9854497690284507
4370,2,50,0.8930060100719579,0.7241640578456723
4371,16,73,0.886495264951826,0.3300105722054909
4372,13,34,0.014527649360074224,0.03540059752046398
4373,22,55,0.17798922895615477,0.7748668281639096
4374,40,16,0.4338038360145684,0.03065236200196142
4375,5,7,0.08211696795156398,0.5784674293825871
4376,47,90,0.8016063062376978,0.399450852682558
4377,15,22,0.9505022043716241,0.6280868540091072
4378,8,56,0.5846543963941325,0.36927563462262514
4379,6,40,0.5706279604308853,0.28357686191173415
4380,49,8,0.5466856248700266,0.8332929714602456
4381,3,26,0.7945311113126958,0.17390912726886565
4382,48,49,0.2631000686739168,0.32578362092209656
4383,32,22,0.3536646619266687,0.1272545810971233
4384,21,98,0.7329354459912867,0.29287444772264126
4385,41,10,0.6740698348640137,0.010348314323133323
4386,11,83,0.39908452893980306,0.6659616127003791
4387,22,1,0.9646030114307246,0.30097225294538177
4388,49,27,0.5270923303197935,0.09063816694747295
4389,34,93,0.46728926592278897,0.03794071706874946
4390,4,35,0.866147784223703,0.6729939903013432
4391,29,17,0.3520544334343437,0.5446677964627802
4392,13,68,0.7814211636251469,0.004559878004053997
4393,12,44,0.16955834246581702,0.031402407096221996
4394,5,88,0.6668133112206611,0.309430391444696
4395,43,85,0.5402664899811368,0.7717175644797828
4396,9,82,0.7272317385358612,0.8747501264601643
4397,48,82,0.03285668705992517,0.895358935634792
4398,45,72,0.9190794611390711,0.024403815536621964
4399,38,29,0.00023195067399794933,0.026216994974859853
4400,20,35,0.6967979911231628,0.675585332768886
4401,16,57,0.7701269436013196,0.11292690339659783
4402,26,4,0.4869023890305261,0.15434848969308312
4403,14,89,0.16144404584754846,0.29910351494403764
4404,3,50,0.7396673301447105,0.7491404785708731
4405,16,91,0.19804823149219708,0.04584735699782316
4406,44,8,0.5956627186697778,0.6122788820604035
4407,30,7,0.7558933167583565,0.5154369351502358
4408,27,80,0.5462762003372916,0.6496127283290731
4409,3,69,0.29739816780971406,0.003892928142744112
4410,19,45,0.2786208732187383,0.1619021876819794
4411,25,87,0.5734856754435127,0.6530965720517744
4412,10,58,0.4211910979623581,0.8862136312642691
4413,10,64,0.32313682002224964,0.22718666927100972
4414,26,7,0.3254509856614568,0.5498018300432367
4415,30,39,0.632485731683806,0.24910322927184525
4416,11,51,0.2180508673136221,0.1455714006455121
4417,35,100,0.18535595250493853,0.7195754743710381
4418,19,48,0.2883984533079005,0.9594657221316513
4419,38,32,0.014193807957476934,0.6772985145298606
4420,49,54,0.6616102378887379,0.22139347853981117
4421,3,55,0.23872821589272208,0.7787108557965123
4422,31,59,0.902287312795551,0.9885447319251037
4423,41,2,0.8003810256488677,0.3268860169789537
4424,39,86,0.8368172070430756,0.7228316533934399
4425,4,73,0.04428043506792634,0.5933215864209417
4426,19,16,0.651150148790198,0.5227977059769233
4427,3,27,0.9570533931263608,0.707461893374225
4428,16,7,0.661867024421884,0.8375815784130007
4429,19,13,0.9028020588542401,0.47286583264048176
4430,5,41,0.9430386711315402,0.9766859090524066
4431,50,24,0.12648574515140676,0.45752685786150327
4432,17,23,0.08551398452945813,0.5363311912725404
4433,34,7,0.409500075371416,0.4638952467857749
4434,6,60,0.8486390942064629,0.46012547724749675
4435,18,88,0.1318695242328518,0.6513461499261516
4436,44,91,0.21598560481417595,0.4785753180686716
4437,29,38,0.5015194607176638,0.1277550207190138
4438,6,39,0.33826399911601435,0.8766700485075323
4439,37,51,0.6703873289546792,0.2892836190992104
4440,15,91,0.45050063097672277,0.46573584937324575
4441,19,55,0.28275586736307434,0.010588689637167858
4442,11,97,0.9737372052868054,0.6863153084506117
4443,34,71,0.17367257970638694,0.19361551448072933
4444,12,81,0.39095401892112847,0.6042340901179976
4445,15,42,0.28812345132699346,0.8278940154508954
4446,16,15,0.5794464796577412,0.6269037215237239
4447,25,79,0.12162016611287574,0.5000300036938014
4448,28,40,0.09219335632079761,0.8410141319781573
4449,47,31,0.8110535682692854,0.37546923487572303
4450,22,57,0.6840607435698572,0.6709820457246424
4451,47,28,0.6866467356177598,0.7000045223853056
4452,30,48,0.4098018150039756,0.23314582814126783
4453,48,9,0.2208475185301323,0.7750177710887468
4454,41,48,0.504936183763071,0.002195944836143715
4455,3,76,0.45214108606490444,0.7684972264137008
4456,5,61,0.002458485614979744,0.40040002638023264
4457,21,48,0.6776223556010504,0.9691062875078675
4458,50,32,0.24767158966240221,0.24419859766254448
4459,1,28,0.3762500226369464,0.46568399261527105
4460,33,61,0.9177032525987182,0.6177516606207036
4461,9,12,0.2319352090802601,0.15075224823308264
4462,25,12,0.3420876628499072,0.9364258012210979
4463,49,9,0.4846861564901844,0.5378838022728077
4464,28,61,0.280605328944705,0.7877012637295185
4465,8,20,0.6665499026165853,0.9005208872815028
4466,18,80,0.5978110607657305,0.40194165662990033
4467,27,65,0.48287648651830906,0.009710180750625241
4468,17,61,0.1492154785472949,0.887101986352477
4469,31,4,0.5799157967551767,0.7742324850402614
4470,9,36,0.7607949082918448,0.969030627930593
4471,38,63,0.9292817112249965,0.022013457546760984
4472,47,88,0.5963010989224291,0.9877092435125391
4473,41,29,0.6664315494124251,0.9470901377281384
4474,4,50,0.7044656532326271,0.540683749316998
4475,26,47,0.04993366002887445,0.7249061831933177
4476,25,64,0.9584612554635131,0.8877902748027797
4477,32,64,0.3763841279586011,0.1674113688632506
4478,49,53,0.68177191698203,0.0647193137533818
4479,9,93,0.8684213685602021,0.04116117793055707
4480,21,78,0.20857745733683253,0.38225644724543784
4481,32,5,0.6621464680685296,0.7637162042789237
4482,22,36,0.22450763933043993,0.9258132163323118
4483,50,67,0.12610037654188333,0.8853152357956754
4484,45,99,0.4266751400251456,0.0821846590881925
4485,11,15,0.770974007947658,0.4528872801960091
4486,30,35,0.22238166792495018,0.6339544218319353
4487,47,96,0.1028765755070169,0.6766040368282116
4488,43,79,0.7777268101814471,0.9860911061248463
4489,42,10,0.3215822320030416,0.11179903809896508
4490,40,26,0.7392492673332025,0.22452579054855293
4491,29,12,0.8007106936921509,0.7259923930246799
4492,31,77,0.5429190958241801,0.5345415045623876
4493,2,2,0.9337871454535301,0.4383195145860088
4494,10,41,0.3440989253970286,0.3602504196778198
4495,43,56,0.9903868325410576,0.9696161021974558
4496,7,48,0.8855326401206619,0.2363474586237282
4497,8,66,0.19835181859896345,0.32034524618056837
4498,35,63,0.06117824885103185,0.5035325775570643
4499,30,79,0.8630478069524705,0.16513885177356225
4500,19,2,0.6611934031130116,0.07210759075308093
4501,30,19,0.8313371316677098,0.4182797647914328
4502,41,52,0.042810505419703326,0.821750127951836
4503,11,29,0.5416704516231948,0.5133449549806741
4504,28,77,0.576352462532204,0.5786487783051167
4505,36,39,0.3118507331996122,0.6612356621123667
4506,34,24,0.8139030460530868,0.8358422339200774
4507,41,23,0.9206533332931562,0.7051422826117885
4508,12,83,0.2738839737332118,0.6305171595782196
4509,8,95,0.148257807279229,0.9063928601622171
4510,47,44,0.17121669341603352,0.2101801153031434
4511,16,54,0.9899471811212812,0.5247863328849857
4512,43,12,0.9879562384323981,0.0351214426123162
4513,5,13,0.012491353879182099,0.7890446792013185
4514,27,58,0.02036993617514049,0.8229383721734566
4515,20,41,0.057019516060782816,0.5996987934930401
4516,5,66,0.9918129157559891,0.7114797536891756
4517,16,85,0.1692556325466884,0.5470482796093121
4518,24,27,0.6446612980324883,0.07046189539672343
4519,16,91,0.11266787928679833,0.7942809740713295
4520,29,69,0.042679770783044746,0.6596242903284938
4521,23,7,0.9915860472556527,0.8568004744772455
4522,44,99,0.9814026475578203,0.3233225019362259
4523,16,57,0.30694299498159083,0.772798365276075
4524,9,63,0.6307705145415128,0.9394087284697064
4525,50,57,0.8198998141498093,0.6387008361547523
4526,23,67,0.4160382677384469,0.9144619758219368
4527,39,72,0.440547098190576,0.5173333625505679
4528,11,36,0.45931517623533635,0.048231884536673264
4529,16,60,0.9479136269469933,0.2788931258593803
4530,2,58,0.16150171729765717,0.30910451925537974
4531,43,30,0.5342207578921975,0.5259655605841195
4532,9,33,0.33581536005084833,0.45717236911606673
4533,47,37,0.9980043521994112,0.0028484704523568105
4534,24,38,0.45472589074205283,0.39452677984190965
4535,31,45,0.31618404499299335,0.8695639498249701
4536,14,76,0.01189335480980569,0.20853186277139502
4537,12,92,0.7969056706490713,0.44018901677579403
4538,39,75,0.6389466961749608,0.7373284472705673
4539,17,13,0.6735596573026585,0.24200933186291618
4540,21,37,0.20182489410811744,0.8988234019675904
4541,33,60,0.2929634618790614,0.32979665884518605
4542,25,40,0.7930693382823402,0.34515263916089245
4543,24,78,0.2972590807377058,0.1769087614323671
4544,4,2,0.4091739468909025,0.6308643334065525
4545,45,41,0.9278127568672793,0.6447561435429944
4546,14,74,0.010935033406005878,0.3755416491025334
4547,39,41,0.8315183960323222,0.922581922530886
4548,41,87,0.5530041280976394,0.8611119664182927
4549,17,16,0.2754003703377568,0.8499203283128886
4550,31,42,0.18588081834722525,0.4668707785973816
4551,38,9,0.9991315044845093,0.950215293347326
4552,22,83,0.8669130967194518,0.20380726985661912
4553,7,29,0.6422943235426509,0.5966023458680655
4554,47,2,0.9891902879506568,0.8662300687114366
4555,13,81,0.6841788976384314,0.3367437982250384
4556,36,52,0.9791548299176207,0.8087748917258225
4557,18,92,0.26730377253423676,0.2047153259073604
4558,7,58,0.29803898199328893,0.46487589326038625
4559,50,22,0.2529323045540488,0.754462551253573
4560,10,94,0.2468436349165415,0.14953555571786903
4561,23,81,0.7078013636014366,0.7575345011516426
4562,37,31,0.8181516688771755,0.5913463598187562
4563,35,61,0.390752150950637,0.6739444910864255
4564,36,35,0.3839707197068656,0.3578561246780928
4565,18,4,0.536265990286798,0.7384101674126705
4566,46,6,0.4613845302465699,0.8942706005085465
4567,36,68,0.8290186274112534,0.5334322017422551
4568,12,77,0.32910086942342454,0.9871120928037209
4569,43,66,0.6494242524521524,0.9847823008969061
4570,30,76,0.34375055498155593,0.5573621512235316
4571,29,77,0.29153979434500943,0.002274925564374475
4572,7,25,0.5001134995626682,0.5453749252102832
4573,1,71,0.24241626718918896,0.556458649466724
4574,32,48,0.14467928627204585,0.8459507650823471
4575,36,28,0.5180703117454124,0.4634198126213167
4576,20,35,0.5742471851197332,0.10980393595106852
4577,41,48,0.44601866240163146,0.872111521674568
4578,39,4,0.7777111267983169,0.4764103735898151
4579,42,91,0.74471400596364,0.5019469886876198
4580,15,75,0.7025922321483072,0.4009494290860285
4581,30,54,0.7338241326953057,0.4137679114848719
4582,49,9,0.7237939228174398,0.6122364964501262
4583,19,94,0.3212490181665002,0.9447026687407358
4584,6,45,0.21646391035826218,0.8343371630620029
4585,15,73,0.1376578543814192,0.32675744588429956
4586,30,8,0.3535070016877243,0.5536362085639213
4587,32,23,0.9349389914344701,0.251725181876169
4588,46,17,0.6798131936389035,0.6427714165015687
4589,2,66,0.44941156621300027,0.7282400160736738
4590,5,59,0.26305927603302504,0.02684034779880229
4591,26,32,0.5647126959726613,0.022469266255830345
4592,39,65,0.7804583885568288,0.7684607020461584
4593,21,93,0.9754723064123422,0.03364607644843931
4594,2,56,0.718617006515922,0.7836337732961586
4595,37,17,0.8818658436045805,0.9222514642552251
4596,47,15,0.22026305985241657,0.33210859648856583
4597,42,47,0.04428500894134857,0.14611595253970666
4598,18,63,0.5614455038350411,0.5353500149592038
4599,6,73,0.21180730898323452,0.5398553288168294
4600,8,67,0.8154893873502693,0.777718377222879
4601,20,61,0.6139422122257688,0.26213758689314715
4602,42,17,0.04284464447421654,0.3235515103444755
4603,30,64,0.6277366952341255,0.9339675617537413
4604,26,85,0.4920107076623774,0.2739407515150033
4605,24,65,0.4863338010492103,0.7535335205549397
4606,48,81,0.39487718565909813,0.8621800283627478
4607,37,10,0.15350635029014148,0.5964271244543734
4608,28,45,0.7966149503578815,0.31679244274784435
4609,20,78,0.5215406917571348,0.6503404240901728
4610,8,79,0.2371995270634425,0.08150124253991642
4611,20,90,0.16891141074978644,0.35740216326177565
4612,13,94,0.09816691932130528,0.3492641258132464
4613,10,35,0.012820941831945154,0.41505904074301125
4614,6,87,0.3381223651413311,0.5273129172929744
4615,5,24,0.17478383410961018,0.05959425397206697
4616,6,55,0.8567199027900204,0.7559269785914575
4617,11,7,0.29085802652902015,0.379728389486941
4618,21,18,0.9548925889904434,0.5716145753518833
4619,23,23,0.8540012920478444,0.12387826335667818
4620,50,50,0.5075235911264346,0.4594586382878423
4621,9,14,0.11970213960348086,0.9622149155498839
4622,29,69,0.0451962203374523,0.9554448394245452
4623,34,70,0.49588169618768063,0.21889641397019055
4624,42,11,0.5708568149569446,0.13016219676943197
4625,1,74,0.34237804457097,0.2050926580362774
4626,29,44,0.7446313584321743,0.6615136590020656
4627,50,38,0.37423316623787783,0.49147653281072623
4628,42,3,0.39309464655663007,0.7814949155798866
4629,32,25,0.5474477686958813,0.5297511119910735
4630,43,31,0.1328177839707554,0.6925998062617987
4631,31,1,0.7948381311802637,0.11311980413594247
4632,36,21,0.9738323796632788,0.5683023735314332
4633,12,69,0.09422498981097749,0.1315454993289158
4634,24,91,0.6002087716737806,0.047144510656644045
4635,3,78,0.2910662337298555,0.5887114718804594
4636,40,69,0.2661043625444688,0.14830982890978517
4637,26,23,0.8912223383521588,0.9557131505582487
4638,25,80,0.7343289943756192,0.6385167698371194
4639,14,97,0.15476567363759464,0.2482865430787533
4640,9,13,0.8380418614083436,0.6844139227011002
4641,36,52,0.2580271691154489,0.9064119058877352
4642,37,93,0.20487560710061925,0.9130861519027009
4643,40,17,0.651514443166311,0.460986942169642
4644,40,13,0.5325219384677593,0.38459712730622864
4645,40,70,0.8251516449567093,0.7556377066004207
4646,40,22,0.9289837968637642,0.800132542136649
4647,8,87,0.3723188058533342,0.8843675226442039
4648,6,12,0.6063222686573759,0.5884494517677649
4649,33,49,0.4462028561149828,0.5744643482267375
4650,21,30,0.940642362450797,0.7577733574501532
4651,12,27,0.27696332851125516,0.07703561610260201
4652,3,9,0.7327456482447778,0.8379286416434226
4653,12,64,0.4319651364125402,0.12798588044181192
4654,1,20,0.1734065127071902,0.7395138344283976
4655,15,54,0.5887715979829738,0.41144363481801915
4656,7,81,0.2012816632570722,0.9233431958380384
4657,10,15,0.9173424919665348,0.4663758190607663
4658,36,96,0.9220973070258898,0.5492375762445091
4659,33,79,0.33801658459142103,0.1873703820409498
4660,49,4,0.4363422622811284,0.9104436163546832
4661,16,57,0.9641429951763493,0.6879229254353421
4662,41,15,0.15725364829412902,0.789330888264034
4663,38,3,0.004092620488700627,0.2460601989316772
4664,19,35,0.07471723965519306,0.5843789516584481
4665,22,63,0.9582766805820084,0.1499247971744565
4666,27,74,0.06722916015125757,0.9950531775713474
4667,4,42,0.32573875685831577,0.5874423428230442
4668,5,62,0.8234522924341814,0.26618764673154993
4669,28,14,0.9203004307059842,0.12519688599133072
4670,48,4,0.2932189213185389,0.44362464082924025
4671,39,64,0.3765516514177728,0.9160305726157564
4672,40,55,0.686252152936777,0.47586280033444406
4673,48,58,0.25124392026179976,0.926799749219038
4674,2,44,0.7696087004199584,0.1439054363322455
4675,16,51,0.7409016480065328,0.29019698540229455
4676,40,55,0.5318177221008317,0.8290732476447826
4677,41,26,0.596080942939799,0.6965500572187284
4678,32,20,0.22321680184321813,0.3796950489145813
4679,10,38,0.4229441980526376,0.06583711838978334
4680,42,72,0.5053838654425524,0.8908606200490347
4681,16,86,0.14234640924904884,0.13962385990183568
4682,27,59,0.6380571999753348,0.9885398918906709
4683,13,22,0.5125656457611502,0.44579294517234336
4684,9,46,0.5380341602014527,0.16824676728718557
4685,46,38,0.6091799377834574,0.7658718471729712
4686,6,49,0.1947851698718327,0.88999822887837
4687,40,54,0.3653439199630173,0.7977713951947648
4688,2,20,0.9118241199732486,0.5156721253989919
4689,48,49,0.07630530227368981,0.3859435705032227
4690,10,17,0.9483324223188688,0.8826520948594
4691,32,76,0.3792880402727784,0.6529440185889539
4692,32,98,0.15292538013548485,0.20197652191603
4693,37,19,0.9516995644052113,0.2388833981900379
4694,41,23,0.6136002217857633,0.6894929902997367
4695,18,30,0.7332772206108958,0.9733732714495648
4696,11,55,0.2645476498583631,0.9302500375642627
4697,46,35,0.11627514758002666,0.09842275308142989
4698,9,66,0.9784025397083044,0.2593660952336787
4699,25,94,0.013142928580035185,0.36948804968133286
4700,13,46,0.7269483303491853,0.6810568777470726
4701,23,53,0.5355612330709032,0.8820482409907601
4702,3,19,0.30705397259696143,0.44774043784891504
4703,18,58,0.6621796365518523,0.5579921382860485
4704,5,1,0.6657818958441654,0.5999259438683691
4705,4,65,0.4078840712380438,0.6524179888365963
4706,11,88,0.7328150606771204,0.7997433013074239
4707,37,58,0.12413233334399687,0.6002934345596177
4708,17,11,0.9271752696293529,0.23259235509729692
4709,40,93,0.8592477292568513,0.31104653004757266
4710,11,87,0.3966830847024244,0.2008481515743964
4711,8,97,0.7939926581546168,0.7762726094182675
4712,48,30,0.1558435364874785,0.04938412543175108
4713,17,32,0.2800137305125566,0.051131107785551966
4714,10,42,0.3871689683417794,0.5437428021065419
4715,21,99,0.6107606737625076,0.3869594599730338
4716,9,67,0.26441679151051467,0.4320887600190141
4717,48,41,0.6082918788017228,0.08176949518331722
4718,20,5,0.09172607607635153,0.8205374394541488
4719,3,16,0.01568544071338962,0.44551787200970716
4720,14,63,0.13637158806928262,0.46285987770838033
4721,13,95,0.41427817029731795,0.8524492048777689
4722,40,6,0.04442225771822039,0.3046042937742641
4723,5,98,0.9614115573432472,0.8781214819233508
4724,5,32,0.9144233180120968,0.515832994081043
4725,33,1,0.4127365592300831,0.5595423550891341
4726,8,57,0.6681288895417696,0.5816987800655845
4727,5,62,0.21975723437201233,0.3566958765534458
4728,21,49,0.8642534766136043,0.3725599296939264
4729,38,29,0.536717157901163,0.16808118648453318
4730,49,81,0.9933311010269594,0.45309061617890856
4731,44,77,0.3568904800088927,0.7594770071113448
4732,50,45,0.7209968299728542,0.6832147449302217
4733,29,23,0.3929016901647048,0.8468158691200462
4734,27,99,0.08143597013307768,0.2404333453276737
4735,28,76,0.6992366725232818,0.12193146850201075
4736,31,30,0.017829963882053157,0.9631815489019457
4737,33,92,0.3565816487227933,0.5042979003347092
4738,28,81,0.3513062034519284,0.4298499052325644
4739,9,65,0.3872519432824344,0.6290501853935079
4740,6,80,0.20653030633175318,0.6552521917202634
4741,48,51,0.7888371934695136,0.22845152995276596
4742,39,2,0.6267065552686666,0.3929094745673254
4743,29,27,0.5466280989184792,0.7244555052946273
4744,31,84,0.7718865512251711,0.020384420305775586
4745,37,79,0.09233065405414953,0.10057176300425741
4746,32,13,0.3067321166578585,0.12575879548369928
4747,5,83,0.4059096522042239,0.4942378666909505
4748,10,21,0.23994940097819606,0.31947482190387644
4749,19,23,0.9387489704590805,0.23825143212977307
4750,11,3,0.1735928119967658,0.35697794445059017
4751,19,21,0.634741380391491,0.5209727778260809
4752,26,78,0.23141934218601834,0.9857658203386623
4753,33,61,0.8159189745994904,0.36527345801805444
4754,41,58,0.47885819947446706,0.6088907922549303
4755,19,50,0.170859201369695,0.6367781318742746
4756,28,14,0.5367964390871268,0.41806399039306397
4757,2,4,0.7372855073860108,0.5663038858816655
4758,49,24,0.11213292563451271,0.20022001630480657
4759,33,94,0.22850873297152352,0.9584645464202363
4760,28,59,0.7431536028904111,0.9397050183172109
4761,31,96,0.21581393515033276,0.21603992577571918
4762,29,82,0.19735529535755336,0.5200070867468571
4763,3,9,0.5440612908075378,0.7052913969412226
4764,33,98,0.43629392789106414,0.7489906231311083
4765,8,12,0.024606642592611028,0.8718933556766854
4766,2,75,0.8178226069606562,0.8945495074715294
4767,13,42,0.9345478693666662,0.7580630170251365
4768,16,94,0.7013249377078916,0.621472493116594
4769,10,32,0.08393431630079173,0.176963685334245
4770,33,58,0.5013445747617081,0.7943961721079236
4771,10,13,0.9784881980353269,0.7712960704755611
4772,42,21,0.9009185183676223,0.4850302321476885
4773,14,57,0.20824707831376832,0.5427807614856941
4774,1,24,0.44083003420224964,0.8122385679780637
4775,35,98,0.11506860913986927,0.8752148953595892
4776,19,9,0.1244002071759851,0.053813888745463334
4777,27,23,0.6021643721481759,0.5315402108897013
4778,47,7,0.14936073681972328,0.13452220473145715
4779,3,8,0.4125006041822378,0.7888671663936638
4780,31,24,0.5081829158881507,0.12110691427023579
4781,39,47,0.8123273716973554,0.28731369980609334
4782,13,87,0.9059249892385778,0.8643360961439102
4783,2,57,0.0953117252831518,0.6040539874666957
4784,36,12,0.6095105796919836,0.59027390623547
4785,27,53,0.0016156141264530577,0.019187755360834502
4786,29,37,0.35261291275270423,0.23415276904591253
4787,46,31,0.38967563614621625,0.6635545560213584
4788,8,50,0.6961913116157987,0.9935584825612308
4789,40,85,0.07084628318835562,0.0757769227375461
4790,4,97,0.4576811335046991,0.7663267513871679
4791,6,95,0.5914617143073294,0.8458505608601297
4792,11,23,0.5386847276104738,0.538522154042752
4793,35,54,0.8800251787657305,0.8470259840577483
4794,50,28,0.37820472997879984,0.8220535682013633
4795,6,74,0.4712029186035984,0.718033014965118
4796,21,10,0.21393181605567413,0.7781108454097114
4797,15,55,0.6392831378758858,0.6498992984998301
4798,29,14,0.2118928904474724,0.3393507102833485
4799,37,8,0.5741083270934487,0.057078272566916
4800,39,99,0.10018241407002038,0.15713963846409573
4801,16,83,0.3686460308185603,0.40485407730625445
4802,12,34,0.9855563230091505,0.6229806723115381
4803,42,49,0.5898444997235068,0.6282789145466058
4804,37,74,0.9276149654589165,0.731611517087628
4805,28,26,0.8031417588227326,0.734644478593504
4806,30,64,0.02372601510970984,0.47636566805341884
4807,47,26,0.9020845528060057,0.3382842837021517
4808,50,95,0.08022103382369383,0.20316569526053396
4809,12,98,0.9016340138481125,0.7876333460882942
4810,15,12,0.6032130202598901,0.45665332831725125
4811,10,89,0.6466044162929173,0.013125595083627095
4812,15,48,0.6753767433391349,0.8508203176869923
4813,32,48,0.5595652767892438,0.540548102043101
4814,30,69,0.781301608770869,0.07556192489113611
4815,1,87,0.26939599167185635,0.806833521764335
4816,44,7,0.8071498749859897,0.39109670075968217
4817,27,74,0.1997957988877499,0.3401647261068077
4818,46,70,0.18196063373708693,0.168093406517293
4819,13,81,0.5877088444675627,0.8787225921130501
4820,31,10,0.5169058512043552,0.5177557892377529
4821,26,67,0.18654317507630092,0.6401800056024413
4822,43,64,0.2803895805377673,0.785223424697719
4823,21,90,0.7294518260571881,0.8602513232693207
4824,26,58,0.011239407349163733,0.19249911408283338
4825,16,64,0.6691746999355809,0.3518269075808199
4826,11,87,0.15703091078902942,0.5712246597043422
4827,46,98,0.8872940142325663,0.49503742770436676
4828,3,3,0.18919671950019779,0.3836117653857737
4829,45,64,0.23610441107582447,0.37321617546475594
4830,18,4,0.2954098808002459,0.27182867419860135
4831,4,7,0.015494478578454873,0.535790001027951
4832,22,28,0.20103613998149406,0.5418200129066638
4833,30,32,0.1397877888666863,0.8000005663894072
4834,24,53,0.5003989305953693,0.14262019775113577
4835,33,68,0.8275974715445578,0.9473241092848804
4836,34,34,0.29689274373850516,0.7723971336294554
4837,4,1,0.25159090342182866,0.6743965163279432
4838,36,57,0.6434650087426059,0.1034770153800385
4839,17,22,0.8297445461279334,0.37595746312487854
4840,33,27,0.5042573732053669,0.3825506792985781
4841,42,40,0.4864671708425643,0.46151927783100133
4842,14,97,0.4277499352529869,0.6077931783984408
4843,46,49,0.3204003658842415,0.40212868412853187
4844,17,86,0.7622962857365886,0.8487755481680525
4845,42,77,0.04905214276045866,0.926576126859567
4846,23,100,0.2855359184176024,0.533006367336861
4847,47,71,0.3404374880142983,0.8470601749852923
4848,40,92,0.3008967745381397,0.3527860801098992
4849,14,34,0.07016044609617189,0.2722954763010532
4850,31,55,0.4303296115285091,0.9018696153599971
4851,18,100,0.46089435597847794,0.906837237184287
4852,4,38,0.29344650176899123,0.6596421093438091
4853,7,9,0.5768402401209762,0.5295554212728033
4854,30,84,0.043333236847738266,0.8542546848163275
4855,6,68,0.73294298327194,0.5307389807460211
4856,5,63,0.9732799289129954,0.3002166585354752
4857,30,65,0.08717266348014563,0.45641790640636504
4858,4,93,0.23480851363882282,0.024188069916597166
4859,49,95,0.4690314950770281,0.4813174179130846
4860,33,40,0.5613607046827838,0.15122475342952646
4861,31,51,0.8806234739012762,0.48396595214092775
4862,10,67,0.23942750848026706,0.7772245535639151
4863,40,9,0.5513430071235944,0.5027218492851594
4864,35,47,0.5039730997858518,0.371382690264753
4865,41,71,0.07654265985349673,0.9194432437923229
4866,1,33,0.6904557764598446,0.901421101054033
4867,11,75,0.9026248210466296,0.9919751186278631
4868,30,65,0.19132567307845239,0.42814784086849533
4869,43,85,0.35525033383967186,0.4341614061587975
4870,44,71,0.1962274111025336,0.14751235294053566
4871,27,64,0.07523397187595604,0.9952990716163543
4872,3,66,0.6448765905525683,0.415724111679845
4873,44,17,0.6743450877166252,0.506857265323732
4874,6,80,0.5743328389130482,0.07018190983053663
4875,26,12,0.4749912282978449,0.33113383714872224
4876,23,91,0.4078197967629027,0.852894471562233
4877,49,63,0.48718337775005793,0.9124919914629976
4878,22,60,0.19620903158922653,0.25321216370428845
4879,6,55,0.12568894032038092,0.9492925251219675
4880,16,30,0.7840316787441696,0.3888961707820313
4881,50,49,0.9292598769215394,0.4970597794329322
4882,5,26,0.9715455798790107,0.7118212015308225
4883,43,46,0.19923778336023246,0.4436488979888339
4884,30,60,0.5583727132945496,0.6362083199365122
4885,38,66,0.35923692219612624,0.3864271413718149
4886,3,6,0.16202750832007784,0.9219911325679636
4887,38,26,0.37581136212104005,0.38674621454747826
4888,30,30,0.42544365483849556,0.08063990128108944
4889,2,82,0.812357228045925,0.5659576820836787
4890,40,56,0.2595847286511528,0.1650463739147724
4891,3,64,0.09791288982260316,0.9295018831565194
4892,28,85,0.9187630668755112,0.5342957572848311
4893,39,28,0.62132586459235,0.7403783367051809
4894,46,57,0.51473301932328,0.8340514921040394
4895,41,22,0.5685545139399261,0.48448481345315897
4896,26,58,0.6509767240606495,0.20599096843741949
4897,7,43,0.5889284807752315,0.24096664145576552
4898,20,2,0.6091824001250082,0.657097135201571
4899,35,97,0.15418375508515358,0.6494232017049899
4900,22,34,0.33082693316622047,0.3095923391175973
4901,3,50,0.13093251455393173,0.6829601415869935
4902,14,97,0.4027332493833352,0.19734201978134835
4903,27,65,0.10348132838731094,0.1057828928096104
4904,31,25,0.6148071743455884,0.5307565513695164
4905,22,45,0.25818121578279307,0.4466585889807896
4906,37,1,0.25762862166270384,0.3061067128215904
4907,15,96,0.16221353947653627,0.9165219904435088
4908,12,78,0.08459883835903648,0.2427206184917048
4909,20,49,0.8585485636304439,0.718093939494641
4910,44,45,0.015124872185536375,0.3534589754046277
4911,45,3,0.4257584773697104,0.6091008067212151
4912,29,95,0.2386494283535575,0.1397622911423374
4913,5,32,0.47217056479332176,0.16134311116158262
4914,47,76,0.36622451269768086,0.001936500391633289
4915,39,69,0.7094124330910873,0.6815699179862288
4916,21,11,0.32608691233044906,0.7052704307649247
4917,41,56,0.2479287653672334,0.15629187340000306
4918,25,26,0.5088039253239878,0.5182535230795151
4919,49,78,0.18029391560572372,0.7617678173158633
4920,15,28,0.0028321404917214243,0.9321650973782256
4921,19,3,0.8995150977237223,0.3455463715760755
4922,19,71,0.2655802134157388,0.09684124426841101
4923,46,72,0.9495678354757594,0.5587627430195676
4924,29,7,0.20954455727394927,0.38655634497831004
4925,29,21,0.18150221574092784,0.6673673203521108
4926,40,93,0.2407306853817912,0.6105059190593735
4927,24,96,0.27090381996021495,0.10426938011109621
4928,5,58,0.8820381036869426,0.41273422395443726
4929,47,89,0.6079259186705126,0.63103978737801
4930,31,37,0.5292935198191382,0.5269518756181892
4931,6,93,0.6768117920861673,0.24724157346176345
4932,7,100,0.8124998236786777,0.7141956077312641
4933,29,36,0.961767919076097,0.5154684843646814
4934,9,72,0.7263974965257989,0.8155369607181023
4935,34,10,0.5394489846846942,0.2721848091014566
4936,24,18,0.4798770595527456,0.5224599279341767
4937,33,12,0.17099026534340356,0.6093143700681508
4938,17,14,0.1654371250415031,0.08602858872468133
4939,30,95,0.7480134749926741,0.5731271368621723
4940,8,42,0.42290317616241546,0.7280813651640141
4941,12,46,0.49211630951718555,0.22007966372215582
4942,32,36,0.3493100349622449,0.9204850339653534
4943,40,21,0.05241610099476868,0.4812130609574212
4944,27,43,0.3126849098188854,0.9423700468771055
4945,38,19,0.8188922010348119,0.442986221567255
4946,2,27,0.6698800549129996,0.6316858088794857
4947,48,62,0.527217841174069,0.8108739099508028
4948,45,25,0.2370303942879497,0.441927172306704
4949,13,39,0.5176826666308665,0.32919186701669234
4950,13,87,0.8292015297619378,0.4298165030847346
4951,34,12,0.6641024494999878,0.3440699650209619
4952,2,42,0.001396700751376323,0.9232224303712555
4953,30,53,0.49741777561783507,0.3769536805887054
4954,2,38,0.46025072091033337,0.840547702383501
4955,30,82,0.919197360820074,0.25635720758605296
4956,44,5,0.6846779593175937,0.4673099375895723
4957,17,36,0.9397447645884787,0.7865352704844198
4958,32,2,0.4443519591465567,0.9609142553987784
4959,20,50,0.5051986264131968,0.946666813212042
4960,26,92,0.7249709829155421,0.6111960263750199
4961,34,46,0.7046809258127154,0.4114632517370743
4962,49,68,0.6166657097544217,0.5612201310543435
4963,45,96,0.7094778973488948,0.5850624801613363
4964,9,95,0.8925799332542271,0.36501119195276555
4965,40,62,0.4012459523146805,0.9136243017710419
4966,45,95,0.5431456912686674,0.18095319633857987
4967,31,52,0.9476507719274151,0.7272986834498955
4968,22,33,0.45194354784798674,0.04257490820898091
4969,10,35,0.7954154408308601,0.665799636918468
4970,9,46,0.15738568659714114,0.6363105737217453
4971,20,66,0.6762019397278388,0.2082596234596784
4972,27,64,0.6829462928891925,0.5307892094399546
4973,22,52,0.7733415307354875,0.4317756857485384
4974,26,24,0.3060169418799672,0.983110784497882
4975,33,80,0.4478244651210309,0.21844338887535697
4976,15,16,0.010076438694258671,0.6953414114056377
4977,13,50,0.569902409969551,0.2348902155171927
4978,20,10,0.3039257256149772,0.16291210764321917
4979,9,50,0.154556165010159,0.1038361245864563
4980,10,19,0.893109062238156,0.954460472652605
4981,34,91,0.187545345489184,0.19624026140497153
4982,14,75,0.53005591334278,0.905487432409626
4983,22,68,0.003755350642254518,0.8213026708661123
4984,25,82,0.7783972180918122,0.546133592781037
4985,29,46,0.34269357833570957,0.4136824533174035
4986,16,10,0.8935248842233018,0.6653606814012308
4987,34,31,0.5008258430073657,0.10484687111384083
4988,15,46,0.8145169733304753,0.512669275878604
4989,3,50,0.9614889482253579,0.389457036786785
4990,39,47,0.4799199315726378,0.6117695266688491
4991,42,7,0.18549126269581173,0.6586905587127918
4992,36,36,0.22253336566200732,0.8890375679469977
4993,31,70,0.6805397926391781,0.9970645069604585
4994,32,58,0.13974488223261095,0.8797095370516225
4995,29,2,0.8228663224952171,0.2531229559749044
4996,39,45,0.07872151209833789,0.9545168797456471
4997,35,31,0.5868489478947131,0.6542929637449818
4998,41,49,0.7079624266356822,0.4175415360065994
4999,49,100,0.08166988949831755,0.27880951697681167
5000,26,60,0.9893570047657255,0.7378945040217902
