id,eps_X,eps_T,eps_D,eps_U,eps_P,eps_L,eps_H,eps_A,eps_Y
1,1,0,-0.09053445479281351,-0.6207633702013099,0.2785868922855563,0.3794323092497478,-0.548157662297369,0.7673839238643613,0.16205948139083695
2,2,1,0.32529246087944963,-0.18550323912902994,0.031171579403487634,-0.31774691260400856,0.06634934074619467,-0.33018707350878107,-0.3868370287284106
3,3,0,0.02583609630441644,-1.1020022610026043,0.38827894011301634,0.1556140937564872,0.3251900250346701,0.9599789961414898,0.5994707954956301
4,3,2,0.9509689367635178,-0.5302390820608294,0.4988004856212282,-0.3931943519099671,0.24127720602616562,1.1608089926657768,-0.031947729627785304
5,0,2,-0.04635199022615588,-0.48336532199433124,-0.4490733381610156,0.7821626415623195,0.05968837693196425,-0.07859839304022548,0.0858205867136768
6,0,1,-0.9604706866842526,-0.20325445093694428,0.21567156032443288,0.22166229352418976,-0.12160149936983831,0.5010028159458224,-0.3736509086703041
7,3,2,-0.13687303079254978,1.1178731726142543,-0.5373893413155831,0.1434627447044392,0.06887603340160393,-0.11913022888847943,-0.30087732799885136
8,3,1,-0.4211436170977836,1.4689794930267184,-0.0544875073647138,-0.2833873148068458,0.22271805648002915,-0.12323144313426074,0.10078418357636144
9,0,0,0.35471580127956426,-0.8282854795627475,0.28513190711756486,0.46406262468657394,0.3746840712350306,-0.1753403349160507,0.2792845354929318
10,1,1,-0.2268834752701899,0.5808011651634236,0.5918664545446016,-0.17297924980391033,0.4593246095485714,0.2756183172754243,0.4423410185736936
11,3,0,0.05912467579837796,0.36553307103604005,-0.03180840881745513,-0.15664427456999871,-0.2827810412051214,0.9071379787432411,-0.40424635707452194
12,1,1,-0.8192225686478722,0.5505158213820099,-0.1796130076184524,0.12910860155356674,-0.11987248723804292,0.2598336004492259,-0.43405894269823075
13,1,0,-0.47576721218282825,0.4042716233765863,-0.13396655066879984,-0.34983456650823985,-0.1728132323513317,-0.6267618750548485,0.2807909990268579
14,3,1,-0.04853689516244774,-0.1596700079475227,0.283221392643283,-0.10501815902367037,-0.1253229999932867,-0.41359797861052205,-0.2991178229385196
15,1,1,-0.2889053186708195,0.13260786092289198,-0.017016535202926952,0.27182422349460267,0.211008945388688,0.41669242526965167,0.393498660794565
16,1,2,-0.1105563720850554,0.3726405915272193,-0.14881713400440327,0.08866486797379425,0.41379071215546426,0.10021969588756488,0.9142584798978752
17,2,0,0.6983101938964241,-0.6465357862753836,0.3963087306533544,0.5564887341919874,-0.23149710678784996,0.34659607065964254,-0.1444167115203088
18,2,1,-0.7441310324303337,-0.16248854735282556,-0.22930126629886838,0.26186928037370605,0.3307993400152211,-0.007515466223043277,-0.10076080426280681
19,0,2,-0.7273630558946748,0.04892959277830167,0.7063665331742784,0.6926641460451533,0.5927618473639188,0.5512874038184362,0.16781003392479568
20,0,0,0.5412921870187053,0.7728784240480564,0.05764406127003433,-1.073512962618734,-0.5733349736077288,-0.30097523052305397,-0.5058926758140553
21,3,1,-0.007389600731826554,0.3175369757667641,-0.6394944971730139,0.014544370348348143,-0.4165469434390829,0.6535474967501118,0.26869034589129454
22,3,1,-0.46564660114723333,-0.6267409595252954,0.4497062006344523,0.825319436331948,0.3954660137750502,0.19436846691831694,-0.4196534138935341
23,3,1,0.07684928001910354,0.09985921372682013,0.28360439303800117,0.6685200998086617,-0.011358641423245702,1.005642164827415,0.07983536926482211
24,2,2,0.34999225746529206,-0.1638556281040002,0.06103502973753989,0.1969453202982237,0.6337439990585035,0.07005093542046102,0.28124451545831014
25,3,1,-0.48193929190456397,-0.2550426482709928,0.126803396880631,-0.45909491826945364,-0.4844014068029614,-1.0145023252324792,-0.018566437382587432
26,1,1,0.3503214735389245,-0.13747528235756523,0.0942111199448411,-0.4708865958095192,0.3091226164173744,-0.05158823505829854,-0.7537812126765272
27,1,0,-0.1880611652669828,-0.3254819452276371,-0.5353626963736273,-0.42525472157373667,-0.03815227754469721,-0.06551813519878394,-0.40218584279034675
28,3,1,0.5930477186730155,0.2046969531437661,-0.6280938643000626,0.5503099011976186,0.3546050993361034,0.17176798923436565,-0.23004453109842474
29,0,2,-1.2127351978174832,0.1537100496839474,-0.009527799506331914,-0.10726411318153213,0.11981857421419811,0.06738101414237388,-0.39773035970546755
30,1,2,0.8272203350995733,-0.08901827327469092,0.22334889438320596,-0.44074678551330726,0.5321500884773472,0.7046196607441735,-0.05755826305974898
31,0,0,-0.1600376459193279,0.12980777010884478,-0.4575748586771884,-0.518106322088294,-0.0013262156167092724,0.1704229465215067,0.6975415022813516
32,1,0,0.4817488885782457,-0.6174531779062268,0.16165038162801426,-0.4434727967104109,0.12448986576794141,0.7862768173879332,-0.12341444647038513
33,3,0,-0.4064109576022181,0.1340898411061339,0.01018933532697628,0.1794741611177819,0.5772520516280473,0.2902007877247843,0.08730391255303319
34,0,2,0.14431812146606157,0.13079446228872485,-0.4534950674159697,-0.27882879831294816,0.3817764316847358,0.5233039762834262,0.4504749538918384
35,1,1,0.4503508150843307,-0.24682604124366614,-0.3582867254275988,0.1759487084826508,-0.12422744701985532,-0.20171500144742602,0.13417182470684505
36,1,1,-0.055699671301719,0.009074039824963825,-0.2790877615461957,0.5631821810323084,-0.3290542902248058,-0.4964185823622931,0.4335036506264683
37,3,1,-0.3049517051733806,-0.5139065731422111,-0.5251261545629988,0.31808221128916037,-0.37940136251253015,0.00287049375882778,-0.038005878528284125
38,0,1,-0.4663512992779896,-0.013381447152782444,-0.007837827897786465,0.2733021438501237,0.4810243964823718,0.18226837680493416,-0.3862885544376389
39,2,1,-0.46201567911362174,-0.5381537130801137,-0.491549226711854,0.6510192702719036,0.32002278248826216,-0.16771635821605754,-0.06242498055396361
40,1,1,0.2964485081124585,0.8120478108806093,0.36420674251094415,-0.37903396060282546,-0.37998774262391777,0.6832884718892697,-0.04267632194645814
41,0,2,-0.5826996984231277,-0.4082306958217785,-0.06317273860857191,0.3299494598030005,-0.7439068641685027,0.21700306227958382,0.4183109483585166
42,3,0,0.25280946171201146,0.18172574364874475,0.0066767872894631436,0.40898108935182625,0.32656153764476364,0.5809767874353956,0.006141877111884276
43,0,0,-0.08153642720249554,-0.20009334588417207,0.8071293490274924,-0.00348658676517231,0.16585129153522038,1.1857450428170564,0.6601678555005629
44,1,0,-0.21630607729900814,0.34996264555906564,-0.36509956275964983,-0.633578206760667,0.035807094632059513,0.7533208482575068,0.06972268465205557
45,1,2,-0.4494687865849408,-0.41323835530055975,0.2666258975016288,-0.08593892331670008,0.22881961857452698,0.24564071448179037,-0.5228157959176406
46,1,1,-0.33595759339359366,-0.08547361307804348,-0.47023418388833504,0.416099715921293,-0.16051161825592797,0.45719309416552456,-0.4315901348309811
47,0,2,-1.1161551649590158,-0.3183598295394944,-0.09500692137165914,0.5969560968431993,-0.13517138667765424,0.38023683508333306,-0.16395914863504665
48,3,0,0.2087918155140007,-0.14839982292922047,-0.4073015773577542,0.41319098212980554,-0.15583918405308755,0.23919475044485317,-0.42101051040682774
49,2,2,-0.33319881651233124,0.042230786618855376,-0.25658099381325883,-0.14635030615995473,0.339509228838817,0.6499251152566304,-0.20653329601050285
50,3,1,0.5129632844444677,1.0536932358137816,0.41339631429427387,0.3049003030350275,0.4798510847020887,0.2181776186543366,0.16344030681822697
51,0,1,-0.4940282956324564,0.6491641241171986,-0.2365514816929427,0.22187526702628535,0.5428433515175465,-0.2520002387679242,-0.10200623994738563
52,2,0,-0.5113090116200719,-0.5863568418709391,-0.5167166982515193,0.4207020020214964,0.2967823730452594,0.30759131415583096,-0.02439741595067604
53,1,1,-0.13285752778409932,-0.013176160067402187,-0.16315590370972238,0.44387270340399154,-0.1974637494164655,0.13252213490959378,-0.12538330397430936
54,2,2,-0.3037154914220179,0.44385774955392876,0.006505119639499252,0.6100069354172881,-0.31470173544223357,0.23517842716910567,-0.039354616552848366
55,3,0,-0.6819170516727003,0.5507135052287067,0.07421455599427837,0.4821125566964147,0.5775521395017807,0.3652279741309824,-0.05414895499164603
56,1,2,-1.1266688392874087,0.2770807511952843,0.061152915232330775,0.19014590513924265,-0.1806757227640735,0.10903122472456411,-0.024151170837992376
57,2,2,-0.5311755512841362,-0.02075500612240666,-0.9468142532463253,0.08368210411456707,0.37861903786666484,0.2787256162041424,-0.21731616986185562
58,0,1,-0.4217990903336045,-0.01753909887174987,0.036483649292867,0.5350393471182104,0.00835614099942934,0.8291441541351703,-0.9138801493225381
59,1,2,0.2423471372856061,0.2591748286625237,1.060681856804553,-0.181201093817475,0.7906727734070588,-0.5620221652755372,0.06807004252980198
60,3,1,0.2657271391880466,-0.30378910141335647,-0.02651583734373052,0.46110672033125616,0.603201617059291,0.19247691883960483,-0.3710307481986395
61,1,0,-0.6184148079475739,0.2541976422883193,-0.08508307279737026,-0.12249831202804633,1.0906319189265932,-0.44085519693814335,-0.1953183468264598
62,2,1,0.2822220983098538,0.2443409458817394,0.24155989799131666,0.2475536188692145,-0.2566985155501259,-0.46133124432250927,0.4406233309915388
63,1,0,-0.6209935703481713,-0.14893768590217343,-0.8227871161196636,0.26150278899113966,-0.0011282707145002413,0.6089635437703751,-0.2590632895433047
64,0,1,-0.45126640260422435,-0.8262525193359173,-0.29236242124527306,-0.07854821728589631,0.0039048452475341448,-1.0959377706845106,-0.13876977934724782
65,1,2,-0.323253362434358,0.03716524777009861,0.4598357471348526,0.03424378666675192,-0.309445293074477,0.3193323984688887,0.031073915840175353
66,2,0,-0.5532167956963393,-0.3619076061836431,0.17883122277910282,0.6917008075002609,0.6194445807051743,0.5261258646854327,0.4844262088536215
67,1,0,0.2716966682751448,0.020221508147422684,-0.27914436317505903,0.7855674616993994,-0.05891459966571684,-0.6397434995454295,0.3194268456239624
68,3,2,0.6717185875060678,-0.26742338614903394,-0.13535210268893547,0.3830605214801125,0.8802575628036732,-0.34030839433073,0.3848942959150319
69,1,2,-0.617782685227389,-0.05287129881975025,-0.3287269220747966,0.9318840047535069,-0.03339131445148634,0.06525349415954651,-0.44902548941688336
70,2,1,0.08951047016222974,-0.26535151927286194,0.32964863549828155,-0.04151898854800818,0.18849255964155642,0.09537542382251743,0.009904324727308797
71,3,0,-0.11021041355222225,0.39889684456197105,0.47589518549574006,-0.09911630010144497,0.6247748013313535,0.2946982604937851,0.060748351941671705
72,3,2,0.1399494943202216,-0.57379296229756,-0.5517968105632345,0.19802032369818504,0.4389536286407938,-0.6797555408045092,0.774403752302626
73,1,0,-0.3895592754285676,0.5475132141923854,0.42730738833557647,0.5512086748790997,-0.003839353168965022,-0.03909475692128189,0.19806838968143303
74,0,1,0.5254681784387066,-0.0036088605480165126,-0.14103109263220687,0.31110698841065365,-0.9262836558956824,-0.3055621603820903,-0.6936063787303567
75,2,2,0.22989176965694538,-0.29843025663427614,0.3011020878044486,-0.16012531878263228,-0.15807817426406165,0.22046013805487308,0.15921923852471942
76,2,1,0.17109870174008426,0.4400965061046037,0.49590244985107773,0.18213704331654187,0.45092662670128336,-0.10976539386756998,-0.025467607414284964
77,3,2,0.9355049895617203,1.0855588516428163,0.056513602125556596,0.025906140471345065,-0.6346745160195969,0.8680882576656335,-0.09883763269408129
78,1,1,-0.4474072231415277,-0.6168722546289535,0.4869668589360062,0.008493521932207272,-0.2933520927252732,0.6394811871478621,0.06669192099517758
79,1,1,-0.12526114216616996,-0.42450497695221634,-0.007601647878752282,0.3426364921969449,0.0956819325799034,0.021603811005212414,0.4150945459679984
80,0,1,0.25638303762399706,-0.038925953489298795,0.3394360229525175,-0.5146128206908426,0.30001214427692163,0.48279206100159155,0.24168687201475986
81,1,2,0.41857143555718557,0.18097494623305246,-0.15301881502324513,0.09051186374733974,0.4594747805277631,0.019377838724312008,-0.4740667714622616
82,2,2,-0.05542767207328667,0.032852433582733376,0.198898771830294,0.6482861768405873,0.7524472829933938,1.1573093314336667,-0.12917796513573343
83,3,2,0.23861593764951514,0.23808272785847526,0.2096373234851115,0.14142120297291164,-0.21625673243615465,-0.4184034668203591,-0.03713657187853123
84,3,2,0.6390281272983381,-0.31447815017172714,-0.18665269470403967,-0.741422069449882,-0.2780503599473711,1.3011754100711277,0.12033154089202391
85,0,1,-0.18660544767776294,0.5201561908817077,-0.3637265144883796,-0.31777396106393874,0.1413449382981716,-0.7699500984515752,-0.014629349268279922
86,2,0,-0.22105867285845315,-0.037317416870405254,-0.3179031356029771,0.1940791921632687,0.1273044720967748,-0.321189909197621,-0.3727974620632281
87,3,1,-0.0586912522081516,1.0718273862067207,0.4525765196993147,0.2744602191502827,-0.21918777298978456,-0.3822693397968451,0.2937239176865246
88,1,0,-1.3282713650766378,-0.4050079067564286,-0.14122343938885015,0.04183360131597215,0.07455902404122824,0.6365346610295349,-0.16955625115093279
89,1,2,0.19689386760887115,-0.11610796867139403,0.07514214286236887,-0.6396106955323273,-0.07115110447005722,-0.03947509767410298,0.4426989579454202
90,3,2,0.1796076160769349,0.005617130087613886,0.8989390846601154,0.5924953519545283,-0.4151422269268656,0.6600331494510764,0.018367190662518223
91,2,1,0.8998259294872872,-0.28714760794433836,-0.5687073093206022,-0.7203535369600216,-0.427160362445604,1.1646563796299094,-0.17738819012349177
92,2,2,-0.7866124440250087,0.36698121942589,-0.3783031667695185,-0.47170005718355923,0.07064241868485298,0.1662517685430448,0.2544320922477868
93,2,2,0.06233459732978777,-0.7161760093317392,-0.11244968426920816,0.08402600817185565,0.041327868615926515,0.7149215514910169,0.17266034693562166
94,2,1,0.11814939439933714,-0.4271425409223806,0.04884362846551706,0.12873706720356687,0.28223301084968094,0.026209442638223723,0.7072234415165761
95,3,1,0.2564525510604685,0.9102320799851048,-0.09440629268103728,0.30092477501063475,-0.2021232291615832,-0.17217795340029848,0.3413195302614273
96,3,0,-0.6937965990807784,-0.1912112287780292,0.7561711139357061,-0.8253589137796167,-0.4037943758367262,-0.18436286693534285,-0.27800169823828685
97,0,0,-1.640645682554934,-0.16130451412034397,-0.22242284031245402,-0.6290609511842254,0.7213560072909111,0.20284350886105795,0.0013808893622749684
98,0,2,-0.07281487462492826,0.5748348805108446,-0.3290145182939729,0.37650438312657203,0.14905825517260482,0.9350000310662794,0.022010191020398855
99,2,0,0.03481762807053429,-0.456125612864292,0.16928506336715393,0.1074283179528629,-0.10987122153502538,-0.05145790128238381,-0.29114430751463444
100,3,1,0.03575441274800156,-0.9840052152277532,-0.04746265420660244,-0.07337223514524156,-0.40014626288338095,-0.018055311806476793,-0.35223155529794214
101,0,1,-0.43710923172097726,-0.342187402873794,-0.04312613239435373,0.1848186436443731,-0.08519808622504364,0.1802766258285608,0.297415496523969
102,2,2,-0.5152342479295794,-0.7115686989625222,-0.009975271031918687,-0.3905404430391055,0.7614808628869338,0.07491551573813998,0.042231854883557275
103,3,2,-0.14904412124081012,0.7151435780369043,-0.08266543574413153,-0.006767363520958669,-0.07012694571395842,0.7932779692798703,-0.28564220783243915
104,3,1,-0.569074950150136,0.06469775002566555,0.33447870174443795,0.8358758805563287,-0.812294654819511,-0.5030885997358026,0.1977431084184106
105,3,2,-0.5719220767916027,-0.3699008084852305,-0.5784292421181475,-0.141471592275647,0.3103587491039198,0.2784057507220413,-0.22555916941355358
106,0,0,0.037242652084990224,0.34880193482502153,0.9664650985555321,0.2986909999687663,0.04789490276357587,1.50447043386237,0.6175886500075666
107,2,0,0.178740075827889,0.33321832422382436,0.4819473267981555,-0.30153280136312166,0.2263999764113222,-0.2478137627083987,0.17218937485033292
108,3,1,-0.6515379362742078,-0.8019444110909589,0.2502353858819446,-0.1874975590104556,0.40923823251107677,0.8164720169041046,-0.2407501616814469
109,1,1,-1.015334573152186,0.06674361670189075,0.5822776687289565,0.47760825935645407,0.7396285069036802,0.48869924777332996,0.08680630630483778
110,0,1,-0.6110611891472156,-0.5553031645651504,-0.18807438742484017,0.49422276508428176,0.32667183218086815,-0.31288423189654424,0.37811942094734047
111,1,2,0.24521059786314672,0.34885114075301893,0.05776501873335026,0.316027452366598,-0.4192464282950798,0.754856146950021,-0.2588567418226283
112,0,1,-0.2578274766248182,0.5045533911828388,0.523203722140981,0.11656853549132182,0.28319321318541274,-0.23577157708278587,-0.22534708480163118
113,0,1,0.24549552832083818,0.3338936528863692,0.14950762624037436,0.293464849731237,-0.30385739459810707,0.1342326222292419,0.43721145839625025
114,3,1,0.2101692623711323,0.0064389039990849495,0.09278803757132356,0.03941103551162602,-0.16625118799558397,0.06237218151134065,0.5198366737311668
115,2,1,0.48194580485310956,-0.19981424730276323,0.36303042490165305,0.10286400611415568,0.21210570685672755,-0.10235513812447136,-0.1345456575295232
116,3,0,-0.2738838189128356,0.6027818202259081,-0.0760742380624029,-0.24755248168815222,0.6998634322156504,-0.20477138667305336,-0.10788239548134008
117,3,0,-0.03872196580073312,-0.3714297233269804,-0.4203023968078527,0.70382668911732,0.01661822222400942,-0.11452486055179581,-0.1226236349234613
118,3,1,0.3331934783438111,1.0000512417790035,-0.5069723713452158,-0.4253990642892098,-0.12821468059526153,-0.10556157927339313,-0.304621970768016
119,1,1,-0.31574402482330943,-0.30011774469691954,0.006561082232475202,0.16998796813807804,-0.669906418425853,0.4767056961153536,0.008406115014432858
120,1,0,-0.5877774931050442,-0.1909438083768124,0.20884619187818196,-0.2693732729366461,0.7033432887847292,0.23901836983666805,0.13924815359041973
121,2,1,0.45136781351083166,-0.9150177932832048,-0.49312203609973376,-0.1744884388523981,0.5702000645490823,-0.16223758407207098,0.2812890738385209
122,1,2,0.6578360255820409,0.37792627216044516,0.24984004483746217,0.35007196839185356,0.4943423712933553,-0.285845884043775,-0.09623361949423505
123,3,2,-0.5310615404829476,-0.334934537617607,0.43819227492801127,0.4454864132611132,0.3705025830377718,-0.24475035669631515,0.09687722846355104
124,0,1,0.16640996625957663,-0.21517022049630077,0.6734218033043207,-0.4266117084299485,0.10225859881704515,-0.4794059412985747,-0.0931125092619788
125,3,0,0.1267566930180676,-0.30651398607559416,-0.044087966924693224,0.07846706081878202,0.5936445367148098,0.27953358652682636,0.6532095534481533
126,2,0,0.013437085909551963,0.16798483116517068,-0.5477361628958765,0.7126089926932936,0.1837670653736013,0.07557205050704703,-0.2434626004233936
127,1,0,-0.2909880311070558,-0.6330789345580606,-0.190399914895914,0.2858753211972208,-0.2586782321799691,0.06610598784376845,0.5285938767300509
128,2,1,-0.5168843027759351,-0.7125159751974683,-0.5992893820407453,-0.5679326630960443,0.34378721618039404,-0.9028171919804467,-0.03648418056747967
129,1,0,-0.6922207018813344,-0.191882344805873,-0.3733529183675791,-0.5480276165980047,0.20111058522511818,0.11946608531259094,0.06437733355899576
130,3,1,0.38850357282227754,-0.08782226142658806,-0.38104325104269743,-0.8427475966150049,-0.1877052239667268,0.14832179394504336,-0.37106621601194073
131,3,0,-0.10022710682868288,-0.2553361171060258,0.6627495771062928,0.627761452021997,0.16950196502712908,-0.15293909982976558,-0.17715934876221553
132,1,1,0.1899761139868932,-0.4196478971010936,-0.36068621807836254,-0.5717763172781152,0.17161916652661402,-0.0721965865545009,0.4205353643101776
133,1,1,-1.0066799620589146,1.0531322122646831,0.07747398817596675,0.6317173513809372,0.441040872374688,-0.45744889761256013,0.3846434834889509
134,0,2,0.3947592322367198,-0.49477759513424713,0.2653439923641365,-0.5132626849029157,-0.055107863656354554,-0.24867602925844132,-0.4373101348341271
135,2,2,0.37955701022314114,-0.2027955066740491,-0.35104405513669895,0.5163028889469676,0.19336920376064823,-0.19122354226406738,0.15435220822004347
136,2,0,0.048447185977337215,0.021140615036869065,1.1316561359880453,-0.23048612206725277,0.9069163178854037,-0.35686030142398273,0.21793204053510995
137,3,1,0.9352116378335497,0.5192805805455663,-0.18071468850081499,-0.31892167713939534,-0.21273568180942154,0.00037502551007270735,-0.04724936144714807
138,3,1,0.00809742165757936,0.021834486441541567,-0.7157933670059807,-0.9017648869072581,0.1952211825607995,0.6631935129309149,-0.1772548805871371
139,3,0,-0.017979345978498026,-1.5324230717192708,-0.06990134079946322,-0.5446390066651633,0.08868409265339333,0.2505779395959136,-0.5246046468580072
140,3,1,-0.5709612522106213,0.5963507463615229,-0.3940266972525086,-0.6254085037313573,0.8065291150091435,-0.6450030167125527,-0.15724881852103587
141,3,2,-0.42099441240457713,-0.2551146553566995,-0.059633892047453375,-0.7276667146863284,-0.56837647956361,0.9053909447383643,0.6329452497560151
142,0,0,0.13761081638718936,-0.22927011783879125,-0.0899019955235748,0.3122089822300454,-0.18367429073726485,1.169693448149531,0.3617410724258072
143,0,0,0.06181524776291822,-0.35086767707380895,0.3812805970499772,1.0537724173921426,0.2658380381018595,-0.14635365202944153,-0.3977839268823295
144,1,0,0.48445408236303944,-0.3343922039910871,0.16024948228851774,-0.962094890937623,0.42866395103787475,-0.1377896971041432,0.09522572994154084
145,1,1,-0.3955688757769308,0.33743350460776445,1.0538536802178553,-0.13518478398843226,0.6239482691666427,0.24120967361923318,-0.13237409762103414
146,3,1,0.14821678339189712,0.09710557105035758,-0.4000298917652221,0.23375527290458287,-0.17507518796467894,-0.24106618045554826,-0.12500992875703126
147,3,1,-0.5608413871092469,0.03653959532069953,0.7063024340850621,-0.06584012861192326,0.8360069999867296,-0.5352175401985593,-0.1391844766802174
148,1,1,-0.19020763591959303,-0.2503945670769491,0.8990306657563418,-0.0037704260705121186,-0.2737357777930557,0.4200539535160379,-0.3650216496187726
149,2,2,-0.4171328690928785,0.16988087426639195,-0.023674181952723507,0.004632268741708103,-0.22978951592197802,0.3696682258571154,-0.1502429225426366
150,2,0,-1.216660301603641,0.19485661237631133,0.9985601547258259,-0.10859086405956474,-0.25310901739583475,-0.5298334001612413,-0.2048457331572761
151,3,0,0.2893121264957321,-0.23966929953558924,0.41066102716125213,0.37883110447623375,-0.13395076004440934,-0.7649516673948015,0.5896130496230142
152,0,2,-0.561637462154207,-0.6404163773482876,0.23946043876621537,-0.03887601961652993,0.02922034023625292,0.011292466792404199,-0.23574642272473328
153,1,0,-0.547960003220012,0.7062574047784297,0.8426365047287512,0.007538675534007202,-0.004410902118317865,0.23075797624789057,-1.0735016723015234
154,2,2,-0.031523277638666775,0.3471326402463982,0.27285865253368974,0.023636669281621437,0.5796421430112326,-0.20744755015767244,-0.1819284030734953
155,1,0,-0.6888118720191131,-0.6698257852144732,-0.12385076782322174,0.6314291972916668,-0.030598948397748342,-0.012158821733448816,-0.16446940083297837
156,3,0,-0.5819885541246209,0.00022923406553385095,0.502271987710773,-0.4469402213954276,1.1203895447601555,0.3143826624990791,-0.07888981500783182
157,3,1,-1.3945320206832825,0.19024421702952102,0.0316530241547314,-0.14332591752361137,-0.5830075302140361,-0.38534880685297535,-0.07242566209598611
158,3,2,-0.12052150031784649,0.39642010043056564,0.36971751492565064,0.2049352715273631,0.9157543759827615,0.2061166273983699,-0.06865373492831457
159,1,1,0.2089827030988646,0.3003614623664024,0.3828276829549813,-0.14654937957334924,0.042729165149584365,-0.17137620654650523,0.3029776362847823
160,3,2,-0.33430234605427595,-0.23760581892531796,-0.28329849482816455,-0.5168926658450387,0.46197080371266575,-0.2254781814342087,-0.40389873221548017
161,0,2,0.4388375268334971,0.08791866835008946,0.15565187883144826,0.5779910080580548,-1.3134723763393714,-0.406919495066543,0.02072158783142101
162,2,0,0.6218841551548363,0.8859232452776103,0.31056805753627936,0.17953053726065318,0.7424597479816045,-0.4975318109592842,0.10949405344246109
163,1,1,0.22925633886806804,-0.04241772167853709,-0.32387346160238384,0.25050359289713753,-0.18296238467893494,0.9192500906141239,-0.010831437177538056
164,0,1,-0.26920594564799083,0.3273597092398477,-0.6817594113503858,0.11169466757758258,0.21899903454651798,-0.7163534652789468,0.15531135149127193
165,2,0,0.24893206745527655,0.44652866716067763,-0.2240697410578895,-0.0366408698658116,0.3774411037805342,0.7295894975798983,0.634948564927479
166,3,1,0.2533700391496978,0.12191177200654482,0.22412155857172317,0.6861512716012647,0.3468633704366428,0.12040196257455033,-0.5859276045300922
167,3,2,-0.04179844002156973,-0.39454354319372376,0.3145805882482674,0.18092711012381799,-0.14148207208313768,0.4019515079347138,-0.44258549798020985
168,0,1,0.4482091700529389,-0.582427433572698,0.04756040638085509,0.3847025914618352,0.5371453605454598,0.15388368798729934,-0.3467297799183728
169,3,2,0.10881628126132778,0.06942842748179945,0.2893953760498425,0.3666829497229269,-0.36723227810512254,0.05793176379229678,-0.13462892082146163
170,3,1,-0.7123375216789198,-0.02400810220464278,0.3332400222514786,-0.2628858720097215,0.18295448050416732,0.207708500045988,0.3848770435070589
171,1,1,-0.2393236276313108,-0.16963576060026822,-0.22066701292045166,-0.005957284360958891,0.23812273157321567,0.14811145854606358,0.007726863109242539
172,0,0,-0.06333878253864096,-0.9104859459880458,0.07187535671797689,-0.16135100547069017,0.8396518222981157,0.8474950865336588,0.08363812179294011
173,3,2,-0.7268121924002123,-0.7002472337110014,-0.10792810806792615,1.345131346636783,0.49860802106581087,-0.19016328749661168,-0.35355184725205974
174,3,2,-0.832604260819634,-0.12132206042379655,0.30680098818081336,-0.08857830931703649,-0.08476518772073316,0.26039860728507747,-0.06385013899940464
175,1,1,-0.07561710447700236,0.6627697799758477,0.5107810093128905,0.14370752578160711,0.5438424252900731,0.18083105126665688,0.05043747683371609
176,0,1,0.12919572282594113,-0.448921081098253,0.35734590177253245,-0.20413606580641785,-0.5029900343202279,0.07763414126753096,0.1403543519612599
177,0,1,-0.6258158863324867,-0.26973719460858187,-0.1583256679279892,0.019546103841088177,0.04580412938431909,-0.29831862964147016,0.015945899863243025
178,1,2,0.13844015710003318,-0.5771140533838212,0.33243390771364306,0.5357825234211808,-0.18938864744711761,0.11349973608542821,-0.3094450007619095
179,3,0,-0.599510764677289,0.7652252460806579,0.36842302732150084,0.24919374749617093,0.6491414995790147,0.770086226021228,-0.36055283296670676
180,1,2,-0.730552796845168,0.3551194187127017,-0.4550141537169459,-0.0841818121342913,0.2681197548596794,0.33362696354569155,-0.1335238704927993
181,0,2,0.3325161549158223,-0.7240248829158796,0.07882798555790747,0.5882458461886665,-0.25444567247888034,-0.11270164520837142,-0.32271486589834125
182,2,0,-0.0432677774435945,-0.27479152486875147,-0.22188435582728772,0.6496429607959319,0.09451458642364503,0.41665268701017455,-0.2932446927242859
183,2,1,-1.030515771756039,-0.5747444030956079,0.20490746388729827,0.6610025539958508,0.43115220555730394,0.09290724940311246,-0.48654962338956664
184,0,1,-0.9364933248921833,-0.11529314027550436,0.6027243334905737,-0.4812630718560141,0.169689305115029,-0.8086401246204679,0.013761994894935816
185,2,1,-0.08384079186131319,-0.2233911061633723,-0.24397857844333626,-0.3617876084474837,0.5694549640059055,0.624168103600857,-0.3281883617953529
186,1,1,-0.5650079618565025,0.6908670041326127,-0.3463938608973185,-0.29587528036173766,0.11052747752954345,0.44341191490495435,0.04602859295117735
187,2,1,-0.5532836843859946,-0.6780297729961817,-0.5954386135043402,0.08409321084311422,-0.0662393003541347,0.5243247530430948,0.101071871454269
188,0,1,-0.8230902307940614,-0.4428930975265223,-0.08451022509335404,0.6735284158928311,0.8937427660253929,0.23974940084091217,-0.06856914028926758
189,2,1,-0.25964947590719095,-0.2638628166630187,0.0680760892411385,-0.39811031646944967,-0.0704261762318524,-0.41989754415320024,0.19442580668370563
190,1,1,1.0273224154093876,-0.2889563694107675,0.8001630901549084,0.3560316398642091,-0.15311957433990245,0.3843193179217057,0.35243711887517454
191,2,1,-0.9435836850693449,-0.04151151377375663,-0.47137919179510396,0.4205617461395607,0.5632023047231978,-0.8891390506758622,0.0004426506013981715
192,1,2,0.7024035881316897,-0.1355942883851088,0.10277021606863229,0.3331004131976205,0.14577503772365574,0.8998770532766184,-0.5858023088172319
193,2,2,-0.5699571914044094,0.21435434845765208,0.3269601415041268,-0.20007342361757718,0.11702814956745157,-0.30792616731910893,0.4920022235956255
194,0,1,-0.7316611926916792,-1.0094667264223918,0.5012938285098905,0.24097442240167077,0.36175938027345206,0.42922352617698867,0.11495045509932439
195,1,0,0.2987609889782148,-0.22410254634922736,-0.2858696780341727,0.05295363998251392,0.30384733311974826,0.49298022579264233,0.6933711803879736
196,2,1,-0.2516436475414942,-0.1830451360803589,0.26398659098205085,0.14923366370266422,-0.14349126324522166,0.06382731077132552,-0.08357961158967935
197,3,2,-0.2692637393838504,0.884366292732918,-0.567703951646126,-0.38631445402770814,-0.0009739395296690598,-0.740411242889179,0.08059704019185113
198,1,2,0.43293511638765614,0.009583429138565386,-0.1560642407086666,1.0389122878609656,-0.4969828127393946,-0.10992480428687143,0.5487370445235562
199,0,1,0.8652803134466579,-0.7756498659021726,0.2764543987013486,0.22106875657325156,0.0038823997554413353,0.005051911090660249,0.30779713253494406
200,2,1,0.06163583341114923,-0.10591100156276212,-0.22996817267063047,-0.187216111361498,0.316878375975591,0.8280354367409559,-0.025365955588043394
201,2,0,-0.6677976193648715,-0.6006011964509632,-0.045587049031294895,0.11789949842593213,0.5658464759820119,1.0419465390615368,0.04384685091144532
202,2,1,-0.6763818157432744,0.02227164718392835,0.46035848585827904,-0.024144661968032406,0.04258245885581673,0.07194584171653375,-0.43021735242933484
203,0,1,-0.18839839585608004,-0.6630043120502238,-0.30371562443918504,-0.37391631487574517,-0.009579134287084786,0.31021170636919,-0.14579079132386188
204,1,1,0.3687318301709892,0.17657505551148736,-0.33656299549881363,-0.11722050066339668,1.5577523632630654,0.6797242744866274,0.08479646222589068
205,3,1,0.07444555226464908,-0.259491956197032,-0.3063522937046959,0.4414996224579031,0.09720622288494679,-0.8924459353246522,0.24071788821772527
206,3,2,0.005472935603298784,-0.7228212655711618,0.34476880389518194,-0.02592043750368147,-0.385512279516459,0.19114720078329095,-0.31920978834304964
207,1,0,0.42481709182930216,-0.3438092775737813,0.276511811895768,-0.23856790782888412,-0.8347826743563013,-1.1382856059684048,-0.13011844512410242
208,2,1,-1.2422595930232854,0.691835787463222,-0.37776818590021044,-0.806764533134106,0.029334839152468886,-0.07080181896340729,-0.2512657683492171
209,0,1,0.3097919029163618,-0.8798575268940906,-0.18178073545431173,0.406191331246428,0.2009847758123842,-0.6195229641457107,0.6184145146882918
210,3,1,-0.09830796991776097,-0.29094780289360844,0.048186947764347184,0.720635018441517,0.07539895132531083,-0.3921124238313638,0.37915602280516525
211,1,1,-0.12823975404076593,0.14933755271487373,0.2668012156193118,-0.0610712977108137,0.39031588725108446,0.037244958347002796,-0.39998832403479034
212,1,1,0.07692436889653409,0.29820515757652977,0.3100811701349248,0.31795691162041023,0.051102598980150606,-0.1605701087480436,0.22370318721100665
213,3,0,-0.2797862954579804,-0.4958344540125843,0.033712623606462905,0.38731241691543494,-0.05491660748055638,-0.31369061979418367,-0.030493233445608635
214,2,0,-0.6728736106400516,0.1461393066954987,-0.08495838538284964,0.02797040198152185,0.7656115873685775,-0.21501666633611619,0.067609814055033
215,3,1,-1.134671554488507,0.38022659157169814,-0.35988522114407373,0.2705776127781674,-0.10457834463648817,-0.7340340767888293,-0.09242049035389659
216,0,1,0.038012920766243075,-0.35196953295627564,0.1528100341061227,-0.0978163422537663,0.12851167422889478,0.19296948785514473,-0.022999457657511612
217,3,1,-0.7405554178421921,0.3136641260611991,0.4642006306364902,-0.0022084698021512246,-0.11071391154118314,0.1501280149022369,0.2016690676864247
218,3,1,-0.1761541133020889,-0.7964076904256585,0.10620078422420395,0.3560395375219623,-0.4928930410274667,0.8159971222075149,-0.4491846220259601
219,0,1,-0.9846083050596716,0.34132786461646514,-0.08375879642924614,0.16651705254482818,0.35026035105755204,0.09176525189480614,-0.08817714701204218
220,0,2,-0.1492361246039171,0.07821565966449617,0.5242042004563754,-0.43285446718476583,0.3213717150260183,0.47871424107579874,0.30919350260881195
221,0,2,0.11153112913733818,-0.6746574427822448,0.20799430978511835,-0.10371849047052874,0.354917074205922,1.0001172639539109,-0.2680824904533782
222,1,0,-0.31829505569970734,-0.962481622807043,-0.6210509364639247,0.7711447398742922,0.11839341230105917,-0.4261009392834312,0.15324825772025702
223,1,1,0.07717511608772909,0.5363763941010414,-1.3824190320764684,-0.02129016059971258,-0.2634735926985853,-0.027316650401105647,0.5415512095051324
224,0,1,-0.4958036230871391,-0.4768388520406389,-0.28029203938905656,-0.3783730187284874,0.2744234326410073,-0.23096793138062013,0.03855757604292455
225,3,0,-0.37021649686175595,0.611852479466533,-0.09869033448105842,0.6513126484628946,0.22484405232451768,-1.0965551724390268,-0.18219089279115652
226,1,0,-0.027665412297341624,0.19377039486206935,0.3941036572114943,-0.43767894449952527,0.4551808976163729,-0.30562439630182237,-0.46916600938984626
227,3,2,-0.11939752161109064,0.043435080505796586,0.2230766453627496,0.3574433907651348,0.4280701371005242,-0.09033805110046089,0.4061212854229166
228,3,1,0.11805997749286512,0.011822047296963678,-0.1839461276229265,1.5948568280279525,-0.3025089461188612,0.5660406248187732,-0.10937231675576385
229,0,0,-0.05524110420831247,0.13263131734790792,-0.21962043358914352,0.7547150888998435,0.08497395680657711,0.2520397582439231,0.34471727487338455
230,2,1,0.37524082058337294,-0.14610428747475718,0.19214967869270436,0.23023945450749833,0.6085987721495827,-0.04439636289879187,-0.014493359336353293
231,3,2,0.7104592912417543,-0.703620641221082,-0.3941352967121395,0.5291464471556537,0.06541004934147418,-0.10794320986727382,0.007090112845373599
232,0,1,0.21195499754945832,-0.057914041292688304,-0.009482895809834958,1.0192785619037348,0.5509554078823511,0.8780306803779314,0.5211186150030471
233,0,1,0.3729607691635619,-0.007445434893651542,0.45069709714554024,0.23827580011566213,-0.5660093957833597,0.26005652040649263,-0.33920237015505567
234,1,1,0.07701774040509579,-0.2134099678424684,-0.0063049559987034326,0.8605298515828914,0.20964509134987086,-0.0053172836387058164,-0.24952495109185874
235,0,1,-0.6303864111193017,-0.6556097730141106,-0.45467534613920657,0.005705946999270565,0.07416327932135452,0.8045200395219876,0.010588059838477722
236,1,2,0.32502365415132495,-0.6333381783561479,-0.3805891562988773,-0.8136835280027277,0.32766604119209947,0.23446936762247744,-0.025516591366425315
237,1,1,0.3328318248971365,-0.4184696963429836,-0.33099801133769,0.026317000876143762,0.38491104926864506,0.3552337613145585,0.20940537152145985
238,2,0,-0.6539080035516681,-0.20255284058292938,-0.0957130117141583,-0.15400437562343167,-0.30369839336028254,1.4533031978962088,-0.09360500308461493
239,2,0,-0.185079197977435,-0.5405779969411669,-0.6935062504877194,0.06486653693695651,-0.3065281063631307,-0.16952033755909848,0.1960871162108362
240,1,1,-0.8745519866249186,0.4908180898650851,-0.021342547723829965,0.4141019014061221,-0.09352456967873458,0.17769507820043834,0.038206562581200955
241,0,1,0.060746018062651036,-0.354779518020695,-0.0506821238061594,0.10700110605141373,-0.5723749965507513,-0.08492579277183471,0.05008416201753621
242,2,1,0.6468421127535038,0.024136634906157195,0.6831065859095357,0.23932978099321076,0.14827750341647442,0.8519920884014291,-0.6605701178733964
243,1,0,-0.021420863019818687,-0.6158471185834768,0.20742327388607573,1.0504280509527877,-0.31351330945320005,-0.46446238483329805,-0.2501276217670621
244,3,1,-0.4518835633445677,0.0025916938206734796,-0.698817712800073,-0.09335899787789369,0.4224667600669893,-0.43138284082561573,-0.47867868415275044
245,2,1,0.44456855649102844,0.014952208338047585,0.33063258334473533,0.6147481332550782,-0.013589076703692835,-1.0115455778987736,0.08518078808768052
246,2,1,0.16439636641743513,-0.06714764810357328,0.2523671473640033,-0.04683724627190127,-0.5689142799402592,-0.9314823413497005,-0.22458992953759194
247,2,2,0.0011219871877118648,-0.6717813501603851,-0.6935424809077713,0.9562419060138513,-0.5527525861846381,-0.3951068893410994,0.15410001765665096
248,1,1,0.31469636326370853,0.18454013567504138,0.28394858260088496,0.6967863397900638,0.23236293910292932,0.25651140512710036,0.040394694303153816
249,1,1,-0.20943477768991797,-0.40476948352391084,0.014928438696927976,0.3053516153162217,-0.1901175502958373,-0.6376140019821678,0.476734548667248
250,1,2,0.44493648527815544,0.1967866250294277,0.06922612938640134,0.007082731615709981,0.572287184791052,-0.5586336831180041,-0.14217698438100096
251,2,2,-1.1520413042485902,-0.3627394239924028,-0.51574288581414,0.43190916988748707,0.023555314514851423,-0.3770061169904779,0.04912395137808051
252,1,1,0.16541775771314735,-0.26304625136959137,-0.27896221736337207,-0.6752589499344261,-0.5307774525284573,0.6642093079592685,0.5844246166489617
253,0,0,-0.5100301285898544,0.2844666817981264,0.516506371680456,-0.6347695743725315,-0.1993032554808288,0.3183416143416998,0.11697795745081711
254,0,1,0.08642215103547154,-0.13284904147985754,0.43024512742245413,-0.041065610866434045,0.4752468266500835,0.3551962011433348,0.44748796460997303
255,0,1,-0.4949988630769607,-0.12082403619088497,0.3159983992108412,-0.4646324118588536,-0.5438290982157947,-0.6954797796480688,0.032098480167373045
256,0,0,-0.9169440803164721,-0.6458913564589225,-0.207429461281499,-0.7783063275558832,0.11338606494479572,-0.2019443186018728,0.5483450558340772
257,1,1,0.15368314569812472,0.12282406309141933,0.5330108434844875,-0.011254475176551409,-0.40970656864043403,-0.13286207267644032,-0.23686238719307823
258,1,0,-0.777127307293853,0.05822640363437634,-0.4586796987532906,0.7797186190602563,0.10824828408339941,-0.5121954798608888,0.44780369126652425
259,0,1,-1.3213107053958328,0.2822036807023952,-0.28245252373107455,-0.40900334448166165,-0.13084858131680333,-0.0999358156348554,0.1511352542768503
260,1,2,-0.22427659065577343,0.18585148458246967,0.2963764167507411,0.5266771689765426,-0.6399762936337798,-0.2604812669521579,0.12370240479807233
261,2,0,0.55247450644235,0.14164654135638197,-0.4277835588326978,0.8631313487918066,-0.02487792752969597,-0.3092199925731729,-0.07887783650292467
262,1,0,0.7815213934143015,0.24686604320099984,0.06656629462754285,0.07152857684241669,0.6752217628121465,-0.7214957134266031,0.12241403325296318
263,3,2,0.6617308164622547,-0.09539869493876454,-0.5535905668256069,-0.3631971609082035,-0.2492600137277196,-0.3260174626395319,0.08651742640014795
264,2,0,-1.0607946823237884,-0.5016577498192178,-0.6330745213585364,0.10325153846585987,-0.6288946726865567,0.3322476073475291,-0.06880879289423047
265,0,2,-0.13726994155883482,-0.39583328289642516,0.2973229161096065,0.32082608032855375,-0.06386280832695437,0.5253460708400958,0.21711611854022386
266,3,1,-0.603027641207308,-0.30436840684356853,-0.4223931826714819,-0.7421558902052303,0.29261492559768765,0.6225419659030206,-0.3458521894469834
267,3,1,-0.011282596444362913,-0.4045225021644203,-0.4139481358936081,0.6180140349824494,0.8186929073582715,0.17250113634875924,0.08767966024814822
268,3,0,-1.067319010916479,-0.5965399821225601,0.17650301840069724,0.4576547839959022,0.14640674663299028,0.3113271006514886,0.2100226351700913
269,0,2,0.20416072838169477,0.1466964829720275,-0.006855931520698678,-0.17609575325671464,0.19938250616291747,0.1841092119041166,-0.15770008947783282
270,3,0,-0.014028879130730962,-1.171291251495681,0.34939528857264085,0.3460255489961302,-0.7957309600382702,-0.10412471888768385,0.1556339885437823
271,2,2,0.5316984359769157,0.2677505269125823,0.30983671798305834,-0.061110293489565135,0.02779709726106039,-0.2897141974252524,-0.06758506463442095
272,3,1,0.4988647229991432,-0.37194498592043795,-0.029553423445301808,0.4711840466599688,0.57400958738347,0.5485311281720566,-0.1719646868526766
273,2,1,-0.06133735894709883,0.08432323320757582,-0.25793202786761954,0.02909367013790214,0.3970155078842646,0.19064670478278498,-0.27899540323759553
274,2,0,-0.9190433347456355,-0.2953830484687213,-0.1674649769592826,0.20537153522278545,0.21276259470455444,-0.33860297314299903,0.33832693689715665
275,1,0,0.17692456883197508,-0.3346857648482361,-0.07012537682457946,0.3349417761429271,0.48786420116855217,0.08923313990403692,-0.1002918200188172
276,3,0,-0.44439959411519836,-1.2174790944858402,0.23755556034468964,0.3111604100273828,0.6741666100372629,-0.7650183807259928,-0.3766177221593362
277,3,0,-0.08913053716062003,-0.6964025016034118,-0.1183459513752606,-0.43130727070111313,0.4871739376684876,0.26637948744949264,0.05855057841427129
278,2,0,0.48088774052060257,-0.2827854894790771,-0.07462246612948675,-0.19701687162479092,-0.39734767666399246,-0.11453163955079257,-0.5748505176918303
279,1,1,-1.0788013363854154,-0.2783515819378718,0.2708761787880695,-0.2906549065150433,-0.5423417312557142,0.0413363839214894,-0.3410794569429734
280,2,2,-0.256975112221282,0.02284272110315072,-0.002599898539714518,-0.2517208579605071,0.2554424525185504,0.9596771782017156,0.24867181507249053
281,2,1,-0.6115875878682353,-0.28740546059635697,-0.13209887114199834,0.5170290086701522,-0.13588786583239865,-0.22690241483575954,-0.32023133067981235
282,0,2,-0.002138054819262186,0.31178969978120974,-0.20968541086271877,-0.6178266732155716,0.6021606238185191,-0.06975707033099879,0.3198508631676054
283,0,2,0.11161343890444098,0.5701570529156191,0.9008946516611417,0.019436587273828396,0.13172939579819473,0.9830453694643961,0.23809328037358196
284,1,0,0.05015760018907264,-0.4903705136998756,0.21988434877854504,0.31857171290800074,0.36740049461372276,-0.2874520872836698,0.1583519720951296
285,2,1,0.094165956214224,-0.9019031888125054,-0.5560052054372214,-0.6232789522277147,-0.3720365247526821,-0.03622401234456135,0.1458673920833723
286,0,1,-0.5199626883550752,-0.470546906061735,0.1406083407764447,-0.5192017975522424,-0.08568558486223338,-0.20735909589266285,0.25942886149979394
287,1,0,-0.41368565771489985,0.1624896353534617,0.12119426427550238,0.22962553202997837,0.4776335786446462,-0.15427785431887578,-0.03320886955514308
288,0,1,-0.1588705086447257,0.4128066881820035,0.38599581857097887,-0.574497906740463,-0.32069688824492676,0.26385716513421653,-0.11991742661748951
289,3,1,-0.017477020726356637,-0.2560174817401478,0.0001245244964584502,0.3827302330751042,-0.18049080272584356,0.11662516751205569,-0.10259137212985765
290,2,0,-0.17235363495756695,0.1159723961298483,-0.3980991387815735,0.3252025197493903,0.5460718108182229,-0.24507450360601493,-0.03866415363257336
291,1,2,-0.5858250388583306,-0.29258881930392217,-0.47379625034309564,0.5169026287916586,-0.5333917807054621,0.8765683719739715,0.0914590229592869
292,3,0,-0.2818375065046031,-1.3866733471667263,-0.013798963472269322,0.26678760924512174,0.4952732653253809,0.838217137881193,0.08613123722283356
293,3,0,-0.03163073027228891,-0.7450728903283952,-0.18145896697093727,-0.30026850986678516,-0.5443132023054535,0.5813883614688408,0.34614388121411566
294,1,2,-0.6899420203529297,-0.3476204617853125,-0.1870849766879652,0.7662538480491411,-0.10999023669105784,0.839374963838679,0.8546936181372291
295,3,1,-0.5845398926177763,0.5782654026245037,0.30411605492737376,0.39014558026237983,-0.09357037664938858,0.42451190073631395,-0.5533005582425161
296,3,1,0.13075881277877172,-0.7014701897324022,-0.10670333132395478,-0.09628642296340724,0.7346050526989222,-0.06143976562931677,0.1391077966424781
297,3,0,1.028801125349122,-0.3513104332662488,0.17975516678776393,0.16543362265294145,0.2781769142423991,0.0361383193613819,0.34246288876708997
298,2,0,-0.035108929528732916,-0.21617391952611464,0.1923073354396157,0.9588783401337524,0.07033106606210102,-0.6175048927929543,-0.23352712044893553
299,3,1,-0.6739782828186107,-0.32653016252034417,0.2612869449340626,-0.16030729709176827,0.2157615811364377,0.1482075723022387,0.22638120486335017
300,0,1,0.6846104399592217,-0.16422025126305367,0.27267538203821196,0.14478617465167476,-0.882528685641014,0.306658603273922,0.2697524770758748
301,0,1,0.15952260179338254,0.7185188572387979,0.591989015733413,-0.22596298502521495,-0.578304599869818,0.3431575824596932,0.3043242169681126
302,3,1,-0.6289304119101704,-0.8571676015745127,-0.5173076332192287,-0.2969217721756125,0.13848274907833497,0.06372171524682442,-0.20806326276541137
303,1,0,0.032106640388387675,0.21527341772479,-0.450648267984234,0.28519899070122506,-0.5155293077396352,0.5294713684346521,-0.5110228735693223
304,1,2,0.09158909496815096,-0.004179180401263416,0.1633700887592123,-0.19053678420209094,0.47393079423017986,0.31394126278824375,-0.056785595403506514
305,2,0,0.4084633113646089,-0.2017522467160063,0.29808176946743,0.7657104166593623,0.4412607479269024,0.49307367763873655,0.06566089578843627
306,1,1,-0.5785893660900827,-0.47514559392400924,0.5134209854871181,0.15981517461967118,-0.37061705708167436,-0.17097465099407702,0.011141305443607615
307,2,0,0.41776841817744637,-0.45422976549337,-0.1891932749706783,-0.42394929417080485,-0.5947004447523139,-0.3896300137592231,0.42683440939024514
308,3,2,-0.3073710381872574,0.6158864583507834,-0.582421781842044,-0.3407877382279728,-0.11061350231205502,0.37790990099266664,0.3269868570673013
309,3,1,0.03086998813982547,0.532885887074525,-0.09162494797389059,-1.0053624549469011,0.4177675022088111,1.0685174393718386,-0.4448138655712759
310,0,1,-0.7237934089775253,-0.4074740641834761,-0.12900769722135724,0.21064444710701435,-0.2406592363789802,0.9226905800677934,0.031095194291325685
311,3,1,0.5082547384569089,-0.47501410863171134,-0.1712599359553512,0.4940794812078832,-0.010185007928888665,0.1385344822041297,0.35122183033474647
312,2,1,-0.00030793639672931084,-0.11153089765582486,0.04052184851258931,0.11280761091358714,0.1703112596987991,0.5813929625016463,-0.004346490917573715
313,2,2,-0.5545353483775028,0.05963327467631266,-0.12740342818414302,0.41357255067383664,0.5112280623787517,0.6044241939922425,-0.5041867491525178
314,0,1,0.10561038405797898,0.09910634261893189,0.053072394651671975,0.22676822897421234,0.3509070909620926,-0.7864825378372369,0.14184159688468095
315,3,1,0.24790136805032478,-0.40655225640973247,-0.1280384000320762,-0.45501029965957124,-0.0210631339130057,0.18983199379310567,-0.20328549731925177
316,1,0,0.3663122804972657,-0.8199167407243837,0.3946138304423444,-0.13935122038132397,0.13931878675077233,0.1175355363376474,0.35861256099504824
317,3,1,0.31151461080824994,-0.9268575013479428,0.8579347812500192,0.27948882557100185,-0.6298964696199969,-0.4320787415625984,-0.5873783756169824
318,0,2,-1.0570722448721266,-0.4428405806203475,-0.0009676547085665677,-0.2733939519986677,0.28380013267780413,0.08656494158858345,0.29091352763780753
319,0,1,-0.6605702295496019,0.45870875221854857,-0.03354968005566562,-0.0158649887136876,0.7404967005062777,0.6129884098398132,0.17664636451977792
320,3,1,-0.15536256594501308,-0.4921102817194061,0.4110267511022262,-0.12991508614354627,-0.38736520403917996,-0.11383407968600542,0.8114133952937782
321,2,1,-0.027433263225632845,-0.0218935003963949,-0.4437931414575316,0.072581448616406,-0.12350496766614104,0.37048017388216425,-0.16377789355443992
322,1,0,-0.7423159526253299,-0.4103820690468235,-0.5025937577072064,-0.10693524743751838,0.40328867437641086,0.43360324561122743,0.08998152420452883
323,3,1,0.4189827193807213,-0.15441742857948168,0.70243900447359,0.8040523664916591,0.6359195026067731,0.3045374546785299,-0.2673912988023611
324,3,0,0.11256207352064718,0.3652484402832228,-0.6660203105934547,0.6085577660745598,0.3775933846414226,-0.058610465775445514,0.16523245656405705
325,0,0,-1.022286137897721,0.1710242573377634,-0.5385207283557308,1.1358026264935503,0.16245006872243173,0.45787227610427617,-0.04514836488296949
326,2,1,-0.7390632125298175,-0.1925685882053232,0.44193356300550185,-0.0752555271972991,0.31853065882684833,0.3962865883026464,-0.178505094592979
327,3,0,0.4709307955252149,-0.011357910709331953,0.5556671293079087,0.009841578927289738,-0.12199623010053193,0.07061166948046299,-0.10092953340879293
328,2,0,-1.0420148549704449,-0.6659172986250531,-0.5540562269022937,0.28295005566285464,0.7619454010383209,0.04146850612041049,0.030135002780014672
329,2,1,0.923847071695649,-0.9153753321294343,-0.06625977378033575,0.9739322455526762,-0.29066589737399356,0.10759098316815115,-0.15246667502288122
330,2,1,0.7009113235812973,-0.08700636435602646,0.08918592279812176,0.006862622604866999,-0.2916877920280229,0.6110316789341212,0.09811795294598753
331,2,1,-0.7563731376132812,-0.617203526633268,-0.6283030215479933,-0.16794727680806415,-0.1426962145992991,0.048663133777723896,0.1490953728754954
332,1,0,0.07572392010025705,-0.24027231372967628,0.10249374736025495,0.5285059469735951,-0.030259020875811362,0.7800414508650644,0.09417307516458384
333,0,0,0.3936621310352052,-0.3845437356901677,-0.12372214839526222,-0.3945788006149282,0.45731023658476216,0.7396292037514903,0.09451015487501713
334,1,0,-0.8320876362624985,-0.23183798016246648,0.7627705556205706,0.10417924665565682,-0.15691581428607093,0.646701041945358,-0.2277729425462548
335,2,0,-1.0922384379869583,0.657695028857994,-0.41322868402514906,0.8973862604584331,0.185667633212149,0.8114520002273131,0.01791593520600864
336,3,1,0.6254310704893058,0.10411328320464044,-0.07716444591567656,-0.33029534727824145,0.38448742793279134,0.8487453613258304,-0.3024875127591385
337,3,0,-0.2647900020647559,0.8328377796949307,-0.004745544659433121,0.3360998277011189,0.5723242148490753,-0.10764520186191415,-0.1106619776287105
338,0,1,-1.0006786367870415,-0.07666819988033312,-0.188639675809043,0.3628993661381728,0.15068323144453355,-0.12309888492202295,-0.13642621376221753
339,0,2,0.40473116445147417,-0.1803573159481161,0.029167471947838274,-0.2725444331746097,-0.45470024014288046,-0.2903445651818445,-0.2997092896848397
340,3,2,0.3971986259307737,-0.2296979095727294,0.050093887112467164,-0.014733255950014146,0.2542871762184199,0.9783495057726885,0.12733052191452143
341,2,2,0.06773592535630543,0.9741214190796103,-0.143825815534214,0.5552676474780891,0.4931182082511763,0.5619824919779769,0.16332305853729537
342,3,2,-0.191509073110131,0.21040975600315495,0.3169265690659868,-0.22290698556856112,1.0735894052146018,-0.016378516646735813,0.26150069950958427
343,3,1,-0.6455402839923429,0.6332883947699997,-0.11239967960557203,0.1094136876522424,0.21134742974675041,0.03451630489686572,-0.06586305471758414
344,1,1,-1.0042848799908297,0.5507408018959694,-0.4013226089340207,0.3105248324635156,0.16881238328911574,0.4748227765988041,0.08449358459903525
345,3,0,0.2289100791225405,0.06999173060970423,-0.3905943068249964,-0.009893253948747885,0.24855040474843737,-0.4672061184881645,0.03874962370695272
346,2,1,0.08891586652504949,-0.23092339178497878,0.7963994989492398,-0.05189167433142831,-0.5936274149387126,-0.34555875579625794,-0.10267713844006669
347,2,0,-0.8978274909369918,-0.5707956979415166,0.5581385422669282,0.29930044165671166,0.35774561536872207,-0.7402608469156392,0.049827804480788045
348,1,1,-0.630242318845448,-0.2104479297382147,-0.07767603189876829,-0.5408899603409627,0.28719723569915656,0.3131553447513301,-0.25485165149005123
349,1,1,-0.5821081878955967,0.40736435776850266,0.046847056050457754,-0.27754803248572224,0.2691349408680332,0.18740746760682386,0.4967739457519836
350,1,2,-0.4045204976760578,0.3020634342769034,-0.055591266193484895,-0.5257833204839136,0.1557185826579163,0.5331452287388035,-0.23948228664570215
351,2,2,-0.2211259162695251,-0.4136903962590547,0.1644118158313786,0.2578400859813823,0.7119421624630349,0.5499101569880425,-0.5398556579212666
352,2,1,0.564852406604044,-0.4791095703593944,0.4629789850460532,0.15934287549729897,-0.5503446575332398,-0.5255579765976711,0.33083644183957783
353,0,1,-0.13795280139915844,-0.026811061236192008,-0.29685983176423913,0.1715296905376768,-0.19866411073543686,0.2458194918248368,0.25391385847346176
354,0,1,0.38620991538600324,0.16590384857136378,0.7437900639535626,-0.11658313679554114,-0.4037447330713651,-0.03479758930747387,0.4330625578662566
355,0,0,-0.1227500573064692,0.48264294692616405,-0.10926033386287307,0.5243130809075462,-0.9058190657320452,0.3621160491235238,-0.31186241397871706
356,1,0,0.3300375897308686,1.0107252125501123,0.02042291506778425,0.36219525872502056,0.3133309266667653,-0.1575255007888582,0.06465375913735313
357,2,1,-0.24028101253673814,-0.7652887458950777,-0.17826765043307835,-0.5448999028328716,-0.019469398610489606,0.10120711762575453,0.06971556554814047
358,3,1,0.3018038205949837,-0.7236234123500773,0.5361760024496006,0.019492626622251593,-0.08922440565913536,-0.662416543601241,-0.34696271639296206
359,3,1,-0.5419195844761034,-0.6571257222875317,-0.23135595213470408,0.5534101777211359,0.2512345214251706,-0.14386425425489333,0.07224102947147684
360,1,2,-1.0396741620979508,0.0927945163117816,0.33634003071921525,-0.5871014930525864,-0.05613638219839498,-0.647314990624323,-0.30750598409044333
361,2,0,0.3677127454614427,0.3257894227471405,0.5770450068702642,-0.511115444317339,1.4799940883678586,0.357466813212612,-0.32393471096083226
362,2,2,-0.81679643941555,-0.01709111962186252,-0.35025775031750944,0.22025808419004322,-0.3361306882481451,-0.21380318898170073,-0.0708937535166444
363,3,0,-0.7477214395711108,-0.07800532361546808,-0.31849472073291785,0.7946166684660173,-0.1832731434107558,-0.5983180329032289,-0.41678486683878324
364,1,2,0.5903501924083924,-0.48158360101949504,0.5802045222452195,1.0159749416599873,0.04605984392166795,0.032794786279435315,0.5150263847255615
365,2,0,-0.3365762611920502,-0.3034254741658463,0.06711818641911853,0.8983590383970909,0.20602112349521484,0.8863630305633948,0.6233416706380716
366,0,1,-0.12604653182925732,-0.3782119937531566,-0.4902018805064871,-1.0871749007910103,0.3305690379279254,0.20064393958879517,0.054136253824997524
367,1,1,-0.024860682209083176,0.10472759080653612,0.5457760622057227,0.2342797939772442,0.4596691702067002,-0.4098932454055505,0.051870515128967364
368,3,0,0.09298990528111228,-0.6251443284040649,0.6792171146992374,0.3566618959554343,0.20347850345919632,-0.14537010182871038,-0.1784504929408813
369,1,0,0.342839287671898,0.03651115160183768,0.2601853336102628,-0.4008368113604946,-0.2778377506342918,0.16216460794664947,-0.617581040063216
370,0,1,-0.2967550794037033,-0.08301949794612423,0.3386999464554164,-0.6428553930034918,0.2805338480477134,0.3268778466093666,0.4330472934031185
371,3,1,-0.6425897107503986,-0.6504191606904519,0.7373671451753996,-0.24230046059185972,0.18421162695348323,0.02088641832228849,0.1307580134311902
372,1,2,0.3317681812153954,-0.2977424953339908,0.25846087428885706,-0.007218360997764235,-0.0865852810043053,-0.23490652716393232,0.1233201980099894
373,1,1,-0.22450705720247888,0.5063651660407683,-0.34266796167075525,0.2155349343185228,-0.1805303766928462,-0.13076201384305045,-0.03459858631828961
374,3,1,-0.42224295996497374,0.46845389498709356,-0.11732912667081788,-0.6301457703692029,-0.24111991619297657,0.5068473518709227,0.08820070213010583
375,1,2,0.1599597413694426,0.16310979930280187,0.5229841344108607,0.10335666361432612,0.269175381632761,-0.4033606298794633,-0.029788132162496872
376,1,0,0.1966076889948105,0.15872364545223624,-0.17774615126523907,-0.11557400474888169,-0.023466827977530507,-0.25796218134460536,-0.09321346145154867
377,0,1,-0.05492578316567845,-1.1534952464239558,-0.294887658787774,0.1971197223442835,-0.23941685232003188,0.1485061753975856,-0.30668092237836025
378,3,2,-1.2231493506672946,-0.4937905433462554,0.026897338961839136,0.03183654062314647,0.749215846307074,1.6982346035978706,0.2162274274624118
379,0,1,0.8935675315466436,0.563974257094681,0.29835854118142713,-0.0025301119680860946,-0.33548003597620585,0.9772348876891199,0.29591350966477054
380,2,0,-0.18918653376207645,-0.14960906480115982,0.030981813936687613,0.03294863352334332,0.6336472787384032,-0.20857933402847803,0.4862399486193306
381,0,1,-0.8812572896570393,0.3433974601422324,0.09298845960096673,0.6296296849817687,0.047453003106493634,0.2813955601997602,0.05380005714868268
382,3,1,0.12019880233737526,0.5715606257565925,0.5260249596952459,1.046983200553742,0.6208643689727217,0.08785996493649476,0.05051111652453568
383,2,2,0.5063558397704668,-1.34049922181301,-0.3242185388375197,-0.160507388738094,0.560424031330628,0.20000170852473528,0.010551843014243978
384,2,2,0.43529935607784975,-0.05236393464851767,-0.04287396894587592,0.21509151357332862,-0.021457615769503884,0.7207393709341562,0.054288647293832905
385,1,1,0.04302479142763113,0.3073446410494822,-0.17229884172988674,-0.2739667126897613,0.7987389102023524,-0.42205897388448,0.0409815362393078
386,1,2,0.08574627604868382,-0.25514860736061706,-0.41297409216505465,-0.22058932799839126,-0.16411377949533423,0.04171975325641425,0.12643486517386435
387,3,0,-1.0659745530167761,0.45280355575010933,-0.117780939089822,-0.1543927855482618,0.5481170436512149,0.4600723210744355,-0.26453164087182457
388,3,2,-1.540208574604997,-0.20549762364624347,0.17252757697447763,-0.8015311940088976,-0.5180107111512122,0.704681771180047,0.1729498728667843
389,1,0,0.4791058202878997,-0.16089476500160454,0.3151312146945435,0.06842385920239033,0.44004774256937607,-0.6918624998865879,0.23309880451989223
390,0,1,-0.04079830812265755,-0.0034226646428118235,0.03323356105304954,1.0894765887247713,0.4308730507075606,0.6795914349083204,-0.030326230667954722
391,0,1,-0.04787763467674878,0.30232780069681076,0.0072358507466060325,0.04441633796583557,-0.34418465678620597,-0.4592385510523336,-0.5091470489345736
392,1,2,-0.9494119346460487,-0.3005332529471597,-0.09329065652540117,0.7275376702045327,-0.4037578727040416,0.04748984354232627,-0.06824410136978865
393,1,1,0.6903795957258263,0.10360566321966505,0.3545539975612205,0.20603209967718114,-0.24919760320857878,0.14111626113938494,-0.4206409340533415
394,1,1,-0.47782854002678454,-0.07309918539720094,0.1626340254429866,0.10676403506984265,0.24846873301585257,0.23963648172635083,-0.28997560660771793
395,3,1,0.25327932177158374,-0.20674850902655814,0.3443935244460592,0.8533567146145398,0.3017517690615111,-0.16177641756875874,0.5102442854439437
396,1,1,-0.882276376602882,-0.5560013711837006,0.10013764414678811,0.003849112431146375,-0.3898230717020259,0.39468304555754663,-0.44703291456335736
397,3,1,-1.2587147244023777,-0.32429567951045635,0.18654097329150915,0.17368899662872037,-0.541568478445905,-0.1854475097287475,-0.40418501996445055
398,0,2,-0.05243463314832087,-0.15143050818409742,0.2157683972623125,-0.300613372088963,1.1811710181099035,-0.23904645707268243,-0.12010916569425517
399,1,1,0.09946664337615116,-0.9419586668813307,-0.2524368672788783,0.37383258179438966,-0.08129455159798331,0.7120548560363941,-0.18131272571355475
400,0,1,-0.7423224694467492,-0.7954145113800651,-0.08103935227798394,-0.40707865030592516,-0.16576122171794616,0.3718754697506286,0.19811923279197244
401,0,2,1.0779442874248257,-0.1903657050094015,0.5005149569896857,0.6389206432826952,0.8558824985498997,0.6578493646405564,0.06170662025757399
402,2,2,-0.4323783442738902,-0.03573672134334367,-0.38531891133220153,0.39888063103624327,0.14962241015629765,0.5125050260981828,-0.17361627046242872
403,0,1,0.5459575639483862,0.24428867195915424,-0.417809250534586,0.17316998572244396,-0.01696495135291836,0.20961576416282518,-0.21843097124225946
404,1,1,0.41612183614687026,-0.5472595163443221,-0.8353934163048007,0.4800860713155319,0.4590065562544512,1.2798120979943512,-0.20835652462931878
405,2,0,-0.8859200772277451,-0.37476108774987504,-0.716523398327346,-0.6646833176864596,0.6641936205825391,-0.283920588766127,-0.07893860311177175
406,3,1,0.0875282274300106,0.1390212251648553,0.44905501239086226,0.05429554645730277,-0.6099050285009604,-0.6111175174683141,0.5590158173670039
407,2,1,-0.5850999159766519,0.06437584884121192,-0.3014120106880165,0.6543680942060697,-0.17418382926297926,0.9642400218907116,-0.2401044715928133
408,2,0,-0.04280029971145706,-0.3641715125009981,-0.3466492825240331,-0.42120252323885427,0.32645897524882805,-0.694416231093395,0.26287762602323334
409,1,2,-0.20806680180601866,0.7336717641263371,-0.48770800873070197,0.8199467326594642,-0.044416623604082904,0.5519887147330259,0.20424989216893813
410,3,1,0.3579221151295281,-0.855724361187267,0.2758965358247557,0.33646509161810406,0.1231405227269294,-0.34280517163807944,0.7708633865696675
411,0,0,-0.5154842989654317,-0.23401682099958693,0.27597823214432077,-0.01093479902436163,-0.3626591362596167,-0.6894531570414412,-0.1299869813746892
412,2,0,0.1411188694918573,-0.047952788707088356,0.24223930371293692,-0.466849718682181,0.4335576494243609,0.6253177709137864,-0.2709375397872789
413,0,0,0.2461245645436785,-0.5192079463057827,-0.5420766269807457,0.45058719965023053,0.14382814802746552,0.22642634499459546,-0.009733418677468159
414,2,0,0.4345516486159101,0.19754214666371897,0.4047365285421508,0.20624300474599702,0.594528604722588,0.19495240566805178,-0.19504876350402114
415,1,1,-0.5462617314040839,0.5698354445181192,-0.010890099559169765,-0.6803189721553801,-0.6723952096550919,-0.308782102658271,-0.00048695815358917405
416,1,0,0.2257561723405239,0.14529026923177288,-0.5726715291795309,-0.2244367268845438,-0.4100696404229268,0.17517409269277526,-0.12734149552159627
417,1,1,0.24736802212045547,-0.10594886216390477,0.7587460264120427,0.33691633584532177,0.4940572316906035,0.4241465539374868,-0.2682314015077706
418,3,1,0.41365247275802786,0.1981452067500231,0.31619394010095975,1.2337043176482723,-0.0795323509206154,0.4964833225487594,-0.3445964328094925
419,3,1,-1.327364080015325,-0.3116662961342258,-0.01939217059465691,-0.2046861882533597,0.34271249680155774,0.39320169489462165,-0.08302095633716748
420,1,1,-1.1118682599564733,0.08072979305579606,-0.9845341347869199,-0.1519341741870742,0.1336146827925456,-0.44088372558001354,0.36666343793668305
421,2,1,-1.138623524558152,0.22935657107159604,-0.19980775775686288,0.25186646918092537,0.9278272756740368,0.1049997804737732,0.4013998381985839
422,0,1,-0.41959700017272583,0.36706833900247837,-0.38710995529506714,0.18180737374083986,0.4300483826258734,-0.8244756635593358,0.19850594335247576
423,3,1,-0.7978892762334021,-1.0471187946914913,0.8400273638049113,0.21317259235400116,-0.21315955475904655,0.28935794294325057,0.14760751210169393
424,3,2,-0.37376334513723297,-0.5091139643731128,0.16849158848815077,0.5468842543713974,0.24018999102096636,-0.07240876737513646,0.20950180087851472
425,1,1,-0.2847687399449115,0.08025482700063916,0.18091533663368609,-0.8076343956543646,-0.5537590971263826,-0.44917890738576294,0.13483856614056222
426,2,0,0.3811028615121058,0.19586137978421544,0.4949702154139101,0.07303675043492167,0.4846443989988727,0.13891573948762184,0.24623999103102898
427,2,0,0.3110108718549446,-0.11909216087238138,0.3318872286171252,-0.05421683982088509,-0.027124666196117076,-0.22838978789565353,0.0055027231738641585
428,3,1,-0.4122640518095976,-0.4101381276041658,0.14649127906740333,0.38958053417702765,0.2459352792621932,0.07423362155035905,-0.2315289069079619
429,0,2,-0.23782622675184015,-0.21677561340627988,0.15390050577096706,0.06930254362571286,0.06874744520366162,-0.2746956009453676,-0.08442517304125426
430,2,1,-1.0509425751582973,-0.6236759925825653,0.3548471161768743,-0.6460030986559797,0.19503037974933785,0.33912104944176885,0.14189002843677884
431,3,1,-0.4665232764049412,-0.6852367759638122,0.15603098402951354,0.23703751893355152,0.5455394975002711,-0.015023492760251972,-0.3109438117564593
432,2,2,-0.26258924221282,0.1004199510759248,0.33718179484804617,-0.3863055808005315,0.2702117717447344,-0.8421538485991962,-0.019021357667587138
433,2,0,-0.41821036050791516,-0.47026055582891935,0.1896433925682856,-0.14812654486442686,0.39808189890196344,0.712977230569119,-0.4046752181660593
434,0,2,0.8345976245806604,-0.6424574526442806,-0.5223968128733202,0.2980393463026695,-0.029882477949607678,0.2832722519094657,0.030157250880672525
435,3,0,-1.437334580116151,0.8437418354260301,0.5346732609463829,0.43028833138965566,-0.5803102842756157,-0.10312412646114591,0.1587935292016697
436,0,1,-0.4634362900630299,-0.29513410168207105,0.08799845089252026,-0.3783261451740852,0.36036248313768116,0.26900241538514585,0.4252805896514301
437,1,1,-0.16986470412015542,-0.5720982172667366,-0.20712614241398244,0.15989374318017294,-0.08642720087294238,0.45217621273469255,0.3487710005015897
438,2,0,0.2699269907516155,-0.13506186903790207,0.33696731398799284,1.1733646364898136,0.08674895218749795,-1.1430064239105704,0.057956156576418005
439,1,1,0.023611136482117545,1.383260359950757,0.16129110046264736,0.8449785916729172,0.0730761907335158,-0.35996743983342294,0.11911730034601502
440,2,0,-1.0237804841591869,-0.1936162240520469,0.23269249659919033,-0.3607082852132845,0.47174387922568845,0.44798679155847976,0.6047555119276133
441,2,0,-0.6573899480487789,0.37344740495528783,-0.050964373874381685,-0.7430652442916358,-0.11577493687134202,0.1405226927874931,0.6254305902515321
442,0,1,0.08705758043328352,0.7419934147013487,0.17241650963445643,-0.019105018200724005,0.5760093186289111,-0.5078645111796916,0.4099300484161133
443,0,2,-0.10050525599584419,0.2847450547005662,0.08027610610316742,0.2193287846511976,0.17244733809530657,0.12956295959126185,-0.11943440445473208
444,3,1,0.4048600682072063,-0.4793686126912643,0.5485984792320796,0.167696913704302,0.947612048546113,-0.576064245218633,-0.10953895733165023
445,3,2,0.13182494481791193,-0.23614681996157832,0.10650883575119835,0.6284782852425631,0.35485287567465146,0.5658345185573607,-0.09601133958808294
446,0,2,-0.2650038786118015,0.4475903894076386,0.26631968306687215,0.12229504623885652,0.23835511766897804,0.43868565541465365,-0.14040134881838748
447,2,1,-0.3353893981167634,0.632159760046534,-0.05286124587811676,0.0955025248902641,-0.48397220658450957,-0.012045578622691872,0.2671524419693553
448,2,1,0.2038492566619796,-1.3952479391392163,0.13531327083995018,0.2846680824935874,0.8216592921654852,0.06933819384710484,0.23142914320156238
449,2,2,-0.5102224822854482,0.42208763385373227,-0.5207484455649154,-0.535656926979724,-0.20478414778418583,0.1137582803568793,0.4254116555394677
450,0,0,-0.29453162852437986,-0.25117412122328986,0.4825830050129725,0.26687899852005087,-0.026250657847943417,0.4362586434412994,0.41183165311970693
451,2,0,0.4228685168833566,0.0562080243242061,0.359761571431453,-0.39560157373002197,0.2574639103570636,-0.00986943024937012,0.18849422493560686
452,2,1,-0.3733239297820654,0.3434399171634037,0.014154597930916635,-0.3532811246637824,0.044919612775303354,0.5375706838674782,0.35115459086207784
453,3,2,0.07592412745068328,-0.35577236646417554,-0.20010271804256205,0.27639580335058533,0.2742729282206201,0.8526597163550637,-0.4737271203602194
454,1,1,-1.4613874695526299,0.1172687035494501,-0.29862885423663693,0.07956507901979261,-0.18772870104170156,1.0701491387694941,0.02528559750235743
455,1,1,-0.5597214787067515,1.076335546471778,0.2491716862939745,0.3634016591253142,-0.5015906932626591,0.23465364601792865,0.09587559500049465
456,0,0,-0.15340431550145428,0.7800168366655799,0.5265463075390593,0.2364926799935918,0.7297918701589241,-0.43807328648022825,-5.775161591880953e-05
457,0,0,0.1151127777242503,-0.779034244335094,-0.6421894951202418,0.0009962062342700503,0.7184893899471839,0.3811198635690918,-0.21223509995702267
458,0,1,-0.23613988152864446,0.15764760530850339,-0.2608267627419113,0.6293383447548647,0.6271768033847182,0.1046340750434045,-0.30379839279155185
459,1,0,-0.12744670628326799,-0.9270089860217112,0.04209763748194901,0.47083504345663085,0.016933597942922856,-0.33080015317249134,0.14508165525299713
460,0,0,-0.5847685335439684,-0.7712774746415135,0.5827579547108609,0.5106174814469784,0.3563695944315493,-0.06129416864641388,-0.2937308413906403
461,2,2,-0.19571666136105714,0.24382736792891793,-0.18300887658873918,0.21945006511982962,-0.1835847474050654,-0.46753053696042246,0.1966844810472568
462,0,2,0.2339792344357017,-0.6237414465604133,-0.4912958427034851,0.043472702890154,1.1164688788447221,-0.06416713452433995,0.1419722503519811
463,2,0,-0.6348336391249111,-0.3825032108191786,0.023471579147079855,0.5466447075490073,-0.05734719570924257,0.03580151860223324,-0.19636769361060244
464,2,1,-0.8538465668633364,-0.03603740990957706,0.34737062804073554,0.3220125833343206,0.0900594775824807,-0.30655024043181256,0.34224547954904505
465,1,0,0.35011141765972886,0.1925668674776763,0.24512091107106074,-0.03158023909922671,-0.03822178451126529,-0.23015994272605042,-0.5272174973592894
466,1,1,0.7641524787697735,-0.7549855508947476,-0.13997777914547294,-0.15997707374778317,-0.05757685434504417,-0.13742735801884173,0.2994109400143169
467,3,0,0.5560212652230315,-0.5783513030499918,-0.1982617858881461,0.5953129672376397,0.4553337829764615,0.2761624206815245,0.3512467948028312
468,3,1,-0.4852265815001253,-0.17773851157649095,0.8046778316104825,0.5950298182756653,-0.25792074532349735,-0.359384331411578,-0.10256166125083187
469,1,1,-0.28714204654741365,-0.8090560063339941,-0.21574547146350867,0.42408726758977566,0.03444448220944766,-0.0295107378274114,-0.11489584981209976
470,3,1,-0.3638147007424193,0.2350125553416295,0.3214568473343701,-0.7686105349618744,0.6106659227442226,0.383483451156717,0.06071959449685416
471,0,0,0.13035128299597704,0.2866106743969308,0.5548208400459531,0.11718247853073001,0.5735930313970625,-0.7100396380675031,-0.20987082373763333
472,3,2,0.2546594403930742,0.48575721813182626,-0.19183435296594734,0.5077686705793618,0.17371598037184016,0.03555100665619873,-0.052777596408527895
473,1,2,-0.5162226504022256,-0.5463346160548649,0.41844958836579604,-0.999082058484161,0.7046665515889458,0.82715497502531,0.24448094203853646
474,2,1,0.16651662964093353,0.12728334907123837,0.6227468500151565,0.6014442940639979,-0.2693093558027926,-1.1136677445562946,-0.17319980486617684
475,2,2,0.04816609264295893,-0.8444808634525932,0.19408805716125624,0.32471689700912215,0.0005185444019766786,0.4332858844155455,-0.09366737359195837
476,3,1,0.599048079216228,-0.16648933406596375,-0.07497522311334541,0.3270327507286464,0.29774494659264095,0.9342927217468181,-0.04522038252870136
477,1,1,-0.21982389392551063,-0.5872447809698621,0.547643402610101,-0.02801192759506163,0.09531658280605788,0.12186309881300578,-0.013967365124219271
478,3,0,0.02774124871214992,0.008771825128235322,0.10374957949569935,-0.16061463639102694,0.33128142503794056,-0.18734192054950807,-0.14479430013118894
479,3,2,-1.028981869158087,-0.29968950924634896,-0.5767836118892928,0.332321296843527,0.648016774711739,0.6532561413522865,-0.16194089296646555
480,0,2,-0.3577038902916375,-0.9489055818699433,0.11701993938912916,0.3493802072600164,0.043806075225081675,0.5635736153353585,0.04894746468139026
481,0,2,0.18062426096125225,0.38976772377151336,-0.03466844486638687,-0.3218956737257454,-0.3260171176685136,0.35092092182906554,0.31516447540736003
482,0,1,-0.7801672852089296,-1.0316505564744214,0.7828102063732165,-0.057822482904366396,0.3049396767521152,0.9780409209985104,-0.14193652078530394
483,2,0,-0.5584600999405345,0.5850248615244728,0.7603893821895594,0.5322002368996496,0.4720576353698598,-0.5043197931244989,-0.26541589081535155
484,1,2,-0.1644413081448453,0.39089436108263964,0.2936133426953655,0.3899311260319252,-0.09978813247491057,0.8288624344652931,0.2559943460569728
485,0,2,-0.3140154066058538,0.32921795142974963,0.6358467069162752,0.5775779152416455,-0.3133828133627662,0.10609929839431058,-0.1963950888123976
486,0,1,-0.6092825377505638,-0.03453899556071796,-0.605786224464609,-0.11777801850174828,0.46596883319063925,0.7918787998786397,-0.8569994351044402
487,3,0,-0.4227414451430751,0.18930972584027764,0.4039966004945963,-0.5233910536267857,0.8106179292456028,0.9490971712214346,0.7154487725054657
488,2,0,0.12892343223836067,-0.48386657450334114,-0.011298498117472577,-0.3188008053814085,-0.011788882739201765,0.42720368722538227,-0.14100943906744828
489,0,1,0.5709474899146182,-0.573001679139069,0.2997688719696728,0.41828098276752546,-0.759875796084123,0.23494547998921547,-0.36484297846313735
490,1,0,0.3253629995198274,-1.328942194013151,0.9522557454346485,0.404327929762807,0.474678284604886,-0.10128817562374645,0.04784214078170194
491,2,2,0.015033663032700373,0.09037368003076657,0.1979805338663524,0.01148420567823401,0.7199832807363422,0.016215416981454622,-0.2574974174591282
492,1,2,0.5484133644192737,-0.8201943840554442,0.3271155997480002,-0.05743902338899388,0.7585710237559355,-0.5704233019437366,-0.46654229352165133
493,3,2,-0.9054816306063833,-0.43855840059292206,-0.4959741101455027,-0.3896583081220947,0.8071684183685611,0.7114441898544094,-0.6006406315268712
494,1,2,0.43882194451905776,-0.5760814263917293,-0.27535569514210967,0.49198474106526774,0.21324148446299795,0.38897307919427604,0.3516908746614475
495,2,0,-0.08852921538515848,0.2553950844017022,0.23332550866057192,-0.31567422245012755,0.6465929179646335,0.24149091887184132,-0.38946437082441315
496,0,0,-0.17983393326159025,-0.033057771982385326,-0.23511301412687013,0.19670013373880557,0.17141519381836443,0.2624547074809245,0.0509758138564977
497,3,2,-0.4550929041713877,-1.1642163145162876,0.3003411610129637,0.4773643123283465,-0.1462289821566657,0.3571268670161779,-0.281373471545909
498,2,1,-0.138318711030064,0.021281197391905732,-0.5606418358096781,-0.7158840328093508,-0.4192448506644039,1.1239991720265983,0.050834018555135245
499,2,0,0.09287541034129806,0.18228687772373706,0.445260593085881,-0.10326969937351348,0.06517026567947705,0.3656500432514024,-0.08979789673521908
500,2,0,-0.4643134686536502,-0.4960092934911233,0.09866978063332855,1.1186714581267914,0.16414968019436924,0.0140628438965609,-0.12164416846993195
501,0,0,-0.6068289271937616,-0.7556502835345811,0.16942672562485753,-0.4328252947907108,0.5434034179407279,0.460165202425895,0.2556517267142644
502,2,2,0.08274163453615993,-0.007231514258533189,0.5001742417335434,0.4492279324423738,-0.01059440603939236,-0.1082808697578608,-0.2445687299412801
503,1,1,0.6394421313178339,-0.7023790860026327,0.5142355490836238,-0.1608673462461134,0.23020543945093108,0.2003121724969292,-0.0230640158826449
504,0,1,0.44559932874640296,-0.1652448854689133,-0.420545737265494,0.6030696653188753,-0.3462839050475481,0.27415998519762597,0.36406966129884405
505,0,2,0.43023285655299326,0.051149689942992876,0.3359208026739843,0.7797367358469778,-0.24096138688581523,0.5978436250179789,0.16209330005748881
506,1,1,-0.4629121841708379,0.48485307542418465,-0.014495950737842723,0.4069490838489343,-0.2560544647298645,0.055903519047242306,0.17857674060423853
507,2,2,-0.3733677186293791,-1.2126464370022192,0.3865054737540008,0.012805257219637467,-0.33484306016895365,0.5222071732694646,-0.2221949146215727
508,2,2,-0.32628936751677773,-0.36925998675176064,0.11583751724078208,-0.33968352217311937,0.17058666757223248,0.23722060542978857,-0.3522390737706206
509,0,0,0.825613729494854,-0.9361050059479745,0.3415748590263625,0.6094699123456172,-0.45775911811389997,-0.39432343935771175,0.0722610586130939
510,0,0,-0.35708291675980486,-0.23623298846550508,0.3012677366556036,0.29792385450331244,0.4150097594102189,-0.13055031070120884,-0.21258284546502543
511,1,2,0.4636075006786009,-0.7426280864175363,0.6975599013619268,-0.2825456941034643,0.9781931072256637,0.2188343380874439,0.06484850320493737
512,1,2,0.28315446911917064,-0.9387830819824183,-0.011482162403181374,0.13872140654878007,1.3471778919799917,1.18922629182922,-0.04463420552252965
513,0,2,-0.5525342893557578,-0.4866701378370766,-0.6680198820246916,-0.05260835213196253,-0.42558631438811073,0.1372173565925924,0.46358550895472217
514,0,1,0.10262996212590275,0.07993389025337755,-0.051094745909906994,-0.38358090873145756,-0.38777866785517445,0.17442034466782547,0.4423688434458589
515,1,2,0.5654592026798184,-0.6264898799190286,-0.618678348514329,0.1465705988886491,-0.34822105353018223,0.17614906804226724,0.12315781323697843
516,0,1,0.2258524594304376,-0.40404727949747077,-0.06375439189110546,0.39573957029975826,-0.6521167029741204,-0.7521920764099592,-0.21939576202555353
517,0,2,0.012936357698276377,-0.3419368149937809,-0.7764275155698848,0.12785665249814798,0.8130269610912833,-0.6586369648047162,0.5059888768054716
518,0,2,0.4348480914014077,0.9344000785378325,-0.043492424260915485,0.059060751364664155,-0.3762144762390211,0.14291906801281462,-0.76199881260395
519,1,1,-0.8224706389005995,0.3770672242204409,0.21188754448634034,-0.6628291517803525,0.8487600474475047,0.1822497930998224,-0.24478879833158437
520,1,1,-0.3706814145828691,-1.0514397092691108,0.3226211805403762,0.21702433330222667,-0.2021316352439264,-0.1082239614338332,0.10039042439463021
521,0,0,-0.09221065375521324,-0.36500110009679176,-0.16824238946389314,0.5973466432649708,-0.22257472524226932,0.3965895041842493,-0.029425422626101788
522,1,2,0.2515968352772061,0.11601906355378885,-0.34377475716611894,0.009387750649552759,-0.6722625840001518,-0.036711661933094164,-0.44681663634027113
523,3,2,0.5119209487924042,0.34340668426770304,-0.05009228972758606,-0.1295381365296363,0.45030611569529744,0.557719412249543,0.21765137261121406
524,3,1,-0.4221564034418347,0.6002240347325419,-0.21383175867859855,0.5487275222984471,0.21256260451912598,-0.9422749365176816,0.6796935882458736
525,0,1,-0.08438910223249736,0.4220071485847998,-0.7361531265639283,0.2873867828222323,0.7945100942056159,0.46567927404345155,0.0359069466631645
526,1,2,0.5006575237551815,-0.5041511806529265,-0.2260747154553101,0.15213956978895346,-0.4481086460482155,0.8821003636188163,0.46617224057312534
527,2,0,0.46990736270560074,-0.33567561512517763,0.10123448570435246,0.5541345794291166,-0.22398431834401483,0.15633525971677673,0.2060618244939351
528,0,1,-0.42165998327709886,0.6471837864762764,0.09816228768551022,-0.4088114468577715,-0.021813875501785252,-0.9264183978495791,0.27977293295522077
529,2,0,-0.5765573210712143,-0.5994873134917424,0.33974874846102465,0.3245323354034518,0.1911780734928122,0.0043893406431274595,-0.3028755859863915
530,3,1,-0.2940206692281164,-0.8032544039682712,0.03318267351417208,-0.37178487257507076,0.03095791818362119,-1.1645063736522983,-0.33589840234240587
531,3,1,0.06838731760525057,-0.1465396305796436,0.02884393279331724,-0.5868518788086478,0.6883501662355648,0.707396795869776,-0.040142636622407205
532,0,1,-1.3235389236547537,-0.49702283508569167,0.5480456190503473,-0.5474381367969341,0.5335812075065205,-0.09869736664239165,-0.2478970038523454
533,1,2,0.5956620141925949,-0.3958833237957228,-0.21182544446416152,0.678559030221324,0.3467621426271207,0.6732890065699192,0.1989598003341315
534,0,2,-0.21890650161687017,-0.3377005650035949,-0.21313202673984633,-0.046681243873670765,-0.6165077343664209,-0.5593508596256118,-0.3373157759883445
535,2,2,0.40435455477843496,0.1203776991864208,0.13236382582690812,0.3924703005783921,0.5317814496107395,0.06319706891804237,0.2611124286048834
536,3,0,0.628376509510922,0.5688675167175881,-0.07855182430229497,-0.6663153277476256,-0.0587580998924454,-0.056684846734187166,0.350398166873763
537,3,1,-0.32249102917139905,-0.47732071918221597,0.41181638126486625,0.10365489632619168,0.23770365159924978,0.395949017147757,-0.0250743283981807
538,3,1,-0.8526680611954429,-0.33787030104696736,0.25781275085862565,0.29887005108533354,-0.06521999150204297,0.9149487478832091,0.16669867725353094
539,3,2,-0.9647058274901252,-0.400409013682252,-0.1505176601111421,0.2825055776330528,0.5498786716698655,0.21037340891778272,0.18923791413708776
540,1,0,0.7150977081791422,-0.46554218566862005,-0.46796410890592244,0.8994997066786178,0.04499129805615105,-0.005445517262010452,0.03428364496170285
541,3,1,-0.447236509474945,0.1294754386935352,-0.5784625568547929,-0.18124684992412202,0.858534677599668,-0.31491546332247244,0.18650600652349503
542,0,2,-0.13686688402265482,-0.5638031848613134,-0.5237165351630625,0.21787227120631197,0.5503639395520667,0.28595583647262074,0.028854408331747877
543,0,2,-0.8056232894956268,0.6845710564353426,0.26520761656012504,0.007852020884382138,0.6500666785944913,0.4510983803578139,-0.21240548549869023
544,1,2,-0.3800482869516587,-0.790213441248597,-0.03250392166874895,-0.677550249047581,0.31999617204133296,-0.11220655870382737,0.5375321267656602
545,1,0,0.019210020697096458,0.2939671265241268,-0.5118052875410827,0.37730712778556097,0.0036038054476934607,0.28145093210468086,0.24094420611738143
546,1,1,0.14190919391250473,0.8908564190577549,0.4529554877322484,-0.3977417503275684,-0.5786180695629826,0.3731995824286281,0.037457655085216895
547,1,2,-0.12912424791342011,0.2569104734150338,0.2964701506615654,-0.33313187343687034,-0.5951936520477252,0.24954128401275613,-0.3592617456821764
548,3,2,-0.6331874479024265,-0.353937348809618,-0.11293785282610838,-0.3388810013021812,-0.26560477501674085,0.15800865056815167,-0.10222698178334641
549,1,2,-0.23081410036329852,-0.5743416382137804,0.9351377811484586,-0.03661219372007726,-0.08814171899048338,0.16719155706143,0.09753875581066662
550,1,1,-0.2619997023303541,-0.8154597238410323,-0.9609388214582918,0.032299043057518816,0.48437410990646096,1.3102626856153023,0.03022927279260232
551,2,1,0.48800000902491225,-0.3501189290608295,0.3772297248054568,0.7951607337322889,0.5096225972298638,0.6917249388164608,-0.097138868031051
552,0,1,-0.42001497236390783,-0.20623310949575233,-0.5453267694255242,-0.2949417390010069,0.3805250988431138,0.5146771005749339,-0.1348954356520307
553,3,1,-0.7460315693986955,-0.5124387675377559,0.37587922273176066,0.42252849319055524,-0.5045476574389917,0.23859894090980083,0.09862136033070426
554,3,1,0.08389981737425067,0.36791786622344314,0.4277510169323328,0.4678951725506505,0.05386469619459897,0.05774893266613838,-0.17709621978031118
555,0,2,-0.578482854265936,-0.3962401446349161,0.011727015875721154,0.11896570613967339,0.2638498309016165,0.14457082877143576,0.3060820263577266
556,2,1,0.5363203553829962,-0.1852338891546585,-0.43349326783620024,0.013150234217709816,-0.16150408059139235,0.19007525509550988,-0.051013182516288634
557,3,1,0.5388449852192948,-0.38731433545133054,0.28657241107683856,0.5343061134499962,0.758440164164136,-0.8382052202867144,0.03144134174872922
558,0,0,-0.30969438273586863,0.0004903822420546378,-0.25056874268819596,0.24828246480953597,0.5146684983702634,0.008576897266730693,-0.4088456180584557
559,0,0,-0.3194102463937383,-0.10584185562086965,0.5974355034929463,-0.21470639054824026,0.4636620997529596,0.06404767195304897,-0.48221873251656017
560,0,0,0.2092546676538977,-0.8682270782816315,0.07335631326143859,-0.04275210395594035,0.5951934725734451,-0.5053271114549095,-0.4315501468062521
561,3,2,-0.9376230875458059,-0.8505987037223381,0.242305452254003,-0.19559835389504465,-0.06079406543873704,0.28355006802880467,0.5063631776428299
562,1,1,0.4034883533363157,0.1685001444660217,0.1463896592903876,0.6114683450885964,-0.6061376771745627,-0.09160913438412857,-0.14124206131882333
563,3,1,0.5454598654700599,0.10124243770683508,0.8489939161003756,-0.17235211614286164,-0.11110344748868008,0.14317229501760373,0.4612277976276436
564,0,0,0.000809471478743759,-0.2754405027225605,-0.012851416542392547,-0.6916417203376378,-0.09944505004514441,1.0711247051126296,0.37398264037617596
565,2,2,-0.06910935312803564,-1.0714581800402716,-0.2211672053973512,0.01761232520578557,0.2566080559441127,-0.07392738714062302,-0.2702282372160827
566,2,2,-0.43656839028496286,0.10756443609833713,0.3659711083194435,0.2914872167587982,-1.2007869845619275,0.9773950179442301,-0.388140028292731
567,2,1,-0.5456786897074692,0.20645651735531392,-0.9888709309161072,0.6085290245065124,-0.25542797606443396,-0.33072727678792957,-0.296979738867227
568,2,2,0.0790449271995115,0.8720595291967163,-0.4541589197606702,-0.04402611779343228,-0.5000489077218429,0.3854281325847626,-0.046950461285512196
569,0,2,0.041389712306417276,-0.2495816804355489,0.8691571875203126,-0.06980103280971056,0.4701049793744471,0.5236515197833953,-0.04781583510109044
570,0,1,-0.40566427076533607,-0.22070364917941457,0.31057486712037863,-0.48498307349558634,-0.5831189209264738,0.0787204944494085,0.024236393072442425
571,2,0,0.3948735051470854,0.47779349178513064,-0.049570546145923794,-0.1399464667816721,-0.40456215959187264,0.13516918077928416,-0.2247316895983279
572,3,1,-0.29581837607912154,-0.44314097540451514,0.7660543161816293,0.4304003900654999,0.15961813296551627,-0.13022409962715373,-0.24116415432824997
573,3,0,0.37829880257676707,0.24861995152709362,0.5916837560569079,-0.014248494776076143,-0.31079784974683533,-0.4285610376731698,0.1394577296462091
574,3,2,-0.6071777465860502,-0.3355395549228323,0.004568427957472665,0.04342021674572277,-0.4019759635532975,-0.2279903088329008,0.427866278037974
575,1,2,0.05459643125131017,0.07047828784207558,0.0999764867320598,0.020476950122805915,0.22440820019101101,-0.655398990320201,-0.18480833981824538
576,3,0,0.20415202658599188,0.3155431793233976,0.8507202984431578,0.3071296471544328,0.17845452968212389,0.12738485223349605,-0.3166603821915353
577,0,1,0.38937820469452156,-0.5503524376707627,0.35636928213091346,0.49812160540349587,0.03194641839097072,1.151261437114111,-0.07338066852976968
578,2,1,-0.2580838547776214,-0.0016067352547516345,0.0492694820578592,0.023314961548619256,0.06698573608733585,0.7257266717096188,0.04733330423463672
579,2,0,-0.08736920599524002,0.14989036437428335,-0.2683732288789877,0.5785667849119412,0.3797117641180006,0.0011181960418800985,0.6999586038033373
580,2,2,-0.045897922546339204,-0.48806138339675076,0.1594394643203728,0.12602990065077846,-0.1547584254614,-0.944948255815213,-0.13014368903771448
581,3,1,0.44903643885171585,0.15438298986578033,-0.20618173492099934,-0.17953258905098313,-0.08447995997709727,0.8209925866291019,-0.020980365250756156
582,0,1,-0.551177283499345,0.15752944745137873,0.40978532841899606,-0.03561335647366712,0.2660375992056346,0.1307159116074034,-0.21117428162167404
583,3,1,-0.2156879444973932,-0.3700248482744746,-0.3297311708713721,1.0554797889322292,0.875833266905276,0.7561237069365122,0.21013013763245184
584,0,2,-1.0009845799958896,-0.6439788793641031,-0.2346263911003216,0.32435603171185856,0.2398060935509488,-0.5396586881830117,0.21150663580964812
585,1,2,0.7164467258549851,0.17959772188873288,-0.43148901344883445,-0.25900142189730113,-0.6677057726180954,-0.928791187561225,-0.1957646764355477
586,0,2,-0.010501318219530917,-0.30151737528733463,0.2424772968821726,-0.4749925907260481,-0.12225325325354959,0.32530872336831096,0.313324986781259
587,0,1,-0.27739930640661337,-0.061186289628437016,0.1001381150312169,0.40876556059625635,0.05213090420243811,0.4668703071179122,0.05290898678685307
588,3,1,-0.16520699739865094,0.8131965309011406,0.22362020207996927,0.09909390769330154,-0.024116691187050027,0.440157993593833,0.32053044970331823
589,1,0,0.28001547295753837,-0.3376166903388519,0.2796167411865929,-0.45195581561869813,1.0045773345620834,-0.43983075610893385,0.06052441854026514
590,2,2,-0.26825417519194117,0.5490607641543171,0.22554294719769202,0.5895630434457435,-0.40149755146277577,-0.7039812588588977,-0.7515520131471872
591,3,0,0.02763866874612228,0.3482594036741208,0.11251774761378014,-0.05645806304900682,0.5579943648235672,0.00928626532195001,-0.291431997932587
592,3,1,-0.8297788792341808,0.05614827598148284,-0.5080876933957218,0.2820424665144021,-0.2598392251878909,0.6303381491396851,0.07499428810348861
593,0,0,-0.7436165103539492,-0.698869733162502,0.3110502710339431,-0.47238714833021495,0.4699919614049133,-0.5694987456825986,0.21338679886949743
594,1,1,0.47777964651645377,-0.2331855620174851,0.17068141848781482,0.4782790790516594,-0.26004021845040093,0.43685490189833664,0.17126180415319395
595,3,2,-0.08444329744253888,-0.07123465242755048,0.6086590289363383,0.4803616595223959,-0.12147053390708128,-0.3104066743040187,-0.3330768785353641
596,3,1,-0.9188329886663087,-0.10784135823196611,-0.12719711315660875,0.6875426454655978,0.34083288631030884,-0.7470050740648521,0.34333171432232606
597,1,0,-0.05818857631650178,-0.23285518084301812,0.41894095011401056,0.9683949927975573,0.46529707065054837,0.24141471903683548,0.30017487839546875
598,0,1,0.2796744408764237,-0.8765842541052434,-0.44902450061096594,0.5785992285756237,1.1062811548881584,-0.5260083685762608,-0.07122128838973577
599,2,1,0.6712249787403258,-1.4097318980077178,-0.09569554707801009,0.38641033678210496,0.8447586269257867,0.562270609721324,0.07787293022031805
600,0,0,-0.5021853495419923,-0.4644690990919428,0.21064348874054453,1.0625856552797022,-0.25979552369325043,-0.027943206426459144,0.11996373134803069
601,3,1,-0.022201864458296208,-1.10271932619168,0.34849054654221556,-0.10969438051270863,-0.43118406240662527,1.1909998711264949,-0.44182629863371736
602,1,1,-0.5181881620124065,-0.7001888506001472,0.813761429188023,0.36960995910630096,1.035360349347841,0.06903173019227254,-0.21239635284576985
603,1,0,-0.9612066713328302,-0.39568076424144644,0.37474833594413404,0.2716354539235402,0.4184624125510204,-0.3230812850627244,0.3562533587488391
604,2,2,-0.6108920751660536,0.08247726782214546,-0.25958927469123777,0.41645684586117476,-0.47659596996100423,0.05452238197089594,0.2649440478140002
605,1,1,-0.14040202753591477,-0.32882548395038375,0.7258183825040115,0.1850736865513527,0.021536368666669126,-0.3309155306126672,-0.5432749278112219
606,2,0,-0.3819834607875139,-0.5362898101620555,0.1621376325068708,0.12858979950959634,0.23070080235220536,-0.29461363326828016,-0.3494914596189392
607,3,1,-0.24287323143965334,-0.20597674868161786,0.27994777981863356,0.10120603708288947,0.12374373448444162,0.46157173882870794,0.1431333897486497
608,1,1,-0.3683398788826018,-1.1774486012590557,0.18298785959965885,0.13753299607166708,0.7628233113929416,0.5613383453933775,0.5687114534886245
609,1,1,-0.011253938893853885,-0.11603887284122857,0.16326958423772173,0.2071807685330011,-0.01601442248274867,1.1630038304971262,0.08825215160795576
610,1,0,1.0090432702881476,-0.540841129742265,-0.39588345476814163,0.001594116070442005,0.08774949086094673,-0.08931122761475682,0.08124374125192224
611,3,2,0.16930789863265452,-0.17766998048719673,0.17465427866612176,-0.24866656329286083,-1.1599071994921584,-0.24600927699941624,-0.3715946131347702
612,2,1,0.3927098823719597,-0.15786511393885205,0.2783304935223387,0.2284971260709325,0.1393965528286639,0.5450770272547786,0.2134570905112501
613,1,1,0.8764312860052353,-0.3554522646245962,0.16205992687661375,-0.25276933568885823,0.3693796876146874,1.3374212598993744,0.3994336017758677
614,3,1,-0.8105733728205714,0.7193328869595712,-0.03150753463307925,0.44635858308849136,-0.20545942168350215,-0.38201712111004105,0.38124692431899304
615,1,1,-0.727203544473489,-0.41788616471585516,0.646300764769579,0.38356777454345276,1.3512714793143952,-0.44501451568696127,0.07097736105401896
616,1,2,-0.5214404193171397,-0.07551542965273682,-0.44082509196829145,0.005567923570911495,0.41620345372722145,-0.18226259486063004,-0.09339196174973673
617,3,2,-0.763387620094774,0.18171655329072486,0.43094230046790755,0.10779690943033417,0.6432938953784302,0.9448330358953154,-0.0403734394611445
618,3,1,0.4303682226449336,-0.06188184662026765,0.8983506699691894,0.08096576532284865,0.3830498189581077,0.23466138703710715,-0.8230456005787657
619,2,2,-0.7109325462234495,1.0397074456083535,0.08674316124710915,-0.18864264251860968,-0.9824383078769688,0.32529919729198964,-0.008097386639213148
620,0,1,-0.44943336009762,-0.40576271879050874,0.3996815921921848,0.207201765536002,-0.010074523029626314,-0.3769022824882394,-0.32885021360167954
621,2,1,0.36855344565088055,-0.2683471346836156,0.1702170748846829,-0.9757533094379666,0.9151067056738527,0.5069495785106222,-0.07034112851844668
622,1,2,-0.5358686550849594,-0.2727935257494856,0.45270269999900786,0.43596078620192363,-0.02656600251920092,0.5115754066628468,0.14415907272124595
623,3,1,0.01840546137985287,0.2725847170615029,0.01704139571111182,-0.4723054621175152,-0.34506570380072205,0.07197527451737962,0.04553144420480427
624,2,0,0.3033842044480801,-0.578926073816433,-0.23333945752951935,0.3152912096177391,0.05649051687915606,0.11409162165825358,0.18916408768574347
625,2,1,-0.44160917193429494,-0.37653165789953846,-0.6422556568993993,0.15738751652168162,0.11545833899568496,0.09464085323661918,0.28897608320874346
626,2,2,0.48770402893693987,-0.38157656727231204,-0.22673775190388046,-0.2763447071261938,-0.3813381028064545,-0.6370024003375728,0.3538283755415334
627,1,0,0.223252163473413,0.16888248017927113,0.18037750711838496,1.0734095734209868,0.8963423454562341,0.5271998336069508,-0.14288765743327264
628,1,0,0.10699238997230823,0.09258175112037173,0.1403326266167219,-0.7842020369266386,-0.6675236575763742,0.47779981673554905,-0.2923597475682057
629,2,1,-0.17908799562580763,-0.016203765836069833,-0.33477219174608974,0.0836514255353808,0.147890125021133,0.16986217248356977,0.192808912890594
630,1,1,-0.5912166963968007,0.18977909232372994,-0.03209735018265791,-0.5755679214461061,0.22430708166148655,-0.6405957490148323,-0.22252336028938674
631,3,2,0.8659258273709393,0.23182753416924248,0.49283742814083564,-0.8053041114643545,0.008359417664798549,-0.1318595039724508,0.20617495215108686
632,3,0,-0.38970618360500053,-0.31121995110345657,0.8565734730719439,-0.5910616607974972,0.5626292758503083,0.17390477313339547,-0.3268486297107247
633,1,0,-0.2356237312553077,-0.15190893355210627,0.06937102012695139,0.12343822236754028,-0.012807769404889235,-0.4048954320246815,0.11869955006916208
634,2,1,-0.1627727113113629,0.11604507601484762,-0.8409615631289189,-0.8327317604751725,0.5591163346536132,-0.8878677113952848,-0.3898873630281983
635,0,0,-0.18588911995015342,0.7562503626094368,0.06876671792065968,-0.24977222500344334,0.04201114190555857,0.0785616045700513,-0.25427135066301887
636,2,1,0.18178026347744228,-0.5361377949973624,0.4654113577248854,-0.09323797111605073,0.22538846106824148,-0.2663184845116885,-0.6669659214059863
637,0,1,-0.4922708184774339,-0.06471493123032335,0.42943992261491415,-0.05476903650184603,0.33489766440228674,-0.2523405053518295,0.41336400922419647
638,0,1,-0.11866069240610806,-0.4576887433524244,0.05853991716171226,-0.003406928225879907,0.6618501725663669,-0.19324270643732686,0.3355922707907435
639,0,1,0.38075755694611857,-0.1294833001916203,0.37907215894271445,0.36713120558752815,-0.010047550658961606,0.24684444883167092,0.07937645169098417
640,0,1,-0.6408083635911251,0.03837612034226204,0.05903959791094879,0.6795632762462646,-0.14393844632159175,0.24721851720569157,-0.03472088270843175
641,3,1,-0.12004204860146615,-0.2154084604197836,0.9417398850370401,0.4879529648807192,0.03451621920918775,0.3599701487664223,0.08732075983435944
642,0,1,-0.7356000549393973,1.012880106865906,-0.5930711967379789,0.8944172060910064,0.04738425731428507,-0.031144343011919567,0.18944214844136095
643,3,1,-0.17709411715902232,0.09474591400994617,0.006104330843847778,-0.10349829049865338,0.2071147805424414,-0.005600396353769466,-0.49925842405677917
644,0,1,0.012979898202690271,-1.2826236998061653,-0.2506739238518542,0.2844165621151163,-0.17552651521333593,0.2931049077138221,0.07255067880405561
645,2,0,-0.5243657788945665,-0.3104610698679418,-0.3346881245144799,-0.041257433735755876,-0.04836407391631748,0.5814468767771064,0.28547701457080166
646,3,1,0.843626576836246,-0.5697672159774781,-0.2795184261473783,0.2686806536933318,0.5277114666323935,0.9021564469363379,0.008079903581071805
647,0,1,-0.8163685411404249,1.0911095189157822,-0.3543732299053324,-0.24445771929176288,-0.28341583195164893,-0.34901818812794694,0.06206193216081151
648,0,1,0.48132784626297453,-0.41111095053856084,-1.3249497392774252,0.7086588665614656,0.42370300738282185,0.2709720700627446,-0.083292096637106
649,1,1,-0.18428978144449087,0.035463172823015504,1.0314957066363717,-0.6004252189815651,0.8744293990637579,0.06772043974801781,-0.017372012213415413
650,1,2,0.053909531456559606,-0.45158600987722963,-0.6762296159993954,-0.5214031330378097,0.35873648294140786,0.44727087975679636,0.23582516751201105
651,1,2,-0.5985877879418596,-0.2055034043052045,-0.21843198785114795,-0.18962399488617473,-0.18137448640840087,-0.8599226496528279,-0.05924870091236682
652,0,0,0.19819660354736165,-0.3199516778204138,-0.3677883972586822,-0.1810820642602591,0.11027159319283354,0.08832065740485509,-0.13812114671921866
653,0,1,0.10812877757040973,-0.34057879037277733,-0.4879094171257302,1.142735554792587,0.13596291648812275,-0.6857779769423358,-0.20299933734376466
654,2,1,-0.9272924695718463,-0.6051393661359251,0.0071768152544388515,0.2813894147132467,-0.684792941114339,1.1505003819374027,-0.6108949279060655
655,0,0,-0.18983977924359194,0.4738786206672988,-0.10873525779571669,0.3392831209061864,0.11245915939866177,1.1385584220361193,-0.20420392928116876
656,0,1,-0.22168982808146726,0.07902275964699249,0.4157368779449281,-0.08586316178460973,0.5929889216260278,0.30392962995855644,0.21640908660824038
657,1,1,0.3187716064328361,-0.07251869616385974,-0.2981935272296087,0.5038979365966699,0.30568898274640666,1.0410388421345205,-0.022705808136508392
658,0,0,-0.720077833294058,0.3581642593056862,0.06680967233949561,-0.9624781648383309,0.4383324221802966,0.4734739332293595,-0.3493519799417887
659,0,1,0.2648259897788744,0.18163859919885042,-0.7609792815018512,0.39604509291119905,-0.13442758614990463,0.31177698746630744,0.17632652748584307
660,0,0,0.05953467004552898,-0.23114334133126707,0.14450972176363502,0.23426548081303708,0.7898009166824591,-0.0715277139880483,-0.04064701180499988
661,1,1,0.6605653039961534,0.02009577535827281,0.5424984842602276,0.1589897829751488,0.1303568353489836,0.05056276920715752,-0.3548725774602955
662,1,0,-0.772139855328312,0.04878450785963856,0.13385173923794724,0.4844303541805749,0.6386900157905565,-0.28278519425493154,0.16594767292212273
663,3,0,0.3814999094108651,-0.7177673177359691,0.6732597354554916,-0.38763097796809226,-0.3515129429173763,1.026256206311886,0.18582478763554466
664,2,0,-1.45490695535956,-0.7931286416570059,-0.06201902992725283,0.003745738334212669,-0.1588085121013455,0.5172573011722956,0.06592962164906828
665,1,1,-0.7600825181152685,-0.21342582358982415,-0.015158273234513542,0.5530367531258209,-0.1506834051514852,-0.25553722509563515,0.16905137171026288
666,3,0,-0.2690896524385693,-0.6584805728167049,-0.14310260414884463,-0.12658962196632367,0.4295398287629737,0.3000375964510713,0.11299683305680706
667,0,1,-0.6892338933626536,0.30911765272716196,-0.15222362130610692,-0.06420989870624,0.10793208241108929,0.27780577284751207,0.372675750564865
668,1,0,0.2664625253991131,0.12840288397884128,-0.1457314322815659,0.7040365997801412,0.32225279345308955,0.6414385717258654,0.18551031745729973
669,0,1,-0.36305748842010266,-0.5542837382125598,0.4400701525156887,0.4951360039543533,0.5627914670004259,0.06914339186902879,0.43737911750059755
670,1,1,-0.06688769432576241,0.11269635387663382,0.7371931407051161,0.46599361082359436,-0.4876521408012453,-0.004735925905518995,-0.0218364234129049
671,1,0,-0.13173853858717524,-0.38933533102245477,-0.01376421427711867,-0.7736547098116385,0.6783435836589043,0.6880130667109298,-0.3712356184418994
672,3,1,0.24005561437964626,0.42992482916477504,-0.16769981281574198,0.6561198453653133,-0.15276828774776646,0.03490927482828238,-0.30172733250808353
673,1,1,-0.46499413830036906,-0.5005227121362058,0.563751132581423,0.10096842645146725,-0.660863359885996,0.843120982547665,-0.014811229393352382
674,2,0,0.4039632564679113,-0.7101435309938203,0.504256843495168,-0.008630974043443288,0.6075586380937674,0.4590939294945451,-0.277093887192731
675,3,2,-0.20553960148862602,0.8181566262736713,0.4414035856367346,0.30578838407825737,-0.12714996909656798,-0.3580583372311066,-0.013179175753452621
676,0,1,0.10889705751653023,-1.0469000462210332,-0.03531256878486668,0.8115833239728354,0.677631038479059,0.24682172121274956,0.11636104361815663
677,2,2,0.19929028383977057,-0.09792282878809233,-0.26115036356046417,0.07868755889641521,0.3870173239201315,-0.16096931908552872,0.1839957577959753
678,3,1,0.1512802254637011,-0.7068892140740208,0.42073827189654933,-0.46281651863971884,1.2582576737257116,0.81423373922327,-0.06393393251543576
679,1,0,-0.4985525761058788,0.07030814802201998,0.8091850394139389,0.12464655866390398,-0.10425303832301466,0.021898805976822144,-0.5578205455994413
680,3,1,-0.38424079729533855,-0.2294089952156217,0.03242977021122349,-0.22256114813592853,-0.7387152897283322,-0.6384802730279535,-0.1816288986290253
681,3,1,-0.4011841755364838,0.3060069895528009,0.5938897956572387,0.41467133026874853,0.04358643688582996,0.33331474443927234,0.09014571990666097
682,0,1,0.015022240463097289,0.2722697242045877,0.593131408781851,-0.43635219073791165,-0.09448647990602593,0.8284867954124355,0.032943141198846546
683,0,1,-0.00434104562798103,-0.8918066405211433,0.6922715718731816,-0.3171151136344511,-0.046738044498299,0.12679886731960763,0.09781506098600956
684,2,1,-1.192391328910476,-0.47989877356700905,0.08696998678612287,-0.17185340410220049,0.2373984146588085,0.6354593238659586,-0.3701562693456468
685,1,1,-1.1426779538875964,-0.7956294244163807,0.42773202983550784,-0.19620249013362448,-0.2111960202813137,-0.1294919447260461,-0.09235121948644716
686,0,0,0.27719969208981765,-1.2683869677868664,0.5469009523306857,0.38111283366602655,-0.29869316500864473,-0.07602468302879997,0.05056710131438899
687,3,2,-0.680532844354068,-0.49752093596037583,0.38914439304433096,-0.17631650765245013,-0.15169467544774307,-0.3498536383729097,-0.1723289194370979
688,0,1,0.11776510019221978,-0.6175998626971916,0.5122589813123302,-0.1910266567395879,0.5687832022139269,-0.2763705638522439,0.3281320222467686
689,0,1,-0.5060552099027898,-0.8667406983522432,-0.053052552875504214,0.11174624053573856,0.2868740718716916,0.011205085749583926,0.030936215333930036
690,1,2,0.08648282819578038,0.5127779418972044,-0.1730655365203927,-0.6318848594644048,1.4362704561507469,0.08208644585251863,0.4302898573932772
691,1,1,0.0268229030817643,0.4846869994589209,-1.1358246022026015,0.023556647513559174,0.1871919774819648,-0.09274646779338067,0.06643032505684013
692,2,2,-0.6376643985811068,-0.3572759955800513,0.3499607754413978,0.08752880874562177,-0.645486794814951,0.5963365538429899,-0.0728521829769572
693,1,0,0.47816747862724884,0.14047733039017793,0.18281940951931985,0.1846515721099367,0.4205639377901461,-1.1259573392224316,-0.26829947121805586
694,1,1,0.48456266906547396,0.7375580940782377,0.46639739261344193,-0.1442559792716156,0.5441849601291189,0.5353011908937244,-0.20978035563011507
695,1,1,0.1678814233629847,-0.18377049105298204,-0.20452444665097236,-0.09331280527959997,0.09965373708345067,0.36921843192805526,-0.31906349362532166
696,2,0,-1.0167827210277365,-0.4184312718604315,0.33857156960233675,0.14639907886435302,-0.47202024039350365,0.10018658723649282,-0.365806957620221
697,3,1,-0.47823287261858627,-0.025470674448357183,0.2683767481941364,-0.20459192954500124,0.45035022394856133,0.5288371100440515,0.015434233375137663
698,0,1,0.13617564571244056,-0.16344695758640154,-0.06408817965241305,0.682213227257916,-0.3958029803022503,-0.1280042651012381,-0.8277858527444414
699,1,1,0.36489614782504975,0.3586041035718964,-0.13019649510540207,-0.2989331162359825,0.5501975635596227,0.3475442430087362,0.055714826675556266
700,3,2,-0.5193970907598444,-0.12194474226321105,-0.47343474014692455,0.25773544932775516,-0.07748487439522761,0.16090197203631482,-0.1498084903337936
701,3,0,-1.3928153165279766,-0.6632083929512984,-0.09870057807957273,1.088903626261117,-0.2970910117572907,-0.3710702421690135,0.3841636963264103
702,1,2,-0.6204325717257491,-0.45997089685558334,-0.12188602880579225,-0.10888920316157868,0.016698120171244068,-0.7485568641786717,-0.42149359095896205
703,3,0,0.22532553351444842,-0.2724343470537974,-0.7556342970077603,0.6093434118367961,1.2032540931384135,0.014425021186983522,0.24115714445100356
704,3,2,-0.5126016695944171,-0.6924979520286128,-0.6060696033051448,0.30073463870785605,0.04849587870310488,-0.09367244667892666,-0.30881077288883624
705,1,0,0.6153175675707676,-0.3633298200089402,-0.16109558324229242,0.6533711538738065,-0.3686563920068899,0.7808778560282041,0.18389276470154445
706,2,0,-0.26866005313160546,-1.2222666713809998,0.776816768712334,0.8789700484709755,1.0041770262585177,-0.3686130319864145,0.09313538140852498
707,2,1,0.7053154089272359,0.05637792184741924,0.2499450044819489,-0.0714792242077286,0.2960134814658142,0.520527874148866,0.9799678199535791
708,1,1,-0.6809207728907558,0.23127769510186355,-0.6141547901564882,0.4271390499171123,0.1118375155989388,0.15139657895595085,0.17225234999900624
709,0,1,-0.12882082360694214,0.11122541769212993,-0.3109590778702525,0.47128001974731976,0.10210757800203567,-0.046731401685519286,-0.6213470729912435
710,0,2,0.273044600116087,-0.9689352883155015,0.32397243186423297,-0.07203550676516694,0.08480879850145355,0.2870916940591367,-0.15069923144575664
711,1,1,-0.5521880017465088,-0.5839117388397516,0.38879100439368425,0.7343496807823218,0.535834676748057,-0.0781338890618139,-0.0683035331409327
712,1,1,1.619899201448756,-0.03691011553963103,-0.0010990044943674615,-0.3255911591228671,0.4091675567510685,0.9746934113187152,0.35560087678342484
713,2,1,0.5085712649898841,-1.5604594051404748,0.10667341542437588,0.30854122208323714,-0.1610847051304714,-0.708502070275753,-0.23955037152850273
714,1,1,-0.3171894876775314,-0.14036413865689445,-0.2510280077282554,-0.21773288724894685,0.5059871781355104,0.7126387638996378,0.23329307622081963
715,1,2,0.13922179511821023,0.15452746285430044,0.4294564761819575,0.13027761368612295,0.01696200979602992,0.2930651651383728,-0.04695057107717151
716,2,2,-0.2750377519035888,0.17636907409751926,0.6580914513369357,0.15291973992671173,0.3238208800268224,0.17735486051803334,-0.41763876683781764
717,2,0,-0.20772228115254016,-0.7240502093258109,-0.0733620485113796,0.21155547180888498,-0.7371383198242443,0.14517322227934695,0.7037644821188197
718,1,1,0.5538891792300702,0.3820799862998583,0.05996323909583788,0.7585506657498429,-0.32758834679246857,0.025153888871802435,-0.3283509050331547
719,0,0,-0.008719173892549864,0.5812430900543337,0.21580061180545845,-0.7063166793545071,0.3212165484670077,0.11094092083470317,-0.15431073524876243
720,0,1,0.7416714675796463,-0.034314966139749964,0.3962703919187189,-0.6841609873571795,0.6240513491097731,0.771084794402622,0.29770861128762277
721,2,1,-0.13404230741992018,0.29322711811934665,0.5867112793774848,0.2474896333738564,-0.1220240590699764,1.0985436113607656,-0.30590678229830726
722,3,1,0.3386612562915313,0.3924356466327963,0.48376927175405654,1.0462806366539315,0.09633420721615564,-0.016148956164746292,0.09305388137797946
723,2,1,0.20558088589002857,0.3472848162059451,0.18712062850362413,0.5617584152293597,0.28709638611666594,0.24857584047666792,0.47535284974834724
724,0,0,0.48797020069750086,-0.766872458195289,-0.4384501606901992,0.0828331527473531,0.27548002505396996,0.021928366846497682,-0.5875602293607806
725,0,2,-0.266114122806666,0.46930028250813216,-0.24000366665554973,0.0869378731844085,0.5944146908157698,-0.0010345522249194106,0.022972639064659104
726,3,0,0.12335954300838212,-0.3286016968335672,-0.2011803706132946,-0.11962662985752735,0.17508250335179262,-0.7218751409869336,0.12972483140616514
727,1,0,0.10310293182956548,-0.366724071451626,-0.09928656213483203,-0.2258192363629353,0.1360167334664405,0.04851035697733139,-0.28683534770912666
728,3,0,-0.8317822289813002,-0.6948074242707059,0.30593178408518734,0.1571241839956853,0.22862706666685115,0.503200149686438,0.6710384169267546
729,0,1,0.3092399175751962,-0.42237973223628344,-0.5027707170226597,-0.3659516842738071,0.49390534738306646,0.4541777964050352,0.5018351695220065
730,3,2,0.052577447988326836,-0.5946558846298811,-0.22847718447530455,-0.15030458867204533,0.665379349109224,0.0602782632359624,0.0251452876618983
731,0,1,-0.49968465544734664,-0.2508731526931217,-0.03780156262649126,0.25893284500189306,0.23361289214750938,0.1898807829696229,0.21990960852040375
732,2,0,0.24692061270978702,0.24804398603795721,0.9113314763988346,0.6894882231707232,0.30064384896987273,1.4536475823129467,-0.25168018201847514
733,1,2,0.3664725975263937,-0.45814708897030576,0.6602958857921806,-0.26854977189858037,0.02650276332057448,0.3534361188203399,-0.0017887881889154756
734,0,1,-0.3133173889571542,-0.7838896560977089,0.12215003172834617,0.3917068744968152,-0.1884853632625194,0.14262953986763618,0.21097748370534122
735,1,1,0.1420479122701209,0.1716349794692125,0.145906247182341,0.5190122652418471,0.7205002853616245,0.8031709924482039,-0.09002827809739561
736,1,0,0.5969639859658041,0.9573651095184362,0.19898952043849327,-0.04778404010379412,-0.12800438835368896,-0.37355537480888734,-0.44913918130379327
737,0,0,0.07657321151765265,-0.4280223321852379,0.05756726877124945,0.19078047619910699,-0.4655148781813777,1.2068215318325273,-0.11043826119981058
738,1,0,-0.0687867915280367,-0.8630468461398539,-0.10492177633252871,0.2130257039752209,0.0675798879450177,0.68432614070076,-0.13708478764858342
739,0,1,-0.18973360719758076,-0.3862526931389282,0.003733611660877051,-0.14048642617832646,0.5751386249055408,0.31713982254293527,0.1547339875161585
740,2,0,-0.5736231165768902,0.1672787306512796,0.11870943333477729,0.5268121570111072,0.3910773967560235,1.1227078826420627,0.04893573466138311
741,3,1,0.4183040201148924,-0.10846776559637242,-0.030120802975472885,0.32188332696253547,0.1751368454309909,0.2026469328646904,0.1484628441589944
742,1,1,-0.1731061909103943,-0.5398979507425365,0.40118902763679554,0.49800470504807065,0.26466130694864964,-0.3572550694935963,-0.1188077709265751
743,1,1,-0.5652221280563887,-0.318552043018675,-0.25803715493099577,0.20257419789720169,0.25670742633972926,-0.4415047727084409,-0.3268585876535267
744,2,1,-1.557880983637565,-0.2565371596748829,0.1836283325426069,0.49529664344825325,0.04787810238522471,-0.3226865877734283,0.31399659173196237
745,3,0,-0.11313530091216063,0.36969900210277584,-0.46595207228654867,-0.33165338586900883,0.2283303043638377,0.4303336010533021,0.3789029723996689
746,0,0,-0.4393782164399739,-0.6837367397108386,0.1599727150013889,0.18618067713436134,0.02594831236757925,0.36767395224828786,-0.4631270763456904
747,0,2,-0.21803040123632678,0.38738643648051285,-0.31468048776563534,-0.24982867215137558,0.3307809111050296,-0.8591872536562809,-0.026512511135476452
748,1,2,-0.10536085166518397,-0.4586884707773641,0.11875152239785074,-0.3060428633123231,0.06324501335422132,0.6551442662701225,-0.10758254675944627
749,3,0,-0.22291111481806422,0.23075672193414756,0.08431449735863965,-0.056439603040887555,-0.5914548534242133,0.37237431301399376,0.1210668320210272
750,2,1,0.10029858799160737,0.1307739313308612,0.34602776584105627,-0.4893760904218976,-0.23431386302233406,0.9334393429701942,-0.204301220240874
751,0,1,0.38375607979491255,-0.4055904991945751,0.2945960135109555,0.3612035554525603,0.17909087847731403,1.0644329987027867,-0.2806143751252883
752,1,2,-0.3252383067267102,-0.16181237198916495,0.1382407427185056,0.6091415005664688,0.21077541514974993,0.06685884693428899,0.02865197263013202
753,3,1,0.0471346360865581,-0.2734513479295086,0.411660275484987,0.5179181083251575,0.44680609683814326,-0.2029554576333004,-0.056988874008339095
754,0,1,-0.37879237385247455,-0.09854898421605227,-0.2066294503255285,-0.2077747511765558,-0.3132802475176722,-0.24541058422221182,0.0499695755528595
755,0,0,0.2895870171437933,-0.1499256782863105,0.7617413771768309,0.3562653738957561,0.13298366925523014,0.7988708636809201,-0.3393889246172293
756,3,0,-0.2225915226037133,0.17779210338945053,-0.34644519652551925,-0.3500241867661701,-0.22711377354083093,0.09180608871874629,0.01933458989555065
757,0,1,-0.2368303775764322,-0.9414639025265147,0.08118295207882394,0.11065036831184828,-0.6266920203712162,-0.7298692458725449,-0.08167976607428008
758,2,1,0.0441192509970976,-0.47831668902971247,0.09536490669684106,0.14789210540854592,-0.09156873634998766,-0.3625895179644023,0.10079302701735209
759,2,0,-0.09854990403468626,0.654237933393346,-0.12776148989976455,0.4847211302403718,0.18092683577176516,1.0872138923419832,0.2872949091812234
760,3,1,-0.4055211238389411,-0.6081602575776694,0.3933357159423263,0.04832183509848949,-0.0010032326235322544,0.3581351268213748,0.022042569834389982
761,3,0,0.014752777986711457,-0.2345227938305933,-0.224691002467304,-0.2780977397645932,0.3720851252152913,0.7669211824307536,-0.3719010750072606
762,1,2,0.2410011391397889,-1.0899002876239805,-0.06554236484821628,1.1576408648869665,0.37428217736520714,0.2304293598925066,0.0763527798579574
763,1,2,-0.14060422530195638,0.9286608251241789,0.03496680421930045,0.5402421978639961,-0.6645881594476658,-0.014921448850337166,0.37160238985795196
764,3,2,-0.3905217985694792,0.36356421049633303,-0.18733609718850552,0.07448034563463662,0.8654853439183756,-0.5082173971058983,0.2781327608450173
765,2,0,0.4810967998581166,0.38480554548268775,0.02850481099014059,0.32465513104901494,0.34881940827366764,0.586837174668553,0.2024143275348399
766,3,1,-0.06945451045088806,0.23397599668230748,-0.005632677087492422,-0.6043873486016688,-0.16927077164077883,-0.9979842830150375,-0.33527909026896713
767,0,2,-0.529491059553679,0.5828532137042447,0.4241782340982564,0.11164046138933442,-0.4489239368490048,1.0117200538318658,-0.009978643556078188
768,3,1,-0.5642429793453743,0.2851558091486579,0.23543883581169398,0.2511625023569217,0.23094649665501987,-0.5567647787014499,-0.2034428899097849
769,1,0,-0.21157721825998674,-0.8514775011631691,-0.15051814662876142,0.0784895018793582,0.11451647587964586,-0.25972052276186997,-0.22491477278741662
770,0,1,0.46254975218161976,-0.6602253890179172,0.09093429600597822,-1.010221130629025,-0.27256496701922117,0.373119766616331,-0.02984870124117889
771,2,1,0.5013844800085979,-0.9178308679225032,0.40648728065935386,0.43159883676936794,0.071443834118426,-0.38426845811285015,0.2520290194766734
772,1,1,0.24298470859107932,-0.6314525098188049,-0.5104153514419293,-0.5394745653636813,-0.44550209738321084,-0.2862656278743052,0.0375197040025125
773,2,0,-0.7061790115314609,0.20504725336870191,0.19035432588065238,0.5265166139948828,-0.400428986778668,0.971747961387253,0.6306219167092905
774,1,1,-0.2922062837699434,-0.350711472305716,0.40965672945795595,0.23273781272306887,-0.05811676323423719,0.2652410140366176,-0.22751602715242325
775,1,2,0.5457359593607103,-0.17028791076368438,-0.4504779536265769,0.13960166114851547,0.032785708520970784,0.28026285142257845,0.1888223502453664
776,2,1,0.30632208213889034,-0.1846761908251375,-0.5857269576142746,0.47794124270107036,-0.03520465054287025,-0.4249580288728373,0.4795084832929764
777,3,1,0.0177884865134669,0.48690236197592907,-0.42897343426622553,0.6889182367111824,0.37982288607634174,0.04000106334171975,0.7385420953533725
778,1,0,0.3000466271426576,0.09258466163530382,-0.26451430057721653,0.602481011516418,0.541569618533891,0.5231384630543161,-0.03581187654772712
779,2,0,-0.2344030586791406,0.8174265947924562,-0.6829571689262915,-0.7177678765006298,0.9780692080841863,0.5501169095486562,0.12931645447918197
780,0,1,0.08046171548408279,0.4010735462510123,0.1847141357190102,-0.4681469160587239,0.1929082823668135,-0.4956837110554485,-0.36298408990960995
781,0,1,0.14528061584152804,-0.501982674962922,-0.2604786644154295,-0.09653518037302086,-0.030843749433406446,-0.12231844342271483,0.31534301636347883
782,1,2,-0.4969659607940712,-0.6497608145800416,-0.32156892409210897,-0.5148465494138723,-0.2592372422137831,-0.7597457235526359,0.3433650736386644
783,0,1,0.40645128961535615,-0.42445235323165975,0.10429702482422377,0.09621677234337664,0.05811866725835079,-0.07585767020385453,0.15988803961694673
784,2,1,-0.278531598238013,-0.03138882507563903,0.1306296387959343,0.24913375501462753,-0.236845217116862,-0.485493105271004,0.14829382259153412
785,2,2,0.23699641479057068,-0.4530134546989639,-0.015160870395970761,0.7673031587388202,0.12176872720866863,0.08772764036956807,-0.015576480913288953
786,1,1,-0.5807113290687638,-0.7748775544919141,0.05208355586046333,0.31778063799273276,0.7562542079782973,0.9775409147357024,0.16248563681688258
787,3,2,0.6248180067913215,0.24209737565288783,0.49223493973086474,0.4247401263066176,0.6305155878003021,0.43293870184340766,0.08664544697774332
788,3,2,1.003772026350957,-0.24004188957787065,0.5712711947462066,0.322870493689547,0.5473320363431656,0.5481777043502979,0.08102676299774818
789,3,0,-0.36397685021439685,0.7542005477484515,0.3708808385799585,-0.4302871107121263,-0.0831991099898695,0.8734314095357668,-0.19226768365054128
790,1,1,0.2558075196016055,-0.3093281438580965,0.6691003998029365,0.28633384354853303,-0.011683952068687728,0.28933918478338827,0.08404837306527521
791,2,2,-0.5522526040253017,0.6511950337808475,0.4437012935596858,-0.5414174193350576,0.48568511196868713,0.30185884610793934,0.3043268190699251
792,1,0,0.8440563843782039,-0.45732077818945616,0.2997038858380035,0.0010091914313600753,0.3189113210945387,-1.1741125812040403,0.15647606611894185
793,0,0,-0.7475980290374353,-1.0903056558711368,-0.06770657064486965,0.6362291916903104,-0.1845409502830215,0.3191234119932925,0.3000254595489744
794,3,1,-0.25637573946982095,-0.46530904151145114,0.3718065967071224,-0.19142689838851604,-0.59222622253811,0.5030262566587338,-0.4511379363644659
795,1,1,-0.3455216126886622,0.9546203870615643,-0.5002557240677133,-0.4269302783779058,0.17371471395375312,0.6296452638333719,-0.2592615026210474
796,1,2,0.7593331777312954,0.3619398947941127,0.15415534667654718,0.47172605292720554,0.3764382896466281,0.30225525049069707,0.17468804644241806
797,1,1,-0.609150360875011,0.2347556404150077,0.13713542411583987,-0.48776899575630867,-0.23378616231015467,0.21274073132513285,-0.260128764396779
798,1,2,0.08503954473640607,-0.08006227383730664,-0.183871049076089,0.06751062910209102,0.1326566597674697,0.05386131475146802,0.12474247890086856
799,2,1,0.44576389329322363,-0.5293131683812542,0.2145487525262289,-0.15060713247317123,-4.795521428433255e-05,0.8541223247144805,-0.010776792767146218
800,1,1,0.0557412806681051,0.7066120445046148,0.17651057778549037,-0.8337747898712231,-0.3237540483224746,0.36841924045107777,-0.2795078340526593
801,0,2,-0.31971945151376946,-0.1441382194104731,-0.3078107401276065,-0.0779141387831565,0.30783997884251074,0.5047900996421548,-0.13413080422761484
802,3,1,0.05481015071221562,-0.06618634978377577,-0.18632123528843703,0.7470947786455999,-0.23692761023912853,-0.6264591727490245,-0.3755118384879715
803,2,1,-0.34606920983457445,-0.4019656795190618,-0.6306916540683071,-0.5850619318266755,-0.3874397866244337,0.8089324492886217,0.2638556905429228
804,3,1,0.22918689253747868,-0.20111348245362387,0.02335832537191837,0.3320239641352857,-0.6269374089981795,1.0250240392338745,0.04814343491445417
805,3,0,0.18808699563464112,-0.07376983904194487,0.3755675901221448,-0.33152443931186204,-0.25401081001792786,0.1371547087737604,-0.10831837954974154
806,2,1,0.0157723099853848,0.15977441427270297,-0.28525980211370067,-0.3125523571258196,-0.5755899804469703,-0.09526266865679867,0.27327179650453604
807,3,0,0.3641407168106917,0.20682975149276658,0.10854108401847469,0.7854690263052247,0.20637017915771272,0.5527423614795139,0.2062709396112444
808,1,1,-0.3113348676683554,-0.09150564515557877,-0.22359689734208615,0.9944081440081296,-0.4178489880892992,0.14767552611981294,-0.1114171366802309
809,0,0,-0.24617354994344542,0.1029578776050327,-0.5174771367767486,-0.007680365806033047,-0.27405958144327097,0.8497744772342852,0.07697976984891759
810,2,0,0.023356692890444702,-0.8759935566283725,0.3548788432940496,-0.2869526863471298,0.1441586977458195,0.39607306160314326,0.6720439222837888
811,2,1,0.1725906115682013,-0.1364993340836265,0.11134097459938361,0.03748432092717775,-0.05529204506230695,0.3150879533469263,-0.3479474903678713
812,0,1,-0.3220964122138139,-0.5216421112717982,-0.5341854602774768,0.10082828263429938,-0.10744549144174402,-0.2742365425363821,-0.29719991163916937
813,3,1,0.18318472500496716,-0.30795148989197396,0.31789804070391675,0.7345823896147997,0.34241770537857863,0.23704546028805334,0.18710804759403496
814,1,1,0.2051377691075789,0.6772960252971502,0.01178114485986983,-0.10837686485557271,0.6200709290117721,0.3091074677661536,0.4731176273606462
815,3,1,-0.06800904282372847,-0.3300868203470205,-0.5484588086414869,0.9259477349770151,0.4657472975383243,0.5382432551602245,0.5614705683070146
816,2,2,-0.17471151131443233,-0.5278172000689672,0.8630556064452609,0.026362578624841152,0.05034422236106197,0.2987200325690774,0.08477036501019435
817,0,0,-0.3379745456067792,0.129401418908526,-0.3455815735839317,-0.05410067266804579,0.2845178740167709,0.7078739112907689,0.1381045544275323
818,1,2,0.5465847075795988,-0.7069062976750314,0.438435643818181,-0.591246399874067,-0.17619085670926685,0.8262796886499427,-0.3350504256600437
819,0,0,-0.471537424509205,-0.8662217512650721,0.3837672134318728,0.2179727027900469,0.453215739807492,0.01955960372971219,-0.11530824408309379
820,1,0,0.7017605725481119,0.05171256016126377,0.4358425565180547,0.2609488533417432,-0.14622409869044373,0.40388710007254436,0.09239364157673866
821,2,2,-0.26499439340969255,-0.10859795684835613,-0.4696700750276353,-0.25398966129003825,0.5372688838356449,0.14232535547979464,0.3525702926047592
822,3,0,-0.8382150038708776,-0.5403042273622157,0.3767110810212362,0.0811897756988518,0.38802213600104857,0.5510975664575756,0.1765268713490578
823,3,1,0.22390095662567958,-0.6583881988421264,0.8147037201041093,-0.09406371787628243,-0.08271143936502487,-0.3093116195045096,0.5242898864433493
824,0,1,-0.029990861496141552,-0.7403575287529391,-0.275669515256553,-0.13658276956173593,-0.249331964238266,0.8178414556464504,0.14251373111970164
825,2,1,-0.3319911043747854,-0.47908241074419,0.6259820057808373,0.19162173851559577,-0.8080544675979904,-0.20511650098675197,0.14485385092001749
826,2,1,-0.1754378361856481,1.1273048981767568,0.43374809254667507,0.2788870698323397,0.040194060905180636,0.592910373279573,-0.12754614857520377
827,1,2,-0.21963033653175618,-0.5163861937852264,0.0918612628168528,-0.707721261613612,-0.11393144523271558,-0.43126486327256286,-0.3173768648484259
828,0,1,0.22675091653988336,-0.623915431853834,-0.16045056015040446,0.6571017487320889,-0.22115977626250113,0.945986166305601,0.10947174234424129
829,2,1,-0.6855018074239003,-0.10129153132994509,0.12577110581793663,0.6000561497398886,0.1412689531962137,0.3583860555516448,-0.2198301356663319
830,0,2,-0.6120117681503057,0.45938966156046546,0.7398002289604626,-0.0055887921168769825,0.20681772457832764,0.1796913795752255,-0.06561485285802683
831,3,1,0.4923640369173613,-1.253102071130074,0.07119123566625034,0.4037049103783245,0.4147115357822671,-0.8548338772912737,-0.19788592099757704
832,0,1,0.15614310001511358,-0.6409105888426104,0.3162599336745944,-0.046898611663767485,0.09207808952954927,-0.5657735941634761,0.12612259907389062
833,3,1,-0.20563366058650773,0.10525897049923413,-0.04743416740961947,0.576311787005721,-0.10097120648277619,0.10634527603862298,-0.5828827202003489
834,3,2,0.636674458942981,-0.45243407835055827,-0.6206504910374955,-0.11581416351060071,-0.5191085235772868,-0.4153844457960717,0.024075835403294662
835,1,1,-0.3599356489731711,0.043448547969201445,-0.7443954558039617,-0.015435368870570504,-0.7754026364846555,-0.28301921666752905,-0.7745692165045233
836,2,2,0.9257251390078921,-0.41059503945048514,0.860482823863533,0.6464632958683625,0.22882244828447057,-0.7106703870308269,0.09324037394682244
837,1,1,-0.46410800777559214,-0.18577080883755226,0.8491264390870317,0.4316344367200641,-0.09041944651173134,0.3070229115409093,0.30092466311260396
838,3,2,0.039662717327028585,-0.6462575225477998,0.46630070036344673,-0.6667879969223919,0.19318025808850073,0.3244711443875907,-0.03102663851136042
839,2,1,0.010183322765091846,-0.34067763872892975,0.09154682012385895,-0.1771558921349212,0.18609965816438917,0.511185638336922,0.2386540608226228
840,0,0,0.6316906538369785,-0.09668706345471012,-0.10090389615663725,0.8589975499042319,0.08264385119273647,-0.29806690364217625,-0.3230172874214054
841,1,1,0.20741691886933208,-0.22226920984676804,0.7322052157466296,-0.7719374069477544,0.197501740808665,0.8950698817653772,0.2676299692009343
842,2,2,0.14784011967586708,0.715454542841271,0.1739354661780785,-0.15235528063483453,0.3530357282931787,-0.06287599957577295,0.15737467408883368
843,1,0,0.22151632180588895,-0.10423031203675871,0.5428961548377312,0.46690204298936133,0.6639279938398439,0.2602003325959058,-0.024844812065635515
844,1,2,0.38079298647358173,-0.5768166323396232,0.4354082703115895,0.5557692724790187,0.1653677401275681,0.01623708381333508,0.17226572915359248
845,1,2,0.42178735970097947,-0.6729039596092707,-0.7368028986054763,0.27625772648786207,0.5429206005856745,-0.11639744194899429,0.3516973386366808
846,1,1,-0.39606850866107635,-0.8563240327419227,-0.5109294743089046,-0.18854361119136967,0.3541497116761561,0.054719477496219165,0.47399191633890625
847,2,2,-0.35030476674131994,-0.1300508228488496,0.44490567767101113,-0.6754318696891435,0.29967338546183314,0.25615463465232685,-0.078766078706877
848,2,1,0.023925974310931783,0.04386661422143601,0.18996250890721694,-0.0644681238631576,0.1368046542219955,0.7691732081787126,-0.008945287651371812
849,1,1,-0.8827394661830957,0.1520219952195623,-0.45117687737296785,-0.12591207512198327,0.2543787012853654,0.33044733577121993,-0.6678078187399068
850,1,1,-0.9354162971266654,-1.2282108211630234,0.479956077491116,-0.08248602568862522,-0.09492548854616459,0.2376678519926561,-0.4016154550045996
851,1,0,0.04898677566246176,-1.0368389660705484,0.3348335505629618,-0.1412749458707131,-0.2854392603797772,0.04496479927333462,0.16016560645751288
852,2,1,0.0978346895669879,0.26471006131298636,-0.025878272073662046,0.22222534465082566,0.2143979408135478,2.0399880214761423,-0.27346250835701275
853,1,1,-0.28653300913407476,1.1868658552412763,0.4031070134793413,-0.618285956695592,0.11981532649202944,0.0651031023266345,-0.5209303648793285
854,1,0,-0.49458648366400404,0.330642359648302,0.12125932107345663,-0.22623254985372293,1.4385253579854202,0.13736065542245013,-0.2699381606694391
855,2,2,-0.5507530463220089,0.252877281390417,0.3076238892910735,-0.009809626516236507,0.68951093603482,0.6339599178734413,-0.5074030524548017
856,1,1,-0.013262096424643807,-0.41476714896737266,0.43271023756436316,0.33282255754328144,-0.40620244391637506,0.9957113702121216,0.6626575432361744
857,2,1,0.7458424535733925,-0.40954061161275224,0.7366579569588954,0.6233061040450367,0.4596548841418792,0.2864153905303565,-0.1498487091200222
858,2,2,-0.28878237879805047,0.03265777592434735,0.15661809905592422,0.046319090884458285,0.038340950888835254,-0.07305083631570386,0.44376365487118236
859,3,1,0.09390188979815253,-0.5715384098280176,0.3864867198644343,0.3463017507901399,-0.09163947925893476,0.6009034489466157,0.463338587306547
860,0,1,-0.15693761986419164,-0.8854647624692232,0.1970605125167777,-0.5423869513467403,-0.5947062950432391,0.9587720229258132,-0.015090735614679123
861,0,2,-0.24257954616786206,-0.04425236100449323,-0.14246239339203662,1.1335958940494448,0.09322998608916896,-0.6719065125472722,0.26748376625848
862,1,1,0.2776179741686702,-0.7510014390989189,-0.5011639456022986,-0.17471447839356927,-0.1477750970263052,0.4030172506752584,-0.2760472974675677
863,3,2,-0.8842231361526229,-0.7142589528001679,-0.1491864012743998,0.5096382008049387,-0.28667930342515047,1.0651993087712506,0.25825818784901733
864,1,1,-0.3882030568135557,-1.3710836884558593,0.15041163720970085,0.39144422184913436,0.013394591535367453,-0.06784301086173439,-0.040883633113284336
865,0,1,0.04798427111244122,0.09517761908764605,0.10383923742099717,0.07995856966121281,0.533667919509885,0.6657240514792604,0.3080790025938605
866,1,1,-0.06016579728060402,0.07491782316418066,-0.38260279323115776,-0.1803716019419355,1.0522187784743082,-0.05329110088564201,0.253657031578066
867,1,1,-0.8994257759427844,-0.1492402570405217,0.08135356015293765,0.36244814095977823,0.4291662791947548,-0.007006303904820571,0.3522063146397426
868,3,2,0.7452355371329733,-0.6347677617939933,0.2827836524367703,-0.09119422296633227,-0.8278793234816261,1.0167077342585842,0.12853359006330492
869,0,1,1.0835382078384332,-0.5503385864101095,0.00330162244557487,-0.022540643462269964,0.514167905283912,0.3747965058814968,0.08695630480360544
870,2,0,-0.41382374178012826,-0.32612899020015224,0.6534007111864035,-0.10201991815451189,-0.813007506840284,0.22064511626582844,-0.031980044526190486
871,0,0,0.35463662223108783,-0.11356441398677808,-0.11085837904714956,0.09777402396688552,-0.32957002401593144,0.23332657843215687,0.420484766492123
872,2,2,0.12465312461053557,-0.38916227961732075,0.9250617627046254,0.2707643378408474,0.5789114146687377,0.9760200455565791,0.03407206127599242
873,3,2,-0.059572001264823086,-0.46533523651784314,-0.07342556380373418,0.08588930822209527,0.10442832381729523,-0.1435756144061878,-0.27200052522198337
874,3,2,-0.7696486173904776,-0.3800713376324626,1.102719216550789,0.1200684816664866,0.09316448255091848,-0.03240504118497828,-0.0677385017178726
875,0,0,0.242682816676657,-0.6887408821177606,0.43129517686667196,0.4388992551995204,-0.3572992219041638,0.869166043981011,-0.48000125065225163
876,0,1,0.06741262064511114,-0.7272300224547156,0.38725577065017946,0.06674804620609084,-0.10500835979900089,0.9916254517439924,0.1273511510567527
877,0,2,-0.5677656946416672,-0.09598239853334439,0.36314075513740196,0.8093272862127718,0.09910798348760694,-0.5328623824132186,0.15185378621544385
878,0,2,0.37977743204761283,-0.49525054189961515,0.5333041259918188,-0.23941008984049272,-0.314333092411689,0.09054912390912545,-0.0674780802244796
879,0,2,-0.414309814837468,-0.1481347198361322,-0.09952454888727746,0.23859724061123241,-0.7053619420553758,0.051581518994954584,0.18601351287015272
880,1,0,0.44428949960954445,0.14802448365101636,-0.11691309960785845,-0.34629852890011037,0.03749472046473779,-0.5672810668064798,0.14989508459423082
881,1,2,-0.03686854266666574,-0.5914758883163503,-0.2047329105689072,0.4613420337294258,-0.016694939364747457,0.9630969357857881,-0.2067729693164488
882,0,1,-0.31837930568692163,-0.029506375687267508,0.2544307618738497,-0.269217499637527,0.27973650155877355,0.2998656904573981,0.03926695893874433
883,3,2,0.9225466866556117,-0.015101441814458327,0.21734425474128538,-0.22183565377546371,0.026688939688565796,-0.00944186335145314,0.45192799323708366
884,2,1,0.6027274027322614,-0.21554188664347607,0.5838202261376843,0.44938576533279756,0.18281014858113215,-0.3747364318054993,-0.5060587211546652
885,3,1,0.24858320937514913,0.7462095928858643,-0.6224602128462999,-0.16709329632654887,-0.5596454892021365,0.10522153671364223,-0.23690297968375348
886,2,0,-0.5495196155588656,-0.3404007366160813,0.13434747826673976,-0.060760586256301444,-0.3020906006592333,0.6903436690895229,0.5563073723690701
887,2,1,-0.291555774501119,0.691083711503272,-0.23010127441975478,0.01622215596817718,-0.7754148362905479,-0.5273477407987053,-0.4833988707608176
888,0,0,0.1786715412450031,0.3480431382477449,0.942415394329636,-0.18033446998091862,0.23783224219531487,-0.25650760055838895,-0.024417289993952773
889,1,2,-0.36404682835660296,-0.1487228155375594,0.2664401638114637,-0.33176518119760984,-0.05080173820485311,-0.1023790417316511,-0.03592719547500089
890,2,1,-0.42397192257220195,0.2694238533280283,-0.6214393115432771,0.797369862144317,0.3733324080947427,0.8049382493510188,0.0387525365064785
891,0,1,0.11795999306522048,-0.20653654069011576,-0.2591741520637098,-0.8060853398788982,0.30581295032585804,0.1930187031987169,-0.0197010695175259
892,2,0,0.04569396197335246,0.6884408380336299,-0.8537756492456645,-0.6052304416312145,-0.11271809243801734,0.7588479155592904,0.3221124279237764
893,2,1,-0.7425275169015911,0.13202528465088129,0.7161068870045413,0.004962579605812524,-0.41979492798787593,-0.34832934167251606,0.3886884203079053
894,1,1,0.3116248427872891,0.7722983803987716,0.07813207275869127,0.7286679275048926,-0.29720096499719434,0.6895661804210458,-0.05644612610466582
895,3,2,-0.08339643381512866,-0.5114162946491052,-0.24694021015721776,0.9009891950448301,-0.00582429837853643,0.9236985570912697,-0.8883173218527898
896,3,2,0.922077146676778,-0.48183902229595255,0.2878198641313379,-0.7615192314809631,-0.0009929590818304993,-0.46804531242721603,-0.3240525990292679
897,2,1,-0.12086115445950726,1.1645782155295419,0.06763121075140126,1.046176237933375,0.1684272463984985,0.048650513060041894,-0.33467432376050565
898,3,1,-0.1646081998363164,-0.07260266202949806,0.06780729553178111,0.18536438683650974,-0.3836082910004264,0.4664234219885338,-0.20379428738923996
899,3,0,-0.45736652440290315,-0.3727398521046581,-0.34926392723578165,-0.7196562947474066,0.5106090834448542,0.4090845231622193,-0.1840110411487429
900,0,1,0.21063080100816292,-0.6905148683869978,-0.03991141557676392,-0.03574769809089488,-0.19350489679430571,-0.7608650263819284,0.08130122696594182
901,0,1,-0.2682132989610334,0.03228373317429875,-0.5752261916841491,-0.3705277964105617,-0.7151380453146786,1.153842788758942,0.22788453346206758
902,0,0,-0.045288315226625554,0.30862699935075966,0.31770966339890716,-0.4384163688186207,0.5956617920616147,-0.008219746465262245,0.02244759222544275
903,0,1,0.4286559913257537,0.41616710017673875,0.16409142246162772,0.03836806178412509,0.3140180953515343,0.8403854051744682,-0.006156651323072931
904,3,1,0.5921802066226939,-0.06124906568502474,-0.19363720365457873,0.5109429733943792,0.06572447818533957,0.11470680355827297,-0.5994910008696003
905,1,2,0.028381717681837504,-0.5684252229818002,-0.5480837689514358,0.4540432080480163,0.5863209525720721,-0.049332131896909576,-0.4945127445930116
906,0,0,-0.23254581862138873,0.013415396726537687,0.14661565758395656,0.3903610092542613,-0.01836253812348108,-0.1161730690746445,0.2570528531393685
907,1,0,-0.16673893061270878,-0.32021554468786073,0.4133315158535376,-0.27009209881662927,-0.4168103276025688,-0.1685810349273346,-0.3021642592420442
908,3,0,-0.6112110756332514,-0.9676696637270145,0.4245759518067247,-0.039822533175556264,0.21909017255787355,-0.06457904646176077,0.040896526364255996
909,1,1,0.5743322737780718,0.15705182468165266,-0.21464088955950014,0.6377889596925437,-0.23836662076064197,0.6506429962207908,0.2315590737936681
910,1,1,0.2134885014945275,-0.5581291503923403,-0.45065588885853824,-0.36653327265533603,-0.43965696784579733,-0.31993607864783336,-0.10443373144464688
911,2,1,-0.7439602340262612,-0.47941043799932725,-0.2154687606517557,-0.2595503402928607,-0.25627471772268956,0.7274136275770967,-0.10737628770916473
912,1,1,-0.6919709901843976,0.14990976278844706,-0.2095000564944471,-0.5157081338096643,-0.6462873788946498,0.43946511368623453,0.0029720083861969385
913,1,1,-0.42162645822705835,-0.23735615399861976,0.30652691518734776,-0.024185408661505793,0.018068553116052644,-0.16419029749929834,-0.039691476425213076
914,2,1,0.6875039555805407,-0.5033064311514095,0.11044588214668496,-0.18187229288987458,0.45242072178688036,0.13505032173595466,0.3468787131493993
915,1,1,-0.7936763816950361,-0.8922276831634466,0.4287369223250048,-0.019185980616675338,-0.23046311831208174,0.4519681308957956,0.09750460486019895
916,3,0,-0.14826002433592617,0.7624425379117016,0.13415020701911562,0.6574818346775149,-0.34268227607051815,0.44610402702251983,0.023608822323774658
917,2,1,-0.026958215571268943,-0.9498658573198997,0.027357332219822936,-0.4030102317985666,0.3455409982177971,-0.2525819729666351,0.03664616277161506
918,0,1,-0.634607391120584,0.06318606543777786,0.2549928029381467,-0.3435813926216611,-0.05615595526846787,-0.18569438453988915,0.35964639389733916
919,3,1,-0.2540586481211834,-0.1681849937039111,0.22666876893100152,-0.021937176267409514,0.5788562350855216,0.7109387860001324,0.016979451358917652
920,0,1,0.6499894000548683,-0.6989991768069179,-0.11747500908085523,0.22538748439412892,0.5773507557802892,0.08945460290784174,-0.04758239580408433
921,2,0,0.47306971636415396,-0.26296752699445697,0.14205788149072598,0.12386467273716349,-0.013560497842296734,-0.5195952094648374,-0.47067444070595527
922,2,2,-0.8170805107172212,-0.22145657644834565,-0.6382493299105285,0.9535511492990641,0.1955167906081742,0.17260528952275764,0.26661984785043435
923,0,1,0.09767147594197917,0.07138841624689093,-0.0069510700291769536,-0.09631632305260522,-0.4447498217257188,0.8842574072830781,0.47723504494674934
924,1,1,-0.1068623506167248,-0.03328355138888105,-0.6144313094040899,0.059504872824845706,0.36072532494539306,0.06830463228259058,-0.1396696602412249
925,3,2,0.44594372521667824,0.5125519356810847,0.2734325100259245,0.3261975561191332,0.5741628971521455,-0.5340531860393121,-0.40401724016671187
926,1,0,-0.7076917405519093,0.1875401027594372,-0.49349473169848573,-0.22735114713127727,0.441785908506306,0.7828042331887987,-0.14862922355579058
927,0,0,-0.0634869149808196,-0.6407559551366031,0.19687570056876388,-0.2654144807964978,-0.6065314595514436,-0.01918404838904217,0.4106397577177447
928,3,1,0.23832235829144363,0.4971443052493929,-0.04200867951602082,0.10474035254361237,-0.46483332125955895,-0.7687518669263939,-0.2511615258315005
929,1,0,-0.6534017343650563,-0.03402008454131472,0.04410769524798283,0.4435887680510038,-0.37504995462413027,0.4637347766378159,0.38631594075332804
930,1,0,-0.12828831265283064,-0.9841857323672888,-0.6692750916379481,-0.15900798855962936,0.10308899518817997,-0.6382248190205693,-0.22588770946390974
931,3,2,-0.13497065653344012,0.5917109867327387,-0.2648754050946442,-0.12692788867396104,0.08608348659429886,0.4918919587018312,0.03277261981091019
932,2,0,0.10099094651709725,-0.5418086798445646,0.32844006232825124,0.2790391348634947,-0.4349253921183578,0.3864367109474961,-0.21500271310447946
933,2,2,-0.4046836620242864,-0.30184065855101494,-0.2161528812979437,-0.05854867545546849,0.4104963694093156,0.5148964462762693,-0.3047284185859627
934,3,2,1.1884928855453234,0.003166452571577605,-0.2705534600899942,-0.23247150015620643,0.64385470020717,0.30269123100407613,-0.03177718545010245
935,0,1,0.22020959192096481,0.24062638022083363,-0.31557820957045357,-0.03427269950600564,1.0498183284092053,0.01516419427414134,0.006415278786073022
936,3,1,-0.6316075156862041,-0.03722839714413134,-0.16573637528150298,-0.17111336229896118,-0.48390113617446984,1.3528942286447583,-0.041200493169366796
937,2,0,-0.49885089208302946,0.6929835503237272,0.4308800913610078,0.4744521727265069,-0.11841059688631574,-0.7174105975633476,0.40580257048870233
938,2,2,-0.6488790907638127,-0.6342817877159828,0.6426638475339186,0.22189562185107153,-0.46951011949488614,0.283066407995572,-0.5102573091435804
939,2,2,-0.05507766130392648,-0.3557809512026651,-0.07694682940169167,0.8764533165620795,0.17214909302088918,-0.26805339587590193,-0.03774641083133764
940,2,1,-0.07548446284223312,-0.2759197598839831,-0.06279601329070028,0.24106832484032964,0.5439564770483614,0.0034649177254306995,0.3178991831611244
941,2,0,0.258167020711338,0.7565682802760126,0.11446303915368947,-0.0383712401986626,-0.12907192868833747,0.4095500978487905,-0.009810496141151263
942,3,2,0.051164446461411606,0.6464583347801558,0.07262037306060906,0.7463788877699445,0.039268692027811414,0.013588926363032189,0.5459245779898425
943,1,2,-0.4398339485923596,-0.7765465184506531,-0.40215220760392517,-0.3210675177917439,0.2787846244759179,0.4688728730324778,-0.6487964214894132
944,1,0,-0.3266653816806409,0.3709985704673815,-0.12086408069423382,0.047791439474158745,0.49350429708364546,-0.3250802391766049,-0.15317863468135648
945,1,2,0.18828793315654638,-0.22991603990483958,0.0971553987701793,0.852664844062093,0.5361036612897389,-0.2551920533099281,0.41370692618234245
946,2,2,0.26733987173226237,-1.4560543311916037,-0.12372451292254164,0.580134349833802,0.8817599697763365,0.9146598089334576,0.3343609391668092
947,1,0,-0.7409998961754507,0.27466329694664715,0.2244806098889276,-0.009146255611079821,-0.0008912281101774927,1.0816009883483724,-0.2505775757726424
948,3,0,-0.35223217132423046,-1.0501245984284904,0.4004703412150633,0.7621981860625053,-0.1454194373672391,0.4001655584289734,-0.6696765618136877
949,2,0,0.3067526671153755,-1.1670336319319001,-0.3794970728258334,0.21858195297541852,-0.6293830137031291,0.1495538925724505,0.21861046339514406
950,3,1,-0.41345114288674545,0.2106809738253109,-0.30856426217156685,-0.4893189951592063,-0.23824360648719944,1.1306450471052991,-0.47154699342205725
951,2,1,-0.04355923616216468,0.1764676520911734,-0.013010697258159377,-0.11152550895955363,0.2772024622545954,-1.158019698366855,-0.03952636451536684
952,3,0,-0.5272932635745371,-0.31978577235744254,-0.5169585888875788,0.444724656825815,0.12772173331435543,0.5555238312748643,0.3677780082534991
953,1,1,0.4615737034383237,-0.7133016305370921,0.6178878537173418,0.35676081160856593,0.5994504533718553,1.156802926938076,0.17940667949674416
954,3,1,-0.25575995825460507,-0.15372426753528434,0.11002059781150406,0.28796652728632316,-0.6523439657905332,0.7297730501878341,0.011300347350430728
955,2,1,-0.3285271178337144,-0.582785913346858,0.1980012506869213,0.29278864911490166,0.6814619179417516,0.9726354382776585,-0.12734974346129457
956,0,2,0.13016098817902677,-0.28907330592038977,0.38928738008464603,0.26546270042801334,-0.13059011708146437,0.3311338256957498,0.21402570301649498
957,1,0,-0.16666729011208048,-0.4224327915789112,-0.7977305412997375,0.17755517377749525,0.3739927450348738,-0.13951730968925377,0.1804871890524488
958,1,2,0.04727029404044175,-0.24307703915759543,0.13615086771740711,0.6297531698017994,0.5440884575385598,-0.9841617392689642,0.13845219391557942
959,2,0,0.5238463440320958,-0.7498833932460092,-0.418217911858376,0.14980276300191953,-0.01148454818458696,0.2996514813427734,0.5014581412590197
960,1,0,-0.08865602127282583,-0.5382846389860456,0.09458622657814704,0.9032586450004371,-0.030998401033950726,0.46769920104829277,-0.22825620112501036
961,1,2,-0.03882016139263958,0.10266084035790554,0.010935502028732336,0.22793924128677712,-0.6788125110146518,-0.14528669579308265,-0.17571921884376437
962,3,1,0.6708777861800441,-0.9426148610647401,-0.23335315278465432,-0.42586044886721985,0.09836734944372501,-0.39419373104071,0.23659673502562112
963,3,1,-0.15029723971827513,0.0936017130587942,0.07089692876529266,-0.016933033383197592,-0.7730357687044624,0.08222067411130572,-0.11503076307797741
964,1,2,-0.17424793807780198,-0.10603168618936157,0.4847641019941441,0.25443095450288794,-0.5263631879630115,0.09568216224088405,0.33190071641290336
965,0,2,0.377622866450423,-0.6706363716988313,0.5423482771164589,-0.2391222267885602,0.2824690437915778,0.5519004356562818,0.11333487803123052
966,1,2,-0.6832711837570622,-0.7210497751201402,0.1967767666017528,-0.5378491815922973,1.2337794969082834,-0.3036211975990474,-0.08167735209107815
967,1,1,0.5170729248423208,-0.6487061520722442,-0.48445528161768414,-0.7890272592595706,-0.6531454746904323,0.6048163993560512,-0.7208568993641201
968,0,1,-0.14923027418677012,-0.3836527951736284,0.23836638483648173,0.2833286834956043,0.4002586059423855,0.12303714653183442,0.2019161578819054
969,2,1,-0.40125001477895206,-0.5708909372836903,-0.22920076696635827,-0.3904775224923479,0.41903081043179075,0.6845490033503299,-0.3607643656993251
970,1,1,-0.2986129651328049,0.2625631010548255,-0.15853677408928873,0.3633905466508477,0.971632238444171,-0.2496268626200804,0.26590943726786637
971,2,0,-0.43765101203080425,-0.6278636179911482,0.2698041856360072,-0.5190077145987623,0.2370429999935387,0.5454061828926697,-0.008554215319417123
972,3,1,0.2713161689917343,-0.019871478277540155,0.1455998115471824,0.5868582310423832,-0.17074709511700376,-0.04251230829130831,0.23677067642667193
973,1,2,-0.3765485667215708,-0.45832113979331734,0.22395662404198402,0.21268741976367272,0.1928774633389887,0.9916063262983232,0.1856690216349037
974,0,2,-1.1139212830089502,0.0925500706784396,0.2974411994331176,0.3186543286812286,-0.10963853209996902,0.15326409983048134,-0.26493090557992915
975,2,1,-0.4154538172551214,0.16415490803069352,0.031045333908941673,-0.07560061942333002,-0.6357141845438351,-0.6152260727897071,0.5232984417419155
976,0,1,0.24272841125819414,-0.6924830973943278,0.41882614838609267,-0.48834152185055363,-0.16595018220141314,-0.14503317365008203,0.054514747399018036
977,2,1,-0.2145087679903825,-0.4248978006166072,-0.008401062194016496,-0.3583264155299945,-0.4526002522577788,0.19922652835030674,-0.007254156016171449
978,1,1,-0.41687370925030043,-0.10884093148807623,-0.5825879418969568,0.48898914735327387,0.0917658702314952,0.4068754745104737,0.22975203221407664
979,3,2,-0.632551964422601,0.2804361938825328,0.3607469266778935,-0.07649795234952736,0.10026596334509709,-0.022904312966396223,-0.6022053170746331
980,2,1,0.46571577389696184,-0.11972578090004365,-0.40518227433974446,-0.6180900546192107,-0.6287390444249417,-0.1149197271420184,0.12695644576333814
981,2,0,-0.38728638353845235,0.1632057715681514,-0.05065589764440823,-0.4745386479579078,0.566425038444662,0.8478774643977746,-0.22043966248327407
982,1,1,0.1910452148962745,-0.31283936101857734,0.3199214328535036,-0.4556250104433379,0.5221007613871982,0.3759500598503962,-0.20409221466111052
983,1,2,-1.1010278890571743,-0.2980160460221933,0.6936594203718847,0.21929521366461474,-0.3464176076316196,0.3360880327370423,0.24192894229493608
984,3,2,-0.2503632366055634,-0.7813765976075983,-0.13769797166428766,0.09895862652742145,0.10489388233386476,-0.0029232500901310854,-0.24893016126048342
985,2,1,-0.5472860893533079,-1.1431157330469128,-0.29435148904049824,0.5151794098574068,0.6056426017298071,-0.1579718679475933,0.26140600419272275
986,0,2,-0.24543419645348044,-0.6418187574437076,-0.1284339690147232,0.8043240316165979,-0.4704034796965846,0.3397727024057617,0.23237399263087738
987,0,2,-0.0346391263921199,0.12862012568534895,0.6881237441610584,-0.30654868756199594,-0.15810873919078616,-0.2041820868273557,0.10060432261054149
988,2,1,-0.3214389672794453,0.04252462054212727,0.03998454482998535,-0.05840104988558686,-0.6322544073013919,0.16937644308896513,-0.410102776966471
989,3,2,0.0821166044020123,-0.389424932758111,0.029135795388050764,-0.32431999536552825,-0.03960939810382464,-0.047371318590325256,-0.21381172278112034
990,3,0,0.44984578662141983,0.34322684132983117,0.12711077107589877,0.2564552058724271,0.6018805164528652,-0.6517236668396149,0.06542896094833976
991,0,2,-0.05800031915670863,0.08021212822250665,0.17268683622055794,0.5659821511471844,0.07264936502771625,-0.6707333239483033,0.0023515618299309233
992,3,2,-0.6838844537438253,-0.9804587540816981,-0.5310898498556699,-0.5418537972682441,1.0218730363301967,0.7575333716831132,-0.1492967390008903
993,2,1,0.3774406162668311,0.23323065945494018,0.036983283847250366,0.2725450090724499,0.1415048869869466,0.25955166195567203,-0.3035770298996939
994,3,2,-0.45276617337017766,-0.1752669122573054,0.3392349483532639,0.3078563526037651,0.20142597610891066,0.5233661928784131,0.06287748071622054
995,3,1,-0.11499116804239184,-0.35636557853750056,-0.1016791761996712,0.2091675559161365,-0.24610080940687767,-0.5522060534998424,-0.40678168853381785
996,0,2,0.4244804821512995,-0.5017229292474048,0.06714600707779282,0.06624888170316372,-0.2023258764477576,0.2051928781572409,0.27978394603129275
997,0,1,-0.0487001071269855,-0.028859813352133376,0.04659572114154349,-0.1457437675100656,0.6152720784767393,-0.12699250487809102,0.3342027875031345
998,3,1,-0.1821722297047157,0.17664903147744956,-0.04361666902181643,0.4275201200062853,0.004814211062094948,-0.4453493563452364,0.2470523269723172
999,3,0,-0.21183658583199852,-0.4827569720495747,-0.35767960941516486,0.4244857918413765,0.1676441157682451,-0.6450888501569865,0.1165617452627373
1000,2,2,-0.7142396206366386,0.002254665768098796,-0.1141678642391172,0.36801064810453527,1.0922406843182586,0.44436563210943747,-0.1455287120737887
1001,3,1,-0.3158807230963898,-0.890102143559962,-0.16998688566931316,-0.05046891270406676,0.8558785880212572,0.2500346844532259,-0.026223856745304093
1002,1,2,-0.7187875457154126,-0.3950103730383354,0.3224786727174437,0.4323177834220604,-0.19065611547793934,0.38132105747605216,-0.12903758478423857
1003,3,1,0.10852542380145741,0.22904158366020164,0.7218380734027496,0.3034566971493945,-0.27397678331584335,0.7305552282428691,-0.19438360022725826
1004,0,1,-0.3369896827102451,0.31492309504718863,-0.6418246207190328,0.3286717768891269,0.09185403129780843,0.11734874676182544,0.20976056728545994
1005,0,2,-0.11024335887822918,-0.41905977169467923,-0.07238093692123984,0.610742503044323,0.31405769988262044,0.283835458166792,0.07792012455414159
1006,0,2,0.41462914554810104,0.2730227679616962,-0.029959260491249962,-0.3429030272785544,0.3300931566626592,-0.37371339401960657,0.08916225256870071
1007,1,1,0.29778982940398524,-0.3412415369352678,-0.30183009240668174,0.20746493035809774,0.508692499913599,0.07053554806714687,0.12789694100469928
1008,2,1,0.0454640567822617,-0.16056336586835135,0.8157088366380436,0.3872722261369367,1.0230409062991137,0.1705061673688118,0.29863350653413184
1009,1,2,0.3096748038838574,-0.48913405701034085,-0.04960529058993496,-0.5537262187851243,-0.30892697821788706,0.3120475637817801,0.1462382096748877
1010,0,1,0.2505686255770514,1.6399585115315802,-0.603708700433196,0.8208934043117744,0.3810753946880244,0.5627710605271442,-0.3227525635502878
1011,3,2,-0.10562742140641694,-0.23699118723036866,-0.2444913626096029,-0.05482942939755569,-0.0014164694565509586,1.0163879153683175,0.6450308062395842
1012,1,1,0.21236999685390892,-0.276552951061516,0.6568156820818557,0.17724595191370715,0.032889601260390346,-0.2387556472514272,-0.20893979721371683
1013,3,0,0.5851709000168027,-0.4205157375733408,-0.3346844627200206,-0.19272633918047985,-0.012390706807932708,-0.4774329956808814,-0.24327189224809215
1014,1,0,-0.23327982115471085,0.4401620025883848,-0.11709417135440654,0.6747506876783694,-0.49365010180480845,1.0286572471571198,-0.4423085457074779
1015,2,2,0.024586770793922713,0.847683687006525,-0.3371685677528107,-0.2953096725133545,0.16864681080142885,0.5319354501818784,0.08909861805428432
1016,2,1,-0.8901667203456771,-0.5985585020293624,-0.46716602652416195,-0.0832949766884214,-0.6606486316773791,0.6801439000554713,-0.0002461064239983385
1017,2,1,-0.5199329531541472,-0.06220667271678959,0.228801514530518,-0.4841774074681266,-0.14317630958488176,-0.3060796388055379,-0.13657550749651476
1018,1,1,-0.04669782493809042,-0.37945064580519994,0.4701092831277606,0.7329042936135111,0.5273516623108284,0.5428255161500115,-0.06410354092938904
1019,2,0,-0.3109338570137522,-0.01254285850330003,-0.4925460259676765,-0.3063519900363547,0.32042533626404,0.33283155119943214,0.6704178505133696
1020,0,1,0.013298154657064631,-0.36371252709681956,0.9139121850205145,0.21762552067648935,-0.8158766539379892,0.785502317235708,0.6938400248516717
1021,1,1,-0.2433955047869715,0.7590265984733072,0.13175777603212876,-0.19966800361590603,-0.3705739421170477,0.6330480831683151,-0.28466188218075544
1022,1,2,-0.19248693434655664,-0.35568160906772794,-0.490982907904681,-0.4375246080164217,0.538462948677168,1.0283825070287387,0.1361856058795563
1023,3,1,-0.12845497130569555,0.34352681870870994,0.26246293363950596,-1.0408977387329912,0.23804853731226489,-0.9369504141233916,0.14859005273205084
1024,1,2,-0.40963246196318537,0.3848553780472689,0.10847087956839624,-0.16438462832435485,0.36849446440523953,0.012968277266286243,0.05067889103513946
1025,0,1,0.2320903221461336,-0.3464412126912103,-0.011029282618905524,-0.5447365182536674,-0.08233922576811127,0.9262887576915511,-0.08636447369909367
1026,2,2,-0.4601055478539693,0.5429872852671519,0.20474842643456162,-0.42878637403394737,-0.2771952356572041,0.1172681191036842,0.13096437937858155
1027,1,1,-0.07872199970289316,-0.1476049825341647,-0.010200240187946685,0.007090960650030968,0.08440208981698258,0.2701171857559419,0.023141293627622777
1028,1,1,0.5257740117445084,-0.39833049636391105,0.17921345673239078,0.22000559877447204,0.8248347358942167,-0.47031749365713293,-0.47378524055081006
1029,3,2,-0.03862997598871765,-0.6050927336386217,0.2848134520183953,0.4745119075295369,1.2175960566606623,0.07746590458052426,-0.2072462464652969
1030,2,0,-0.4055375641188075,0.030881130626418868,-0.3532699915834626,-0.1474735880792943,0.2203370823887722,-0.3537007252485487,0.02645547701921922
1031,1,2,-0.3571318879046469,0.07527042774724363,0.79025686086814,0.015159207430049948,0.09711961935681172,0.2198610688167335,0.25969101346221557
1032,2,0,0.18026154146136783,-0.7236513171134176,0.18886676077191944,1.1720069714302173,0.4106674047136152,-0.47068076937014025,-0.08247339633337812
1033,3,0,0.2319946863461297,-0.19137401188534867,-0.24775057732991734,-0.1660790354853605,0.1539691874589628,-0.06119249395294901,0.14947669244250913
1034,3,1,-0.4471583788206914,-0.8685003484041703,-0.26040384860813304,1.2972427257904178,-0.46345645233708554,0.4561108325324833,-0.42517467963615524
1035,3,1,-0.41180271066851015,-1.124221666622305,0.29010167666459624,0.0641597541412366,-0.17849091848761567,-0.4057491826251496,0.31461030536378826
1036,2,1,0.8885911155108119,0.545036984876299,0.05294182229154454,0.036294619539456084,-0.11994332869768132,-0.22477343943629427,-0.04444390397624769
1037,2,1,-0.5184349845341926,-0.8175516140800332,-0.09645364685796232,0.9118229786542575,0.2118456363866274,-0.2828931907550024,-0.5901247054974076
1038,1,1,0.6505992532108785,-0.8309531140696212,-0.28635856935634085,-0.16547495824948738,0.5814327923467306,-0.13481209927948365,0.7550962029069929
1039,0,1,-0.0055902474333905244,-0.0359224164098321,0.0005439612179865106,-0.13651084621282153,-0.2919747056901693,0.3755983853798275,-0.29107388870633466
1040,1,0,-0.4173639464166181,-0.5546492868062566,0.051262967077374204,0.18544591820731038,0.24146745648979917,-0.1788533668196269,-0.02141301510903671
1041,1,2,-0.22202133753726683,-0.3361720567312857,0.16643943878417014,0.19633807843508452,-0.5661135439679638,0.011171220682993588,-0.040045219344121724
1042,1,0,-0.2773447612527734,-0.379256289635582,0.5695530561393787,-0.23334972808441995,0.46070521267796155,0.4284456388033223,0.015405459895701093
1043,0,1,-0.2778109023661989,-0.3848294905829257,-0.18532087305875647,-0.7977157572553273,0.07768391214486368,-1.1211655806319916,0.08743472374114893
1044,3,2,0.08553942637956022,0.22108544460316507,0.05983996008533173,0.14881601509931955,-0.02774655555843996,0.2925201876788922,0.5984497346913548
1045,0,1,-0.9454736810848252,0.19765106835628662,-0.15306453291165642,-0.48545108431628475,-0.7115078877575586,0.31779052525684803,0.3489247300898295
1046,0,1,0.42462240426805153,0.08828780354998281,-0.7815359558134761,-0.21412418087011303,0.6748403840299897,-0.16834811411968806,0.17298757208916152
1047,1,1,0.12461217927099746,0.5858694817136126,-0.2586248897049463,0.057498961084886974,0.5905606759218349,-0.0918075144042163,0.17631409120315403
1048,1,1,-0.500440109848965,-0.6093688939701094,-0.14283126804121402,0.5994403583902971,-0.6819864838908417,0.4022517452944271,-0.0933287595849446
1049,0,1,-0.8790206567967547,-0.131614627200593,0.5135917212133753,-0.18068849085720984,0.2915150446963468,0.4502898260537509,-0.6464797889440382
1050,2,0,0.7356836157970063,0.6283958736276939,0.2764687690672583,-0.31390018344621495,-0.009811128631943089,0.23255940194814043,0.05069632468451129
1051,0,1,-0.8948822173567058,-0.21822671434617547,-0.711650290677424,0.09567509627472782,0.7759983003241112,0.5900656463128812,-0.09059216783285687
1052,1,1,0.04933886912446045,0.7262924785844723,1.0667788785939447,0.5604135854733677,-0.11058143901910343,-0.866105425401117,0.37272339283638095
1053,0,1,0.17392645111097163,0.07324889959050532,0.5756443713796582,0.29844937780392317,0.044639762738677875,-0.7946651790483019,-0.11002598326770267
1054,2,2,-0.7018307375203882,-0.8607376545386874,-0.3542387142157088,-0.07323523159803791,-0.1477066578313884,0.44545648097812784,-0.09781629812599861
1055,2,1,0.49253930838208637,-0.4046742256347131,-0.10136205521326823,-0.04045908730058405,0.6009099346245357,0.5612208588193508,-0.05023004146670891
1056,1,0,-0.8731827092876131,0.026287176588743244,0.4129507277694209,-0.39560305137476465,0.9106932918283577,0.5468535710817869,0.2921016751116816
1057,0,1,-0.9867410977375719,-0.03317404887975833,0.12775163920152935,0.028793468087973822,0.23855239884282306,-0.053462719973569106,-0.0896797485198085
1058,1,2,-0.7319930730642509,-0.01493033888757328,0.08226663086214457,0.26255755369192413,0.5058623997949626,0.005174848220696526,0.25567620018190945
1059,3,1,-0.5213405539575889,-0.012846781557402875,-0.002268206763903591,0.08382488057765342,-0.15508518020779805,1.046165196241173,-0.06049793401072453
1060,2,1,0.5865056571105436,-0.7485458739524036,0.42151919165810897,-0.47201890498593163,0.32338605776898033,-0.6208636939645328,-0.2371790270548826
1061,0,2,-0.715250572117868,-0.1416988539946643,0.092311814168542,-0.17584564239286427,0.7627662018398099,0.187025593666532,0.0018113650086274398
1062,1,1,0.8358412213635089,0.045361015546746736,0.6791008354042288,0.47956172710205347,-0.33385254836406936,-0.3634353199885221,0.1184331162532467
1063,2,1,-0.015493682975618081,-0.04405572798617477,-0.08225026629858456,0.12089758516940463,0.11232818605602232,-0.09725975318845387,-0.4541979778667602
1064,2,2,0.39473788266226373,0.484455834044613,-0.005063284323752405,-0.15831584330713994,0.5010115552384891,0.2788492257985187,-0.07135050094957107
1065,0,2,0.1520419288787053,-0.44001819697521893,0.5492069524424296,0.8837311843463029,-0.4670059720870354,0.35311599359453666,-0.29379033546649663
1066,2,0,-0.4822793356525681,0.7931179806226256,-0.09279290976691452,0.31531715293838897,0.7260420426590737,-0.22142389800987958,-0.3300216994502269
1067,0,1,-0.2556700320629832,0.45025815124888713,-0.1066065819729843,-0.17262148067408817,0.016835357213943473,0.6593484023518822,0.19219954826925137
1068,0,1,0.12207611361848131,0.2739377874814315,0.09562393351720624,0.9309112109518366,0.6367467970085234,0.899479074127434,0.24095982047961353
1069,2,0,0.10386329526263449,-0.3797570924677612,-0.22027380245191455,0.36729097761885626,0.35857379166576975,-0.23676338899524477,0.09838954603844825
1070,1,0,0.8883638238023995,0.06492085628580271,-0.05413173872235364,0.2047823344918196,0.508942267086922,0.2561240904143156,-0.3301462434832496
1071,2,2,-0.5628367549865789,0.5497622083892967,0.05470537779396949,0.5908071498971754,0.4179206239205234,-0.5077904592047632,-0.15035329451164411
1072,3,1,-0.7797414329456938,0.31515876977022994,0.17409888537142892,0.928114927177632,-0.5841235229658135,0.4851468017547067,-0.33380484204432104
1073,1,2,-0.7216903850467768,0.8431171690501034,-0.5458876226502111,0.2864306530056239,-0.07173346793425531,0.6262286751291446,0.2844949082505529
1074,3,0,-0.7701163218591484,-0.9988180653550252,-0.3714744132969887,-0.014039962701812306,0.18648567603141636,-0.2430509133390236,0.13268007343060392
1075,2,0,-0.19933509767649937,-0.49357125895260556,0.21418900004378053,0.050019191765972,0.6025572713403877,0.5966239472750262,-0.24256869816896828
1076,3,2,0.054407722238884015,-1.3299818473214882,0.47448342869429877,0.38786457847804967,0.5390865513239143,0.08530180238605073,-0.1909357139254658
1077,3,1,0.8649095103251035,-0.20355846399648642,0.10227553856940474,-0.2204041002059322,0.8160030398981346,-1.0908604922116714,-0.021036748805338942
1078,0,0,-0.05424888712974822,0.07240732321751894,0.08698617548816065,0.4712659866781014,0.48192134374530715,0.7027459305454121,0.03072019598423708
1079,1,1,-0.4184956884936176,-0.20698046385709518,-0.02118042132905769,-0.8805575784413874,0.004756155291204187,0.23920907774736744,0.17317980815370465
1080,3,1,-0.039423772316915746,0.3869199914920448,-0.052242225490818854,-0.537716606235986,0.1101173526438895,0.04457753848145035,0.33977824908717846
1081,3,1,0.8925969476154765,0.4246670546120431,0.36859384602972256,-0.13239498951043466,0.3402537179687002,0.1907756813716936,-0.4883682200183706
1082,3,2,-0.3640163123187268,-0.9373003266666314,0.12573419346686884,-0.6570944817156907,0.25370401676687476,0.3322634691159094,-0.22389076114550827
1083,3,1,-0.546565464656258,-0.15394556576623974,-0.011178558768790581,0.0921167402089018,-0.15820143902560996,-0.3964501976570638,-0.3386250018111711
1084,3,1,0.1343160508667045,-0.13022138996845994,-0.3427811770145009,0.10608738729024995,-0.5002382556277535,0.015007938801977982,0.24341673804577882
1085,0,1,0.2552004983685756,-1.107961870260727,0.15309889658885467,-0.5507841688366859,0.6467675916778607,0.41094234294854004,0.06546982208656242
1086,2,0,0.25975929185855384,0.29020411022739545,-0.23687712358757654,-0.4196826594958604,-0.8281597654826829,0.3820197542129772,-0.14430265996915329
1087,0,2,0.2054759184400443,-0.4119212978807133,0.5385119785775453,0.10644398080174403,-0.21521329565471298,-0.025628037601240966,0.27328892731694304
1088,2,1,0.3967317541470071,-1.1020149322112025,-0.16608035887549338,0.3605042210088582,-0.5018572371266131,-0.06673992428662939,-0.6010333584780233
1089,3,1,0.8124600478258778,-0.2777012122336987,-0.7217830868809738,-0.1629308825620169,0.598710057215022,0.6325697589239516,-0.03241750493881432
1090,2,1,0.8228759954400139,0.03968691733780266,0.31248761055687035,0.05082277284884172,-0.04900899063063336,-0.09537408020642446,0.038688052941281074
1091,3,1,0.4141283621847843,-0.24378065479060929,0.05377007542955087,0.03074249522393488,-0.041028795618833803,0.7693413606443973,0.06964003814188974
1092,2,1,0.09046365455408967,-0.010783140109171335,0.2119430578276671,-0.8284948997084636,0.3296554372425638,-1.0533530720631101,-0.24629174904613074
1093,1,2,-0.5088722978578896,0.0004194485688536198,0.09024285816048054,0.02202921444123816,0.8936405203328186,-0.547882034467516,-0.31601540574956893
1094,3,1,-0.4150390849067306,-0.634056505797967,0.05384326042223814,-0.4841890516493722,0.03258914620481968,1.0736777296582243,-0.4037638401662224
1095,0,1,-0.7891611956573198,0.1619573810815507,0.4441001371230326,0.670234021085143,-0.7779481670100694,-0.6407948800830066,-0.14649251299753524
1096,2,0,-0.38935700808585183,-0.8802348229587535,-0.12387793259592997,0.252154377163929,0.294449471099561,-0.48053508239836606,0.36647507488509007
1097,3,0,-0.024972567426236394,-0.5894605399587912,-0.26671304866928547,-0.29095860378064314,0.33420906632283087,-0.6620539708775477,-0.02278007198265455
1098,0,1,0.31602857296119635,-0.8996331605438068,-0.42130767240674505,-0.11492970099777088,-0.4175763872748261,1.0600104788297944,-0.42242851825696254
1099,2,1,-0.7030028393833611,0.32062103010712406,0.2550164238911828,0.3408167752388269,0.03560243335178039,0.07534173903208852,0.5837674404062807
1100,0,0,0.5793788674089246,1.1628495215859742,0.9491610546288192,-0.5479410553062911,0.3330572579894211,0.32165454334467103,0.4718241995001594
1101,3,2,-0.1993331391913086,-0.44304578313552345,-0.0779991757459653,0.4362277141606064,0.44688996366598416,-0.3184132658231794,0.2624063228390135
1102,3,1,-1.038489190907612,0.43979272136247205,0.29006735254075516,-0.28581992347683255,-0.15838145881872143,0.03498184545058135,-0.8013938158144862
1103,2,1,0.06112754177701413,-0.23133515957577638,1.1254630554823049,-0.6947710048139115,-0.07306419363855488,-0.15118411626521414,-0.11335997015216966
1104,3,2,-0.5718961877401223,-0.5070301533264495,-0.11673281985311473,0.007872855135617701,0.39646564785696237,0.46162222935026187,0.6203285272945882
1105,2,0,-0.5446177892201051,-0.3890812676404469,-0.43781302464151894,1.1904078493019712,-0.22435280396894905,0.9002328748332922,0.09103640729163001
1106,0,2,-0.141351173642907,-0.4973591883381663,-0.05878502820883698,0.22715296776190877,0.43603938388165425,0.9000159272739887,0.26823830538597604
1107,1,1,-0.664595672549398,-0.33712797333970773,0.0004705535023699248,0.3795930010892462,-0.2287714029389302,-0.7006723915439377,-0.48449709358293197
1108,3,1,-0.08114508559081988,-0.6108288321460926,-0.06171011581576633,0.18426513284380944,-0.21626981199559211,-0.11473933657645821,-0.47730852455003725
1109,1,1,-0.022164789714401514,-0.43153552607055523,0.07798284709399277,0.22889979782143616,0.14973863469530085,0.4621009423386667,-0.6374045728445891
1110,1,0,0.45138445566863383,-0.39067650683983773,0.25263652630831135,0.09119345395826901,-0.20524923124410696,0.8359835423060646,-0.2332633567270579
1111,2,1,-0.579059484460763,0.43238948742601746,0.036850031686767766,0.017150255437817938,0.35276172340498296,-0.023837760610283143,0.717634353889223
1112,2,1,-0.7169667531092125,0.21114221987225493,0.5949235623764499,0.14800598812933366,0.19581394218388357,0.13145866745909912,0.4220011100369247
1113,1,0,1.1780254738153237,0.5708881410682434,0.38751317117412987,-0.37513649044084435,1.0780037093206902,0.5862438458197016,0.36373762740741916
1114,1,1,-0.41907725408188023,1.1321601345381351,-0.04422023819935637,0.21371613613031476,-0.675721492272077,0.15193635068716202,-0.07732637656808027
1115,3,1,0.5601554011070934,-1.2925652018772233,0.24238449028840844,0.296690233776185,0.05846422638202809,0.9022545597636827,0.25730092254129966
1116,0,2,-0.1759304451193237,-1.5004465239048956,-0.7046973706021465,-0.1561370317379825,0.35395936685278717,-0.3875201117800069,-0.2625783308019608
1117,1,0,-0.2918456972995319,0.1270026578432424,0.34425161740506277,0.7674827705841679,0.29019250557449716,-0.34982186827836925,-0.1303391959126375
1118,0,1,0.9688405227989262,0.06511806720676039,0.3665472632443028,0.4169569047935914,-0.6418692448953695,-0.4647112253577792,-0.01980849240222414
1119,1,0,0.3256677551955064,-0.5135734059961827,0.6274428168699081,0.48081857375509796,-0.4170981320010853,-0.15035760752806468,0.10273570428954495
1120,0,1,-0.32192841126427474,-0.21195074133616681,-0.45880626814652303,-0.6430093405545289,-0.0159992875546888,-0.06374530925621266,-0.5176253619532638
1121,1,1,-0.22542066088716536,-0.9432236311205309,0.1412452082602085,-0.3709418816778954,0.2463672865543076,0.3689255625584117,0.15114154437974128
1122,0,1,0.26499974131626425,-0.21962415770131738,-0.015114528391871851,-0.07914537742131116,0.3078661758416385,-0.26251196241626096,0.23199780674200732
1123,2,1,-0.1775212216660218,-0.5953654823168906,-0.4215335795302519,0.5932427001767863,-0.01617678108545579,0.2736428043177086,0.1493150614072147
1124,0,2,0.17082682827509396,1.1696496606596378,0.31685988496005574,0.07687000876976945,-0.4650839250206511,-0.01262038550714134,0.13632580442374956
1125,0,1,-0.2630649758440733,-0.16369843479796303,-0.14747092307350482,0.1656327004652229,-0.22899286577893233,-0.2080680702361322,-0.2149950045432855
1126,0,2,-0.1722052193316591,0.1666442752275573,0.7246446634223209,-0.6943347594293963,-0.07840360560594291,0.4053846293958404,-0.36771122088288966
1127,0,1,0.035400800843411045,0.8740531219638691,0.16467135979532704,0.016930787197358906,0.4150905943658361,1.4331879676062325,-0.003297098972320943
1128,3,0,-0.1858564712095212,-0.020044794731427423,0.43706939069300627,0.02752656417793926,0.4623316581227924,-0.4135600164575446,0.22013769762649013
1129,2,1,-0.778422492772178,-0.3203774678209602,0.19703379691741404,0.2259320657756502,0.5038519052740584,-0.0030311534465560785,0.558469238913785
1130,2,0,-0.044322191619355564,-0.10578285627601923,0.28279343372292604,0.20323661818554453,0.002403901788957809,-0.43959598811735257,-0.4282522660204925
1131,1,2,-0.5904401110127994,-0.6053608685513635,-0.26125227442548987,-0.377638545383552,-0.03947739789043677,0.34616117187468487,-0.25964709612619796
1132,0,0,-0.295161626964595,0.5033421163895493,-0.20500807329355575,-0.1424761940212379,0.4404478508294779,-0.19853232752792468,0.06430009142594843
1133,2,2,-0.326748962896409,-0.9723714733314971,0.13484271292667335,0.3015368994012082,0.0224233510223939,1.2889409031070658,0.3948622918231926
1134,2,1,-0.6297015889101447,-0.7223108014195726,0.2924677346531161,0.6626480471121549,-0.006715527496765736,0.21321213619818769,0.27465257608394533
1135,2,1,0.852710394996346,0.45355164955050187,-0.2598443576025992,0.049386529924817964,0.6008282270633348,-0.3777877043139092,-0.2737505623755125
1136,2,1,-0.85657946938538,-0.7177966182089911,-0.10676665266620021,-0.311308332182889,-0.27965815229857804,-0.6599419187227602,0.13285339462646176
1137,2,1,0.49527360360403627,-0.8501852609641634,-0.2110674956276283,0.3445913321224188,0.5854938211041545,0.8197386178999105,-0.20464182894801275
1138,1,1,-0.7259479343599204,-0.36164337425328286,-0.252469453343557,0.4609587215503837,-0.1349230377625799,0.5970088064948066,0.10826332992364741
1139,0,1,-0.3481287731640896,-0.3162221879594874,-0.018981958341392647,0.23638366652853646,0.0677563919922237,0.9280927191819487,-0.0010126696928937423
1140,0,1,0.3388647046394453,0.0655291265895889,-0.3174131559877749,0.30010176113857845,0.5525533086041013,-0.4414929616291645,0.009883584224717233
1141,0,2,-0.09220418213998245,-0.08956387981755395,-0.21084895933252532,-0.09385830292045741,-0.5966080722070928,0.24166709513002538,-0.0627934823680204
1142,1,1,0.00048254541681819196,0.059716300546765994,0.5203974116562329,0.32727300543176163,0.38551380766376,-0.3468946422809217,-0.2066312458534049
1143,2,2,0.851011321536191,0.464555804364955,0.36714602658578377,0.20841008226622973,0.4195463424881512,1.0357332323628048,-0.3361016499505211
1144,3,0,0.22871873186361927,-0.7079742799680483,-0.9838928877765044,-0.3160484972221928,0.2979643263677142,-0.5429041863495961,-0.2089640797158853
1145,1,2,0.5243812477422435,0.18185522822237024,0.398999420775847,1.0820179867444253,0.33494285774541654,0.6909245971216063,-0.020810047982433154
1146,1,1,0.0019779912997331117,0.7775821424163666,0.9076709555026853,0.5064623070771784,-0.3371052573504414,0.3033559080850617,-0.1779210799337634
1147,3,1,-0.06252677728559744,0.10743949574080405,0.17367766335086401,-0.12300322238913249,0.190080842480302,0.2585040230639673,-0.41874101300937727
1148,2,2,-0.0793227751210096,0.13415813578411953,-0.008125837091586407,0.20359646189659433,0.3827706414711872,0.2169630123655126,0.5018591354944467
1149,1,0,0.7197123963319453,-0.14901204838596296,-0.08155193836595116,-0.049860797449292574,-0.09564886782436692,0.32634160378602006,-0.21360809831321703
1150,3,0,-1.6725830158540076,-0.2508581991485476,-0.5980678319777689,-0.06332570100902565,-0.6431841271920382,0.48435156891743303,0.2230450672771008
1151,2,1,0.10197853843109267,-0.5993070393286628,0.16259504368144698,1.4223266601289404,-0.1739681020192686,-0.1693674075686318,0.014284353955079408
1152,0,1,0.15689170544206762,-0.7753593698131583,-0.2446631152606758,1.08983140583476,0.40602593480272725,-0.18796920060256248,0.39405018393508817
1153,3,0,-0.9444028036882239,0.3303129668773045,-0.21437588248366315,-0.08475972280609252,-0.3506994821841939,0.009985197639181653,-0.017215768720898802
1154,2,1,0.015713655171089747,-0.07919441632218592,0.37466812282529294,0.13458078234609686,-0.5551401475146924,0.1812539830702626,-0.1871873586074874
1155,0,1,-0.22042780822562555,0.14645805892131494,-0.09047117786792513,0.463919850658915,-0.03749674636325785,0.2873966980198447,-0.13615586421750925
1156,1,1,-0.5831467209244692,-0.4887444287730973,0.5034476111432692,0.28310564292520757,-0.11561491427771942,0.13685130473870505,-0.31756834773659154
1157,2,0,-0.0020239561467285394,0.007887498142192834,0.4216463465287156,0.5001506838437371,-0.07763947460241855,0.3669868073336232,-0.20333694919466258
1158,3,1,-0.670103270815352,0.19090574936482832,-0.5480726090274515,0.4435933283918529,0.09877503392312012,0.3434655305521199,0.31315712925933054
1159,1,2,0.6327328236109928,-0.12248109994027563,0.39299444076086343,0.3525990840383479,-0.001782266108202973,0.6208065888231988,0.19034607943049867
1160,1,1,-0.7479460472081204,0.14963931827653174,0.18836606663794536,-0.15640582504483005,-0.14588134526276197,0.33361714930353237,-0.010164015647295964
1161,2,1,-0.7038643919010006,-0.9524184965806884,-0.32045804097465624,-0.20381179896335205,0.6297707020338051,-0.6095119116991901,-0.6952627738643283
1162,2,2,-0.327871946042292,-0.06470236392776371,-0.40317278137180845,0.19596548032166866,0.6725814830117074,-0.3751026254738604,-0.3630211247211107
1163,2,1,-0.11492243832873594,-1.0575140132261767,0.307341697954255,0.6188390861960521,-0.3749885187629869,-0.025807885860079705,-0.2109481465779223
1164,1,0,0.2176639344427402,-0.386248959325856,-0.002930034807594495,0.30537383085644987,0.5615458725212332,0.40347367680909074,-0.40583193677759344
1165,0,1,0.0447816384382613,0.01790361160789783,-0.36201978847408683,0.2375594249256476,0.171324473427667,-0.6258964351407812,0.259501823182573
1166,3,1,-0.07128272275408462,0.4001678076638301,-0.4044568365018133,-0.3274226272673413,-0.5347466055287023,0.5735901193913313,0.09069190034581755
1167,3,1,-1.4039107550569006,0.4916999987085099,-0.2786250884754474,0.8434305183348271,-0.020306098125897058,-0.3342343221875437,-0.6471260645743834
1168,3,2,-0.33090949068174613,-0.23744022193574557,0.6325311345988429,0.2023007032822226,0.14856049085642714,0.892419446950341,-0.10714529894215304
1169,0,1,-0.15177189464281718,-0.3732630087572706,0.24534642631424217,-0.08363207740735983,-0.23998016753854814,0.6333684001104347,-0.1088813533437767
1170,2,0,0.3646649093198888,0.023287901193656618,-0.25100012328072374,0.21335277394114238,0.07855148949912125,0.33528567577041285,-0.018597812838203606
1171,1,1,-0.6273568365726473,0.4116789834522113,0.26944773841792397,0.48856470920813716,0.5226083327201558,0.8744124910527464,0.1615219621342851
1172,3,0,0.08722740705918733,0.2193790365577594,0.17824295222732986,0.22022608539433805,-0.05831174090887136,0.6296401099307593,-0.15071954732189832
1173,2,1,-0.3071599802326058,-0.01931630406891857,0.11923545819049483,0.32967313282314836,0.2668554687832637,-0.19329030868799926,-0.29113432780509535
1174,2,1,-0.5093710861949475,-0.299244154567739,0.017926673713668757,0.030889610157204955,0.253893881784358,0.7862512195161441,0.20993827134391274
1175,2,0,-0.11974309911813265,-0.6027188396004847,0.09229951247051298,0.33625828738031627,-0.4599786505878017,-0.9895506068684025,0.29587705026233213
1176,3,0,-0.21857358599636437,-0.4505419056093327,0.2375525088517669,0.5365459004993717,0.2722609700320501,-0.18660784304690006,-0.399218376292605
1177,0,1,-0.044180211361175954,-0.03894942681523139,-0.7942913465673606,0.0004175362045108852,-0.1988840981917014,-0.574195250166066,-0.147005667830243
1178,3,1,-0.14450526527342755,0.11635915060521387,-0.2899328836582761,0.3371396340531196,0.001626615859808932,0.396292590291195,-0.18544064637395943
1179,1,0,0.33994184340972144,-1.3025637522928672,-0.3376672327652537,-0.9723068276686375,0.1490748994649668,0.6218809477833084,0.06695961365223069
1180,1,1,0.29762924829147186,0.0031350980353069824,0.17119984765206014,-0.11476439825213493,0.25635455088731546,-0.5343952285067554,-0.3190471573144064
1181,1,2,-0.6403826306710849,-0.2517383782299584,0.05803979897735965,-0.5068857226723068,0.3923008823568636,-0.5251871403945974,-0.7222948602261
1182,3,0,0.6515132553151839,0.20132691836172342,-0.11485245481927267,-0.33807193016077375,-0.11483168175124099,-0.17236788786536442,0.145440104050425
1183,0,2,0.5825181404209994,-0.231102058467593,0.36189898233831597,0.27332145236342675,-0.39796735390157545,-0.05204161767692819,-0.6921983742620058
1184,1,1,0.3269782837395381,0.3549818832682883,-0.14252232462930245,-0.2336342879544824,-0.16631959896315973,-0.06422925060224544,0.5658837159866648
1185,3,1,-0.007947033939642995,-0.3919997270812604,-0.1832784981854014,0.32640154356017465,-0.39704181885724016,0.32036834734050973,-0.1311983668644781
1186,1,2,0.865040937238146,-0.49617494865054534,-0.09133034955340831,0.39219392713146206,0.045617277861181214,0.8298236003322574,0.5163036353179234
1187,0,2,-0.28361854819131926,0.19665334183120117,0.009954600563481037,0.5124267580239537,-0.15331906008858537,1.1666877086894245,-0.06231149049881553
1188,0,2,0.025157876278932928,-0.293339751937445,-0.9186409633341562,-0.1978619665556489,0.7686094057250833,1.3231788287480604,0.5795274967631128
1189,3,2,-0.5718615059529878,-0.42801416216748855,0.7917275577587626,0.07872113934260716,0.49186551812762613,0.514259022440342,0.047317236546134595
1190,3,0,0.0007802784887873532,-1.3070256400588909,0.012054878236242733,-0.3719692839418154,0.35159502899234907,0.018616562748811766,-0.13135864074991327
1191,2,0,0.4954763885292687,-0.6730507277428688,0.014710492555222688,0.09124295872698053,0.044870986805417006,0.05555973833346595,-0.2587422584600395
1192,1,1,-0.30479900480482125,0.99065150313359,-0.19519014848408522,0.36994552866981983,-0.042667583374006064,-0.11751283672626336,-0.16426144229200748
1193,0,2,0.30901980574449894,-0.07474523564311683,0.26359452889445345,0.9750017390177071,0.4279642928679613,0.047265300062361515,0.3378755552420369
1194,2,0,-0.5678407168276116,-0.11799569847758666,0.3389477697687164,0.006242713363580379,-0.5507615159016307,0.6875168268537555,-0.2741758672840264
1195,3,1,0.16663943768617598,-0.5980634429427317,-0.04403904359451784,-0.09928733431758269,0.6012294938459519,-0.02107691773960846,-0.12095024658484722
1196,0,1,0.7355361783359579,-0.14337358055884086,0.012814703396101813,-0.0350231385212318,-0.25020528406919884,-0.1872286439303982,0.24058658905803704
1197,0,1,-0.211915537211896,-0.25156279256238223,0.4844171258154969,-0.051019372392507326,0.019988178389289412,0.26398687097868795,0.39716171143099155
1198,1,0,-0.13533542637159518,0.17925904465678164,0.4568056495904797,0.056861326800422024,0.130603577009362,-0.2710817915386774,0.6245295312104555
1199,1,1,0.46251079669540174,0.1544850582556551,0.2928331929190646,-0.3962897452162417,-0.485146527061297,-0.28993473381567436,-0.027357680629048836
1200,1,1,0.42114719948920154,-0.5997976795372894,-0.4192999008105253,-0.9171175062252263,0.37440532729608683,0.38203889701904953,0.2700439030454143
1201,1,0,-0.11580492832280699,-0.6694009275425694,-0.09166110549806435,0.40459066462533344,-0.20143398080331695,-0.393130928456752,-0.188670446419347
1202,0,1,0.030050224754923915,-0.4648354123664191,-0.015163402428572692,0.01593292132051673,0.5217247230601445,0.8322805992878715,-0.13758847599373528
1203,3,0,-0.06961940019704041,0.28560417969831486,-0.9613286535154288,-0.42859377092249057,0.47229047347672204,-0.48248401553932796,-0.48571915124609916
1204,0,1,0.38801192319265265,-0.4736471855847425,-0.919546349703616,0.7903000856870185,0.5408333880587848,-0.1756170926681427,0.12703619281010028
1205,2,1,0.2392320036586996,0.005550367567528303,-0.8439186363963055,0.30862741434350033,0.2363272479601147,0.3086686510782759,-0.3676472932878134
1206,3,1,0.05619437110409875,0.3743731392222266,0.5000891253980131,0.4492939814609051,0.2264684015238744,-0.031113939528481294,-0.4506645256772146
1207,1,1,-0.45069044190147944,-0.8022587981489847,0.20623091221526846,0.49105980493667256,-0.9716243787403623,0.5140130884578918,-0.49692247921195487
1208,3,1,-0.8343482054002945,-0.9303686687483061,-0.1472328427296663,-0.09947211481581911,-0.021360611532432454,0.2981088724420881,-0.088370804555637
1209,3,0,-1.0312424308282468,-0.6763876457108792,-0.08501418238852101,-0.44273433229399434,0.09769069222381398,-0.01632383665439069,-0.17747719202703036
1210,0,2,0.12162019830513252,-0.4941155612168501,0.26002327511662776,0.018693151651724586,0.03560099806363378,-0.2660223436337612,-0.4370063548734986
1211,0,2,1.4372885043092714,0.5716681710796709,0.5889831366059732,0.2893154971261043,-0.2681872562044766,1.0791623871166234,0.21221394787963963
1212,0,2,0.221211329757295,-0.5609414398389829,0.09105606949571737,0.22389519524910687,0.5432044674506087,0.35639813472878723,0.0870915351174486
1213,0,1,0.36970242001055964,-0.005059521668217604,-0.487193958310709,0.5289754756724444,-0.038869289875896544,0.0473734660821893,0.4498997266385502
1214,1,1,-0.11648037820908082,0.12840919371632656,0.1409375421550981,0.5917157696431439,0.4634042135001815,-0.11655755678959281,-0.6250164880838972
1215,0,2,0.11605135961827284,0.18004900431784907,0.26300658110148495,-0.44329698543693113,0.08928423431785935,-0.004453120930539595,0.1273717607456278
1216,0,1,-0.6063674320096963,-0.7904872214892479,0.17474241144823116,-0.06574722112793037,-0.03654973249605571,0.15688303105869947,0.25048477654886814
1217,2,1,-0.035617676959507655,-0.1288456114955076,-0.580726757036241,-0.3787037000737932,0.3848599494516538,0.5215401015528364,-0.1698066844829914
1218,2,2,-0.6783024146079737,-0.643714033611296,0.08948835563745403,0.3008319779692901,-0.4934338012509852,0.26374056212595387,0.11323677640204025
1219,3,1,0.2133754355291466,-0.8099166658443303,-0.254032364851418,0.1846013635255859,0.5163087828119785,-0.010745449036415139,0.0064230109886517185
1220,1,2,-0.7068757974129313,-0.8628210315670345,-0.44703988583807314,0.5111512453478109,0.15346130312648693,-0.46077757105496886,0.16964562264246924
1221,1,1,0.423391361623095,-0.4538475905314907,-0.39921049857120017,-0.2574118813589056,-0.32690838119575694,-0.23111435307855752,-0.17309627180887396
1222,2,1,-0.0849907296189909,-0.32094281592738017,0.12537914213475573,0.2652393799385104,-0.008719570775381266,-0.9114708551309251,-0.13000762532456944
1223,2,0,0.26077146293210707,0.7783990090520915,0.1630704490347249,0.360540113505275,0.6131065179668884,0.4408001228261451,-0.2022270024255891
1224,3,0,0.12797008481924263,0.567064000952518,0.14151655234337848,-0.13519845060630603,-0.5197528515435025,0.36165034893910797,0.24292440632316362
1225,2,1,-0.7828308340961362,-1.1696028895399015,0.09067541922905423,-0.07999590354405932,0.09028681775233738,0.7957165344700672,0.1690096086310863
1226,3,1,-0.7145875431444498,-0.35068408167891507,-0.19927131556647876,-0.6988571070416962,0.6112071841177162,-0.43386916252480723,0.3344028045812305
1227,0,2,0.45236614764441785,0.13457166914943705,-0.6129558609569588,-0.5190547891423869,0.23128231537188412,0.7610954642957201,-0.24390779693045517
1228,3,1,0.13309716355907195,0.34627544839922697,0.4160305234084042,0.6579572550421974,0.5896609156071174,0.599922210256053,0.037765610453917284
1229,1,1,0.3383229770206009,0.8395175550932449,0.3400401257472208,0.2541507520437996,0.06415526043775285,1.3051142887259655,0.1980560134655116
1230,3,0,0.9701310513298468,-0.10727664805196951,-0.3890088459539497,-0.5679814306354879,-0.04987961114723796,-1.058410697989274,-0.24733817148843418
1231,0,1,0.2810171144722686,0.2228674692350384,0.44214114230790186,-0.14604875204540085,-0.22694632933066458,-0.6240851360418603,0.20862357293903167
1232,2,0,0.7429998828225307,0.0676677547095853,0.06465430238166245,-0.35335456381452757,0.18726086715683307,-0.6307765358193836,0.49449170260966285
1233,2,1,-0.14707998715323783,0.3208486571302991,0.13558109593968992,-0.28555188838431683,0.4114698917523922,0.1736597008098928,-0.1405623824274709
1234,2,0,-0.38981048283714814,-0.5864911151195965,-0.7849771306519324,-0.6140601041657527,0.4319158786580118,0.11121998101097305,-0.1827177244337896
1235,0,1,0.03075543202219863,-0.8602348020141553,-0.20817159503375163,-0.14486605635996888,0.12193369196402773,0.16688721560315742,-0.36152954077342403
1236,0,1,-0.005939395834446026,0.6556110988525552,-0.053510478765700545,-0.4217470921689373,-0.3119960510372764,0.027007168515448432,0.007274075946813685
1237,0,2,0.09172430142309401,-0.777081430023233,-0.19059265887870325,0.5668476207713936,0.26860046237445084,0.11978960444877503,0.027411425793588746
1238,0,2,0.33401942072767543,-0.09777944807540925,0.10552756573783506,0.30686954650521364,-0.5867302175676169,0.4083574871830463,-0.1951850079395368
1239,2,1,0.3618240868948208,-0.5929972179281052,0.46084248673748773,0.36146923643418416,0.1382454664475785,-0.0983890116604823,0.11062186800796817
1240,2,0,0.5796489663622937,-0.07812215047694898,0.7404250237028078,0.4416600425356964,-0.21295868047711394,-0.10546031290072053,0.2989809322747971
1241,1,1,-0.26501339679387065,-0.41209631735492847,0.5862098591161634,-0.4097636309328038,0.2880768169757088,-0.06579905240101735,0.38045059688764604
1242,3,1,-0.392356706357604,0.4031562129950046,-0.6894740907250259,0.870622159320828,0.05452705611321619,-0.8442360038696739,-0.1592226544705664
1243,1,1,0.1677162718653493,-0.5264820868483634,0.42130958633648974,0.39045216265171323,-0.23375988844723386,0.41153737486761366,0.01686681856068509
1244,1,2,0.34639305440096013,-0.4364450690576609,-0.32152294445539614,-0.20688751104816958,-0.02660907188749141,-0.1647812397564806,-0.485164842852024
1245,0,2,0.09435333010072611,-0.27381465318816633,-0.3325194667766361,-0.08539724015348717,-0.5107639338785672,0.024061139822779076,-0.3230687246349466
1246,0,1,0.07841364821405289,-0.6181672108797218,0.437696498534259,0.17883870509697133,1.5021156143101302,0.1412314505166451,-0.2928356369073424
1247,3,1,0.8804217528455521,-0.5512691891259237,-0.11342177699981514,-0.18546043484813665,1.1956788017357431,0.5896557360709825,0.42732419497267443
1248,0,1,0.18902701975325978,-0.020011456797730837,0.04363768069029368,-0.39418778975386415,0.3028372358661647,0.6733148108081108,0.10091769448599701
1249,0,2,-0.5855989138659271,0.13991730981735498,-0.5083965921549144,0.027945845462558766,0.022794755106252132,0.8504095318198337,0.19815868371205034
1250,3,0,-0.3171953218838799,0.6850275756821537,-0.1885452219331678,0.7211741873970893,-0.21676407142073487,0.13917647535157326,-0.15451531583650255
1251,3,2,0.7627881466887299,-0.5958205027661054,-0.028030484257157796,0.3324800522502909,0.6414739156503912,0.08215839829068818,-1.0646055521707096
1252,0,1,0.36117312113470723,0.4567430122758104,0.27295488490321446,0.9413206167949241,0.2842922063554567,0.22868814153487227,-0.35788656426346505
1253,2,0,-0.7690778666275263,0.11022938977687122,0.36197203355664687,-0.451891986438672,0.4271393350993739,0.12012451873451135,-0.33655205753033873
1254,0,2,-0.5138042427338686,0.25200408764983506,0.36996220091296594,0.6713813586428865,0.06059009733357246,0.40898656023382485,-0.014832164719385591
1255,2,1,0.11818129546836192,0.26136978317067106,-0.8989579151729666,-0.4298373806921101,0.06754953461452295,-0.12284981289829447,0.010379045990348449
1256,1,1,-0.2434422592882702,0.09655101024581592,-0.12493508380109607,-0.23169713015345642,0.5598795088043892,-0.18838907206830088,-0.41996764342674614
1257,1,1,0.16844023858651555,0.12220669422684313,-0.16987101362500778,-0.07730579367898117,-0.2874707212064697,-0.5094267132424085,0.25813240998100634
1258,2,1,-0.6119924619147018,0.6914834939462238,-0.309690040084596,0.6205247679000423,-0.8200699884159235,0.16662839288007192,-0.13595104722435739
1259,3,1,-0.08892605063567734,-0.16828123838614195,0.07227096499022834,-0.0854554248918523,1.0783658607106352,-0.7948412040666077,-0.10990781641074607
1260,3,0,0.0746769002276021,-0.09116860290646861,-0.08661804416842783,0.4325782771712509,0.2761384687978095,0.07957974957577028,-0.0002913196259835482
1261,0,0,0.2402031868139943,-0.20706222830858168,-0.3553136259782137,-0.6029799586835196,0.6526351675688234,-0.03564567312956893,0.3447391840228701
1262,0,0,-0.024252759912943372,0.2444721403774238,-0.38406092206825015,0.5790183515426096,0.17256198717243956,1.3774503610357576,0.4061469991131225
1263,3,1,-0.09589082361239672,0.6992928181983887,-0.021868813244784492,0.38474796331257666,0.04991775403409362,0.837408866006583,-0.3560189324954362
1264,2,2,-0.11441501837200213,-1.025062812128118,1.2708925547071894,0.3593765941423071,-0.1397759809716113,0.024920879634907633,0.06899918416889113
1265,1,0,0.1972447639806865,0.5295504926438177,0.5546552085427284,-0.46502376178611815,-0.2229851360234553,0.6665710896344356,0.15592650329477237
1266,2,1,0.26610337273424656,0.19404991645581446,-0.570514099314364,0.1799552901917269,-0.581371541929989,0.3665877549473008,0.25277500918882506
1267,3,2,-0.4177316973260239,0.8967009510288279,-0.04031858567587571,0.5550910139215675,0.4598049082544481,0.11407115101510973,0.011449098170777439
1268,1,1,-0.4541990383395057,-0.12660538629544044,0.009257234570322915,0.2395215052395784,-0.4413242516016268,-0.3667114592994588,0.24277143341977392
1269,0,0,-0.020074130084931904,-0.7618620600872158,-0.08144319439654085,-0.46863206733343926,0.5721577786883659,0.2578507953861106,-0.0360060590532719
1270,2,0,-0.6190337064350262,0.4050183607545348,0.5392667922537829,0.7129301450342969,0.08753310923335685,-0.8184188294505645,0.1610287376710264
1271,3,0,-0.2058657709446658,-0.2336987361433001,-0.24799148831198692,0.824105485042974,-0.512173923488466,-0.076892101265193,-0.3998609611226898
1272,3,0,1.105329809349264,0.07677322360399869,-0.10732037275239636,-0.6594829635779956,-0.07840010231668197,0.11187780549165674,0.16775203440329065
1273,2,0,0.1674716699097499,0.2250493788856591,0.3046890031064926,0.25708414996047296,-0.02106225222648206,-0.10498880797110685,0.4145405769968832
1274,0,0,-0.31603398071730215,0.7278165401186895,0.10930587410642431,0.218296092529297,-0.08770433475841471,0.277261420556148,0.4222837371437478
1275,1,1,-0.34023325225960427,-0.4895908503045199,0.1789080226542121,-0.45913579893184814,0.433093528308761,-0.5025404284766642,0.21971643186476783
1276,1,2,-0.4237103460306497,-1.3123792128512484,-0.34633005254507676,0.9300927682375362,-0.1557903449237215,0.04933113287326417,0.1943488031240871
1277,2,1,-0.6140111403030553,0.39827159793963607,-0.18614282886208022,-0.5401551490998522,-0.31069281802623816,-0.13905305014086264,-0.36981117662016505
1278,0,1,-0.22588573690316222,-0.38781161576240997,0.3367489359627619,-0.14918849513520357,-0.09673526170471368,-0.15437246638722893,-0.2843941395496784
1279,0,2,0.27850684497048295,-0.30485809950855774,0.09911197587396127,0.4261550792360827,0.33076737867886047,0.7009133290468803,0.07365569527883924
1280,2,2,0.38426902956412,-0.16173570724660902,0.7325428593884209,-0.2277099548430816,0.45233066992453547,-0.4267220800257764,-0.15539611086256402
1281,0,0,0.31212904700340716,-0.6069909386683441,-0.7202357024949118,-0.42912336884745994,0.2644202044293023,0.5862160883037344,-0.007502931748003096
1282,3,0,-1.0741144480982616,-0.008449293766336491,-0.3751045442940448,0.04960118933673373,-0.11242553919613851,-0.49914599187608144,0.04406661009347269
1283,1,2,0.03556981026594894,-0.16478866310732787,0.34530387098432946,-0.3260538109306643,0.6803494433976948,-0.2149977331128851,0.21262035506629176
1284,3,1,-0.47545912075512486,0.0026678064906626164,0.5186452803823957,0.13120384469329005,0.03740949398301114,0.5149864846336719,-0.5017373917325741
1285,0,2,-0.020589697557366615,-1.2412159297710457,0.3042889920163387,0.04168398626178904,-0.4409105722991848,0.12270500614514827,-0.051641765633211836
1286,1,0,-0.1379417464300934,-0.7719857851598203,0.2278631611311336,0.2736766502663737,0.22136186538110156,-0.10638270968707239,0.6232350639127648
1287,3,2,-0.2699715547491547,1.157083809271053,-0.19419936881479247,-0.40341909073728754,0.5701144586062312,0.3093937182619597,-0.05405803864480724
1288,1,1,-0.7195086441186873,-0.8936672212990519,-0.11795447891890572,-0.3145662142980501,0.788669840112677,-0.6871085477461345,0.04735783510028221
1289,0,0,-0.1505391421877535,0.5100636689539857,-0.4117243810808196,0.7247772101798792,0.2373279363816792,0.003725866546479717,0.07351988407394926
1290,2,2,-0.11378390278353964,0.3677550998883662,-0.12397130248451418,-0.5973746619412801,1.0877259234353844,0.7131578751820928,0.05591114145894249
1291,2,0,0.13883383417023848,-0.43282698027030364,-0.5192119546680364,-0.25910373437047685,-0.020466893461268572,-0.6796538295441773,0.32480751308786715
1292,1,0,-0.0754999571717522,-0.14835824830335986,0.02251402650646407,0.6342738724305363,1.2683585506408672,-0.09989746546366904,-0.12111102175263219
1293,3,2,-0.5557123950990126,-0.25731863308666864,-0.2214980116127112,0.24667796405125803,0.279372948843764,-0.21434017897487503,-0.3609703277532589
1294,0,1,0.6459063962316886,-1.1420516389161557,-0.08472942181989979,-0.4747601168582761,-0.07646996480963475,0.38330957076333305,-0.40693091081174354
1295,2,0,0.713815748765596,-1.2447347837573188,-0.2668453871744571,-0.6050866770395795,-0.9151010790167872,-0.5435605374610594,0.5624639465796294
1296,2,0,-0.2534606916561659,0.26595697783452676,0.30394938224933105,0.47847240379995587,0.48337745364786017,0.26020106831069645,-0.3512974155886468
1297,3,1,-0.7579960209580678,-0.4030549873645951,0.14846784106706787,0.029272460077265965,-0.26741737459855996,-0.45182008218068026,-0.17222609212052395
1298,3,0,1.0590172558074358,-0.5809391507698349,-0.3205718897430886,0.7449569116916391,-0.31780053182714535,-0.5061255714769504,0.48467954035189736
1299,3,1,0.7169777141968787,-0.6247825637203952,0.26869079880034974,1.5936753136147876,1.5232997078694894,-0.32795506526840246,0.08822934540412855
1300,3,1,0.28206616186573885,0.15356350725043236,-0.0011122926363405395,-0.2455536438135135,-0.41169926491080994,0.3989364881539924,-0.3077542221197703
1301,0,2,-0.8824591288329214,-0.09596240675921247,-0.2651823726737336,0.33649701337860277,-0.3883988305245234,-0.14804665613599258,-0.19522605724663875
1302,3,1,0.7629280411243455,-0.13656084062215443,-0.5671168112458311,1.284254654535536,0.04353240292884932,-0.5915423445997584,0.4417583974320831
1303,0,1,0.45427243586251553,-0.18469263699841973,0.4924137489729565,0.1421379605377366,0.8014430575778009,-0.16064387005990846,0.06901619271988717
1304,1,1,-0.41105764499476294,-0.21932490125002274,-0.23162600870851413,0.5547031028885688,0.006879427813338366,0.27873834686372695,-0.0744288534158084
1305,1,2,-1.2957777608590668,-0.719082951109321,0.39916081925200214,-0.09847561106235865,-0.46106650441306923,0.1869010247486766,-0.056208339450241236
1306,1,1,0.6307727256823954,-0.04179164731576157,0.33115379222004643,0.37384044564896424,0.33632673725140566,-0.27448589111512867,0.2153353324838899
1307,0,2,-0.40181541203429716,0.43296033208987106,-0.1549843789463406,0.3557358383821866,-0.14848485310604384,0.09136043943201944,-0.29308749416607915
1308,0,1,-0.02376758005302354,-0.49831064642809797,0.13532907453102513,-0.0019094753506904924,0.25089511801715136,1.1544127429158217,0.7024002632598711
1309,1,1,0.2518800106411301,-0.11929045904063867,-0.2743822449726747,0.1789841564946095,0.14571084975542997,0.5794280576751732,-0.15074686990571534
1310,1,1,0.4774353721187784,-0.24696036203176258,0.0768070688979395,0.16158905454507402,0.14394902714262167,0.9781330133146028,-0.18050775886979384
1311,0,1,-0.19479890216389206,-0.19685599305777507,-0.19929685022338048,0.10360782863833902,-0.06615382759111066,0.7186457700670318,-0.35626090282167927
1312,3,2,0.24685471987024074,0.14322676555618521,-0.19789207551867155,-0.1726291140544082,0.3382601593617115,-0.13179933806138452,0.2781855065385926
1313,0,1,0.07460080478884909,-0.31868745245143865,0.548919824878509,0.3470112966020773,-0.1400833662550502,0.5261215239967458,0.34358955320877255
1314,0,1,-0.15896165608601745,-0.8478789299984156,0.2641830340850168,-0.3675741934105548,-0.34410327872615587,0.34799708874505997,0.273860519791339
1315,3,1,0.1991698926732607,0.2592030135554313,-0.05332416534299858,0.8373473782230474,0.624047874223954,0.055579438401258174,-0.062080581405908795
1316,3,0,-0.18526924329456068,-0.833426041844193,0.02568485380610956,-0.4325304099714833,-0.5871905917300217,0.06262002112360901,-0.10121800844110462
1317,3,1,-0.1852136856721939,-0.5260609112624578,0.4130172497853921,0.5188473145147818,-0.512539947190557,-0.2620753004320969,0.3627726253228463
1318,2,0,-0.15779397113190974,-0.2977361777882952,-0.2669760069540413,0.1469728513325182,0.013896751511583368,-0.7792113625726446,-0.18568146298781935
1319,2,2,-0.8597177082175652,0.02564182133725837,0.0856463151188766,0.21725114325320158,0.08176418400244807,0.2837718175912901,-0.3598197796198217
1320,0,1,-0.4107484549272804,-0.3441482028471171,0.020950452738421534,-0.08488332566470688,0.4054774776969822,0.2168492082437506,-0.31670470058458844
1321,3,2,-0.6504469365820158,0.053498746436555555,-0.43784023848312315,-0.2176782464045982,-0.6053911200426573,-0.642002761311707,0.1775231768336038
1322,2,0,0.25671679315619067,0.15403108033503823,0.3551815443436917,-0.053439462470327895,-0.23371937055139078,0.3688184379375493,-0.4394228966007323
1323,3,1,-0.8614111496893507,-0.38738779755498337,-0.15764202504642763,0.08197305786623396,0.1853150791662827,1.1834655028489292,-0.3907033132809612
1324,3,1,0.8704086200524634,-0.5903459598011731,-0.7923044813935732,-0.5322644137620303,-0.35653861662077924,-0.04834225770725925,0.11863711868315702
1325,3,1,-0.013203156169202285,-0.32747859770505183,0.14340593887433697,-0.5469167700016386,0.4304843481213848,0.13386992413474694,-0.018518822314708583
1326,3,2,-0.11184051301654871,-0.5620112952256966,-0.08921025702498389,0.199611308951345,-0.606969269135172,0.09625994962737498,-0.38961967286398336
1327,0,0,-0.7368333564263643,-0.2684490952929014,-0.7617492277329158,-0.19820423944754814,0.049867871378816535,0.09922210448704172,-0.13315557926822622
1328,0,2,-0.35006678677831105,0.9251927030483035,-0.12965160823164895,0.10993696184011308,0.3886003498343821,0.1686491316990706,0.3336736030919981
1329,2,1,0.7233058776142774,-0.2196758273538247,0.523198265379833,-0.43319622591780915,0.40676753510644603,0.5858604090297918,-0.1231686425759731
1330,3,1,-0.06898350904298771,-0.6656396647898595,0.13489731369640903,0.8971469943013005,-0.43544352378543716,0.4459811995715126,0.027214176463191717
1331,3,1,-0.9001134600873577,0.38872257371700203,-0.3656530395366899,-0.214144860288059,-0.5541407567619265,-0.4646992000249234,-0.19856244139484217
1332,3,1,0.32966010840055826,0.15577135594434396,0.24852987538365853,0.1302596233204374,-0.2418938625432248,-0.5819940412010263,-0.05933499379289521
1333,3,0,0.7260568471210899,0.3665161805552153,0.06560098382230657,0.29470938529771395,-0.0011758986374780383,0.9555333609840072,-0.18668534248252572
1334,0,1,-0.335452627731472,-0.8440684699373427,0.1544056430492492,0.7743400428000846,1.2411055844068624,0.48219422202287054,-0.20079920137758964
1335,3,2,-0.1271275458839061,-0.2921155839145187,0.19904965922018203,0.06053812447917327,-0.1312063209557055,-0.39941419670505407,-0.02848683559486314
1336,1,0,0.675403825886705,-0.36139678876981196,-0.3403259239584606,-0.9824218707510871,0.05580654070264379,0.17081141783702164,0.374943232009214
1337,0,1,-1.3143395796418416,0.2078060329371985,-0.24385075426453434,-0.5181011713693494,0.058622151882548976,-0.16781426159400972,-0.47144904467706217
1338,3,0,0.5170309265257726,-0.9013821988365345,0.72477834599653,0.9371190762946987,0.5454839576201582,0.5488299301492955,-0.31551869521912346
1339,2,1,-0.42909663080269167,0.368169122592104,0.42870182302496407,0.6879318966338106,0.3129257231614532,0.30040535273181984,0.34555857131256945
1340,1,2,0.10807009395143774,-0.5783918638796955,0.4753433913708097,0.15858297932267387,0.08323556977220181,0.2068010353939161,-0.5535249918436819
1341,1,0,0.5219974566826622,0.7186079125546523,-0.1254239494522479,0.7019380928324075,0.21871284314071285,0.1263093555146151,0.1043959289474856
1342,1,2,0.3152365320889674,-0.3237755329054671,-0.07493648202823273,-0.01136212404395844,-0.8347085941084748,1.239063593296753,0.2318535443242541
1343,2,1,0.17310623840357933,0.31340519364087294,0.19831235574096862,0.652671347812941,-0.7479688636614882,0.4418091752738922,0.5288725028279545
1344,2,1,0.5543976611187197,0.10859540584149116,0.3889343622442891,0.3570546633460264,0.6090831778482215,0.24486119148793836,0.6308480482003614
1345,1,0,-0.42201125711463416,-0.5015294082892464,-0.22125080596137048,-0.6780464024268296,0.5882705268566345,-0.12627538273334973,-0.1541989361971571
1346,0,1,-0.00016221282768327794,-0.7558180417581752,0.705626179371919,0.5703748277538591,0.16073233693566805,-0.27510139800256583,0.48218060316067385
1347,1,1,-0.4714262538274364,-0.16148343015894645,-0.6044254566987313,-0.06821988868270862,-0.05220725307288413,0.7885744252262883,0.017964672541415143
1348,1,1,0.07800849552938288,-0.15439572030477838,0.07732958910076142,-0.055242217048597504,-0.1443788839919276,0.058325745179334657,-0.5369056997212325
1349,3,1,-0.337522043607864,-0.08808047719135853,-0.13577409049723807,0.35645392887693594,-0.9854636511219675,0.4057872901946923,0.09301837554112338
1350,1,2,-0.566262101150407,-0.679805710961491,-0.8754811524592365,-1.1783240356593945,-0.25701247360536394,0.6143882312486321,0.08416813550622257
1351,1,2,-0.5646153715597015,-0.6342450485897317,0.08984748051325536,0.6035881165490183,0.1038246779666002,-0.01917510099856387,0.2675992008224062
1352,2,1,0.3802064186802483,-0.9856041862740909,-0.08421839127397267,-0.24720275109291823,0.8498453293449474,0.23988943094264836,-0.12804289081126002
1353,0,0,-0.9842846857873824,-0.17698876362405477,-0.46343579873670865,0.12447220683324678,-0.10358065543919426,-0.10543074606045641,-0.14527253894074152
1354,2,2,-0.777480776953337,0.40126233398109135,-0.14704064150131746,0.2566169290795532,0.29763768001253693,-0.8952032769357675,0.13669669630632286
1355,1,1,-1.0444974611861588,-0.04808603092508523,0.1839915054203152,-0.11283926472482358,0.20536512646961202,-0.027040289552160146,0.32091047603998446
1356,2,1,-0.7359752570670411,-0.6543458243580924,0.4096793771001136,0.21610866899034276,0.41680173341901566,-0.22992863546649797,0.5143371121845745
1357,2,1,-1.0563204535925672,-0.3463474219846324,-0.24132468417103137,0.40057788019011986,-0.05297131563542681,0.004944405234589777,0.154172307161041
1358,1,2,-0.7947120771193447,0.05556847644916338,0.1777519432903127,0.3234334065812992,0.9774906859697907,0.8751364269542559,-0.2532078941389662
1359,1,1,-0.7330628852600326,0.564071588515096,-0.5092578887107896,0.7002695860979281,-0.6599250281931837,0.28125068784689966,0.03176058705443331
1360,3,0,0.6362792427497452,-0.7892321978321828,0.14768982991517143,0.46278302595820564,0.7915501009405165,0.6361160496232775,0.6788143536037177
1361,3,1,-0.10392284064359687,0.15641561586739552,-0.21492684181733,-1.0768186906722228,0.7923230930790861,0.24092252893752175,0.20462285277050657
1362,3,1,-0.5499636702755912,-0.23426800239270207,0.12707206542601404,0.2830726493678251,-0.020098254684285173,-0.03727217112581885,0.1976944062127785
1363,2,1,-1.1047092027098129,-0.4145665953804739,0.6355820418050039,0.7197975745474571,0.2604264929905378,-0.3707450326666396,-0.02581040537825252
1364,3,0,-0.524300204192732,0.2985778488319061,0.45459250236745796,-0.054153981902784476,-0.34241521614794457,-0.12075033362789198,-0.009926734960036912
1365,3,2,0.5390289105661011,-0.016361111350756602,-0.5364702426794015,-0.18850592929449916,0.3614604146391296,0.04555352536126464,-0.41047571371498415
1366,1,1,-0.3528644614097223,-0.4835156786678335,0.0628786317396666,0.019138056691712035,-0.2104306599351941,-0.23811454794555417,0.2127534797255932
1367,3,1,0.2790421956054908,-0.5260605394862246,-0.36751769133375145,0.43459635959967935,0.4470935262672431,0.08108570691467881,-0.3523021332763098
1368,2,0,0.018296044273757806,0.9253510720778132,-0.11072011540308886,-0.27929907410250915,-0.40951882507792303,-0.08118637570058429,0.12958319486125378
1369,3,1,-0.12407450257573364,-0.5635739025558135,0.41815173610482725,0.26939450580191393,-0.5835385410271585,-0.05802525500267708,0.07776263608395396
1370,1,1,-0.28860008540459847,-0.3875978569237519,-0.4600672423741161,0.2960368024642046,0.3254582341795092,-0.16655978435299537,0.5738792025508069
1371,1,1,-0.2294469758663631,1.0926386606385843,0.5124128547970911,0.5558186941385543,0.4467220165173999,0.7319796690695392,0.6167786587998948
1372,1,1,-0.33809846671932986,-0.254768236701299,0.2948769575800209,-0.27727485823845693,0.5118504553554946,0.07132301423280028,0.035023954990410756
1373,0,1,-0.5064362253664089,0.06125798278192046,-0.32755868360390167,0.3894084722744046,0.22355734790065476,-0.4081880547836527,0.24137133827010238
1374,2,1,-0.13071625719319122,0.15983403927069686,0.26120510336883324,-0.16161333005531972,0.23448799949721913,-0.6360103706542253,0.19731840306393872
1375,3,2,0.36053779884577764,0.06059565255951263,-0.10908636823581695,0.12414103480607458,0.1132663803640091,0.6816076383058823,0.11808990305870813
1376,3,2,0.12864883491238382,-0.20761325403438805,-0.0737329266904643,0.8821032007920215,0.1529461285171195,0.22470425385634385,-0.009398956988472927
1377,1,2,-0.9218186283600531,0.8886519955898423,-0.08407572063007798,0.2631712482898238,0.10380089459343153,0.12003409417724857,0.3260425893670338
1378,3,1,0.1477187678944057,-0.6244298275425745,0.7323715514987882,-0.10470267844907734,0.0386027220955602,0.543642873677086,-0.14115973958557812
1379,2,1,0.046332214911149444,-1.1666953696617361,0.21898598989182336,-0.511842021718382,0.2777450606522188,-0.88724264113886,0.11530207053952674
1380,1,1,-0.42870044490405934,1.021869033568445,0.1628938522926402,-0.516132563471001,0.05230840390057791,-0.24249434599665518,-0.1292143182880849
1381,2,0,0.28676526121318713,-0.4734456587964392,0.3890178252218969,0.15876086913960274,0.6316972896748402,-0.3423545134153062,-0.20157463589739041
1382,0,1,0.1659694429339085,-0.6999321359744322,-0.15429526024806794,0.6699961163798195,0.019095203284576114,-0.6701257241758697,-0.21369882946851007
1383,3,1,0.7926450853948539,0.431029398251098,0.4457308922712414,-0.5736503456156871,-0.5045721537866977,-0.428371393135346,0.1868604720635203
1384,3,0,-1.2160929574069947,0.3914123673819996,0.14142847787595741,-0.1804829674095838,-0.3004839959016514,0.34227041764192934,-0.23172843981533842
1385,2,2,0.2300416209433813,0.13756932835673494,-0.25293364890502085,-0.04290805168289833,-0.7622832391628603,-0.5171588689171028,-0.33740101426710584
1386,2,0,-0.6899027959134384,-0.0358099172519762,-0.0032891256345313983,0.4726709770418849,0.535351137997808,-0.057323054126606765,-0.3741039270179745
1387,3,0,-0.07395474014386977,-0.5293936868486713,0.20086230267170965,0.0649615260252874,-0.3686218805920511,0.08456764313211924,-0.45706721951662854
1388,3,1,0.12082277850416898,0.2847618320244385,0.1124118853010744,-0.411168236915331,-0.8529938674048007,0.17479398735000148,-0.06779333797754292
1389,1,2,0.6009236778914743,0.046454619424301485,0.6139133838034349,0.40012870633635467,-0.43796992347137037,0.9835781847665308,0.0443821641796903
1390,0,2,-0.035690944310892106,-0.6840088084220454,0.46640363323446093,-0.20748533107797024,0.5214017083959445,1.0991337677117574,0.1698802796327787
1391,3,1,-0.5420076796697506,-0.33173920054607753,0.2528317797713166,0.6632613729257453,-0.600763082487738,0.8759051438645534,-0.4314686874850841
1392,3,0,0.26771696114696775,-0.32350095382814226,-0.026670651592616546,0.19530102215971465,0.22600189000710433,-0.3655862412387715,-0.1837529769625543
1393,2,1,0.11966443043454525,-0.4233482695694153,0.2795011491349257,-0.28565567606432585,-0.08731065631666315,-0.8957020700352777,0.4564526558535072
1394,1,2,0.4449639356656757,-1.0969407751498526,0.15236654289074728,0.978129910747283,0.03000309951186175,0.8245744189009756,0.6918974582280396
1395,0,1,-1.4854216869706969,-1.0881070489141003,0.11180895538849464,-0.07906201969530033,-0.039778150969859184,0.8669622617465746,-0.04185705493670472
1396,1,1,-0.10942560099471074,-0.21097523691342193,-0.3094165921532891,0.4430440854268415,0.782155918539746,-0.5316365621724032,-0.04728766698683583
1397,3,1,-1.6356769530413227,0.0031679235513419612,-0.31634773505555314,0.19449925862222994,-0.3551597546315576,-0.1661621451211315,-0.017232400720259822
1398,1,1,-0.0053068726690791435,-0.36796510271919336,-0.1335184198458626,0.5676651627684512,-0.23844459521104988,0.2814968307402824,-0.14462099563262476
1399,0,1,-0.15618245104343997,0.36316153028509823,-0.5236622703533744,-0.49738934113758704,0.6070897316801794,-0.3167306356706603,-0.031332063013645675
1400,3,2,-0.5550629142658188,-1.0570624869906504,-0.27873984229349524,0.3689913704075693,0.22007697062115814,-0.3853691378904729,0.337084947204773
1401,3,2,0.07210246861472117,-0.2701402283235623,-0.14923832510783092,0.30222912565996995,-0.16514323298454725,-0.5016496675526475,0.2184131676750349
1402,3,0,-0.03530447591738704,0.17887095319825616,0.3727533887802594,0.3957116600974511,-0.0868534968946273,0.11425193846812152,-0.39395580236839944
1403,2,0,0.4019688086187957,-0.28921653692513094,-0.026575848855706442,-0.5051237073674791,-0.1257310143915177,-0.25703967061288435,-0.08739330631123778
1404,0,1,0.5816005746824239,-0.7881381460300863,0.802827125744158,0.20938419837923242,-0.4352491276095235,0.22816843264215955,0.12470446816743476
1405,3,0,-0.07912364814781539,0.2550621373123524,0.8605706194132839,0.38217386152023614,-0.21127323052573305,-0.37004660949496715,0.3932094194248482
1406,1,0,-0.23452263393356843,-0.07063161009296065,0.10307995069309256,-0.09360174573199584,-0.03545635772579145,0.11007765167406781,0.4855930496316555
1407,3,2,-0.5156003823559772,-0.2790538406755472,0.2689574240893843,-0.011681814922833966,0.1205487441004965,-0.8520787918749656,-0.38340525455722485
1408,2,2,0.49345623005361305,0.6166567368534062,0.054405184581324734,0.16919321308823687,-0.21115151834862447,0.45626524037244,0.5732640902058738
1409,3,2,-0.16767064896561584,-0.9550161161557565,0.10681647104469483,1.0053631127963294,0.7067322139373197,0.5172148770637872,-0.12915818930945083
1410,0,0,-0.23953806924327925,-0.5134321146202142,0.22788684825448932,0.03221683768094784,0.31749386609532365,0.4816106006923717,-0.04297373791790867
1411,3,2,0.18787609148290815,-0.3293408325115377,0.30822282558136505,-0.4068644963198036,0.1712420074879402,0.7772781800780354,-0.5017058172411785
1412,0,1,-0.42460116992638286,0.2416952219611638,-0.039500668190916466,0.3216838146610338,-0.5070104749124825,-0.7094890340023098,0.19383325446701774
1413,0,2,-0.24119621204609348,-0.5642438428793685,-0.2562950806808559,0.09978795865970154,0.3446355214753886,0.9512972745249275,0.22025764581246757
1414,0,1,-0.1232719369311405,-0.15843689378628442,0.4879559732633147,0.32449587961037396,-0.10138951382884369,-0.41911327399098364,-0.521777728495284
1415,0,2,0.36228542348425896,-1.041322594448842,-0.4039038567839545,0.5267368958437361,-0.0308175831174403,-0.23110026669175757,0.10848485000774123
1416,3,0,-0.6531662945705979,-0.17254952996626183,0.46399861317143787,0.2671601009777417,-0.06469485064707019,-0.41794900473940133,0.08619633233304679
1417,3,0,-0.7162351502359525,-0.5738334108248566,0.9577302382213034,-0.4050266515729405,-0.18056136373860743,0.29886633636080356,-0.0301606561199552
1418,1,2,-0.4364594536218809,-0.8734153431349432,0.05573450017387471,0.011322120069682088,0.7801089615270451,0.8087180390600675,0.3685175409423098
1419,2,1,-0.47875758522617895,-0.20841165226567127,0.13884825054189828,-0.08343599509468089,-0.11893579958304316,1.124457206136857,-0.45526004472433085
1420,1,0,-0.5258813292850395,-0.5628045101437432,-0.08994514226803413,-0.17105832108336197,0.8310859532945368,0.20445760655006068,-0.008461362917476218
1421,3,1,0.2440710774694629,-0.4020716094562443,-0.47482831082982807,-0.8409048021506407,0.09300189482456173,-0.4478624641473121,0.3911787892869849
1422,3,1,-0.38100716825816194,-0.3174153647174912,-0.08757400315807196,0.744733234508701,-0.14488914439384468,0.08691664800374421,-0.35865136702545497
1423,2,1,0.7807107101291211,-0.059735575774916755,-0.5357712626137635,-0.06994486829818967,0.25800430073011477,-0.2857498358730326,-0.14071033819861817
1424,1,1,0.35815397613724054,-0.24552653680906833,0.28941341746093324,-0.15119304854245824,-0.35875711110971004,0.11310343909538806,-0.1890673382676939
1425,0,0,-0.11212335058632956,-0.6528353816155686,-0.10196738173974074,0.15731834694512623,0.39572171694738334,0.4259530205153357,0.563886393286062
1426,2,0,-0.18503252557881295,-0.3008233247366986,0.33302271218618307,-0.46136267143619397,-0.3780530322185742,0.8049394844410842,0.7112512995540278
1427,2,2,0.21912219963900378,-0.9214884885310173,-0.12136609304279584,1.0467360188101245,0.08300988598866958,-1.0557213226161124,0.25127188110841125
1428,1,2,1.0804997457263479,-0.6675969790151697,-0.19700853539331598,0.30539019619033553,0.2617935994491412,0.21601126231617046,0.31280001981553274
1429,3,1,0.09770917982690067,-0.466735993356144,0.3370222315729173,0.3935885127905079,0.45666894520468343,0.8843238655873589,-0.24150757857187063
1430,1,0,-0.6001256667797001,0.03926140535530412,0.43524901531465443,-0.39126603211787914,0.5914087493438572,-0.021111143321361214,0.16802985107048904
1431,0,0,-0.10047161247766626,0.5492778147121549,-0.2718504664974326,-0.15232586277235508,0.17479466074615005,0.5246992255578893,0.31412170292130415
1432,1,2,1.5752103107028335,0.9765141605609443,0.239403289531634,0.012393364880561116,0.2664889170816211,-0.02361419062619216,0.026950705760332063
1433,2,1,-0.5839714778189133,-0.25437981052704606,0.7719585753860367,-0.3079094839547872,-0.018404340640132907,0.21999794633302977,0.07936532474236989
1434,0,0,-0.26579888975015853,-1.1098037835113777,-0.4707456089555855,0.13631789561543797,0.3268101379618103,0.11473274976981576,-0.4820011442614718
1435,0,1,-0.09294749443216305,-0.4406353565880097,0.19556418829816138,-0.0185287090498824,0.3863808131276248,0.4927683077010504,-0.2697074700856831
1436,0,2,-0.3936575364459921,0.5655596487907132,-0.11514626606541373,0.01100602805955315,-0.43122948666137656,0.462601817711062,-0.4784883824268282
1437,3,1,0.5595236703050902,0.24707802861712588,0.13253849104770166,-0.497149652120466,-0.09120968661255752,-0.25157379017628934,-0.06470794762639544
1438,3,2,-0.4442218017677305,0.01628589953812576,0.3560928507108333,0.4142045486577944,0.17683281536244416,0.40237577369914534,0.7822459709398931
1439,1,0,-0.16776310869385558,-0.1493401145187009,0.01499829680656703,0.9050426666743424,-0.28566607543138456,-0.0839121630541943,-0.11406873369325721
1440,3,0,0.1417076563728273,0.11601362879136709,-0.4234177830601966,0.2724557208581837,0.34358922318627216,-0.2510025184110871,-0.2946915896875718
1441,3,1,0.17094628806132836,-0.9017242089642213,0.33143091135647856,-0.26484184121957577,-0.6978946151981205,-0.11561477902502612,0.09490690990022083
1442,1,1,-0.23479892215985565,-0.8199359874854257,0.05127794026780914,-0.013794110874978754,0.2967320611926262,-0.599550412544644,-0.06306717833766723
1443,3,1,-0.04104827443219953,-0.09118311879812602,0.7156411446086892,0.48322740468311265,-0.37530414149682145,-0.1022297461992294,0.1901375014961152
1444,2,1,-0.15664226365925202,-0.5203285150691069,0.28447222364343555,0.41276953010628653,-0.08686263025411448,-0.13979674863916022,-0.38294331968945733
1445,3,2,-1.834568863631087,-0.4119149474286212,0.046394993789993594,-0.47761904347847856,0.2858630882488014,0.2768832029696698,0.17190004059679337
1446,3,2,0.2559594199415052,-0.08318125690708648,0.29127464915449164,0.19438217605143904,0.30456331920118224,-0.08698843997182443,0.09170727992637973
1447,1,1,-0.008551627056290367,-0.641752348274074,0.43733438238620725,0.7162967701961253,0.6193033938031028,0.1707555224289037,-0.20608233474105372
1448,1,1,-0.19154010533431648,0.049368154655602986,-0.41025378753355507,-0.3635244898952162,0.2632861441929138,0.07124796022983017,0.2793019979115206
1449,2,1,0.3411900801852391,-0.27726822163629206,-0.2031288756805225,-0.5959915269438603,-0.11577716078447142,-0.1962060274937152,-0.3594402794630624
1450,2,0,-1.0162623508684245,-0.06290350716072156,0.25970997063095574,0.6636033238787286,-0.9037619990090049,-0.21380499559381608,0.10356805534472902
1451,2,2,0.5201358477899971,0.1216784967790698,0.24798145485326623,-0.26947922675189256,-0.12094416635811871,-0.11940167504892721,-0.4100529075072848
1452,3,1,-0.4081332966931923,-0.2525481117070913,-0.16605166973206842,0.3330466421854753,0.17280382583404072,-0.8955519871062391,0.45186280712205795
1453,2,1,-0.5976153368895909,-0.06612725464260974,0.13046696466521493,0.07119905172737327,-0.4489648658213687,0.5697793761532541,-0.06035748950735569
1454,0,0,-0.6334848624447772,-0.47065873753338994,0.3273283309830404,0.9793017632814419,0.1323210277567556,0.1736218156577311,-0.16847028856363502
1455,1,2,0.073950034607116,-0.7866767981940487,0.11028698058409747,0.09628627915282971,-0.07126787368659887,0.5779248414097127,-0.3304749427674503
1456,0,0,-0.43599068441028954,-0.5186555399421322,-0.31908940851527356,0.7930091781831096,0.8196358594320133,0.22892992384092406,0.44325842941657756
1457,3,1,0.2532874259194111,-0.005584512011355652,-0.9426403687681311,-0.20067369334279422,-0.28204505116858836,0.5662228452327208,-0.06631797028529864
1458,3,2,-0.8286282137344759,-0.386568473641818,-0.1720098664343991,-0.35878102387728683,-0.4424095133349528,0.47679405580973844,-0.3896002708389843
1459,2,1,0.4931234223202724,0.00030770399293303385,-0.005623393160250501,0.12198751915457666,0.4156076206912432,-1.0855174818464437,-0.5462711244293145
1460,2,1,-0.2202776770700408,1.0243159862488314,-0.19029003441887005,0.1670892083208061,0.3296549074798363,-0.07159969880032654,-0.29994685516332603
1461,0,2,0.8056210597742478,-0.3083022162504391,0.21060748393495138,0.229204291398909,-0.40290061113012465,0.7476221419878203,-0.4011263204792353
1462,0,1,0.09652662828316377,0.022085703247528676,0.20680418807151668,-0.179843321943371,1.2939308223142616,0.030662783373086464,-0.36319772170785314
1463,2,1,-0.3264979921292768,-0.28069389581431103,-0.4767879292843293,0.24969628910281613,-0.2152944436303039,0.7953810988232406,-0.3752082409114143
1464,3,1,-0.24288089689591905,0.2115439619024674,0.15858493550353678,0.614973233358177,-0.16323371386256352,0.6078292555085205,0.5538136732241439
1465,2,1,-1.0663867396203892,-0.16811505822715608,0.310105708720385,0.3183846979869328,0.3835209901202208,-0.485614137567012,-0.10019534908082375
1466,3,1,-0.2371912642471387,-0.5561066742003984,0.3780926038794896,0.01596864709459306,0.34931588541177394,-0.23517046863670685,0.04957978687334779
1467,1,2,-0.7471562779774608,-0.15818709992888286,0.11352016757019923,-0.47257314219121666,0.024908746687851455,0.033287907148459236,-0.020948439807045263
1468,1,2,-0.44831902949326485,-0.12259092444969683,0.12624197500659315,0.09786840794052035,0.628416549828107,-0.3925086289311521,0.26764157304237113
1469,2,0,0.9619555951313065,-0.22204655131755852,-0.17466785652527983,0.6482672912939218,0.04172524557122201,-0.02233044767038808,-0.13512737551871648
1470,1,1,-0.6482664789047314,-0.19052565970299098,0.6548702376675207,0.7572374778181999,-0.02076066491738763,0.19839196002191706,0.17164390918460792
1471,0,0,0.1732961932896601,-0.23374340477774708,0.2997256033565059,0.0828088204797655,0.07207930653976655,0.19358465731235344,0.23063877423369358
1472,0,0,0.15335574954528422,0.020171027505022504,0.22233253568090686,-0.17153653471758307,-0.3527605245051906,0.2348819524870532,-0.1263800145246301
1473,3,1,-0.26375846125841174,-0.4753034620828055,0.2518724114585561,0.7795899093176994,0.2692200906023151,0.07721114592650911,-0.22654457194834132
1474,1,1,-0.16978803109692853,0.15864461052550008,0.4306701575530355,0.612084779246346,0.38377656551538386,0.09024340459498506,-0.23673245933256143
1475,1,0,-0.451154362403385,-0.04306870740663425,-0.12987561886176144,-0.16281157183234674,-0.5515662614062239,1.7396291572335039,0.004552511611960022
1476,0,1,0.80193503096849,-0.6210975361112385,-0.6206580478246675,-0.12623334144625512,1.0822580347783786,0.5094635657726229,-0.25184252204179053
1477,3,1,0.1711070365691725,-0.705911240218115,-0.3443059103612669,-0.20230355885879567,0.34753201101968423,-0.15962497112005128,-0.28568522922851125
1478,2,1,0.4122346413522613,0.0032063781303483807,0.6529074115628865,0.44118000242176536,-0.814599762452595,0.4728149987348924,0.27256662269034526
1479,2,1,-1.0086546260572762,-0.13768356996362113,-0.1462898512616799,0.4758313464113044,1.0996532131376326,-0.43006128652743525,-0.24806824979371078
1480,2,1,-0.19487453049800277,0.16811242735649715,0.2064780129944304,0.5127854397991903,0.2617503348852549,-0.7236309272134351,-0.34192920352323736
1481,0,2,-0.6717819899069721,-0.22116670308029873,0.19557014827349048,-0.5576801624544346,0.46332313756509264,-0.5651079085168395,-0.29762658487115895
1482,2,1,0.44254861753728136,-0.22082879999367022,0.5632154275164613,0.2941606184238992,0.8647329175600791,0.4575951548158086,0.07188006224773005
1483,2,0,-0.2601431654544294,-0.9334403935935338,0.041418374706054355,0.27097319918870144,1.181857070575939,0.7853877476612097,-0.10050170171698762
1484,0,1,-0.5073038386392614,-0.7480706519854627,0.4317659872008114,-0.049012136476862374,0.13848936305095183,-0.896398298313272,0.22461944916617488
1485,2,0,-0.06841494910165169,0.011389763914394557,0.5100821809845834,0.284113019806847,0.07724880635690247,0.6775649019724229,0.2731363054281585
1486,2,1,-0.03194817032628368,-0.3367689120877808,-0.14734199816060842,0.3296844419224702,-0.8099527117923827,-0.4433616943855001,0.1677932578337992
1487,3,1,-0.16110769110974835,-0.271377655780301,-0.055282142542948456,0.7429136653680879,0.21122023807272042,1.136348006519913,-0.23593670930062235
1488,3,2,0.691402439551519,0.0766486326312843,0.047669658187729086,0.7139787096624967,-0.6135939250494492,0.5364497210806124,0.3015121124769294
1489,1,1,0.3832454327009648,-0.6910398756386235,-0.1726031745154366,0.8239322157737489,-1.3038351693397066,0.26960613131646965,-0.49932174924560396
1490,0,1,-0.009190095225753453,-0.6163813805893857,0.07657843448258182,1.5002793704275563,0.5258683009880447,0.20155918325626868,0.5965693262251722
1491,3,0,0.1947471802267474,-0.8312121262849479,-0.0035891780012934473,-0.10897164072933305,-0.07392704153457712,0.20480791715127272,-0.04382281771569321
1492,2,2,-0.2920091705090261,-0.11062465715534678,0.5872261392883819,0.04822328282083776,0.37360291759875675,-0.08806715737454332,0.09689761052131973
1493,3,0,-0.8244619133564908,-0.2529197750105716,0.22623141647674852,-0.07233429831180696,0.34999626030268866,0.0247058207134494,0.2748981707960247
1494,3,1,-0.12525125305730503,-1.0749961561478347,0.40922441607865245,-0.03543780172654151,0.5492930539137044,0.2580100606210549,0.3180951872686258
1495,2,1,-1.3136369693954046,0.9588379771399606,0.5856913244715208,-0.005628346074947053,0.2879812165379568,0.18758008806214146,0.040798718938165016
1496,0,1,0.3545565281146478,0.1398774109062557,0.7468630855291649,-0.4211907963742726,-1.1317982068646857,-0.0685626898376574,0.10547189364546206
1497,1,1,-0.33402546108785625,0.3298593066981469,-0.15741415140760734,0.10493923514008394,-0.22355788055651488,-0.4574520466024745,0.2110952384402881
1498,3,1,-1.0797908584479488,-0.08836028230826226,0.5767660168949049,-0.01165466605675871,0.31620599002060507,0.38457631748075277,0.12947969990515534
1499,0,1,-0.05279369792124848,0.3660166928251041,0.6671543995161228,0.17276760962299956,0.4190481945276923,-0.3873147163576931,-0.09224514791967756
1500,3,1,1.2373509859871887,-0.6511946676269605,-0.17534072382725233,-0.25070072987039566,0.13522139769903982,0.212301999513328,0.32020955014389674
1501,0,1,-0.4596939358061023,-0.8337657417002821,-0.5702902969382506,0.08147821990723857,-0.19710581347781,0.053450409793232914,-0.36103670149180017
1502,2,1,-0.1823006079055391,-0.36532241822880895,0.18446520559566704,0.09992161609475568,0.28310390182117534,0.347689438584439,-0.49471409045573245
1503,2,1,0.13116817331185165,-0.539318941553747,-0.9206090756252401,0.18297088997036065,-0.07013670370056109,0.13530006082326343,0.2188187485443862
1504,3,2,-0.7139342655444777,-0.06212828949342698,0.08849646652345416,-0.6912743576135232,0.9180263824604272,-0.25317510522874453,0.12712698325530086
1505,1,1,0.665123021590519,0.23307611347988058,-0.08825551111053992,0.8766887364111865,-0.653750852951359,0.6017129339566721,-0.056261410081973114
1506,1,0,-0.3027706187476626,-0.4065620001011999,0.23863717022475978,0.027408121374945176,-0.45065762802122317,-0.31878256836855157,0.44391696021910926
1507,0,2,0.06035618343862367,-0.1933151867780289,-0.2947252173116753,0.05217285708913508,0.10650321870021191,-0.31332215837690547,-0.3470064707121575
1508,2,1,0.32615416839780065,-0.3814416078836822,-0.010505841144475192,-0.23061014166281604,-0.11394699471149582,-0.6469662433295463,-0.5460547932377539
1509,1,2,-0.16840169641072317,-0.2046248738830578,-0.05504444344320532,-0.2803268571583572,-0.21499323165398687,0.06634257785619684,-0.1286272026515622
1510,3,2,0.2588834847163233,0.3387421921132986,-0.35700378891682205,0.5775500302735873,1.017773039057565,-0.24668025030958832,-0.06109678858834768
1511,1,0,-0.9010451612369821,0.11798023058163495,0.24645029417433226,0.6762059524300503,0.7080317246758266,0.47593869289701085,-0.011859653910799618
1512,0,1,-0.8153330769490621,0.2847879717065611,0.24833774369879907,0.08201675865802167,0.3440395886034423,0.05178361491338111,0.10922342505896804
1513,1,1,-0.004944619968187888,0.9811505904128325,0.4024846277814123,-0.8948740046849383,0.3985900672598696,0.3379222805317757,0.1270236117546398
1514,3,1,-0.4519974205130808,-0.07226990538209796,-0.3098584745405693,-0.41080827181243873,0.0025872041236171045,0.3923506739877802,-0.4431850248272088
1515,0,1,-0.4212234328471708,0.013442912358584108,0.07292311602697304,0.11029498661696434,0.2180133589004346,0.45075033307423473,0.3122676595269814
1516,0,1,-0.10163333982472753,0.05920635288327161,-0.9158723017253755,-0.40334899887153025,0.8664604371616972,0.3839907977337187,-0.08383794381720124
1517,0,2,0.20996258880035765,-0.35635301058752905,-0.21151006416147955,0.1460935758095119,0.2908650926625145,0.29676335625221084,-0.3017492508803838
1518,3,0,0.5652402889025531,0.010318019265295075,-0.0414636520183727,-0.09665863879901236,0.3597306354481302,0.33992363623526733,-0.27986515567339443
1519,2,0,0.8749416530089423,-0.8365291620422004,0.34664644347667495,0.4736909052114225,0.5250048329586828,0.06046678119612972,-0.36759085176099554
1520,2,2,0.630888029486926,-0.7859854771091607,0.1960197382575358,0.7643330027310652,-0.41107174072058467,-0.1212901913920437,0.025872957922759954
1521,1,2,0.3913920985792382,-0.15413863832659208,0.9205736707233705,-0.3119022367534962,-0.16631870562233922,-0.9636703044156322,-0.30836470409919925
1522,3,0,-0.5135168975282159,-0.17490604283193137,-0.1269745549454255,0.16970516150609158,-0.3642514574189841,0.3558881342569108,0.33224938044019625
1523,0,1,-0.5354901532291639,-0.23243254808798985,-0.1233940272077132,0.6031160196342557,-0.08462432517878535,0.6721445581072973,-0.34654547352898685
1524,1,2,-0.7103466774005971,0.14171449184652937,0.10234153555850334,0.20072017190657118,-0.37742500877738805,0.29042227140579224,-0.25365473328216726
1525,0,1,-0.2953457013186851,0.10745007089282974,0.6590030018129258,-0.4078537686136996,-0.3264930795961085,-0.3816646803923822,0.3569085237925283
1526,1,0,0.04478958746362835,0.19003921056861642,-0.16440289463984004,0.9315639351919583,0.15901962412887863,0.38303847765073296,0.06973738575359605
1527,1,0,0.9455843860291803,-0.1619624803381202,0.1331272335254336,0.3171901062253626,-0.3856067680159037,-0.8230502050196727,0.7386308567269164
1528,3,1,-0.4398159634744261,-0.42399744195949196,0.24130545702562037,0.23069373308823585,0.34464153894164673,-0.16771355717190942,0.3197674876823431
1529,2,1,0.25452971209330344,-0.15725335243143915,0.05075879235900685,-0.08997770865645958,-0.11979302811423882,1.3803737447241269,0.11160259406343957
1530,0,0,-0.34409539199990835,-0.9906367713997637,-0.38895364740826194,-0.07050385012343043,-0.7889815409489042,0.5720831736312092,0.4924571498181082
1531,0,1,-0.10080586642391334,-0.4762968095037824,0.06768568026292494,-0.6546411010489972,0.3643735447383059,0.21615789553137127,-0.518348206546837
1532,0,0,-0.9710055684406388,-0.35391643067006884,-0.16471504222616212,0.29325948874265767,0.3358225998894662,0.26462427801252536,-0.012841405883515651
1533,2,0,1.1635460116952858,-0.8314101762065638,-0.43154252231485,-0.626093522445351,0.023519651392877497,-0.974747710687084,0.15559083288234113
1534,3,1,0.05472985923098325,-0.5998720756400164,0.18050969829452945,0.8867605619444321,-0.009048949543249368,-0.2789363134295004,-0.18273291327277943
1535,0,2,-0.0749748836385985,-0.551533838130091,0.1660357053472281,0.2516407150153267,-0.36031549418686487,0.9653299775488969,-0.39895952243861993
1536,3,0,-0.03324980640323645,-0.9519622365162034,0.41092271838015876,0.4396784050575001,-0.5440681497540943,0.3751246622261576,0.10346099397093421
1537,3,0,-0.7897660036031022,-0.0279588838988431,-0.23549363135626802,-0.07720922340977482,-0.19406975820027297,0.40067980466093456,-0.1254701885921236
1538,0,1,0.37861420930272527,-0.3993065141302147,-0.2681689505965448,0.3885345190431355,0.7676976761753551,0.771014417747109,0.009746576739271906
1539,0,2,0.1320015619477615,0.36232704342615896,0.39555809261401365,-0.18355009359295302,-0.43055873987225335,0.21407272397353835,0.022519676443168966
1540,3,1,0.4073127849622623,-0.56476136980602,0.15538605319985294,0.16903856870231965,-0.6574801899339554,0.021183772162889858,-0.2878309674273262
1541,3,0,0.7707568873820109,0.4064848316472829,-0.21561453188433713,0.593824512714098,-0.3318523994421559,0.05635596952538578,0.35775228768536166
1542,1,1,0.35662220755929996,-0.5125550757379088,-0.24699945807851936,-0.44470375270920537,-0.759126835186105,0.6288469737806806,-0.5902349861972176
1543,0,1,-0.2922775095073564,-0.2630164851877484,0.24796377329917932,0.28925349728114247,0.5510369960659007,-0.39614234153541306,-0.21484386786303225
1544,3,0,-0.19563256956300545,-0.8841248314139307,-0.5591535868094694,0.0029131497572636228,0.2587860847592479,0.9810804945009682,0.010511627013126296
1545,2,1,-0.7763299031045449,-1.136127902077265,0.3161288887321976,-0.112871754256195,0.4559270795381666,-0.018486420771047618,-0.3675555317761546
1546,3,1,1.1620998267107607,0.2093457133570619,-0.16669637346593863,0.5461491571263252,0.6222522921180141,0.4384360082197968,0.07326657997266955
1547,0,2,-0.7498946989138447,-0.4121956881703748,-0.2500805558642207,-0.2282765253129565,1.0582852614253375,1.5427406087581232,-0.7779407717014081
1548,0,1,0.5868828997498816,-0.560792836638609,0.9371870812333184,-0.9735013618846314,0.04536091970587285,0.29668983682631855,0.018633211633349682
1549,2,0,-0.49360665208508914,-0.018755658164278793,0.7287318628983602,0.39167661386478314,-0.4839802771211976,0.0010518669305933925,0.11925483669256669
1550,0,1,0.09856828798665399,-0.9674643665903621,-0.6867564991210262,0.17723508004151084,0.24921372677474513,-0.45823458258318617,-0.4484262433069252
1551,1,1,-0.045406399035648054,0.03430376614351108,-0.48290295863039623,-0.04900673464613905,0.827994974899225,0.2672317785680853,0.21528258023217195
1552,1,1,-0.5363859308036358,-0.11301059030802083,0.11293391438464817,0.5883453968084262,0.5862570645818398,0.7465441152097364,-0.11414838858895578
1553,3,1,0.436228021203403,-0.10316805181994167,0.3743663269900085,-0.648454608435243,0.23964278204752001,0.5982112681164377,-0.0753630326771785
1554,3,1,0.3456600510806658,-0.712789567898203,-0.012034740552751388,-0.22325291473123748,-0.41100245976734706,-0.6212371152070638,-0.17467647188843274
1555,1,2,0.03423496667446582,-0.8893849527624496,-0.2666644561560278,-0.355007080194573,0.9654756952866217,0.6404474540242676,0.16147022329124802
1556,3,1,0.4131940395154905,-0.0109248658521989,-0.03334096291862657,-0.32576599165235776,0.38662503976886625,0.5078566134513682,0.09222278259190163
1557,3,1,0.8666385720519197,0.26488887964460717,0.05955119029710474,-0.1177537503091088,-0.18980059541670793,0.05553287200199061,0.0707375926778635
1558,1,0,-0.6136010545567225,0.10233703748492254,-0.47944150180582856,-0.16614381376800058,0.20900141238791178,-0.9836459281040472,0.5637304408673445
1559,3,1,-0.28820576889572297,0.24352335037154796,-0.5213197506484747,0.5918269618192109,-0.030517266557144956,0.1797246955370852,-0.38275609083229284
1560,3,0,-0.7271569607264802,-0.11291083742233234,-0.6756984664459492,0.0864056099520343,-0.12418224404059769,-0.41757214560188005,-0.22428482833304975
1561,2,1,-0.42783350213898386,-0.46654173465531223,0.4972551022412919,-0.2589579920772174,0.49962626998400966,0.7168867028615307,0.42296238547818055
1562,1,2,-0.19100165414825793,0.3846872114241109,0.2676505984610395,0.6288412182960116,0.7426657582134091,-0.20299606540938872,0.4682257056032585
1563,0,2,-0.18348097149266698,0.09308335377710783,0.25832504893966957,-0.3366282831023301,0.1939241319894869,0.05157975256395653,-0.12481532739571069
1564,1,1,-0.006154531225048929,0.4665040950033629,-0.0492134216429434,0.3927636485433503,-0.4327503123908991,0.5167793854929787,-0.582658084991149
1565,3,1,0.7917864677286094,-0.5014867840617216,0.47457866819183486,-0.00785256197910134,0.16092773636902855,0.6134062307245358,-0.24111929610457805
1566,0,1,0.4041210134472626,-0.10571008148301844,0.0011531437456762995,-0.13959776668835722,-0.1113489690958143,-0.11240044428662363,-0.08295977700824031
1567,1,2,-0.24358032254423476,0.3089522924062382,0.38484336872865577,-0.0204551023801946,-0.04193891919721995,0.14687275300218675,0.10857772726386705
1568,3,1,0.23384973712570115,-0.63666947542636,-0.34570008704594324,-0.2470703531419948,0.5884024655757251,0.25578473450177375,-0.13829184277888468
1569,2,1,-0.3382053507957459,0.14107548668744094,0.23986268399570854,0.6067879366242775,0.014087330902583704,-0.13107721402751923,-0.07157315738084571
1570,3,1,0.4507856156957648,-0.24298869325514721,0.27487425633153945,0.304493409813502,0.0689071984194998,-0.24645592180352452,0.6218517138526076
1571,0,1,-0.2691390991321915,-0.8374915380680765,0.232598509665764,0.28980784393614695,0.6000184287705984,-0.05897321815055362,-0.09777536833972568
1572,1,2,-0.12384566494434018,-1.110291625384158,-0.07007713893247065,0.4917026261195892,-0.1931433135949653,-0.03479806921968273,0.3430053862649896
1573,3,2,-0.7675652622175011,0.10176634753549926,-0.2758815925224868,0.16516047608503012,-0.5897202006691292,0.19811592744656287,-0.001751707199477355
1574,1,2,-0.31852820357319644,-0.8387199987071968,0.16686726781443612,0.041433046885720866,0.9565687177101292,0.7483024780280003,0.21658983557635675
1575,3,2,0.95429906702233,0.26857437098139336,0.20695439424310222,-0.5234831095994282,-0.09783762586551262,0.07995954144812063,-0.07193366324257762
1576,3,1,-1.3598915242560783,-0.11780432768915791,0.238170522844417,-0.26595716464074837,0.061195884529016975,0.14891013805457598,-0.1669626289986027
1577,1,1,-0.12158604769313547,-0.3831487269714996,-0.02012317237128526,0.48568049612191533,0.4315455234961288,0.143199821851699,0.041337848718053
1578,1,1,-0.40252659752606246,0.19136376587781948,0.024722009069685847,0.29468352336970355,-0.3799216015947642,-0.24774181543841292,-0.14961264732195514
1579,1,2,-0.3549327195195814,0.08706250850580338,-0.42247583624715723,-0.2695661557100018,0.05563586112633714,-0.21886414112377037,0.04827004481160351
1580,0,1,0.5601633494148175,-0.2506897182137967,-0.19413531955658114,0.48142150795983607,-0.10223465068591818,-0.013437363437302813,-0.6899664590067706
1581,0,1,-0.47575136917974725,-0.5994579866002515,0.8064489524202786,0.20476236519968055,-0.5604708479883954,1.3445538832838098,0.613676635437467
1582,1,0,-0.8783506874092625,-1.012708156077811,0.035247723743680494,0.5072101011586644,-0.4096327079635558,0.20668796286815974,0.5305503273357696
1583,1,1,-0.2009040248803485,-0.08551252309044885,0.0007224488654571648,0.7235945106078595,0.06626623691800362,0.5574282815075916,0.486359785641016
1584,2,2,-0.1653452082033201,-0.6015502653713635,0.2479504101187805,0.1855469701622197,0.08522974208760699,0.4281625490824754,-0.13900081894780525
1585,0,1,0.2317658071666314,-0.8550876941994494,0.3278653608434008,0.00808815492921151,-0.6556691021679901,0.7089066243647573,0.007685058682847438
1586,3,2,0.6146886933027099,-0.14497386554348174,-0.3238172149921749,0.40886376340570557,1.0056840800026714,-0.1375018251945652,0.02987583047452466
1587,0,1,0.2689985722633751,-0.7135344319434719,0.2117869277412921,-0.8856285804817258,0.29879454839158964,-0.3378839010931388,-0.16797897113778523
1588,0,1,0.33372537319206863,0.6567241709655345,0.058621146354338696,-0.542938808007434,-0.7356822413637628,0.2692975577847522,-0.1117618336570183
1589,3,2,-0.4350754769033536,-1.3814192936125798,0.09855630647625213,-0.23009881655443715,0.2767759222173461,0.28642803213092993,0.4054106480603296
1590,3,1,-0.5443427088821248,0.23491862508345676,0.14944186855194783,-0.6067314228753315,-0.018297319713547092,0.8183125068991408,0.13540101776872834
1591,1,2,0.039968312776860165,-0.5135681480746231,-0.7265024407770903,0.2227763745228028,0.19980001724112392,0.07230216701233606,0.03950405665227707
1592,2,1,0.17158645942117287,-1.3451263383683258,-0.2433510330942187,1.098415649951865,0.3837397669262954,-0.6852888910300152,-0.5047909379856292
1593,0,1,0.3157706865438661,0.2845736558938986,0.1080612649003806,-0.056570499136539616,0.2816013407834571,-0.16329618386031772,0.24446744642106158
1594,0,1,0.15907451526900904,-0.723212300143679,0.16453106022711358,0.6635815965718844,0.7242724371269998,0.46265206310519014,-0.3609215282531539
1595,0,1,-0.38908201088030325,1.0853456544148194,0.7719909604460801,0.21700101878331773,0.018948079894156793,0.6904220146548099,-0.49897271211923633
1596,3,1,-0.4640582937170964,-0.9588645948385875,0.3271880684706635,-0.8222668713797952,0.21931636333900464,0.2355838724965349,0.30266305515414066
1597,3,1,0.5088535072653765,-0.4531339117604196,0.8902050528679265,0.0713209730069178,-0.5050180597056697,0.29533849628153497,0.0894107574783507
1598,3,2,0.34317396348819507,0.33369111237382554,-0.4066865191189664,-0.003366168484416716,-0.19635543509334408,0.06077340267011812,0.2069225762157352
1599,3,1,-1.057896720494369,-0.567969097506106,0.407833636244185,-0.10036697226068632,0.014874609728463536,0.08912626074079216,0.7415277358480553
1600,3,0,0.15611912334672165,1.123383265307031,0.8922064928774582,-0.4675122656883949,-0.07781831541595953,0.37302975760063745,-0.08138102613917166
1601,2,1,0.11295803634076645,0.019960530818925903,0.4851536023379396,-0.6017226107500129,-0.033179700542303195,0.0009318198614877982,-0.1071613103170692
1602,0,1,-0.5198899988661236,-0.868551932790618,0.348647965105788,0.6929571357982868,0.44548916431858837,-1.1472296118640148,0.3077420012716661
1603,2,2,-0.7436137958211031,-0.15346569374935468,0.17133976850560895,-0.36641934804751736,-0.5963162274750864,0.5611967292874953,0.6212927525444601
1604,1,1,0.32427960178146065,-0.736775505752117,0.5116307709853325,0.5292732523952248,0.7917487724216784,-0.1162712201431074,-0.31406397943986136
1605,3,0,0.11942515380519891,0.40864680077946713,-0.007321833578428128,0.20144823323051456,0.6155425059448243,-0.8416895939862374,0.14224929394313315
1606,2,1,-0.7997917064234783,0.4292290787332971,-0.4665570151523725,0.3130879205520634,-0.14962981652270482,-0.47166736360043204,-0.019380251039253123
1607,1,2,-0.1394459296426797,0.1388669259822449,-0.39572455600456435,0.20671823264119776,-0.6979663384566994,0.35369724541762837,-0.1098900646151155
1608,3,1,0.5032139611776837,-0.7309750846418362,-1.0087012256087495,0.20802436838947258,-0.2038873408480506,1.321233799945011,-0.0027921288795272354
1609,2,2,-0.3253838610211167,-0.19791779685286806,-0.06974513537438416,-0.2687241296187174,-0.14903678965917325,0.8061467054693691,0.17759763242020027
1610,2,1,0.7511167819954129,0.5384592227766999,0.07874999955403555,0.3053572330209069,-0.25245666816102436,0.24477511177154543,0.08461162120484182
1611,1,0,-0.8033610456801733,-0.5168411258793263,-0.860362591315391,-0.1886175599403377,0.41553985961949835,-0.17396169231447614,0.3666186746838067
1612,0,2,0.5609312567480668,-0.7940023485869682,0.5522580563110739,-0.008320363909249114,-0.3139839125916651,-0.3076591946893258,0.6116129430177817
1613,0,0,-0.21934044747539283,-0.6974087161947098,0.04720966112572159,0.35424911025299094,0.791724889885047,0.9143469459084255,-0.027032347762605536
1614,3,1,-0.5922427703058389,0.34915326556393667,-0.3686499933844835,0.02086526125393818,-0.12357025075828383,-0.02811623173743985,0.03995948861880087
1615,0,1,-0.2642900439618189,0.4280430205205882,-0.3652598894681039,0.47127965781465625,-0.037640027069081504,0.4868671757579869,0.0036532338886439857
1616,3,2,0.3357061506508101,-0.8957768547525348,-0.1965727440267369,0.8454960722330944,0.1222337289050478,-0.12028740753573555,-0.24367987817217024
1617,0,0,-0.7641031521790305,-0.7349954498144929,0.4048174258804845,0.6327092035794522,-0.2734149351867648,-0.09045054680841311,0.21891872847371707
1618,1,2,0.4672861614583905,-0.8844452671175942,0.3037612736942541,0.28108836016386796,0.311265855146923,0.0444945392314869,0.3725991937623707
1619,1,1,0.2465180019838014,0.16984845458419626,0.055867478373187354,-0.12733576733296392,0.42765475653756413,0.3541269834939327,0.20439800452225312
1620,0,0,-1.3085659657005226,-0.566719246671692,0.1548488184712425,0.5342105972331138,0.13493957347398347,-0.20807026214293314,-0.7640262261390844
1621,3,1,0.040859578313721584,0.1440544582712396,-0.16042420475054417,0.6545843830856487,0.41623916481566636,1.0341417205735925,-0.1943772115020361
1622,3,2,0.511293974226633,0.15135617426898432,-0.1764883064725402,0.22168558897662252,-0.5070573838400539,-0.15143008503516261,0.3707034412706124
1623,2,1,-0.4785492908584108,-0.28440371516876983,0.2321136564979521,0.6785034472909284,0.2196596425152974,0.707325536826405,-0.10628086167282716
1624,2,2,-1.460453462196604,0.6672678901865122,0.10504444812193117,0.038554988114768554,-0.05647403138778196,0.4643614232229184,-0.11466131170080088
1625,2,0,0.3119578250074322,-0.4935654805547328,0.17268701690841756,-0.4753613558233925,-0.6297691825532696,0.35311790938910603,0.5574306876043295
1626,3,2,0.4305260151370758,0.3090803470827309,-0.011039228945394431,-0.35608287614898093,-0.20987971161711694,0.5222467535857843,-0.2415981457275489
1627,3,1,0.6786930467951245,-0.4743797596528707,0.48004986747972866,-0.17226139756288514,0.060688756526039056,0.39161374729017906,-0.10997753628047811
1628,0,0,-0.6015284852642506,-0.45543550003463285,0.2945039787549242,0.030413642173217476,-0.1078463359805618,-0.4709999464165101,0.10157686572276199
1629,1,0,-0.6553450642847792,-0.5520523769454154,-0.0009026066567951685,-0.04161173704901568,0.04697776941647409,0.3982079991985661,0.19405580302872907
1630,1,1,-0.40133725613849947,0.44428369047976946,0.5908956832016576,-0.22924562532636372,-0.038602582044549465,1.202463122542834,0.30552658666693605
1631,2,2,0.5407584073322652,0.23339314555497684,-0.4212284785279037,0.40434077886565345,1.1044153826190917,0.3393300315642618,0.4104132144183577
1632,1,1,-0.6043755703423526,0.17095304877504183,-0.7130762855153141,0.03202112211577838,0.7995089405053941,-1.110522875560572,0.3088344531592017
1633,2,1,-0.07622045910773873,0.08408334350008667,-0.857979537720524,-0.043306121521834724,0.6327351037479764,0.13953297308966023,0.3566056209219434
1634,0,2,-0.9658669794385404,-0.28103877358569296,0.21595277362151402,0.6445337614549022,-0.4355329682191006,0.8091406185475974,-0.191577747428692
1635,2,2,0.6515708453020813,0.4338965581846931,0.1535120653458052,0.2772829277771873,0.3941035655374897,0.5111574326036498,-0.5295401300747484
1636,2,2,-0.11800595008377454,0.2631359926519955,0.09745998534024086,0.08526283632590181,0.8961428891076397,-0.5424464126439227,-0.32869514165213193
1637,2,0,-0.04704857430388971,-0.07465295882664574,0.8434642939296024,0.5155228947251491,-0.8615637529080895,0.4270881809129704,-0.04550971419413982
1638,1,1,1.639884420531076,1.2788364680592885,0.04928869500208072,0.786088370138012,-0.23094660405770479,0.5493886621593785,0.33710140144351736
1639,0,0,0.4274526817480736,-0.04192783873511412,-0.3955352747554902,0.09562117056715917,0.3305821723837972,-1.0350713059772676,0.34681082241705324
1640,0,1,0.19339997861670624,-0.6954289848706131,0.5408439960087991,-0.2154822194372667,0.033826147174203,0.35585501595620705,0.5350380252443027
1641,1,1,-0.09966290496180291,-0.48761064637789053,-0.44038106136496524,-0.21909888212996587,-0.17492968944193174,0.8078912563706016,0.33455720775721504
1642,0,0,-0.20239357613021425,0.3055798029765514,-0.34801699406064546,0.5669961454743916,-0.18973123343003714,-0.29940833758487173,0.011379061974382295
1643,0,0,-0.8850136774352607,0.546119100926783,1.0808309853180307,0.19553496235466133,-0.2311211040583447,0.9115622391469459,-0.38216411132650197
1644,3,2,0.35515514086920874,0.7148369099828997,0.23811340979972606,0.08611786450042003,-0.48677105684649846,-0.3382759500885393,-0.9389521713647893
1645,3,2,-0.21926726567392152,0.4229259951343235,-0.004647489801385518,-0.5450504438314652,0.8741572720736628,0.7350944117735652,0.36108725543676684
1646,2,2,-0.20530317357520056,-0.46356462282276734,0.25001155133907493,-0.13157379485071305,-0.34799748008067505,0.06611680106653256,0.3057267606769605
1647,0,2,-0.9204346806092355,-0.13529494365978373,-0.31105658836773403,0.9567763350757559,-0.21113899896531363,0.3369655908645679,-0.5069192279721595
1648,0,1,0.5449585032850037,0.5909564118813037,0.5879692512439931,-0.026417622573017382,0.20869246135336464,0.2828247238899614,0.06915688156085079
1649,3,1,-0.021990391190905456,-0.2480637798666759,-0.34023027795843375,0.37136920231993414,0.04960811367978559,0.8133966086571925,-0.22064749195839317
1650,2,1,-0.009673576714521265,0.42926129164827787,0.1318466264718597,0.20791074336849794,-0.12916443888190782,0.19804163169806924,0.3771928972297583
1651,0,2,-0.35183737459968467,0.6424922193207969,-0.6965651972862842,-0.4500541482409674,0.061588217024057125,-0.23427564765524114,0.4057900189577012
1652,0,0,0.19300935125403376,0.4007256606176537,0.15332793296488598,0.3744453444439988,0.12605270143068478,0.03440593628383484,-0.037160322675936434
1653,2,1,0.3617503438018006,0.6120273183082726,0.32070096599703846,0.1137710502458088,0.5188141625221726,-0.00761720055769588,-0.07092982806018995
1654,2,1,0.2095514364707561,-0.0127573159599709,0.7568003782550465,-0.827335681523373,0.11415958267498316,1.1370551186287063,0.1569759268126781
1655,2,2,-0.6511915677559248,0.29333054762724764,0.4823766714961888,0.5928731191734097,0.1107905063940763,-0.487571667392087,0.28632287380420374
1656,2,0,-1.0072051676708131,-1.3882350861245856,-0.0607392790581798,0.4501094658780711,0.767855415751632,0.3408629537443711,-0.46790637774237276
1657,0,1,-0.16121182795002265,0.3690382604600213,0.04603168984507838,0.1400749114209185,0.3283849404603919,0.5020509235540024,0.12503106139907072
1658,0,0,0.1539647075912037,0.4640778027569178,0.1255097406342682,-0.015917538335548116,0.31340558883198827,0.016002982414635575,0.47052910081329125
1659,0,1,-1.3963295856123807,-0.24908152844471504,-0.10565312479852469,-0.21801466745288936,-0.2178000901564059,-0.25899391276003725,0.08451788845704301
1660,2,0,-0.5868079429543789,0.4024409973716304,-0.23347188981131795,0.7515065955834038,0.540106557544577,0.6460814729223423,0.07239871920011007
1661,2,2,-0.3803935166826573,0.5478200648518595,0.03648886011917518,-0.5950079331507941,0.1609284955422271,0.26419874790341835,-0.5773033395893687
1662,2,0,-0.08771563367869424,0.011633489951855175,0.5577380611718193,0.6000327044597216,0.38431824135185016,0.13848989420946348,-0.2950277121277682
1663,2,1,0.4698608743180467,0.04647801698728957,-0.5089538607855463,0.3718372864381526,-0.18341480455584028,0.6968915174529948,-0.39599937540102215
1664,3,0,-0.3265715127521922,-0.45176622923139875,0.07081457839429862,0.10389530582034137,0.6975228954516905,0.5363143956559717,0.4281882489285294
1665,1,1,0.3598681303703072,-0.20405342690846534,0.5822235249599798,0.3851296350333306,0.09941115962077918,0.3567685057708807,0.34574883753245006
1666,2,1,-0.2738892506948718,-0.3334124948044383,-0.31529362558007246,0.8950124681949396,0.22835418606353736,-0.12156483562281209,-0.30552072571472183
1667,0,0,0.3927934917816457,-0.2508482371636511,-0.7799196205008752,0.9131962445948928,-0.5668945966296773,0.341453356262014,0.8035550668474581
1668,3,1,-0.44430115530604264,-0.6235256164462999,0.11620369169388474,-0.12478725195931618,-0.10182770753596126,-0.5237604461227204,-0.3596906127522492
1669,3,1,-0.11442290616432102,0.3471789180407321,-0.686692917180753,-0.927700535483678,0.5632419290550827,0.12977020254377983,-0.24644566920390415
1670,3,0,0.34583764253889715,0.1068446695894951,0.21129067598002876,-0.5555954428752634,0.2551071859934112,1.0531582548805407,0.14913288100616948
1671,3,2,-0.11365041431700275,-0.5378637701681696,-0.10434713207466716,-0.051111215445820986,0.4157826726427971,0.7384019455204107,-0.1257239263343149
1672,3,1,-1.3540446475231933,-0.14411091146534438,0.1613401509176277,-0.3121801649604675,0.28440775878960367,0.4575476643000258,-0.4791142811191792
1673,2,0,-0.2796006789716716,0.02321218179415177,-0.48056459903641513,0.21963569786286424,0.22893581731681076,-0.052197451851846405,0.14666690888939982
1674,1,1,0.12244089848992334,0.03337122593760258,-0.5879547565182043,0.21006593928377645,0.7118495113127905,0.5431051553706611,0.7985277626830721
1675,2,1,-0.09808801507754447,-0.4043849955613057,0.6939368654842364,-0.10889835916855765,0.20992741440539073,0.4520889690246185,-0.14024930544771236
1676,0,0,-0.6819177696882436,-0.20547194457544593,0.6490809005139907,0.4420272216048277,-0.6414043576586581,0.23818245361310936,-0.017564781127258552
1677,3,2,-0.38686059243572335,0.025830899039241323,0.2831648036499012,0.2824499389516144,0.16513534229030866,0.8645970916193354,-0.5340011816809141
1678,0,2,0.2525310629918378,-0.3214645072562796,-0.021651588606643124,-0.054841187835594586,0.13817472010032386,0.4347548357076536,0.26147781959978256
1679,3,1,0.34146238890348557,-0.5570177136188618,-0.10982871247521667,-0.27978663779033786,-0.13781640201867068,0.4976178645623066,-0.5175799633377453
1680,1,1,0.123855701779302,-0.40426860963948963,-0.47844608211750705,0.5651330689107937,0.30323951749459066,-0.2330929155194756,0.23630340097953415
1681,2,2,-0.4816245679030423,0.21588104910042547,-0.03446158115917058,0.3000407576872145,0.9545625911521863,0.7084828311307586,0.04625175121887411
1682,0,0,-0.6021802679676956,-0.17021043773683475,0.5868883737209262,0.2132624738536243,0.03446572254517315,-0.1841080108531921,0.42088227739504686
1683,0,0,0.9865444568044789,-0.04174374399872015,-0.11466103271887321,-0.17824037095578185,-0.13942618500014253,0.08647731989766264,-0.1338462350266582
1684,0,1,-0.6989981702074591,0.15884666455941351,0.2261867891651881,0.029634985268142837,-0.5204971726304326,0.526082946747247,-0.13640284978808812
1685,0,0,0.49718564468185833,-0.19279688574617632,0.28758627094491435,0.4445485773489106,-0.3964331542991444,0.346186541131249,0.41393686649578687
1686,2,1,-0.05020329139225499,-0.0041848120186751825,-0.08758852350855224,0.018553480370831564,-0.2625661758421103,-0.16258120848524896,-0.7746804251287952
1687,0,1,0.17931147808128875,-0.6022296137319817,-0.28689666652855067,0.5412458131750596,-0.13928498661185776,-0.4739093205119925,0.04431306313206518
1688,1,2,0.0770882077728906,-0.9497747808573755,-0.3856664469166255,-0.4288336226884841,-0.13204211758791548,1.0012496507318658,-0.5128589054387327
1689,0,2,-0.25273606872332066,0.36399652193275467,0.34259766320010715,0.5272022319027496,-0.028432468823096625,-0.40572657744617546,0.30246169431745207
1690,1,0,0.21678654628022706,-0.8127627375176634,-0.9073418743092365,-0.1877988807847582,0.3272715074778843,-0.548740215615461,0.7140756153025628
1691,3,1,-0.6060939048961085,-0.6802819996563266,0.33491672515732146,0.6581415212293138,-0.6202254106628461,-0.5107781053116192,0.08099907605090742
1692,2,0,-0.3032691417361707,-0.16228174219952485,-0.1309121551768366,0.252087417851031,0.4037474587679418,0.5048960705045168,-0.3305602372180875
1693,3,1,-0.01792250342456686,0.2102179612266675,-0.2845625146120319,-0.037681911379333945,-0.11157548925207271,0.3021530361183998,-0.2551872629173396
1694,3,1,-1.4637176310424065,-0.33681844246763853,0.3481049191288053,0.4958278997020614,0.0461063267562979,0.6337508498708087,-0.006670783216246237
1695,0,1,0.5801544016137494,-0.2824768428529445,-0.4079005420304574,0.6530701456351902,-0.7700546563540497,0.18220492246618,-0.04796207192494331
1696,3,1,-0.20899343699051742,-0.2155959116569885,0.046736336432399835,0.00046445629161839005,0.9359537068165504,-1.0461706838006555,0.18598970918339053
1697,0,0,-0.27014953251987417,-0.6454657082917589,0.6057588225460282,-0.9672524771577963,-0.23326317259779908,0.37110559877650595,0.5971542298724679
1698,1,1,-0.6730683416906728,0.3940578858557642,-0.21158653562179347,0.6642785035031259,0.468581624815581,0.3452329587599768,-0.3635807368240835
1699,0,2,-0.23281774927914473,0.6784126547761877,-0.5615291080569531,0.3033023277589101,0.012021287902380148,1.026925451336662,0.20823208527430964
1700,2,2,-0.8671417451110834,-0.09237794660982362,-0.16607403702730028,0.3329521539047927,0.2614826569177669,-0.04861022223202488,0.2905360755269303
1701,2,1,-0.6819410987051233,-0.22594110650016386,0.23547304181703643,0.6701276169021323,0.02820603329728689,-0.09983708306114872,-0.5802064167741326
1702,3,1,-0.5048399862305069,0.043093387898185315,-0.2855064906693969,0.2209237443734195,0.5136050191846571,-0.15336211235479982,0.12539845720999415
1703,2,0,-0.14019076917929185,-0.07718315726175753,0.37838452044965887,-0.3343968521270129,0.7922606198473029,-0.020258340930745883,0.05484012208910111
1704,0,0,-0.17221574995576253,-0.4666996223477642,-0.7307690233346056,-0.12258478672404055,0.1255350569340382,0.11515032371822449,0.5933156571571202
1705,3,2,-0.5000356743567027,-0.20510178785485933,0.2909454643702376,0.011509841382152768,0.46732100245642927,0.4197400689338765,0.050707894471303756
1706,0,0,-0.41019928286631646,-0.03651070637933884,0.5140138146428277,-0.15564871217765364,-0.8315672979365238,0.4207347064503839,-0.07298889163458681
1707,3,2,0.15921955658679884,0.14927230364940827,-0.4301182279789399,0.8309486032857136,0.2789077435925981,-0.4070896726493617,0.4834316809613911
1708,2,1,-0.5298430349327061,-1.0197745308609976,0.13045210714140745,0.39483118406787854,-0.352670812198215,-0.16924120247838212,-0.15598746855571724
1709,1,1,0.6329616666718044,-0.47108067137428966,-0.4429902781907884,-0.020285941750989807,-0.7353166547396286,0.7587870887649468,-0.30143590594442676
1710,1,0,0.18733893296634543,-0.20379053295772903,-0.6922500346164533,0.07730297292751238,-0.21091619893456073,0.31454404764541033,-0.41953908341458046
1711,1,0,-0.4797351821466147,-0.4887276405348602,0.48596821334620044,0.3565245302681964,-0.19954646343544677,0.1498031103885184,-0.3203560922918512
1712,0,2,-0.8408525632055882,0.26589039669613146,-0.3794746666664314,0.5186544480812253,0.04801693501385261,0.41139944560815955,-0.2938082526822966
1713,3,1,-0.08703899850455787,-0.02209530396615783,-0.6300627566789818,-0.4914805451362291,-0.8282721357432918,-0.25925757074335964,0.33087315153628505
1714,1,2,0.39209563281027204,-0.8148447976448343,0.07361993369062496,0.15930630191310902,0.5592119010623129,-0.25955477649420966,-0.12701598420345417
1715,3,1,-0.07787265746507793,0.32210458623721594,0.02078571059640349,0.3431409219316701,0.1803798896857659,0.4147793431171807,-0.0014419367047677854
1716,0,1,-0.09468427993545844,-0.7161142738563614,-0.19676462603819586,-0.11147250987308818,0.08010269319100022,-0.1948036928203893,0.04579598580140607
1717,2,0,-0.9087109058370689,-0.10421495222195129,0.1852649536802398,-0.620937056531415,-0.18597466737491294,0.1282693343142333,-0.15745371843202763
1718,1,0,0.27205812803203056,-0.07919907474096671,0.3412571982524961,0.12100849120688714,0.7332417315635502,-0.6660183866191178,-0.36633658076381936
1719,3,0,-0.7105895099857481,0.12052561070194492,-0.08729487164166086,-0.2336146917916172,-0.8229406938028132,0.2829256105481929,0.22127721760661181
1720,0,2,0.6558004984774818,-0.4465274006795248,-0.20500908081032457,0.038293377954672095,-0.7157551779714416,-0.5111586692991131,-0.4480570943738827
1721,3,0,-0.11764645811797607,-0.46253575287109416,0.1885026206028001,-0.2735500625640714,0.08106759306408613,-0.12806039953879936,-0.16386409727093404
1722,0,0,0.6986661340467675,-0.02700465358901674,-0.07667489069442995,0.0614676762211179,0.08339970070363527,-0.2487989520618817,0.20136712767821535
1723,0,0,0.20697762640920367,-0.5755180781445152,-1.0535696146937996,-0.011358925265432506,0.2849646763507602,0.14221142547352122,-0.0891601525043789
1724,0,0,-1.148957096920124,-0.5284549113712494,-0.19312701859709633,0.5266186594700778,0.05163773015474779,-0.5978848908631572,0.24140896687219726
1725,1,1,-0.18536052150062937,0.10213565558963725,-0.06456641613998666,0.7862045144480307,0.2897651102487665,0.740265859783226,0.3503253870784006
1726,1,1,0.16794542270399046,-1.2000025368894558,0.6793939189764677,-0.4517834428334075,0.1449963459260818,0.0003702581217013001,0.8101529335966953
1727,1,2,0.5937531405410236,0.38610508203710625,-0.6472277988262062,0.27466321494279516,0.6794584529297176,0.5939759043300693,0.11437471522579679
1728,0,0,-0.20727301962053996,-0.6897702109620788,0.3967443745450159,-0.17526398595503245,-0.5785210286805804,-0.2922199336699922,-0.34927379614115206
1729,2,0,0.12466833611220457,0.27081902814995407,-0.54408799901601,-0.46516334786893343,0.23325047240686536,0.042664214967389674,-0.3031780751880799
1730,1,2,-1.000433606683491,-0.3146889415654677,0.457945496224321,-0.3866657758067057,-0.5523789952678548,0.18782992408014906,-0.060606232265791156
1731,1,0,-0.03508948971587021,-0.4255808472704826,-0.2890072460528879,0.12844104381767635,0.9347276235918424,0.10034785110427698,-0.808363432007315
1732,2,1,-0.24049035029400562,-0.9681578532114891,0.47869492797304947,0.40563997883802416,1.0036579635131866,-0.3816519185890356,-0.16568951307553792
1733,0,2,0.18172083765192118,0.22508111436517228,0.9320178486753203,-0.7985184359855195,0.14573266164780377,0.5848037199392397,-0.3437990311185235
1734,1,1,-0.1789165619386906,-1.0398317657893665,-0.35650183760765525,0.07667420653708137,0.3810418143549532,-0.23390505542772996,0.02190304481924992
1735,3,2,-0.25147201740829406,-0.658733783288493,-0.2886378108780205,0.4345414000411327,0.5902684980315468,0.6686787038396879,-0.07171187157978388
1736,3,1,-0.19805871813140347,-0.5254012076905478,-0.3800957457588828,0.4706837399983505,0.7099985179866869,-0.07180326062819259,-0.3414408416831329
1737,0,0,0.19490816425422505,-1.3540123594130333,0.16234156819932316,0.3080220607839052,0.7412331470114865,0.7578251942781554,-0.3642732729049928
1738,3,2,0.6043776305261913,0.14971380953626798,0.4207812518536463,-0.040527288060097054,-0.2560153201562575,0.3448128952609089,-0.17278080176807317
1739,3,1,0.3379397152726409,0.35339381225944455,0.06220901632177049,1.1248451082840993,-0.05817276323184881,0.4421268964694345,0.41290589362703256
1740,1,1,0.4448714631165198,-0.05253967266997914,-0.29531051910479533,-0.155408511952947,-0.2749634418485912,0.041126343048355746,0.15362944075387755
1741,3,0,-0.6365903999407305,-0.49090799723549794,-0.34373748557017114,0.7327652560711804,-0.1369678805343249,-1.0416905374969803,0.1356437414509048
1742,0,1,-0.8520282799084683,0.6469453995626337,-0.3049975736648045,-0.3658920880004735,-0.5698318045495535,-0.09419619955205749,0.058858948264563754
1743,3,1,-0.6846500048261843,-0.11671207999131725,-0.17975087650715676,-0.8079158137725259,-0.17047403430308886,0.4051152098934053,0.3094019744902083
1744,3,1,-0.6730101648223886,-0.0840022540337217,-0.7828213624641939,0.7962969824780655,0.5663563799763889,-0.5327415214413873,0.03449261567528272
1745,2,1,0.1503970378202222,-0.047298395307645014,0.3697994494246917,0.025424000713953697,-0.3718260446898062,-0.16379069995050607,0.30895674278697066
1746,0,1,-0.18852951371201576,-0.4297992759233398,-0.46454041515362965,-0.7794588027768706,0.8496736549324019,0.4541963540478625,0.1308773557227874
1747,1,1,-0.26963318037125594,-0.1325821817505483,-0.02931000924778079,-0.24449546102854072,0.2248953663008094,-0.5041076766904224,-0.19317803451202104
1748,1,0,1.046637918745704,-1.126470146211567,0.8375541992298907,0.44967138748234725,0.16631067632733085,0.03778175505007911,-0.3838002197926113
1749,2,1,-0.26007795232702746,-0.13546025640975104,0.06728861955339208,0.01610345409252477,-0.3960798921199573,-0.6866764740471109,0.2839492170186622
1750,2,1,0.34157640546937884,-0.7593345609782668,-0.5181982849860667,-0.5913589854880809,0.506783012797997,-0.19697639442680595,-0.4257718462463003
1751,3,2,-0.0881704858126239,0.38217854022597186,0.37565089812284946,0.07091166966796086,-0.40027117195088036,0.6728967616363618,-0.38672841857960644
1752,3,2,-0.6774284760165589,-0.13723723872848853,-0.005553610129466613,0.2677905113792299,-0.3493366692214419,0.38204029054504063,-0.2752540986296716
1753,3,1,-0.9818695091981322,0.06516476956597317,-0.47866898936101565,0.021556373911597187,0.7272185550882694,0.6064720819226977,-0.009566613478517767
1754,1,2,-0.42465864776363316,-0.46891191647865826,0.33532053995209915,0.5075265683663386,0.6025356919640386,-0.5049455913127808,-0.13634350993152553
1755,3,1,0.09899998021008344,0.23517787534840376,0.170320813377242,0.6288622664123406,0.3476661227909569,0.7743293760660419,-0.07690515272823682
1756,1,2,0.15765623428485456,-0.16785876633879493,0.39969461369916515,0.1333648711544829,0.7601881440571945,0.10403830365631457,-0.34503104180738664
1757,2,0,0.53967307164752,-0.26094790536492696,0.5333348419892309,-0.3806868236245003,0.1785647923293796,-0.6805213552797389,-0.13851348386832368
1758,2,1,0.16264743261490203,0.033754012336850686,-0.6899036599682294,-0.11990098338278626,-0.035562988716023106,-0.03458657946398469,-0.07697428405326719
1759,1,1,0.8491457185117852,-0.573465488335589,0.20662492897047488,-0.1377950221888178,0.020281813607188375,0.851097405967354,0.556875064831496
1760,2,0,-0.46992053576438697,0.7276036045106864,-0.34556038132664857,0.05925509803061514,-0.4473025792082636,-0.0742621443271767,0.5837702505578182
1761,0,1,-0.4644773261932361,-0.7931872093606325,0.4956869996072971,0.7016194198262775,0.8041920495432414,-0.46708947197668704,-0.4216338660560177
1762,0,1,0.3029793627984352,-0.14607848704205773,-0.7967099073977105,0.008755640203235448,0.40261142550597634,-0.3899887217861048,-0.18179685792248468
1763,0,1,-0.1785776216930442,0.1595521835558811,0.13212464582734168,0.11008680124294798,-0.7209666259584658,0.3933937050437092,-0.31472112281535813
1764,2,2,0.45167022369968435,0.539421939198687,0.3010063706240427,1.2762215982803715,-0.3610771640649157,0.4263883102335222,0.04550653808212614
1765,3,0,0.7271829640323564,-0.7717600271356981,0.6311381464124586,0.02140486664473838,0.49502732434809704,0.0988947405327987,0.006532335666199602
1766,2,2,0.09734144423582083,-0.9836390353296425,0.18614500841467707,-0.11746948822461287,0.4069553122643454,0.35852993130550936,0.04319031651140381
1767,2,2,-0.27067931158976344,-0.4654059789719268,0.7189336108283162,0.13782176430619306,0.5091541253932487,0.2894800110862742,-0.2264814014388935
1768,2,2,-1.3720326759354586,0.3350536350823444,-0.06265693112856063,0.0550492893222348,0.5191205398317837,0.007508518482967547,0.5737140978058228
1769,3,0,-0.22649570062041263,-0.3648176886312121,-0.28776363403023364,0.1934148335989847,-0.3820890383299384,-0.1771924070046795,0.17733306024877807
1770,0,1,0.0573444586328008,-0.129165524302191,-0.17217484400967834,0.4080114665381214,-0.26179613858599826,0.2140839968858407,0.25243955918526634
1771,2,2,-0.7840129236238503,-0.307236872428546,-0.21278155683335576,0.09925092385879022,0.8125105427733736,1.1193309336385016,0.2544708822371272
1772,0,0,0.129544724585591,-0.1583061970485956,0.03717851610177073,-0.14996763707797486,0.010769803339371352,-0.5841433567470187,0.16051880323311704
1773,2,0,0.038301981996644835,-0.3566365160233762,-0.5098257236657572,0.46106879375313914,-0.7380142532909375,-0.37307458716886455,0.1146365112524572
1774,3,1,0.005161720738971851,0.20247390201472135,-0.054799390999919866,0.32507140350642033,0.2900335325308659,0.06961699533520156,0.023734860367894687
1775,3,0,0.39104354557158794,-0.5501088051992288,0.14159014715004087,0.734036070564567,-0.09575693391612493,0.3276391921236751,0.12835182679917287
1776,3,1,0.7035916202846582,0.9055331169081936,0.9321786204121475,0.18577196256294384,0.07201279291388758,1.7671673685303977,0.5504172604248653
1777,3,1,-0.6181645092926701,-0.7123294025662896,-0.5020029019965478,0.6020773159511528,-0.21606170666921592,1.1471889308752545,-0.43724235972218156
1778,3,1,-0.1677649873037209,-0.19231851274126618,0.12169503897634591,0.8603260094239418,-0.14424875615110644,0.5432159142399348,0.08778585725167003
1779,3,2,0.07845192104859239,-0.08466376564546531,0.332407701497081,1.4912171894977748,-0.26010977728315465,0.023153608054742564,0.09911734910210908
1780,3,0,0.7217475390001311,-0.2954578520638186,-0.18775765672405922,-0.11844945581692065,0.19047076262386187,-0.18213699218584697,-0.06684515258659515
1781,1,2,-0.0414936440942726,-0.5233406879463661,0.4097915108858403,0.05445613662925048,0.2185585498283927,-0.10485334401769822,-0.3115402583619331
1782,3,1,0.24762484448997255,0.628949603810083,-0.13500562786428857,0.21633875988787996,1.1837701117453787,-0.24594340289940356,0.2006613783811725
1783,3,2,-0.01995379298723371,-0.7302179503817369,-0.12034631080018375,-0.3628789785090952,0.9132159942018292,-0.03807756433604856,0.11149161478117882
1784,1,0,0.03327302753259498,-1.6609762454938044,0.43022442490431123,0.11938416030122283,0.20591138728235572,0.2120820978047577,-0.44009199075478384
1785,3,0,0.049488769780748953,0.48254817525040805,0.21382338271641146,0.6579229391036991,-0.03544810361754437,1.2543006903840748,-0.18372817462844657
1786,3,1,0.510865771048782,-0.35105725588927783,-1.0270220877869873,-0.534219050596843,0.7055915573488251,-0.3989078244954851,-0.138726770371212
1787,3,0,0.2003764218791992,0.2403000163825952,-0.3057019175494397,-0.20820279309994688,0.22637265484648245,0.3464106714367953,0.20038269694042632
1788,2,1,0.40028140810870627,0.4222176673908996,0.07276262798970931,-0.288442049507591,0.6653117258180814,0.08613544556580577,-0.26576760834677793
1789,3,1,-0.012289117984703363,0.4394229136184935,-0.8223445079285615,-0.18289486418714007,0.7913860786710711,0.7691985704601475,0.3448895865628677
1790,2,2,-0.22358668073204274,-0.3773492822157311,0.40397146539775053,-0.3303417281089705,0.3843565775161709,-0.3398684212273949,-0.48530544921192326
1791,3,1,-0.11110400388536268,-0.8394176587999649,0.7451999848904737,-0.2112584340871568,0.05987070946558888,-0.17577535195700497,0.216329716601625
1792,2,2,0.4284793498556937,-0.18281975526014,0.5880062571984492,0.7181373480357377,0.10778079247617439,-0.11400296655081718,0.2400000185575284
1793,3,1,-0.026789772965564562,0.33365639542252834,-0.24595996952476887,-0.5695583089625832,0.7255475176322381,0.06622425881643582,-0.9965406805751794
1794,1,1,-0.8686305225221188,0.5768668001689663,-0.4035222270588019,-0.6507349302230243,0.22369567647808963,-0.050182171152771265,0.5393094417006294
1795,3,0,0.15461905126492545,-1.2001017823838165,-0.32336395484870156,0.02628506691006913,0.05958532079835287,0.37805532955753146,0.19770415680041697
1796,3,2,-0.6832323126103347,0.21296089778982022,-0.413791550672211,0.1106115835729624,-0.009208340788134737,-0.2398726731389729,0.09331181412236982
1797,1,1,-1.2377608525157082,0.7887912736911213,-0.3458048213311374,0.4176293941046637,-0.5464166464352371,0.6978158241608686,0.15972682210378383
1798,1,0,-0.1461674251938631,0.9095747781572828,0.07074428046202512,-0.3266937274940034,0.1533003369059171,-0.06165170321339525,-0.43094254609991195
1799,2,1,0.7771073088128784,0.8815883795064182,-0.5268445209323501,-0.058738678302349794,0.2726327831464032,-0.4636887146300699,0.320288346456659
1800,0,1,0.3383315926016407,-0.4252056850247502,0.02924700344953997,0.7969849245393107,-0.3353158590558163,0.724770961328129,0.35168555115206046
1801,3,1,0.21272675124862908,-0.6681182092455934,-0.10243619633432317,-0.028757166768349367,0.6191159081143621,-0.10709323891331776,-0.13134023751414522
1802,0,0,-0.5245364579415741,-0.14454237110184714,-0.021121482374784662,0.23021667031844567,0.6686386391134214,-0.4902167801190075,0.07906689741653501
1803,0,1,-0.6648752775737936,0.01865160964596535,-0.03281288519107876,-0.27149004156150597,-0.05921028228236453,-0.06539658124156084,-0.3709828289056275
1804,2,1,-0.6415879827536449,-0.32234331501691216,-0.03225762502841985,-0.5035622049841362,-0.556133224504517,0.15364341745090154,-0.11505039772388256
1805,3,2,-0.31356056794894394,-0.3784681971957503,-0.37979553884712963,-0.08370158530400963,0.8102164810653516,-0.7559485771332409,0.49952089172817943
1806,0,0,-0.4926996070015419,0.13790505759687352,-0.161612385487792,0.5347543611081584,-0.5852286843991876,0.7581727664498811,0.26853349064041476
1807,2,0,-0.0649579398428933,-0.1976946441707393,-0.13622094994161132,-0.16605887269919561,-0.3755387529193253,0.5951002085628952,-0.6066426715273677
1808,3,1,0.005010689681597791,-0.051558296006371074,0.16865762012046193,-0.273201679325566,0.5446160160443184,0.32179047596219224,0.21475229364237072
1809,0,1,-0.5767760022188687,0.6193362354011792,0.09141694197190287,-0.0944372867842742,-0.7498503975525374,0.6252016882953406,-0.02934419994226225
1810,0,2,0.15438534193444878,0.14993404479892555,0.257182972745918,0.9310190580740366,-0.00436259452875167,-0.22336553851002042,0.4949087050297456
1811,1,1,-1.2358040634065681,-0.6428912490258898,-0.3837325469248953,0.2602494411792803,0.4113203679537457,0.2785825515727111,0.2306357871746439
1812,1,0,-0.4180615803116664,0.969830721259015,-0.06067779530212894,0.3124901796278209,-0.2825642370986312,0.019039267533393606,0.45529855085157933
1813,2,1,-0.39836542135047126,-0.009386846173773111,0.1463007013955122,0.4695953363617652,0.5056797486289667,0.5212875517988684,0.2135000261180679
1814,3,1,-0.5032669232903734,0.45679059955478574,-0.11836156763966568,0.24288023825073693,0.16480498411053163,0.2673875264892121,-0.08218628033380208
1815,3,1,-0.22917286809603446,-0.40648158043377747,0.028632959036452757,0.2616566500992644,0.10525206613642935,0.4524959974842755,0.2678923266881899
1816,2,1,-0.23874277664543037,-0.7723379935686632,0.520292183132678,0.0901252958999139,-0.9322079268738341,0.09292655453813811,0.10848846063900845
1817,2,2,0.011572709080232474,0.406279034573932,0.4391676467229072,-0.1993881466404594,0.7759557006373016,-0.5139061987497132,-0.20549885309625912
1818,3,0,0.08345324014551803,-0.5314187965552378,-0.2256222630116394,0.08184158738140009,0.2752434065016445,0.2805317563113011,-0.48326720062199147
1819,3,1,-1.007170179687621,-0.2961458303027665,0.13550595833233087,0.3296719817426287,0.45088593656142006,0.13512519725285072,-0.06582665288222952
1820,3,0,0.3464328553735204,-0.38439401895856534,-0.3345752232545376,0.37101442719555744,0.5854898245225812,-0.06577631464656475,-0.10778707205050878
1821,3,1,0.1093663032931132,0.19819998277940656,-0.044481531261889556,-0.5138423061772536,0.22891484069639237,-0.01844144673130091,-0.18254332540602825
1822,0,2,0.5236596995676162,0.061123800157853264,-0.6792837637001343,0.8791714870756029,0.46901270798369954,0.62709700145323,-0.0613222614222566
1823,1,1,0.6285262877206381,-0.4541514316544766,0.10523504547523205,0.04305459677922031,-0.04591379879728304,-0.010793083881357246,0.031242294248612874
1824,0,2,0.7900400031334122,-0.6094155506865551,-0.1732891871572317,-0.3775251481294377,0.2759969451433371,0.15232033924306557,0.5525368138361606
1825,3,1,0.5609859110403701,-0.5782291048811696,0.1250012183573302,0.411232583187565,-0.3177478212314601,0.2646567174356058,0.09573698138095768
1826,1,0,-0.10501740959071262,1.1573559946626089,0.4854676670352205,-0.4280023143301821,-0.4370668857302462,-0.25023243805955153,-0.4750786365929863
1827,0,0,0.6562355735270169,0.25128739530477817,-0.024087876548039677,0.5402433402162444,-0.44940687156858256,0.9510306992301873,0.16644072478142616
1828,3,1,-0.07539892679291602,-0.47808216580396556,0.18923423000871464,0.7881262237672915,-0.5565420698818225,1.0112507242747286,0.503340770472189
1829,3,0,-0.2725049475638127,-0.12184712054757195,-0.19902333951939852,-0.4320121376380388,0.18247956482583721,-0.09216184127565166,0.1346648820339599
1830,1,1,-0.03967160522085421,-0.2517131133544955,0.37924972483315705,-0.3239388969158326,-0.2176414238389376,-0.19752897098953562,-0.953691260577598
1831,3,1,0.8479568783750293,-0.20002068890678482,0.01399672574741559,0.4124138502694975,-0.16944418123027183,-0.7366756944915114,-0.16718390676268888
1832,1,1,0.46289519692114245,0.03591112190930465,0.9356605851652656,-0.7668265626733367,-0.3908265117893436,-0.7618044324399946,0.1942975128064061
1833,1,1,0.004795325116126362,-0.28324267768215217,0.6845356442800825,0.12362611900447182,-0.2209256674881084,-0.7293077809341938,-0.13674639635030128
1834,1,1,-0.0674006772400331,-0.8395968447765286,-0.2503415215682427,-0.1128253638402539,0.10729789755057298,-0.22519965637081288,-0.32483073199831514
1835,2,2,-0.5280434703555608,-0.09741609797687459,0.4590818693184384,-0.5170954475881249,-0.4716153999881179,-0.3568353049201295,-0.18257710235880606
1836,1,0,0.38982077393090964,0.8360239781113807,-0.24795360352991477,0.5249908042841669,0.9344041396538856,0.8527620804181859,-0.07286114288413982
1837,2,2,-1.9321248005391618,0.34974119273008963,0.2958307988950294,-0.012548033825358951,0.452630564699818,-0.40111701225696594,-0.12378211017758735
1838,3,0,-0.027088037415340174,0.2899490407949068,0.7159230665447293,0.09021706624757789,0.5308568713244413,0.5012922148726175,0.430906845684669
1839,3,0,-0.2578803288057903,0.007818140448376976,0.004216174975268561,0.39055186460844277,-0.5830840385541448,0.2717325189590136,-0.02478397033838081
1840,0,0,-0.40056134610182426,-0.07424116650178726,-0.6982499797417283,0.19181338561477163,-0.022469068356027147,0.4564065488536888,-0.19738862123578638
1841,1,2,0.35660140087227044,-0.13189477474545735,-0.09596203951542737,-0.5227579828871882,-0.4229517780791338,0.7482818714275512,0.33664874203204387
1842,0,2,-0.2362763547328054,0.25989915724012536,-0.3654285851397697,-0.26356527460522244,0.8238113713898965,-0.12456073875991866,0.25968801944707876
1843,3,0,0.6843382847130166,0.08182437441945034,-0.2109639959893399,1.1520470156003182,-0.22583593498364757,-0.33198444286150963,-0.105891372799727
1844,3,1,-0.730451331282804,-0.26824313268449484,0.3422469128604034,-0.6375059170492129,-0.12814704495971604,-0.4153777388184019,1.0447980642492498
1845,1,1,0.9994504776920904,-0.3262816617183524,0.6571302712732088,-0.1289817930405854,0.32946571179917705,-0.608517484801081,-0.12378085131294944
1846,2,0,-0.38776798266376,-0.26720926147068313,0.4973447715505181,-0.24314661653448638,0.5584269434497879,-0.6704391874943736,0.13927541457412104
1847,0,1,0.2800161285265341,-0.19408496179065635,-0.12408637702471173,0.14634717778824177,-0.21146493326941615,-1.1796544742350936,-0.3064044139982456
1848,2,1,-0.37621438070567315,0.10650451350827447,0.39468221727339636,0.5110138304870107,-0.19644441909126792,0.6934953437560365,-0.13626531031645592
1849,3,0,-0.3884966620249326,-0.5792152279965237,-0.7346745370356444,0.346571602658755,-0.2949959461844335,-1.2137374533497893,0.4572953137728547
1850,1,0,-0.0702149665013549,0.39392887607878535,0.8240156004717005,0.05104526119644058,0.35334783229359906,0.32803486388159275,-0.04975257316774372
1851,0,1,0.2888197149074201,0.5339650990109256,0.20575458239289324,0.3127637959389657,0.1699656989963132,0.01944187218973703,-0.24844431678299245
1852,0,0,-0.35641632321443684,-0.053425899953637404,0.08398130767365844,0.18563870503108768,-0.5400595990199973,0.11977895739270496,0.3130898991631695
1853,1,2,-0.45907138323457186,0.8245348176257237,0.0398529926390441,0.3679371568679885,0.5270468312004106,0.5601165678542787,0.4783864934124184
1854,1,2,-0.3667659187177833,-0.6166393950619115,0.9962831425287627,0.38527347167342374,0.5799713584463551,0.358376934681457,0.263447835576413
1855,2,1,-0.7709402656955417,-1.2940792842928692,0.23610016960948402,-0.09333968569627718,0.6240246141052423,-0.35840809529476836,0.12396363189665549
1856,3,0,-0.7488057648739974,-0.4870602407349386,-0.21493296966675202,-0.2284425215586412,0.44315144196452855,-0.2824051482381271,0.4625665647934015
1857,1,1,-0.008829726329931897,-0.21373065216501969,-0.026701581398863906,-0.09005574729639947,-0.10046727168337899,0.0333600442280957,-0.4450333253997557
1858,2,1,0.32501330119492133,-0.9652073913772692,-0.4174033139979436,0.727280583375924,0.28934772795301167,0.48483001753353683,0.04593655618773474
1859,3,0,0.305718241843956,0.4789641659104409,0.33785800374998864,-0.15586370727674678,-0.6991787412999466,0.18322517219147982,-0.3409381991273731
1860,2,1,-0.13584619989142618,-0.726768161166587,0.41464286771376835,0.8481371559292249,0.51090441894955,-0.34468536685893325,-0.5240003613574816
1861,2,1,-0.006960291050799955,-1.387268417051262,-0.3337253807114721,-0.3573088755517641,-0.33808977314074307,0.12974863801339984,0.11604340223999016
1862,3,0,-1.3961786879744607,0.6808037221771623,0.21832026553452588,0.07907999030549011,0.054309263489668545,1.77580758084842,-0.17585538862668915
1863,3,2,-0.5356166733651523,-0.6884448859159404,0.05045011148077078,-0.17608806202468388,0.4686515612155906,-0.7012378762579263,-0.2174758073829042
1864,3,1,-0.33948995643888197,-0.18524777950463373,0.4331042654134214,0.11095733619796964,0.8299096459704552,-0.63376972770086,-0.271823545070621
1865,0,2,0.10340089612245495,0.06444140167027326,0.4121511145464556,-0.20273769496456417,-0.10742292287886065,-0.05396134072611167,0.12115634294033009
1866,3,1,0.11110734314835918,-0.9763096021732189,0.5884424453161835,-0.17077744431269473,-0.6768371621498462,0.9049942711539634,0.1606626256095398
1867,3,1,-0.1662124462003502,-0.3052837878952077,0.11154945593056156,-0.06894561886146967,0.5885583107248815,0.22475308754592543,0.24705866083484515
1868,3,1,-0.09231358726977884,-1.2587965458586943,-0.5399868736232488,-0.5299335585416697,0.13825878504896782,0.8491084678028831,0.23118828651725679
1869,1,1,1.0070867287805714,-0.2724770845348075,-0.23564903200315512,0.479363657978045,0.03684672972334765,-0.076124247657437,-0.04059016859133254
1870,2,1,-0.5468384117631917,-0.11407978308650982,-0.10603170658854938,0.37205920690972094,-0.6414728076316072,-0.009080151373090983,-0.06525230793922482
1871,3,0,-0.07080059160715138,-0.4731690070386213,-0.28557584829858945,0.32238410834299674,-0.8580539471819275,0.07253660210707272,0.1702759652200295
1872,1,2,-0.33954830016126725,-0.13658328439269057,0.2189746307664539,0.6697418253026303,-0.12577631821274773,0.8362832233421058,0.5756437886887746
1873,3,1,-0.44419176818216555,-0.7692436119249039,-0.13769385297414097,0.811679357949254,0.23630774602501772,-0.24093174841217815,0.4238781756553764
1874,2,1,-0.274134358433083,-0.972350351939524,0.23756455878247684,0.261395741289918,-0.4062199711961649,0.053584887184084926,0.5466784617950667
1875,3,1,-0.03425198994609863,0.02166033024846073,-0.1803708914907569,-0.43006722909883166,-1.1686197339995597,0.1336441801439047,0.2760310530882973
1876,1,1,-0.48970486520583645,0.09517068432426887,0.06470227772531595,0.6155922542522276,-0.043093413460388634,-0.2878230503254573,-0.1093420265916951
1877,1,2,0.8436698559317416,-0.12847723965148677,0.4021455894510402,0.5954447140662107,-0.4453973816144875,0.14685386310245505,0.3139031741501621
1878,3,2,-0.19774249507576103,-0.6317266978789495,0.7815433154957601,-0.19371459332044405,0.4722563032983548,-0.26025036869345175,-0.2531100269817583
1879,0,1,-0.1969020373258547,-0.6425433097283136,0.3595961891198943,0.4272523084625749,0.4723807490690338,0.46142966718585954,0.018606337968796863
1880,0,0,0.6869777464851806,-0.13276240106690299,0.14484087469298842,-0.4021331839818212,0.11187320699318606,0.24752481808282256,0.04110334457191183
1881,0,1,0.677081531830989,-0.1714767387660968,-0.19119953041426085,0.15408143439628721,-0.11024495154880345,-0.4277474930823423,-0.04242943407725731
1882,1,1,0.5598753426660446,-0.6627467274416333,-0.20105084288869565,-0.2372459499441299,0.1776240646066769,0.4721868169588247,0.40248127637171754
1883,1,1,0.47937937091258676,-0.9587206188365719,0.43872882083546816,0.1885978045549006,0.28170569044871274,0.9269827108811031,0.1619607567386593
1884,3,2,-1.0556381434025155,0.0216627753831046,0.1810311658167718,-0.1995555680065059,0.1010298613064335,0.9143716993573286,-0.08703286948834607
1885,3,1,-0.37830234631837745,0.4988480032083701,0.43303754683212686,0.26749617264917125,0.22469711916704274,-0.8173200585087722,0.14003676427686806
1886,1,2,-0.25139909969546187,0.5290847995142359,0.008323687141389775,0.48596475832318464,0.04167380109141679,-0.1355079374401675,0.3224206931944054
1887,2,1,-0.49373600978116927,-0.26140237206927003,0.02390686428474096,0.11081907479838676,0.1999256592522242,0.3776679132454932,-0.024276354955187665
1888,2,1,0.649461246978434,-0.6762283309585074,-0.40326374654929487,0.3087191809808214,0.22121591291501083,0.390975875288065,0.12759801691038866
1889,1,1,0.3787151759871712,-0.27598535302489885,-0.17359013661041983,-0.26232757971123877,0.043075002753265534,1.2893130153842216,0.05626268335797877
1890,0,1,-0.5553190626457721,-1.2698980920475882,0.23926296488711396,-0.6394261860098408,0.3574872581258325,-0.33662690153508423,0.042277070252007755
1891,3,0,-0.8199237771835708,-0.2792143165116373,0.887985563775623,-0.7302778391653078,-0.032400660059794695,-0.44157857278112445,-0.07936312075367574
1892,1,2,-0.9252875584636415,-0.655598115920792,0.7333123537610531,-0.37156307531608274,0.5234257758798588,0.7328877547351554,0.15945603345330892
1893,2,1,-0.7607425247090068,-0.5697529389235982,-0.06736869611465164,0.6597947240125686,-0.013469637561054052,-1.01555863098993,-0.34984263916921454
1894,3,0,-0.04249496860617711,-0.7949731031016098,0.17932652189525977,-0.3903867132092508,-0.12566188990634475,0.07925545904327953,-0.25240126658833517
1895,2,2,0.19536716400037826,0.3141117144557253,-0.334730435669052,0.31747725357156453,-0.22320994311053446,0.28263766930842815,0.3257387962448431
1896,2,0,-0.4087495468323451,-1.1459392883029047,-0.3684188996741261,0.1290929890950974,-0.4008422542872514,1.587997466941838,0.2843798755422642
1897,2,1,0.6498167387433734,-0.23415278576161708,-0.7567582886555784,-0.5598730646580173,0.09253333007319849,0.00978893054068769,0.3664307879222576
1898,1,2,-0.23031777562964167,-0.741217858996529,0.3173091601415401,0.4282555078229708,0.20965271134939298,1.0685817545708929,-0.46791480914288475
1899,2,1,0.08769709456832658,-0.6304043405406434,0.03813852353079045,0.2694785151446251,0.012040455183523646,0.7561216373795359,-0.14721486668498499
1900,2,1,-0.7031025191322968,0.05433319511519133,-1.0139869343611996,0.16176768929399923,0.3190229073570755,0.5712134829355858,0.29554162661862177
1901,3,1,-0.2696258495398008,-0.14664938756818363,-0.10127299926163794,-0.4839498862634003,0.490502097110058,-0.8562061897183132,0.10455212077274033
1902,3,0,-0.7763268975063063,-0.5507113564345205,0.7865287266950232,-0.12240399491400061,0.24180378948798398,1.3887032615472081,-0.07084309259260148
1903,2,1,-0.10482299220423587,0.19547398861855134,0.20103831455016283,-0.09937413917729088,0.7182575261570701,-0.32748683242352605,-0.09846522229197137
1904,3,2,0.29478110126092116,-0.3256518380020914,-0.5006432958040452,0.6009266407905793,-0.1666685414147305,0.5856656186536355,0.1321981257370305
1905,0,0,-0.21808631136796597,-0.09857563434240439,0.24658113942088727,-0.10583534261742758,-0.057511655693941705,0.2007570082921389,-0.22806356302561354
1906,3,0,-0.18734200472548318,-0.1658728317038131,0.2708702196395479,0.5423349991399021,-0.18263966571188187,0.8396693505410474,-0.28044221592444313
1907,3,0,0.48461169410348814,-0.4476697677087248,-0.2748015397948337,0.33906285691442917,0.5115004207155344,-0.10652811966154416,0.3706962489552022
1908,1,1,-0.3356675386580988,-0.1853790913284632,-0.4274672275702342,-0.38148325139609685,-0.5613925739044865,0.453422952003654,-0.0822096296924583
1909,2,1,0.4507847255503219,-0.2633970658498474,-0.06563309373602266,0.6174797541967708,0.5445743125985442,0.4938355812153432,-0.06515119060998387
1910,0,0,0.049424199701328164,-0.1466079109537489,-0.013969683614906837,0.4816812532933509,0.2878703455835811,1.1085934174407777,0.025321270083189188
1911,2,0,-0.4459205274338519,-0.5332006376537619,0.3272863232994556,0.365272035553622,-0.25393160005856974,0.06490099848022675,-0.03782742103367665
1912,2,0,-0.557874297624795,0.341675305376541,-0.3238264356808838,-0.5900273201282623,-0.16526591824340892,-1.0801545028045443,-0.15312709059812823
1913,3,1,-0.008549342203625299,0.16316599803567403,-0.10281190112934202,-0.08806511919718996,-0.431461806042716,0.08990315324059067,-0.20870987626943524
1914,2,0,0.3637266284843208,-0.37155342518367374,0.2182245603047843,0.08747470418019919,0.1368845721501252,-0.4254057065944876,0.36450797969197163
1915,2,2,-0.2160696145990616,0.2945712563268845,0.5354374710999366,0.15592283040104638,-0.1817094381579902,-0.21400540467316823,-0.020291984872789503
1916,2,1,-0.7733642450614442,-0.3696110941388901,-0.010133626548185504,1.0583770838900874,-0.01974459635626174,0.8059241918829704,-0.04981314659704113
1917,3,1,-0.3835636027526892,-0.5722816859811537,0.1972411496906125,0.5250941473959705,-1.209519104763144,-0.6671021317326749,-0.10407258108667575
1918,0,2,0.3664210703917373,-0.13294456622541104,0.7157713607460914,-0.12234889878359775,0.9013480318707491,0.17114216312852334,-0.025583073454544077
1919,0,2,0.05311622162351162,-0.27422955870484905,0.3499590092760745,0.35025080263447816,1.09589411632497,0.5771157154791389,-0.22896014901970194
1920,1,1,-0.22682038596875725,-0.5371504993617464,0.36697243410429015,0.06459964740537207,-0.6104897652085273,-0.324862582588756,0.1388303727080447
1921,1,1,-0.14525985403177333,-0.14364477955738367,-0.3896353509824493,-0.4008025440812023,0.052601811775554466,0.1551427120028173,-0.26383065484215973
1922,3,1,0.9060426112847416,-0.2312317849202119,0.20312628279661737,-0.09915829679709497,-0.12408557841243932,-0.0713378532962469,0.2156866605813071
1923,0,2,-1.4580743780160965,-0.7045298907493286,-0.31961685557148317,0.07486210339551544,-0.4005959578541859,0.0864506383383954,-0.10132386879250276
1924,1,2,-0.7622102755655719,-0.46093877554990226,-0.2993214211765814,-0.4212008969604573,-0.17785133901287245,-0.235841247418534,-0.15111868083822863
1925,0,1,0.4435971744034489,0.7590588306396977,0.4622618620144905,0.6198114447783126,-0.28966859738828304,0.35393553232442665,-0.07385374702124665
1926,3,0,0.22570154750810825,-0.26602869211731917,-0.24533338498884982,-0.3844187262949037,1.0653693436395189,0.042310777674630165,0.2683819855303106
1927,1,1,0.10318568857240801,-0.09240903243578286,0.1472284553444688,0.34277664757573023,0.35568065067231447,0.3554099174881066,-0.4280113056728042
1928,0,0,-0.5258511716095189,-0.7836684684055831,0.10081359207509645,0.27950414639461985,-0.3913853198124299,-0.6722711740270096,0.2023500714142564
1929,2,1,0.3583706050686615,0.37189290790256346,-0.30422707506228897,0.26254351641677054,1.0516014951909647,-0.0663138952510732,-0.08896850371947428
1930,3,2,-0.5126982687577972,-0.3980464715814178,-0.5811193677146442,1.0836003553592388,-0.6897658122383635,0.44634198292955163,-0.5218900051074106
1931,1,2,-0.4062347596290886,-0.597911908844102,-0.9176125115423459,-0.30438911885025294,0.4753662454720594,0.5913100000295842,-0.14783570031218904
1932,0,1,-0.5723370224408406,-0.5087965395271951,-0.20316517510834872,-0.05671068046308174,-0.03345254026440663,-0.4280382904087232,-0.2823503315195788
1933,2,1,0.17282288974427626,0.22040764914803765,0.09726349657463988,1.0986980442659804,0.5157551555342573,0.36923295794912525,0.09106028055772748
1934,1,1,-0.7409269626183637,-0.4901551488340602,-0.2816325841973194,0.019087667840920492,0.19664030110223413,0.0872842547758519,-0.3249443155143749
1935,0,2,0.1697275646349458,-0.9357877259527558,0.3202266406334384,0.21105977306292054,0.17427096454178678,-0.236319220112393,-0.36885868961426355
1936,3,2,-0.3996685135089405,0.3233155053160438,-0.3746849104922819,0.8896986789297121,0.30001935748018443,-0.5247903185336594,-0.22217656172198297
1937,0,1,0.22442077694044657,-0.35424339803474164,0.9961352313035372,0.7700494077607011,-0.2287763587425187,-0.11196466585524287,-0.3558221719010014
1938,1,1,-0.34572987540795064,-1.2394750914520627,-0.32594961297090136,0.8131418691058877,0.5486118274946117,0.3851893761422658,-0.006194595204820452
1939,1,1,0.7209233327332295,0.0683679045680412,0.24885742507495928,0.17587871862598062,0.3704964316147469,0.26932739747942136,-0.20356764737024519
1940,0,2,-0.2685422572511483,-0.2864154926435919,0.06165207197299257,-0.21742161617903766,0.8265358766377872,-0.5523268723595711,0.19000289725254815
1941,2,1,-0.1755168856878838,-0.4720179385113351,-0.05169940945930827,0.17328897599204066,0.7160010685674595,0.247058958319422,-0.40424705337745964
1942,3,0,-0.3926592700292968,-0.8392604076391182,-0.22231707861860184,-0.21883910145115557,0.35323198731838623,0.2776001894308088,0.490028714118457
1943,2,1,-0.4110751063478152,0.13587409912235374,-0.7853220013202832,0.1883682846424034,0.2673194784335255,-0.0718774716552093,-0.2164380818080598
1944,3,2,-0.15085613162226882,0.15435191766824177,-0.5208728073940991,0.015682194202833642,-0.08773312025675331,-0.4341788407629157,-0.3243770061905041
1945,1,1,-0.03968189435459271,-0.45763401287602545,-0.30044295056496906,-0.20158838309387422,0.7391303816100545,0.056286620784647884,-0.3493703775803147
1946,2,2,-0.933879313735453,0.032315534151737824,-0.806885958425386,0.25365583855629387,0.7551657154126479,-0.3442586043526673,-0.8526692433729256
1947,1,2,-0.4897091980004292,0.42671979201161403,0.2650276753935778,-0.041563270531723324,0.20502876686827012,-0.03484895976226682,-0.4751816473066654
1948,0,1,-0.06917525966027455,0.341333791777664,-0.5546799765756198,-0.3162584450938606,-0.15686341382155652,0.6581541095472461,0.20519606014623523
1949,2,0,-0.5147961693657848,0.026739008374346146,0.08596341906402481,-0.4252197829076465,-0.190447043237042,0.32378841263806113,0.195037335580541
1950,2,1,-0.14464749716794395,-0.7593618436839666,-0.15754382925391597,-0.15342082852649463,-0.20211140324581112,-0.25135195384987785,0.016072068615230833
1951,0,2,0.3009786588509882,-0.10088583106700331,-0.4178181629195308,0.9121109208075169,0.7393518613839622,-0.06858753342024343,0.4994599646435125
1952,1,0,0.33609551168458407,-0.4728546214838196,0.3938114672068085,0.33688535639384615,-0.2867254797197521,1.0952529158207864,-0.5162353099347166
1953,0,1,0.5070485935674721,0.22805817373695578,0.6321854314038626,0.7462503333321823,-0.22354536194745525,0.4901195598615212,-0.34170367934749896
1954,0,1,0.16889761646482346,0.42802297793947275,-0.314706077522475,-0.6351392661538668,0.20883736912213194,1.1268864227483422,0.42046277036809276
1955,2,2,0.5897680753865675,-0.22900056612890954,0.21305732948219872,0.19427579244540213,0.7898077627284187,-0.37899782831851236,0.06751025025910302
1956,3,0,-0.9405514857353743,0.4461236368487146,-0.0731519351322981,0.4458345390989995,0.2074411577896991,0.7373941859620629,0.08641614144185915
1957,2,0,-0.43874289362419916,0.863582703356745,0.003341426741641873,0.20182120475847756,0.004622304696402921,-0.4709644341011723,0.46583798877489996
1958,2,2,-0.6126383217128055,-0.10837398357989429,0.16840838684408868,-0.16605095833634953,0.7571254022512837,0.5504835372253425,0.5724718582562426
1959,3,2,-0.4203999638443847,-0.029509550777670618,-0.8330460946984971,-0.2201384291749924,0.2154694009496735,1.0739199621850857,0.4712493162804941
1960,1,1,0.2548763169521888,-0.29409159821020553,-0.3493919133064048,0.2864305959916388,0.35230040104089977,0.27497550213649674,0.25994880055653463
1961,1,2,-0.16368202990580288,0.3572077254211393,-0.3608760992621902,-0.043248199046027405,-0.1968816065507566,0.0010004260824976463,0.3155308066373743
1962,0,2,-1.1112176447197246,-0.4257175295710529,-0.09179221623973671,0.4829087943314012,0.8053319507089625,1.090128073248288,0.1652574794325959
1963,1,2,0.8369159737698249,-0.8692912709190548,0.23445882621541425,0.3043882431170272,0.18150295294960722,0.0023001436094824135,-0.2526469228308403
1964,1,2,0.33389026990992166,0.6042436304453568,-0.6626039726450808,-0.026880405135207112,0.01762067466090034,0.6526975763103366,-0.22307965173350244
1965,2,1,-0.083322954826945,-0.47331468340964455,0.32938228708420025,-0.10056605696542317,0.6402094278150153,0.4858030304256634,-0.10040705249444706
1966,3,0,-0.3651570726510772,0.501963830271998,0.13825251713210088,-0.05535973359824967,-0.2706048802143674,0.1284598690714952,-0.17549810423189072
1967,0,1,-0.6020376240431656,0.05119689329932198,0.10141052488003094,-0.46730141384818663,0.1904294451981604,0.3176402329548189,0.04375229883659049
1968,1,0,-0.6883016401353156,0.02010464134777301,-0.32119320440187177,1.1948372883817457,-0.5004819224088582,-0.5740580588802147,-0.2940101872278361
1969,0,1,-0.7210878634015193,0.6527366478446565,0.15021100525038011,1.0948846943102342,0.6772457301708414,-0.001944515765903293,-0.015631518466964735
1970,1,0,0.2285665900065358,-0.28287421065879037,0.2396953313628415,0.05613084202214253,-0.06213061738368327,0.6824899041804257,0.27675978951975533
1971,1,1,-0.9102223527558477,0.5303675480077356,0.1343923909607517,0.7963959687017174,0.17749650908410758,-0.4824666770276088,-0.35830118556142054
1972,2,0,0.19355571252440365,0.7791009041256662,0.48647223098861325,0.17258554573554574,-0.806317304179999,0.09260090736649494,-0.09193223904387936
1973,2,1,0.5158075229909052,-0.6200452271867248,0.41706594386090845,0.03858549565310278,0.633462124726915,-0.2595391998279919,0.11605351523479604
1974,1,2,-0.155150995264287,1.1225061976915258,-0.2665212836240491,0.05129240566015214,0.5928153566413338,-0.2470648835111617,0.41536902762846717
1975,1,0,0.4951178387888865,0.11256991859473756,0.050438234733296824,-0.1573672041282563,-0.0647566840287034,0.28727371363123,0.13906576035154125
1976,2,0,0.24057554980248544,0.4965776932724453,0.12017638777147217,0.24849103160288,-0.05492450456815821,0.7958279787323234,-0.20495280604566493
1977,3,1,-0.11248709689031158,-0.803720145888464,0.10323683925476149,0.18582361421801918,0.8085649839282697,0.3393559001912769,-0.2973315260674018
1978,3,1,-0.12680401656375606,-0.6188316942968601,-0.5616892567509063,-0.4151288596788487,-0.16159709996055024,0.6032241613503028,-0.1403889433793363
1979,1,2,0.7623119739656085,0.07816242710239951,-0.4957882900037241,0.282346208303746,0.04745159447704258,0.6136434917181637,-0.6689195856955649
1980,1,0,0.808288560691237,-1.049395723673319,0.2718121959967702,0.4526289157721606,0.1627796353175947,-0.2721772604482958,0.12123461032568618
1981,0,1,-0.7478196701400186,-0.5425707428340811,0.3206874614331347,0.1512688041054552,-0.16311725837564633,-0.7859407735538331,0.480991984160582
1982,1,2,-0.040548816318642815,-0.3640927509891185,-0.04348569185228083,0.40435290109172994,-0.0013506932313651421,-0.4707229129393762,-0.05572931128059933
1983,2,2,-0.9156300953416648,1.4737451600280762,-0.7248121297308624,-0.7884819997742718,0.3939596743412088,0.9235233379469371,-0.12498478158687162
1984,2,2,-0.30510269716312144,-0.23003617728538228,-0.07693645217278347,-0.5461511763867101,0.7524929682894347,1.3040615542394247,0.22597238842959916
1985,3,0,0.5353145695474751,-0.5635201082449163,-0.46871283832038046,0.5373521490834745,-0.19287041885770456,0.48149504300395407,0.2888452922836914
1986,1,2,-0.00037938223580551156,-1.0565042533075633,0.6567459883312464,0.15810270230928655,-0.5579125988425838,-0.08029462972490983,-0.164239943381219
1987,1,1,-0.4674189055116563,-0.47957641507446547,0.10020212132295256,0.3834315540885382,0.06479058789350821,0.20266400885870042,0.4005760106757815
1988,0,2,0.28948857713473786,-0.40715578416629394,-0.10878623390445584,-0.945715963191814,0.21394219447244942,-0.7687606808540881,0.42003289680453
1989,1,2,0.2565451197113914,-1.0338503939156658,1.052195910122727,0.5016763430398895,-0.48656465478319133,-0.29712297533613086,0.0064943004108087956
1990,0,1,0.21550895208213414,0.2866973623151444,-0.2665840154276939,0.34247969654422994,1.3229882585630863,0.35793931511311083,0.3517661775207925
1991,1,1,0.3932492051389449,0.25769844081480564,0.12139295234827568,-0.22194888658690343,0.39640895526517994,-0.15168710545036804,-0.11935020710050653
1992,2,1,0.03759535696488078,-0.43489769214609697,0.45595529020106373,-0.3456862880544348,0.1989873250716371,-0.24701595691861514,-0.29847510128967475
1993,0,2,0.030989566185141343,-0.18829060443658535,0.44604152555143406,0.15278986630810595,0.3654113306995745,-0.28117313202368377,0.22540632152449278
1994,3,1,0.16038329785882235,1.2585131564505478,-0.20766959955102032,-0.029587899821471288,-0.307813103347418,-0.41432544480656286,0.02309890186437615
1995,0,1,0.23213383491208342,-0.8056722225554812,-0.18809240213621786,-0.4110718637257287,-0.42724015574388474,0.10210490113100974,0.15848753206374014
1996,0,1,1.1490974120704276,0.7338056133747116,0.30701017297648026,0.054806208001737584,0.8121058856297224,0.2984065866546015,-0.5036220983524508
1997,0,1,-0.6510411511860646,-0.3744958788207361,-0.08432326087094472,0.17053823802900792,-0.7237588388183022,0.1903853223616361,0.45267286262171536
1998,3,1,-0.5891970094194626,-0.5941690371971878,0.5111102342772135,-0.22276845716620292,0.9579329496624179,0.7875169101600177,0.16153923753857252
1999,3,1,-0.5854113364781383,-1.1324365830693013,0.19837185598434234,0.005697621313086641,-0.2255113669119196,-0.3327859333457357,-0.30087190963022453
2000,3,1,-1.0493970213001402,0.27475146243206483,0.18141127668697976,-0.0783295004321729,-1.0859440442058566,-0.38819882895141766,0.32359386168339993
2001,2,1,-0.6289436942458146,-0.6586704660418129,-0.042847577317121036,0.03559445082001096,-0.5369694681691818,0.37800219620761316,-0.05634077499834353
2002,2,1,-0.7324013449632206,-0.17012256601537137,-0.0834689508418015,-0.6749517682503533,0.9000073532290167,0.5652716779474255,-0.17794294969947216
2003,1,1,0.24801768072588362,-0.16955088968195728,0.194836752799605,-0.19906705476039904,-0.06925851696514605,-0.012928144355708299,-0.31713767760155454
2004,3,1,0.34669496059054195,-0.6959563125032655,0.4410686947591867,0.32325458946466334,-0.028035623295090892,0.20554521562029524,-0.00987593396006523
2005,2,1,-0.8558836295224138,-0.588785432982605,0.2608599755993692,-0.913688715745857,-0.20510859649882635,-0.08942596053014204,-0.3944783149315924
2006,2,0,-0.20827732676346422,-1.0139060050635533,-0.259052661198015,-0.1219995693625545,0.25240518565034287,-0.40201916068800725,-0.0004297737760652378
2007,1,0,-0.8342427956893866,0.8844370494726489,0.006275692814378353,-0.3258504649131181,0.26293976370916744,-0.5971540851551996,0.5333971549281173
2008,2,1,-0.5256914005332439,-0.5370947697275382,-0.41832493582652747,1.3044966374801572,0.08922463778821085,-0.11258815615295245,0.13560636052088917
2009,3,1,-0.050232263904088484,0.1173103046912686,-0.38196624999013,0.29371953441834014,-0.3434731933043687,1.0563572995622272,0.45811732352616363
2010,1,0,-0.2960692293691446,-0.09006938293417144,-0.45615102326615764,-0.7734892298850581,0.020428319070025295,-0.12100867912705623,-0.29698471456990694
2011,2,2,-0.2812692024232959,0.0013443859215810927,0.3081487482309382,0.0626378123210043,0.21211462654019256,0.7570638482592538,0.21170346844621454
2012,1,2,0.5528651948142234,0.7456576454460577,0.7805096210363839,0.04788574632119306,0.3351724272435651,0.15652796942738334,0.15044347588748627
2013,3,2,0.07213534891029882,-0.7908201825850084,0.4657651580207956,0.13360735509412547,-0.027324602772698294,-0.040780436212240395,-0.0104770471614905
2014,2,1,-0.5464499214903571,-0.5686385017436119,0.12003879731315911,-0.38675918452553526,0.5618283342834131,0.3142443403821463,-0.10666688468231472
2015,2,0,-0.5831354936973868,-0.7559908443017468,-0.45838740230545216,0.14576585171412196,-0.36997053107459343,0.09713278586655813,0.16999356254739917
2016,0,2,-0.9247137529326014,0.6723129487377997,-0.3553303242823974,0.011539808962541568,0.1706981620970479,0.0004975545949462978,0.018412153221591815
2017,1,1,-0.23475521270766464,-0.705589819221178,0.4851586173001029,0.8190151488941242,-0.21515566666216795,0.4588410997476361,0.5716578091934553
2018,2,2,0.514345826717772,-0.3086612836773426,1.0318299442964713,-0.323825972130445,-0.4973266394672292,-0.735808692240227,0.09554463168177878
2019,0,1,0.38391650693339596,0.5863890767913537,0.3843272832968865,-0.16469383923694444,0.20567024865605935,-0.22879081709770674,0.3390085372973071
2020,1,0,-0.2991392000769872,-0.5545695873217441,-0.34393944393807985,0.14398345525693865,-0.14283618731278583,0.2313624139229512,0.3586804255175224
2021,1,0,-0.7220497354868826,-0.10836772769338032,0.16437223201367057,-0.05045587826281994,0.5788715287635914,0.2423783159711787,0.4872587420577701
2022,2,0,-0.4405443273872476,-0.28228396393265004,1.0986626030180875,0.1500634092780148,-0.12764994681294092,0.13459714868010875,-0.008022151114545463
2023,0,2,-0.9140308202366569,-1.0611482761865425,0.15652968602724118,0.7943764289937766,-0.048737528296797415,0.49760036518845185,0.43789316929572725
2024,3,2,-1.457652974173981,0.16606991506299654,-0.1629589271000063,-0.01737193094824018,-0.49863118167687814,-0.023460413634747684,-0.22938355200650584
2025,1,0,-1.4643350643034856,-0.0958690458894681,0.028831311352492953,0.32382889176920215,-0.43602739590598816,0.6525592505856793,0.34873378409086686
2026,0,1,-0.10483627245806777,-0.7461209451587221,0.4247866399793001,-0.18102283584020207,-0.5190829006836224,0.20484415831029398,0.07556751481708755
2027,2,1,-0.5743877653603563,-0.2058157906075825,-0.05140735158083296,-0.07470506438362615,1.228227733901717,-0.4694268696496763,0.2520101055787829
2028,1,2,-0.9757442669749629,-0.6500676745455802,-0.5549881304650786,-0.5014718412292722,0.007487153607134384,0.06095993870895433,-0.266646585768532
2029,0,2,0.20721995714383315,0.2975832208667304,-0.14537517161744656,0.41031860884763405,0.3622384963423018,0.34316215639586367,-0.4322905512883194
2030,1,1,0.19554757439735523,0.16156624132250916,0.18990220838940042,0.2966384525338469,-0.25034672430811383,0.4891960598130859,-0.09117618637213303
2031,1,1,0.5229974073295057,-0.5887548374418304,-0.18256198052675887,0.3733490884632768,0.16989953804533756,-0.10979277617930941,-0.023592132286949303
2032,0,2,-0.15256448336720962,-1.435470215694444,-0.7949389572798453,-0.7723418196925504,-0.10528066761631244,-0.9362494015552053,-0.02457664554092757
2033,2,1,-0.5259543361708773,-0.06192415677937689,0.16628481289040986,-0.07966485661230742,0.41705550402015806,-0.2550258500099988,-0.012087410186419775
2034,2,2,0.19387763890421858,0.36470498048274913,0.11258749087451196,0.3842481974119928,0.2680108037756752,0.32696287214303454,-0.1940394714747631
2035,1,2,-0.7347320976270962,-0.013049737449333881,-0.6672553427742115,0.0731957525678773,-0.18592970559767602,0.8185464475236603,0.48886450972620205
2036,2,0,-0.3668267768187665,0.2721984831509062,-0.7829238692553049,-0.04623865514378547,-0.4899988998167858,0.1368717022883996,-0.183686462898699
2037,2,1,0.4089982554183744,-0.11421694336711256,0.4887649138108546,-0.051636719789224315,0.7563036500746111,0.04388154075369105,0.09422687412555444
2038,3,2,-0.751895675891077,-0.5202468112401883,0.33415164503436473,0.09185344498974095,1.0786244704568437,-0.16437049579485816,-0.25869311636890735
2039,2,0,-0.13274601550857654,-0.4539183576799629,0.21313264787760722,-0.5698048788867217,-0.48759787281472255,-0.7484581019309632,0.16645108242029039
2040,2,1,-0.37157063945754243,-0.11153968370012371,0.6998960910279939,0.20005171867952015,-0.3485515606690229,0.4802976355872145,-0.037836024984215684
2041,2,1,-0.8189733799771187,0.4322870599979952,0.18153956396723187,0.402883585467822,-0.7957832856875459,1.5118527043777261,-0.09849497475823961
2042,1,2,0.7010088689700854,0.07381711700697113,-0.7288089766394725,0.37363738450713346,0.262155568320155,0.28194084021287213,-0.1536703026714181
2043,0,2,-0.7991318710257352,-0.049031719514113004,0.3230486418269379,-0.2467514147820607,0.5731425609309588,-0.15052824141766183,-0.4045701747414486
2044,3,2,-0.538210779422689,0.4394693816318943,-0.21232814828581606,0.6179790565335355,0.5307223021590797,0.21651077595460688,0.027732559220249847
2045,1,1,-0.23510115278901153,-0.12269200161515806,0.39632883924230766,0.5734939671540209,0.5264421119730704,-0.23113862753561018,0.37521899183356117
2046,0,2,0.3682671509304265,0.12237476959764573,0.6317761364175025,0.9561229335740806,0.20481554683236547,0.7839361315374697,0.243558518376936
2047,0,1,0.030290324275983216,0.5675546864195053,-0.06388246999862049,0.1612679281047793,0.029373015903805227,0.10449111222151122,-0.38887871786350503
2048,1,1,-0.5626501293263845,-0.482374080857499,0.23744559594113826,-0.08584931079763139,6.167097432121268e-05,-0.2215318752645616,0.03556948752323844
2049,2,0,-0.6035148077660442,-0.5093614965197125,0.5759910682580165,0.06890786070427378,0.1059465935976926,0.30877164907192906,0.3394124294616332
2050,3,1,0.1972826960576752,0.2804389186298919,-0.03181943039919127,-0.20768894147036251,0.45503476172622914,-0.3322737275228176,0.027176911549797747
2051,3,1,-0.21035549075094978,-0.3954327438641912,-0.3305203874155679,0.04591475553894159,0.3662049471382636,0.3703963615323589,-0.3786694696916333
2052,0,2,-0.2549337661141191,-0.7988638714171888,-0.12405923512468152,0.2511343593043782,0.4343414442515495,0.08077876501581294,-0.5415101714600501
2053,2,0,-0.15131152132758102,-0.20987710580291025,-0.31881096561958705,-0.3766107437271037,-0.22701459132336746,-0.38737817836531585,-0.04384414451298075
2054,1,1,-0.014519214164330857,0.6312331382166531,0.7358793777696256,-0.008163611476498635,0.6836873476479254,-0.3195329245759396,-0.1111142724719645
2055,0,0,-0.29023680356742143,-0.7013581472845934,0.35680093812609215,-0.260781680315833,0.16272888001260366,0.3188668113261559,0.3667329208909051
2056,3,0,0.4784481005257474,-0.62803237902416,-0.1364208249073898,-0.04436053328694741,-0.017564895114590248,0.19576569010759923,0.16832166925203768
2057,2,1,0.8820455010833519,-0.018332531964088183,0.33706358759863975,0.36676325780289926,0.3684061089443447,1.0182889228838246,-0.2035473348534773
2058,1,1,-0.594673430109228,-0.025788458052360963,0.9378225490017809,0.6402107137722755,0.4578490192103977,0.7322706690565715,0.07773516722768462
2059,0,0,-0.3434811193564954,-0.35046598807963414,0.10869453975717172,-0.0747368393283204,-0.05230374857673042,-0.0457650600467181,-0.36388116064633774
2060,0,0,0.24930571508989,-0.12629785283986092,0.7002847114471025,0.16616554010040668,0.025557810783551068,-0.44698800022973584,-0.21476719839169744
2061,1,1,0.04947197196591496,-0.6415634732111184,-0.6466477147385389,0.07852547239909119,-0.3053502757674786,0.3066908008474606,-0.26928952344158164
2062,3,2,-0.38804343610073777,0.8083453873655934,-0.3594685165576687,-0.2902165978128745,-0.12858832164985529,0.14123825802232748,-0.3632624664647821
2063,3,0,-0.5987974191014622,-0.020737949846240944,-0.1239871713334933,-0.32871482859461526,0.8054830429710422,0.1731899331811003,0.04263785787924832
2064,0,2,-0.4774850387931445,-0.7517272327343195,0.3062335599090728,0.09610463525679348,-0.26064206256162326,-0.18286548952379497,-0.06641098158640989
2065,0,1,0.2020352282588521,0.7937162151018606,-0.050980771854274944,0.5133911383105998,0.4404800604133719,-0.5145184303882594,0.3261043160022926
2066,3,1,0.30372789621404495,0.4397392837198911,-0.6460338315145417,0.16435852360666237,-0.019598580215577095,0.14392112050165873,0.10757177508888237
2067,1,2,-0.6144996524428795,-0.1342329128487045,-0.088806439286632,0.9861438092308601,-0.18571727009436875,-0.8747771847408709,-0.014505919998135802
2068,1,1,-0.0016960581264532093,0.1791491621481809,0.3349934092852426,-0.03103188230302726,0.08290172177955742,-0.06496574694182838,0.11544494524770217
2069,3,0,-0.7169584299912684,0.3285395897835466,0.3125366812827765,-0.0003973338213914612,-0.15912725298815383,-0.6614271634356197,-0.2976486216318073
2070,0,2,0.4724712010818225,-0.37419241460371544,-0.393167598448322,0.39785212272744447,0.24191742150949513,-0.35490016144313863,0.0515002746190368
2071,3,0,-0.32398855496750134,-0.16319909561463716,-0.2105342307724279,0.5396622594894183,-0.08167357999377858,0.40647641211625607,0.34402466296245743
2072,1,1,-0.4193530087151587,0.29200937969376584,-0.023969856364807442,0.5239355799101519,1.0296062563015476,-0.48894310701784927,0.2996483499912223
2073,0,1,-0.6468607211798437,-0.5741094655078327,0.05262100149934629,-0.2034813938319675,-0.15153554126429955,-0.1693713185461502,-0.256087470659021
2074,1,0,0.1457146685171914,-0.5835843001730145,0.22227851756485245,-0.5404990664446129,0.24236201639760124,0.8945846082834445,0.02047328898786714
2075,3,2,0.3491066031119674,-0.6563498003319425,0.28130436890793753,0.4334436373138804,0.09515570734700941,0.5079596293312583,0.24932441706808803
2076,3,1,-0.8340640283679085,-0.12108466673122566,-0.8090330987250787,0.15633872039187316,0.7616675443730135,-0.27247161047134916,1.021563596693013
2077,2,0,0.4327217793877982,-0.5891711452211494,0.258247618170494,0.5273392089275426,0.04943701776428833,0.3583437323997378,-0.004305188728843106
2078,3,1,-0.5446175751392972,-0.17341935183081886,-0.2137732615737325,0.5926398757416613,-0.19362825936633152,0.09081361170969973,-0.08217049122516283
2079,1,1,-0.3398805578672255,-0.18003912925693394,0.1667948244066222,0.41333243255073465,-0.28296742925790397,0.007930810703264457,0.3515648082165965
2080,1,1,-0.5207358185943127,0.2573795772072638,-0.1975607921575101,0.010086359752871742,0.6683943540973353,0.36734957609218055,0.47120448393495806
2081,0,1,0.36311898825131494,-1.290808610332567,0.7181780601087743,0.2074680894177833,0.09003106657810685,-0.6401489599924267,-0.3856841932201592
2082,2,0,0.8372385404606446,0.5102415902255042,-0.2964865686523258,-0.11071434581514084,0.5848105629163075,0.07076900829793288,0.10469113205996909
2083,1,2,-0.48998358819890253,0.68556085218586,-0.247132802625138,0.6409305318204969,0.6287557613175813,0.7216793290865989,0.07942796068783092
2084,1,1,0.38104784434837113,0.19260881640245045,-0.5247700606391649,0.3945785551418445,-0.03766047589977829,0.4272188324049485,-0.11114079535062615
2085,0,1,-0.2594173113228079,-1.1723971140267806,-0.3554071585555136,-0.2078102139378746,0.03679178253879541,0.4356839930517422,0.21237869314418875
2086,3,2,0.7457857221504852,0.029063724157487675,0.032726658969720955,0.15091795856887985,0.7174256694494715,-0.7164487546714015,0.038410288341271866
2087,2,2,0.011339457107359313,-0.10620010923082367,0.6023020219290403,-0.33385145958312495,-0.2827313714359624,0.6916138374100846,-0.11651137252746409
2088,1,2,-0.39377805945769007,-1.339484759652166,-0.3416967209815802,0.40715133086779226,-0.3584949524882807,0.2589057061604022,0.6693185716044489
2089,1,1,0.6833633966563314,-0.661164588379055,0.21630266847344404,-0.2131074005326769,0.024378080613334626,-0.7554608117253746,0.3747970039558053
2090,3,1,-0.01777686970924161,-0.05953742352116462,0.1763859363843549,-0.011858375519512736,0.20821425115447426,-0.1376229734491822,-0.00029302324452245497
2091,0,1,0.08931817016346447,-1.5076043828393042,0.9928289592995049,-0.23899529042647177,-0.13256800843921646,0.2972934094300599,-0.1807705207798522
2092,2,1,0.3653417657667911,0.25884606716159786,-0.6435438407470344,0.26205323248320217,0.14645293044669883,0.644996634576158,0.09656731693271563
2093,2,2,-0.31335390801413343,-0.32683227402400095,0.5172710187475307,0.7985589960881617,0.5078780478707546,-0.13121014445977316,0.11984937260832247
2094,3,1,0.07824281499900124,0.6497560801578135,0.8695051127364929,-0.264339896399309,0.5364455695262657,-0.9179417687002768,-0.10503429030409446
2095,3,1,0.11678710629740524,0.017751620456680106,0.26164587797894584,0.25075219412302796,-0.12352701307204726,0.21961175184732823,-0.021992751437635526
2096,1,1,0.08869605868410455,-0.5737474278119377,-0.3188983993618282,-0.6419756450937371,0.22094379522468613,-0.1794918344026025,-0.13628105804526305
2097,2,0,-0.9976477157190735,0.12970932000682542,0.7821624725953478,0.7760408546778885,0.2582906824445071,-0.34442508839909114,0.13169882970298902
2098,1,2,-0.1251866767236755,-0.7244323730115121,-0.07742821938735639,0.4626399587524177,0.25780938483738386,-0.1674645606872807,-0.3273356617685909
2099,0,1,0.3242555224399879,-0.7026704229100479,-0.3674493661837323,-0.6769430044783566,0.7282627467965953,0.39486219184130006,-0.00316365511100394
2100,1,0,0.3087880745475612,0.5316499797597929,0.6461030752641321,-0.24191864619742445,-0.24467691498785143,0.6249363785284505,0.13571350462275888
2101,2,0,-0.3357703578920847,0.09606811816488067,-0.18560759007400238,-0.5682675133960714,-0.7617410705246718,0.8631662806180024,-0.12364404485671816
2102,3,0,-0.05970412166531536,-0.25662828834545204,0.4661732938085715,-0.3274699646786683,-0.4423598759802735,0.24531351175937832,-0.01861516355777167
2103,3,1,-0.4070118708883639,-0.3792480407724937,0.24672928854457055,-0.14218340401841167,0.6099211726367169,-0.6495074005610305,-0.12318212500805853
2104,3,0,-0.4113832893353413,0.5080289213676639,0.12530395301432448,0.47234278713291283,-0.46098172963949247,0.07509593503622929,0.3634103618366498
2105,0,2,-0.7381897242168535,-0.6093635029243356,0.13010331516256168,0.11768701076676823,0.2547948641373638,0.4355081735569719,0.22380895493358532
2106,3,2,-0.04493007374155141,-0.00692629553466842,0.32681189196514965,-0.6016476714594806,0.480639825192584,0.33691196007255053,0.6254667244693805
2107,0,1,0.2665444235489497,0.024861808061993895,-0.716336945219375,0.7823623564114959,0.2673274938284078,0.591302276629152,0.223347809919078
2108,1,1,-0.018738583850701415,1.0923239517581849,-0.6051447247084043,0.3493050359056351,-0.027428084301983666,-0.6467559479769831,-0.5708219868461701
2109,2,1,0.27183804950274193,-0.369999345169681,-0.07026301683637837,0.3298388382044615,-0.12619248889682064,0.11790358712068387,0.09800076569188614
2110,3,0,-0.019959102769188775,0.8917424206872832,0.6692061816483665,0.43947061791727776,-0.27203432099434266,0.6162225486839608,-0.013048754386392202
2111,2,1,0.06249552456846452,0.6376728531163949,0.18592716087150302,0.36123285275362993,-0.09429120017500685,0.19024569154021492,0.3045472874363196
2112,2,1,-0.06007610903299087,-0.5556362827430781,0.0399695795481717,0.33297243626755535,0.5262062938261906,-0.661025457802703,-0.09152909506185902
2113,3,1,0.0016280103772118443,-0.344288092488351,0.14908921517279058,-0.3415417118574951,0.858150177820199,0.22029661105681986,-0.38495725606651254
2114,2,1,-0.6550536504783805,-0.14625584425276536,-0.24530078704856162,-0.5693299537521721,0.5464187974540065,-0.26054051009347723,0.030040967539236088
2115,0,1,-0.2292767065512728,-0.3218795795208442,0.10744820282607659,-0.20301334285454925,0.08857986493302472,-0.39547205865325563,-0.40901833043193764
2116,0,2,-0.6334441787983868,-0.30022550971099715,0.31932370800396165,0.014800297173397784,-0.42734538562248686,0.24700545789248513,0.2524470999483155
2117,3,2,-0.6927229087492417,0.0784847697295781,0.34407083907703645,0.5159119668223493,0.9135067406621059,0.5535423220746596,-0.2040308858210785
2118,0,0,0.8575599165851804,-1.1316178287351122,0.6084267865337114,-0.17349244937341213,0.4244302745382092,-1.145086487949284,0.45030031226794864
2119,1,0,-0.516189050074608,-0.9528697582290379,-0.24286661583648994,0.3956901147659655,1.2850353479064804,1.0453423244059619,0.23754754413222118
2120,2,1,-0.6436042221838738,0.3223584634926142,-0.14405237121401857,0.40431167800007084,0.17393272815787236,-0.15174171107974357,0.03816614084162027
2121,1,2,-2.018931071358949,0.7852827017340895,0.3118562661037953,-0.047640473960596084,-0.25776402818004024,0.8050975686877485,-0.11166364683240299
2122,0,1,-0.17788985947066674,-0.7208574087048769,0.731936316165087,-0.03076992245656686,0.16586099405639346,0.41978046819206527,-0.018712985363219733
2123,1,0,-0.11695752293486578,-0.35592842149937154,-0.18432832149816056,0.1877436318215614,-0.4288057840823088,0.06559173673217641,0.28454784365884955
2124,2,1,-1.182498235983225,-0.32187668771101474,0.7547614939906095,-0.3662531086705306,-1.0943521323797778,-0.25860963418682126,0.19481086724123173
2125,2,1,-0.23257202618709227,-0.7232669763249363,-0.12519314821983915,0.32200173355607936,0.23840914894659726,0.3356104346404175,0.30197762916855875
2126,3,1,0.14077328287451435,0.4177913334050718,-0.029112358576514775,0.10147865385604496,-0.2034527847261843,0.5868784470900706,0.26981174916103356
2127,0,1,-0.6817029709482948,0.9436252660768351,0.5589928838118822,0.37777589143075724,0.5626058556556202,-0.27735318277193866,-0.44903535912824966
2128,2,1,0.34275995441650375,-0.39330763202484487,0.08454155248776447,-0.4660537053472616,-0.3290723625836067,0.9284692499686369,-0.36131823036855687
2129,3,1,-0.1798419381859049,-0.0189005900483937,0.10662484604538865,-0.3234108327029859,-0.5635564359794064,0.18339489302096926,-0.13379394711178294
2130,2,1,0.11972353589682067,-0.30575045895053143,-0.38144987299054317,0.4008996023323736,0.7017163330705419,0.45388391380481297,0.3463436602501881
2131,3,1,-0.5414701570675652,-0.050771521887206336,0.01638756415968004,0.016318570499108776,0.8919232427472877,-0.10986902231848997,-0.16918686346072367
2132,1,0,-0.07316012845161349,-1.1107435860870356,0.8165432490827613,-0.021429137518852896,-0.3436604093141237,-0.19376790503766025,-0.24339059235106486
2133,3,1,0.15224685515235195,0.6495072133755745,-0.032734419642000155,-0.4229912252936408,0.07017552551742193,0.7268414852147406,0.5443499360826818
2134,0,2,0.2732046618787958,-0.05525399074582056,0.13855563091568537,-0.20823264261958416,0.3444655445681691,0.3458900488442693,-0.006038247355006789
2135,2,2,-0.4207841576140907,0.029857540285465944,-0.5605977749666803,0.3443261242622313,-0.2533021824413491,0.07967759933036724,-0.04687142476704391
2136,0,0,-0.3840957093431515,-0.12177325811861313,0.03466178385696772,-0.16444252293836706,0.4828864796762498,0.30739475902963287,0.3399429345256283
2137,1,1,0.46954964938132726,0.7932798273539375,0.008043021150774599,-0.29056329638428513,0.18322990434339442,0.483275589661459,-0.42834655004428296
2138,0,1,-0.4127376454190377,-0.6564922194541569,-0.18293358975840715,0.8703497778462023,-0.03006108978836318,0.31958962690408915,-0.12491507193906168
2139,1,1,-0.40008004268195674,-0.7208238660972986,0.008624415579637806,-0.6212959528571238,0.048607617886456365,-0.16710776705325328,-0.17810176663469138
2140,0,1,-0.1435642698874505,-0.6715071279636513,0.003347281355711035,0.8247894638887746,1.0722842391798384,0.26346590247942225,0.29320332810045013
2141,1,2,-0.6387184769553517,0.21457635558750196,0.12069790103068234,-0.19578390971879234,-0.3132419982354973,0.7180786572112312,0.2416685984014887
2142,2,1,0.42656642862672867,0.6077593553867489,-0.1077533708835201,0.7000035933644272,-0.6048435472421562,0.428848697552203,-0.2723295916634644
2143,2,0,-0.8892166442803834,0.631593010361861,-0.11573451991048711,0.1585735550002174,-0.7139562698754789,0.3964090031784664,-0.15296830050320628
2144,1,1,-0.48797191706277254,0.501023923872173,-0.005856995619159722,0.4303422265807137,0.20874314788567774,0.18858172766785422,-0.19636699748013917
2145,0,1,0.13170111534736295,-1.221965757390614,-0.3168804988480538,-0.37878216235805034,0.7763995566432275,-0.1642877520540886,0.055959064707194354
2146,0,2,-0.1444340243663849,0.5327108777919081,-0.23810826272160815,0.7240231293211943,-0.13357479245263654,-0.2096680397637277,0.38904944868517805
2147,2,1,-0.6522606066284463,0.4399951914301685,0.0963539535609076,-0.1470804862206045,-0.2516657836790844,-0.23466461109211825,-0.12408453668826055
2148,1,1,0.2144362750809566,-0.007647311043488814,-0.11909220728919939,-0.4919785843124627,0.14190791590586832,-0.5334150435885839,0.04188275226866394
2149,0,1,0.09583279938554509,-0.5781213168717161,0.2576193052260631,-0.04321492512768019,0.44574733783807813,-0.848168430766208,0.3402479319504459
2150,1,1,-0.054824329564983544,-0.7714191686946099,-0.1592859103263542,0.2140092413911417,0.3496759865862571,-0.4581415491031118,0.10172674014834046
2151,3,1,-0.5643766456053779,0.1005497885501678,0.5332670777172052,0.30520746369274127,0.7544388557850789,0.4363071543830759,-0.24702278115043275
2152,3,0,0.05103391596897619,-0.1679167037988477,0.2590349733313008,-0.6201408412781614,0.26993684215644415,1.0490107940654905,-0.044975833088180865
2153,0,2,-1.1163630232714936,-0.8846654250566226,0.7592613951474666,-0.13698935523448283,0.31761260465777047,1.0571446966092877,-0.12813531146073837
2154,2,1,0.3136900417748776,0.04025005960038744,-0.5578554969723019,-0.30337307618824744,0.8084371483577878,-0.15266243274961802,0.21537043264425257
2155,0,0,0.2122833238021087,0.3566804077571101,-0.7616866871041298,0.4620268000766053,0.12974554580990041,-0.7163168243075351,0.6371897767260221
2156,0,1,-1.0253269678694723,-0.8110125225166839,0.8181428001048437,-0.06550160014977414,-0.6808150401027161,0.44559580402552,0.32593649162346106
2157,2,1,-0.8719308352511187,-0.34401371960986094,-0.24432923103079288,-0.22686705599491608,0.3100734052763149,0.559848239387657,0.16447768146663835
2158,1,0,-0.6023010948062882,-0.7445284973257148,-0.44343673849145404,-0.5401001278389705,0.323881390285254,0.7116956422104438,0.26902808841995024
2159,0,1,-0.1719075877352393,0.04504980498174893,0.43612003833003854,-0.0386697028957828,0.6154556749584116,0.41823661116252264,0.20654143676767758
2160,0,1,0.6652198721132977,-0.41293542760751545,0.7263656981519058,-0.1682674707579504,-0.2642452241571833,-0.179274430828714,0.15936489207724627
2161,1,1,-0.2655019982843845,-0.21027641031925995,1.112551420248391,0.6276655513267856,-0.18869081447799269,-0.26425484021585643,0.05551113641611949
2162,3,1,0.5012355783233245,-0.3607506056981671,0.7336369591115012,-0.09614520228130255,-0.1307962453479189,-1.4174795784003114,0.08464736440878842
2163,0,0,0.11479419971437882,0.1697934392239441,-0.2608836209772372,-0.0340404066275188,0.005481644626834045,-1.195380300823196,-0.18592074123033792
2164,3,0,-0.16875006176200855,0.26880793883238974,-0.22227673174342566,0.4044812892555343,-0.061775460903989145,-0.29660054247305145,0.8005174368368377
2165,1,1,-0.6296533411625437,0.4272680531243237,0.16837814346551475,0.6836081054098673,-0.11590642692956206,-0.033344039185561475,-0.46090880886481095
2166,2,1,0.36016012235489203,-0.2784062086780902,-0.3285119089383821,0.2100964541815872,0.10657367979571948,-0.023727148899349654,-0.33571148135449685
2167,3,1,0.14063812120323516,-0.16351350146832488,0.2375216553232664,-0.18115778410144232,0.6482073580873022,-0.6082356252455591,-0.23018087434122683
2168,2,1,-0.821547709477952,-0.26367470512208413,-0.13209981158901668,0.24974989007903503,-0.4376432245363929,0.793363618635002,0.03008344642802199
2169,1,2,-0.47187953503429214,-0.2405225870747809,0.31121223907469203,-0.5031057157058806,-0.7294917335182379,0.9277389181573781,-0.16845624584507116
2170,2,1,0.491617435214318,-0.15371361038997763,-0.189542163212171,0.3602459967992416,0.23595085637208352,0.5243656131396828,-0.07053944192417151
2171,2,2,-0.5256887541530167,-0.8484796366789313,-0.8262075103340183,-0.86283909245645,-0.7488003759443875,0.1409162842151164,-0.6130944842156061
2172,3,0,0.3572349486424361,-0.7964056157386316,-0.19553024105449868,0.065635210502816,0.16877868542356267,-0.20025259730795072,-0.022488217287909285
2173,2,2,0.059100984148283964,-0.06134585404669726,-0.33937074036209036,-0.11565637930199432,0.2409127346811171,0.5047719733996046,-0.31118856276283235
2174,1,2,0.08582317099635203,-1.290328285179907,-0.042365198990125356,-0.26273960680163116,0.06183021938127328,0.2810870779845249,-0.04119767414610918
2175,2,1,-0.2832318699498254,-0.6592187028887496,0.12590082137896214,0.16651889112105633,0.3722608745028099,-0.06133861971194357,0.21899040977867454
2176,0,1,-0.0875668285036391,0.1066436432851626,-0.13988630277155492,-0.12927472588174208,-0.04327619050060939,0.013627423830294444,-0.41997852166185484
2177,2,2,0.5238588978293658,-0.11499201268697172,0.11363439987841373,0.8695770463816916,-0.27488693500353345,1.1133211765199522,-0.15963582474402496
2178,2,1,0.23426402363473106,0.14727045098735062,-0.1176574242306316,-0.6590044640009861,0.10821281354268501,-0.8425214004978984,0.29895398453723376
2179,3,1,-1.552441375247584,-0.4249665111622237,0.363424573094475,-0.16472930565352928,0.701602730452068,0.2079878105690871,0.4801181233509502
2180,3,2,-0.5519732216314567,-0.04871672074829593,-0.5442411356858383,0.6226146523450145,1.0125080015160726,0.4065799489977703,0.14477219554083331
2181,0,2,0.44545900768199465,-0.5931707135681747,0.2989157570541541,0.4067920567874942,0.3312185291599044,0.23178384897968135,0.5900075644500419
2182,0,1,-0.7858605194360936,0.11194243788997929,0.17981440528337828,1.3156069271941866,0.1927550470991352,0.05963887892459953,0.27118317450252316
2183,3,1,-0.35613986427278366,0.05278347753595125,-0.37127787175573,-0.49185423344084145,0.2120531861437133,-0.0015858225960440342,-0.22897564704313889
2184,2,0,-0.5251980805242622,-0.46187172029317125,0.5845777353494207,0.5590823900926458,-0.5939583073278317,0.2913483838582789,0.07788122962579656
2185,0,1,0.5051041010053513,-0.883086736101706,0.4644870245007037,0.6448111369637205,0.2588875818298791,0.0869389391899965,0.19514632144436536
2186,2,2,-0.6359915009385047,-0.7418510179432479,0.3200001964044251,1.0820985031266601,-0.21060578474112315,-0.1340282632652414,-0.07036295960569736
2187,2,1,0.17983741389724153,-0.061708237531048454,0.02183474768715718,-0.1473354654115465,0.1029383292032052,0.6902674133188397,-0.06905311953283082
2188,1,1,0.15918247517853287,-0.041340336898771715,0.1169144339962888,-0.14430954467223722,0.33830623548340993,0.362096963614407,0.6608269524438342
2189,1,2,0.7676008776694047,-0.2601057330914894,-0.199539853827695,0.14827640865823707,-0.434385504645585,-0.23496477113435224,0.22304978887606328
2190,3,1,0.17438235568865765,-0.4324368982647475,0.06097807849217522,0.9088824647466995,0.6133716732794255,-0.9990285718640398,-0.13216790618725435
2191,3,1,-0.027738378584960532,-0.432487544393252,0.4502664503201942,-0.3474665986755128,0.22684020908416908,0.5633505908477743,-0.22535795859968122
2192,0,2,0.06805580192253674,-0.626275290316765,-0.36787363815565943,0.17013174602281225,-0.40615383253529436,1.3519545037574965,-0.46834396289481645
2193,1,1,-0.12275303416595065,-1.0814106607556218,-0.44928058991021624,-0.45477074255720285,0.20831670205220731,0.7473349213468312,0.4338843595577157
2194,1,1,-0.1575383684030773,0.31514798765428065,0.21162013835343552,-1.0362471088931382,0.633573046563058,0.16918911883356083,-0.3253284517798326
2195,0,1,0.3464167318659923,0.1328930860640992,0.36097348631859627,-0.17783704514550366,-0.07018450949050181,-0.053857594160831496,0.2190150528785659
2196,1,2,-1.092837122947125,0.24957654221829076,-0.029819890547216454,0.07917624987563085,1.2779519888609576,-1.3045795489897967,-0.32417771859613315
2197,0,1,-0.6846818076231674,-0.6651755195805268,0.725042649647113,-0.30956049211682146,-0.0552272974705579,-0.22656610095159072,0.296377894693356
2198,3,1,0.09732181376856525,0.6700995785585198,0.8533018078747792,0.506162897540547,0.23998469842334938,0.8795995364073957,-0.11535625836225165
2199,0,0,0.6718798854386412,-0.11855135250337075,-0.7181078444873817,0.5131130181381209,-0.42012720177651347,-0.9247348788201643,-0.13774827119445582
2200,2,1,-0.06316010192402996,0.11201976936012095,-0.2657074497527328,0.2012964820744847,0.4640224859960041,1.00234556567466,0.2845108827179722
2201,1,1,-0.2993640915901091,-0.5990129260625598,-0.6349765861360265,-0.17474565158034433,0.29690279869337566,-0.5257032013573452,-0.11587739483161222
2202,2,0,-0.26519512062561684,-0.5721338097236486,0.5490937021439148,0.41802344700497496,-0.909284998934374,0.2635142566639195,0.2723810201150564
2203,2,1,-0.8158697882782565,-0.006164932076068053,-0.7707612594002913,0.124824386729684,-0.08286910576206527,0.36768375796272557,0.21774832970787472
2204,3,1,0.04307567095052181,-0.1282133874413266,0.07337784667013011,-0.2675342638804442,0.5878502509561792,0.24022061904077696,-0.3732967451834207
2205,2,1,0.4304483794355155,-0.3404888553041994,-0.441557952182727,-0.02063887543233238,0.5350061357700885,0.24406224167672202,0.15984140984683998
2206,0,1,0.2649891469494593,0.1773281408234226,-0.6666857586231156,-0.4188354868113366,-0.8011603639322443,0.02052208173847947,0.007634988070060701
2207,1,1,0.1531696740629883,-0.8553461571131195,0.5089528762502117,0.21603478700323087,-0.4772415008743366,-0.3311430881373735,-0.2732445107992489
2208,2,1,0.49791008891329,-0.3902578749812019,0.06082393143904602,0.40007282112018194,-0.042741800898282514,0.940997325180409,0.6889149405822222
2209,1,1,-0.18874692169562746,0.33651642341407695,-0.18278098110980057,-0.16397787461869537,0.5999764984148331,0.28266264973134836,-0.05350459675347944
2210,0,0,0.18394726801679354,0.040282558622721065,-0.15468463039169916,0.34198017686460097,-0.12969505924927321,0.44402288244735844,0.40985338864562637
2211,0,1,-0.0416615553946584,0.39212525776996876,0.1708864703382961,0.04436072542140477,-0.017234977687388707,0.0843764890830069,-0.29672886997381887
2212,0,2,-0.5847857657384993,-0.3533997724631457,0.6222417399249001,0.04914436509107348,-0.7728673517486631,0.16966822861802594,-0.1622339680668798
2213,3,0,-0.2419948104193905,0.15874633342384395,0.09785738976030676,0.21479281012075446,-0.4085894402862145,-0.8543433034341649,-0.1924304973215255
2214,2,1,-0.13044927991701502,0.2550941134281385,0.3059870716456375,0.5279997930315665,0.3807759056223443,-0.16012842241240813,-0.27526294966603543
2215,3,2,0.651320992240723,-0.5257158871325581,-0.27816896578751654,-0.041375636102589944,0.6364549462639463,0.738595244964383,-0.12691421611245934
2216,3,2,0.04310015884571139,-0.11385482034072447,9.373718042154922e-05,0.9243985081390647,0.07579172155598764,0.10112822671442359,-0.2533157100998516
2217,0,1,-0.021483526843665016,0.28586090776726925,0.03452922702933999,0.5856615373860949,-0.4303354146672118,0.21334613150423187,0.3812449352044578
2218,2,1,0.6032660364878479,0.30861327171333963,-0.5994048708442721,-0.6012893284785573,0.3718386032699403,-0.7354271338955263,-0.11880375477576822
2219,3,1,-0.8545870952568859,0.27013370333093467,0.5842443563810152,-0.319428313957142,0.5864009344391414,-0.4753612946230855,0.3452227791350503
2220,2,0,-0.8906100636030598,-1.3416684099072487,-0.18622083463235617,0.33329329062298135,0.38456848711771735,-0.05038029462748861,-0.5646553462721381
2221,2,1,-0.11366437030395556,-0.03457345820964497,0.1822277134872169,-0.31923415551402434,-0.50257343311676,-0.5870425594420942,-0.28081917876930745
2222,3,2,0.14519244498104866,0.24878458117821398,0.05778811359484204,1.1804931188288,0.23589290409732913,-0.25119377929915887,0.1710711258855836
2223,0,2,0.04690666453463349,-0.8997556371424349,0.592108593648993,0.4393117411483976,0.7952217209739695,0.14858027408000926,0.11833454523894293
2224,3,1,0.16226292804351997,-0.0844407221139258,-0.42740839404169767,0.27233730262658357,0.09228669582480303,-0.09217259498688282,-0.3056203794885132
2225,3,1,0.08017135806707601,0.11782385336998816,0.053425338735563134,-0.38006234244685116,0.69979798277819,0.9765168145329025,0.21481226826841282
2226,3,1,-1.2880120589558457,0.3741718847580948,0.12819145874530904,-1.4319504579433275,0.13817014949195452,0.41778615934148744,-0.2951250322356283
2227,0,1,-0.15055503483200997,-0.23514513765664102,-0.1101509615179953,-0.061920263356254175,-0.03881657847029093,0.20662984918990268,0.23116829932682104
2228,3,2,-0.6143711788451464,-0.17599441408285796,0.44822541577170166,-0.5457259312664492,-0.7206470105561965,0.3784015038267373,0.3069434942168394
2229,3,1,0.3220081318905639,0.20110042512982498,-0.4920382738606224,-0.060915644328965735,0.46855149692149267,0.2554169454813413,-0.06514286826868973
2230,1,2,0.289772464904811,-0.3005767370737212,0.25148366654340104,0.23687063652498067,-1.0828207964331849,0.6386798089898406,0.0719740264967135
2231,0,2,-0.6348739695652592,0.3107959394608769,-0.1464995897929899,0.1006890769608615,0.05815457934015701,0.9322775716964791,0.3651216092787902
2232,3,1,-0.30790894835170357,0.05568075005011977,0.12978813260675007,1.7206834785506087,0.10395211638352218,0.3941128583881318,0.3125637068388542
2233,0,2,-0.6345917081308393,0.03164474406965698,-0.3926393302791478,-0.47236187290199955,-0.3426218284334085,-0.6348130971530981,0.7283529846190687
2234,0,0,0.7586940363542573,-0.40086656917550245,0.31661052200510287,0.15741604089721595,0.10079604831326539,-0.685767136679062,-0.4350481082950543
2235,2,1,0.11021532029955536,-0.10180210026829499,0.7657192242500778,0.409075927929861,-0.020570706057240682,0.611709434684652,0.31449145505497617
2236,3,1,0.6549894707821654,-0.23985890803118934,-0.014347072008153751,-0.16673567418849286,0.05350397042291607,0.7556954743206494,0.17900661144213206
2237,3,1,0.43994287294539025,0.41506361101322176,-0.18664536616344735,0.9130870120777206,-0.5911239290332814,-0.41586756680239545,0.05935593266207713
2238,1,2,-0.1285768760470862,-0.5465541863612694,-0.44938727320375743,0.3629392218747743,0.15204057222788336,-0.5980366634733021,-0.3821284109092247
2239,0,0,0.027511277401498613,-0.7565404433389491,-0.11661861847487823,0.11078397865260169,0.2666920972078246,0.3023159367524748,0.19960816481602703
2240,3,0,-0.7023091353762504,-0.5565174306986798,0.272765909341484,0.4220583225849433,0.1307805799812651,-0.855405102416794,0.5436438282711518
2241,3,1,-0.11609421316362845,0.5250312816707744,-0.5524820156803171,0.4430714000932494,0.3665052953763685,0.5032715013144393,-0.22059395835392692
2242,1,2,-0.22347693354697917,0.12493414794241656,-0.2829129144420373,-0.8544242183095293,-0.7964191602982601,-0.1951577407774668,-0.33366814237477577
2243,0,1,-0.5362657517764962,0.16495994615093076,0.27241259204907103,0.5689777961935578,0.4461660169747978,-0.8180720041058231,0.18534918121204852
2244,1,2,-0.9338035361666785,-0.3865281655112902,0.6292150675396005,-0.8230352957894725,-0.18482641879494147,0.31754348235133534,0.10667474972549687
2245,1,1,0.13316275342107936,0.24770455031728492,1.2929864159284064,0.3057419239965939,0.10716023174843042,0.9063863631799433,0.3317262442008541
2246,1,1,-0.5753466307913951,0.025116125408812,0.2809589150791619,0.6768759593614997,-0.3828568913175894,-0.4381647852326904,0.06562531439845899
2247,2,1,-1.782050106306757,-0.8555888856963557,0.26616615204548416,0.8086657927519064,-0.2426428668247976,1.3742282714504588,0.0023349016705699584
2248,1,0,-0.3020873223491901,-0.3581086690005001,0.5659976496652783,-0.9220973669001704,-0.303489501732192,0.035269748116929886,-0.38581494348599704
2249,1,1,0.4243765391241142,0.009210191279618196,-0.6121153832548379,-0.10086487975291802,-0.2172469116431757,0.4525815018670607,-0.026515641741107748
2250,0,1,0.41506913128891143,0.08232168301591289,0.3341917030991589,0.19455624688013815,1.0229379505607714,-0.00920440348104734,0.030965408096330565
2251,3,1,0.0661411094296318,-0.6435944316484858,-0.0800765064050043,-0.6931763732981581,1.262799704684997,0.33109806359168004,0.33626173320384195
2252,1,0,-0.41635065371843816,-0.9117841627720873,-0.19034034346579412,0.16334736584256826,0.5146502992190001,0.2437032528106735,0.17196276775257405
2253,0,2,-0.12410253422519679,0.0025170429861528787,-0.050473541602803484,0.10631025538720017,0.08106680287833196,-0.201816581047961,-0.11163082899129649
2254,3,2,0.09161123648802122,0.5198658587537988,-0.15032584255530082,-0.3919131223655291,0.36889243287052875,-0.3611560564421823,0.012019861966953297
2255,2,1,-0.5765302413563649,-0.33076914884690856,-1.1233958845360454,0.16112335890756843,0.4624160351675062,0.25697608657117005,0.3640710746483088
2256,3,1,-0.5801991034662904,0.10446167705357243,-0.1484216559694618,-0.5682796515609935,0.5155218432422775,-0.34793032361722787,0.4564965164036
2257,1,2,-0.4985883991837775,0.518331768078987,0.45161477422089685,-0.2070591811923285,0.4771914413180568,0.6886885628665247,0.8238290764875603
2258,0,1,-0.22849426786788274,-0.5483964748899443,-0.17577705737847726,0.048007772895175084,-0.0646842246158887,-0.05304354358080007,0.4435597326458748
2259,2,1,-0.23235516861805108,-0.2781634157662556,0.360150902285927,-0.7102164058986602,0.14017906806178587,-0.155704707153301,0.09150876037361513
2260,1,0,-0.5443492206262498,0.18535889589067991,0.01954858254352744,-0.18761281133954352,-0.6069264996215423,0.41407178577595327,-0.42974885817953373
2261,0,0,0.03807391469129878,0.08158903603860954,0.08753733625171134,-0.46521440941155195,-0.056519240254155924,-0.14837605821325509,-0.15506090098735376
2262,1,1,-0.058742025133041234,-0.2926457939645371,0.03644598622467843,-0.38242254986196694,-0.020186379005688124,-1.0621508044809258,-0.3861389125163828
2263,2,1,0.28142162781268065,-0.09879592415533078,0.026821244400721395,-0.30298633776720235,-0.3509874291253419,-0.10697220228701707,-0.5228566567626358
2264,3,0,-0.8291348663292151,-0.11687784209070484,-0.26197161631705307,0.45286204633870136,1.2518792674835475,0.2517530470579298,-0.2025312083085483
2265,3,1,0.5604590456583649,-1.0205419175755388,-0.08006176428652889,0.011413216153164206,-0.16842677671207307,0.10624843043588283,-0.08777485171260256
2266,2,1,-1.2650245157797948,-0.468982385584227,0.6863052473879534,0.9936892085605415,-0.24648513560391885,0.5352961291374645,0.16304370433589913
2267,1,1,-0.08567872591410756,0.6701251646802898,-0.8762293720199354,-0.1757017048549565,-0.3365674822864102,0.37898605268399477,-0.07101014279102069
2268,1,1,0.14353840619436312,-0.022381845583644838,0.15180421874884895,0.4293665970116076,-0.12441589374357159,0.37145023414795497,-0.3113252599855055
2269,1,0,0.3616041996651693,-0.4799965857336459,0.5366301084031844,0.13250431888838712,-0.19924428704856753,0.1485310682738545,-0.1608451339602143
2270,3,0,0.18562182302166283,-0.37206566051682965,-0.5480116678497499,-0.18077734367461068,0.42807320916398467,-1.2793602749364357,-0.2993990645214828
2271,0,0,0.8911014196171813,0.23608752817420978,0.554442497623027,-0.42132807981718495,0.19995060911122275,0.7508588335613924,-0.14920810313133093
2272,2,1,-0.2555712916987312,0.07173822357023427,-0.14471626848164648,0.45997303777433124,-0.05079450883258169,0.6497971762720509,-0.17013399666419543
2273,1,0,-0.9027001804842347,-0.19204695403608313,-0.0035508807424412207,0.2740450042208148,-0.026822633783149512,0.4483904154931274,-0.13598027353022113
2274,0,1,-1.3762099842483084,0.14259495350628096,-0.4746119042470424,0.7381275959407335,0.194769179432267,0.10509913059633152,0.056353571243972125
2275,0,2,-0.3437452958121909,-0.2687269595335793,0.7183322679734104,0.05809758751425721,-0.15708375143861397,0.34348792595039845,0.3438411270245489
2276,3,1,-0.27420774821298466,0.3467339616245161,0.2772214350826076,0.19970851902331735,-0.25851414838613307,-0.11465676952036477,0.3157727997759167
2277,0,1,-0.8608396728508085,0.2701941898747672,0.5348625109474031,-0.09028523040750822,-0.2929853264620451,0.9919436047735383,0.04735481430983523
2278,1,2,0.2884943586332802,-0.2470509677081767,0.3309945620832452,-0.6019805257493307,0.14986886739164504,-0.1370219881800516,0.06424915421541692
2279,2,1,0.37599120652351326,0.5958023685070272,0.16966501937821227,0.5623563421376848,-0.23067724922179697,0.1350472287786032,0.03960147871606328
2280,3,1,-0.05594975282999212,-0.5999265505261552,0.4488990174485391,-0.5727838803087657,0.7451373667653306,0.21213820766372538,0.09196132532226907
2281,0,1,-0.06594434711202174,0.3033754065971862,-0.28862446169554434,1.0864728296820116,0.8198584807313612,0.3187897669104307,0.14608937292032573
2282,2,2,-0.7822665146148864,0.6210288527644492,-0.044004643419381706,-0.02962036789722588,-0.27280602880351174,0.3620301762838696,0.011091437518377266
2283,3,2,0.10799327493432531,-0.3705296939331013,0.30484103393484563,-0.19877267699790652,-0.16782103639736293,-0.12774003331221898,0.1257870010289356
2284,0,0,0.4485113812916277,-0.5992214238322109,0.4069920521846069,-0.06440133201555945,0.3643350020090827,0.33608290075406155,-0.619318898686114
2285,1,1,-0.3254551194739085,-0.8581014883794976,0.03618275351247998,-0.24568052842899535,-0.42630644852363003,0.17276165735796994,0.2940816354019828
2286,3,2,-0.2769503696813237,-0.7052618683973252,0.09482385589040783,0.2948253287397131,1.0745640333993531,0.02983572319181481,-0.2344596113483064
2287,3,0,-0.6629645436540154,-0.39527559698786896,-0.3205642149996969,-0.4213850997516218,0.8129887637950476,0.5589133265871237,-0.1368968878699757
2288,2,1,0.158409365217514,-0.641322037025307,0.8145952239039735,0.07383439763250188,-0.09070799217145319,-0.5320796880526034,0.3461384490654003
2289,3,1,-0.5850222683510559,-0.4715782367956841,0.11273480076203758,-0.1009054649947522,-0.07122384666218048,0.4693058610443187,0.06015464972302998
2290,2,1,0.03327213052964395,0.5980466636635884,0.05089421048876949,0.8482393584480519,0.15655441537069026,0.055909480030754896,-0.2677483937603654
2291,2,1,-0.6809301009524679,-0.5622272523276004,0.5392539172051508,0.9985021257477676,0.47012559184554115,0.40081407187145646,0.275139066833314
2292,1,1,-0.3421606920250628,-0.04611178373337016,-0.10145292102502042,-0.4015797793850253,1.1288803389325188,0.11131527925705079,0.1513556974399575
2293,0,1,0.06526275895276754,0.3117167841573363,0.34405768489094235,-0.08878931386122477,0.536539696067583,0.06640689606823566,-0.779935590634205
2294,2,1,-0.2700556483121882,-0.260873616806849,-0.8220076101466939,0.6918407020920504,0.08294958893097809,0.1573052821120854,0.5033052372091441
2295,2,1,-0.10362427153619073,-0.4241831522616103,0.18133835584172917,0.64144754310246,-0.1718285162380383,0.5684457901791998,0.1323715948534257
2296,0,1,-0.3494355510603752,0.26689318081115476,0.09534760442324848,0.07616670585259035,0.3441602085552238,-0.7399187026524134,-0.3482388698978265
2297,1,0,-0.8210547359739262,0.48015846046386546,0.14113340355227288,-0.42193765465108063,0.24758267773190373,0.16228602573031417,0.07873590270923567
2298,2,0,0.3029937335083217,-0.4996595660615335,0.5965981704896193,0.704841458663931,-0.45310016934357356,-0.475528967823066,-0.2268113839358762
2299,1,0,-1.078271000324889,-0.5743587857101923,0.44223774805688176,-0.051377631858488676,0.46080510043840345,0.5047082136241378,-0.06529388941893119
2300,3,0,-0.3268261823970185,0.852021895529188,0.11307744695497995,-0.18583826299938316,-0.26608974348926206,0.32370322861219814,0.4008470703609988
2301,1,1,0.19081116888183255,-0.06208915143414376,0.12795568367601698,-0.2603165405868128,0.0871668189819038,-0.31069566050442443,0.3683700451562471
2302,0,1,-0.29288410296456086,0.7207710224890729,-0.0280366418325423,0.28982454066769003,0.16605267782065922,-0.07669907820488936,0.35333380625286687
2303,3,0,0.030668171083376383,-0.3924771498091806,-0.04762720950183257,0.44549570875459504,0.0900218623876093,-0.04101171224398786,-0.09797335242837875
2304,0,1,-0.6961286889578718,-0.08679337419826069,-0.039855922495177255,0.35315937106967477,-0.34278923930912464,0.4351858959966053,-0.15739381759885443
2305,0,2,0.1330749903129458,-0.6248695119334609,0.057669942060060486,0.6111260718868234,0.16176445100207293,0.06361465185131324,0.1277618678972567
2306,1,1,0.5116080311855395,-0.6138673176860736,-0.4292580274237436,0.14191898883015028,-0.2631075191505612,-0.14727619825753466,0.09129385245815612
2307,0,1,-0.027088710205618552,-0.2735677532705251,0.23514063215689984,0.4956683193312634,0.03860354381427366,0.5339977643196578,0.17318404373742205
2308,2,2,-0.7919213670249334,-0.6644689450287142,-0.5928881636181472,0.18853895096136303,-0.5038552956877701,0.02937804449213842,-0.18143470590773045
2309,2,1,-0.5080345279770188,0.40037318810836475,0.27551577278827977,-0.7346476873612651,0.47748565730150494,-0.4775848821146028,0.2483044341858793
2310,1,0,0.6782433771692364,0.7994566545990381,-0.20105043186222826,-0.9108886742985598,-0.6275355713099323,0.07165005066014951,-0.011286222793078208
2311,0,0,0.22940613822536374,-0.1611701736785175,-0.4075380325559702,-0.6976922707118376,-1.095543531586655,-0.3420781948162025,-0.0038250728387855494
2312,1,0,-0.31594624038712726,-0.20118973835232754,0.28494872528449394,0.467233323604468,0.28335400960015683,-0.7166959527993281,-0.4701751051749248
2313,1,1,-0.37683020947197055,0.11672998751774435,0.2854741989550028,0.692930772579424,-0.3038755009087873,0.5808028767893579,-0.17431955631390947
2314,2,2,-0.028785511201517913,-0.6317537438798784,-0.12805721525591604,-0.4118709918460325,0.8765585784062396,-0.47094579756364296,-0.09251404488531943
2315,3,1,-0.10708605866293595,-0.49673047899385814,0.1964419992894583,0.21975423379000017,0.17363460407703962,0.4658826902553659,-0.2951346536650594
2316,3,2,0.2808563864047403,0.32142530447727913,-0.18361880031058,0.8136214611292449,0.10796344745105525,-0.16018474713138423,-0.12486937637513255
2317,3,2,0.059194461537859455,-0.6965330218571693,0.5537675403183852,0.6311738406547928,-0.5141974869563154,0.3526174345480959,0.22667256084137236
2318,0,1,0.15477202559284622,0.6064927037016346,0.4439841453062719,0.09389683224055916,0.33455425136282324,-0.18485676171671986,-0.13895803230634363
2319,3,1,0.7038796226580287,0.0251847687198829,0.04161193474736126,0.1517325072962435,1.2967497368868297,-0.4408175541589532,0.1916102157646208
2320,1,1,-0.30771827460373635,-0.9682181067703245,0.3161893718157853,0.17854849688755414,-0.001255665313483138,0.14871579120971992,0.51906579566057
2321,3,1,-0.8080897401430016,0.6723268847653372,0.25670369238983987,0.13414483120872023,-0.059059750788777184,0.824380291385705,-0.015368180303340594
2322,2,0,-0.3856684171385384,0.02253039630951781,-0.09194942334423611,-0.27336638381525613,-0.07696253710025042,0.011498742534551493,0.25599528866796584
2323,2,1,0.4534387036545501,-0.8135492308755268,-0.048335589133845405,0.31223523553484395,0.4447131680507225,-0.8188822516391683,-0.1771471521207347
2324,0,0,-0.09326161249932877,-0.487043109734424,0.14767017498680565,-0.24109024945250299,-0.05139953421082801,-0.20088366882780304,0.06227791061403758
2325,0,1,-0.2852524446183812,-0.46635995356826976,0.5764926679202667,0.2636006102499369,0.536475404842484,0.864921309510082,-0.3031623914498488
2326,3,1,-0.26338469162817535,-1.7233392053969168,-1.2164372711259015,0.8967300204206267,0.02568164335751637,-0.43338335187552934,-0.2025651389017179
2327,1,2,-1.1012120079169296,0.6758620899412268,-0.29957430695859466,1.0505648204221165,-0.4608030281350389,-0.6953791124947387,-0.1900225241872381
2328,2,1,-0.13378003553436466,-0.2923162773887915,0.324984442492598,-0.3566509181894616,0.21541735834491488,-0.22422321697765593,0.38504642948203294
2329,3,2,-0.6858157956396921,0.4950372993295046,0.07663411878532367,0.7958405847064829,0.3710962996018521,-0.5384766106598303,-0.3685895827286068
2330,1,2,0.6911079338157102,-0.38469375351996926,0.18001438814378562,0.4870505423660403,0.10622662018391651,0.4280961341541041,-0.038528705170408864
2331,3,1,-0.5978470120116133,-0.250869904800972,-0.16250079098068115,-1.0635884655596703,0.3130938646678641,0.2482661386924707,0.16312699813219977
2332,1,1,-0.6202246761954966,-0.321354616131469,-0.17872082603434133,0.45941310274732394,0.012362917024115279,-0.018918175189183817,-0.2653461394168216
2333,0,1,-0.41341476984941894,-0.10387567613657012,0.25583933297196987,0.42194299108361366,0.4493652349702666,0.39858371030522366,-0.3395958403741539
2334,0,0,0.22453201140842557,0.31222450205149,-0.453249261507321,0.09522243224335307,-0.5167962105636807,-0.16820124389701327,-0.09991682791677836
2335,1,1,-0.689644003251257,-0.4782877188463217,0.03039495356782652,-1.1244194135073526,-0.11015766517814278,0.5371701826023311,0.00015997211859577158
2336,0,1,-0.06450281043950234,-0.3035211406403183,0.6204367863530992,-0.06517238957583384,-0.6172801379831239,0.08150761222735953,0.06972742486204656
2337,3,2,-0.6277519962199636,-1.1010858795168872,-0.6624274732258143,1.3118980700860094,0.18684174115888644,0.7305940277630046,0.05795399504634398
2338,2,0,1.090471134012691,-1.1500921094972631,0.1998463675192512,-0.05625840233228169,0.28457717641340763,-0.4462784651734565,-0.04895631886464864
2339,0,0,0.3221953634030218,0.4444751542303774,-0.3946704127441103,-0.2734161639612585,-0.3163864718692162,-0.32464776140160057,-0.13191723234393193
2340,3,1,-0.1806925036293503,-0.289745467687649,0.046819104088999725,-0.05461128762837417,0.18742638408583753,-0.31306247856838443,0.2765124203649996
2341,3,1,-0.2684677692572833,-1.058150078758081,-0.3401821370858061,-0.05861108718228044,-0.0003092752886052538,-0.2776387986652893,0.24324400744421576
2342,3,1,0.06042111701423297,0.09150071265966594,0.30025881166044266,-0.17703398142037208,0.04441610910923195,-0.7015293708784195,0.179844778350949
2343,3,2,-0.8539208219642055,0.03448491343244403,0.08588187367728445,-0.8001267496915611,0.15700126119018393,0.2518340471819186,-0.17162062668117492
2344,0,1,-0.014391688858649582,-0.1380608543463355,0.3505161823308879,-0.11470474984911906,0.260020093419511,0.11499806940542726,-0.3861161259817274
2345,2,2,0.659659826938851,-0.4849814400387662,0.23189111223113434,-0.16638414998444995,-0.37142057670722883,0.8212315299165559,-0.3614631296714375
2346,0,1,-0.8644605777411812,-0.4920643312189644,0.29427097244265965,0.15302887201487647,0.15094069248555256,0.6883875425649157,0.26555173146500527
2347,1,0,-0.7724964453711833,-0.3210533106636309,0.11498740893470197,0.22627946807086588,-0.19177427825357807,-0.4979004867188326,0.42046990583527016
2348,2,0,-0.7751630036703504,1.3301912156947175,-0.692943809592785,0.3349660837060693,0.035477399735849256,-0.5838605478440939,0.2850884074872752
2349,1,1,0.006413411493641039,-0.4777689896146693,-0.3516689811123661,1.2005130256212182,-0.041677435127653005,0.5080875596928282,-0.21263289295687365
2350,2,2,-0.40880245990464326,-0.5657068807872094,-0.4091953226086106,0.5312620889528887,0.2665661365293984,0.21444674816291606,0.02143469263724471
2351,2,0,-0.041214360007953615,0.25552761717051686,0.25106820474683506,0.056226700858590314,-0.36307872950488834,-0.47495904007558576,0.22996074364841912
2352,2,0,0.5430641640261867,0.5352271796880146,0.8201358110863749,0.7550506445210259,0.24040984219118225,0.06949643350042709,-0.5113672040963985
2353,3,2,0.083402802889119,0.030510871266868966,-0.7229448884491889,-0.49043468613524277,-0.4241884411037004,-0.29666428069645545,-0.3672669465233342
2354,3,2,-0.29631560296860154,-0.3857334907165896,0.34370748351392333,-0.09994009403906118,-0.33896168404165,1.2930797286070461,0.00896922381302546
2355,0,2,0.46639327944068965,-0.24745279540221943,-0.1296706264832531,0.43810866013874283,-0.20464874344660758,0.026472782133690198,0.17477130375269703
2356,3,1,-0.7885362507348248,-0.4468676134270374,-0.18201531261645335,0.035930484926884165,-0.5007291544487927,0.2339094219757296,-0.46843489710795744
2357,3,2,-0.3824044887159447,-0.5652457448958558,-0.1651458402214969,-0.06788086551386383,0.652299929052694,0.24660232932479725,-0.20206623249682631
2358,3,0,0.3061869746833995,0.12241439380720623,-0.14312047719112922,0.31816750678306427,0.1858937178032269,0.28569848602837666,-0.11290932376398943
2359,2,1,-0.13049997792803558,0.38049427571602845,0.43325232981845746,0.800782516204453,0.5108844228728363,0.6992396058071576,0.17021197084726292
2360,1,1,0.9011132645777468,-0.2784918916918965,0.16179855976346658,-0.30582594389410644,-0.1363084849759407,0.7270309797997772,0.28277233904817756
2361,1,1,-0.8989494080059175,0.2345382046218303,0.0219080699930518,0.3472188592507321,0.3374251457713723,-0.29462148121082565,0.06371565805283162
2362,1,1,-0.635375658009459,0.12453616040592161,-0.10981081100772738,-0.6141934310226145,0.06691583731969304,-0.5095362893476505,-0.030619781102165754
2363,1,0,-0.11062086880453181,-0.21428104888123745,-0.5725273819306701,0.4222013280936431,-0.4070313302945958,0.9437302522243661,0.03344733605454289
2364,3,0,-0.07580141248014348,0.4900234600964244,-0.19669900849872202,-0.15071542611576666,0.929211455677601,0.2806481195766022,0.12285293116168208
2365,2,0,0.37354275309717877,0.3569495333462577,-0.33545264963501137,-0.1381320342652722,-0.14692380868078359,-1.1392120953702962,0.38986519757643484
2366,2,1,0.10613162999024073,-0.631080297562018,-0.461379924394795,0.3049266743293655,0.17586516357579093,-0.10248481446429583,0.071572599688174
2367,2,2,0.2638799943723915,0.32277908500631325,0.06054770440231154,0.0710819562692932,0.3550180814516853,0.21252205215742276,0.24185471017566887
2368,0,1,0.21638449967123477,0.024011864778638176,-0.1413852249594454,-0.0526245285416674,0.4296666705770813,-0.9611317248088368,-0.0778162056536952
2369,3,1,-0.6669981916855824,0.1655649343803743,0.20983044468671413,0.5461387840960128,0.46472542619382673,0.6813063714262725,0.190524213594678
2370,3,2,-0.2519757685939036,-0.9387744348269881,0.06918247874499363,-0.548249039127744,0.09806023792208463,-0.270804076158358,0.015734569256260055
2371,1,1,-0.3575362970942181,-0.7960269955473754,0.23661656987853807,0.46884136307385305,-0.39073800315002455,-0.47029892504056814,0.6259397346150203
2372,2,1,0.9453932764506138,-0.5276499045742183,-0.05993923147607758,0.2831126050940079,0.2033748245808433,-0.18460654629411719,-0.5415148422849094
2373,0,2,-0.044445967030008554,0.27341710411576325,0.22106332023566902,0.40171948435662336,0.46367476360521265,-0.47524733787368145,-0.2393346769008415
2374,0,1,0.42528488012322985,0.31923296001291146,-0.08374081389924666,-0.5298956373334819,1.1726615505807778,0.4652010384890495,-0.4848677602174404
2375,3,1,-0.19668366607871257,-0.885947081001625,-0.6809005258866071,0.5077757271321738,0.25442962318434137,-0.4873876297651075,-0.15846509619352409
2376,1,1,0.023491016422468064,0.28994640024664564,-0.1947293751013958,0.5532253898952836,-0.11659015305300995,0.5250325763639937,-0.06854605425032598
2377,3,1,0.18185947361758883,0.18417800800259884,0.2831877083970712,-0.10214507088663784,0.06400977857595856,0.9401436461830487,0.07937705528944784
2378,2,2,-0.4759030972435013,-0.20869273364494853,-0.3323628617966249,0.11731522420568789,0.8242224120885895,-0.32213077104042476,0.2681007229196224
2379,1,2,-0.4191958553246774,1.252699980068502,0.6654515637079867,-0.21733387319178316,-0.36437096144768827,0.1404234557976923,-0.28211567366099355
2380,2,2,0.11118059907572675,-0.7797408273596275,1.0738462514099525,-0.2785943787277859,0.47517134641027486,0.8741443126378312,0.21926798588766408
2381,1,1,0.13093669913339268,-0.5783246024447335,-0.15423587023149277,0.011049176703607048,-0.15445120282496985,0.02494918436335611,-0.3067149205690774
2382,1,1,0.45198391481149747,-0.35553061342798253,0.7466577107313652,0.1440573244713127,0.1816069486343606,-0.2779586480202012,-0.10393197823269536
2383,2,1,-0.3665985574618894,0.034452282894865044,-0.34656087113005585,-0.04413121584980332,1.3117275396684553,0.4201188963063699,0.2749135522540773
2384,2,0,0.31881735857688975,-1.0300825092038328,0.7736556228986232,0.2897393627689662,0.6932236060696509,0.8051790187084091,-0.8004898659742192
2385,1,2,0.41243157747800796,-0.7722666104982902,0.34463990492396235,0.1846513671045492,-0.04627006346532993,0.7606097243000125,-0.3008088117227498
2386,2,0,-0.2934859653901043,-0.016389975005400237,0.6513474052722716,0.636361317496983,-0.5915092075790248,0.3622387610810631,0.6944084911211018
2387,0,1,-0.4845733386867287,-0.941862872754447,0.7808003156387143,-0.046959129999405394,0.7617675161450284,0.18531916650012253,-0.05057390377902266
2388,3,0,-0.4611332521622681,-0.3378197796328394,0.18657149374628337,-0.1827393694465508,0.25254699831689165,0.342938437671974,-0.16927739501795214
2389,0,1,0.08964914657173625,0.3969123380181703,0.5264247743339051,0.39882886317480415,-0.5281301140301052,0.2539015873568455,0.4821401105889203
2390,3,1,-1.134102323999726,-0.8680909527169565,-0.4171723914520423,0.7176505040901038,0.2101982191284543,-0.26862187900144463,-0.11616156252788364
2391,2,1,0.6051767749645054,-0.7477338257315395,-0.1153563505735361,-1.0365526649382675,0.08258461066077577,-0.021618813369768758,0.5151476084009879
2392,0,0,-1.168445927181387,0.08202435901259636,-0.21657822048577305,0.07292247071847545,-0.20555209790285725,0.7254675825557793,0.25051550305155346
2393,0,0,-0.5387926786715327,0.5266066571980204,-0.13564258370900648,0.1934539927797382,-0.22858712869239337,0.1906498156996183,-0.06880467708652926
2394,0,1,-0.3381996652848007,0.4564294395122145,0.04472856524533452,-0.16108432059209551,0.15947236170091805,0.15517244598548013,0.3960432146626077
2395,0,1,-0.13382061730231787,-0.6155489149055914,0.044660211187984286,0.16798686547011646,-0.5426506592737698,-0.5682425099971417,-0.34647313605927926
2396,3,2,-0.48143249221782325,0.5433970356828981,-0.08217252861647964,0.31929528839082383,0.014089075634438907,0.09110678102308825,0.2862282896218895
2397,3,2,-0.8328734686510525,0.24629268843039756,0.28473346401177263,0.3221582975224076,-0.38292599405253325,0.19382228910279803,-0.033480364736035904
2398,2,1,-0.32349873650678357,-0.4524465367399849,0.2954289849743256,-0.43231192693507636,-0.027538572595631902,0.06505070190124597,0.06509350900222328
2399,2,0,0.7122151458664399,-0.1874731107995059,0.1210813166272437,0.14596624088460658,0.9047390121939842,-0.443666638972143,-0.32668077525444345
2400,3,1,-0.20423925373904178,-0.01733213566241587,0.16654327977015615,1.1468788884642234,-0.7099852098448657,0.004781564504980934,0.24893351706161196
2401,1,1,0.3791272062198616,-0.5967384552403736,0.20324327807538484,-0.5548279690886186,0.37372042287502055,0.03176237781410855,-0.52707311714537
2402,1,2,-0.6170062549972529,0.14162424252070363,-0.7980580354498008,-0.31622008342970037,-0.019437219510651586,0.06613825343895777,-0.04599812026569101
2403,2,1,0.14161036786132605,-0.25296947314906243,-0.354555150025833,0.5283738991996207,0.9349775814752647,0.11056068519391372,-0.08653097549579798
2404,0,1,0.712566036125197,0.18144554632863044,0.9769341629247613,-1.1171994087694388,-0.3292872322407405,0.5260246807136465,-0.048009918492340986
2405,0,2,-0.0011622137088956042,0.11457638918475152,-0.7192024221807406,0.14456138802462887,0.1833973245855808,0.025015549074339505,0.0785983808421483
2406,0,1,-0.6327498735274922,-0.19841733956946597,0.055284895524811126,0.25766722234351946,1.1868463148067643,0.7804323857752328,-0.1348082066423225
2407,3,1,0.4596690206631018,-0.09471221558183224,-0.5853329863118186,0.2195482646340811,0.19225722557380237,-0.021906200101620588,-0.13216754665172442
2408,3,0,0.5388654113559203,0.5442635195353416,-0.8203431191609518,-0.04007325119086284,0.15538028989646038,0.29654368635173833,0.4053929581480088
2409,1,0,0.4403202108746809,0.05324399058627782,0.17313284227979875,-0.511247823567698,-0.3236621596684932,-0.15767024476953415,-0.4466210827057844
2410,0,2,-0.26782946753729286,-0.2663239073674749,-0.13075695885198266,0.5231294150917253,-0.4521483637532993,0.6969584758508635,0.3640297897937274
2411,2,1,-0.1722497335604584,0.18708378368773618,-0.38351583532726896,-0.09441472057907327,-0.2069332362433169,-0.10673425403753026,0.15029277211027262
2412,2,1,-0.29290021374302977,-0.5217853769625522,-0.39699092992946466,0.7165752913153993,-0.14586123768318657,0.9804445503184288,-0.011691839542562237
2413,1,2,-0.36395999756123487,0.13868935840144128,-0.19254722686857,0.43839412006081885,0.6369038943165526,0.3397276721397293,0.2023169714377133
2414,2,0,-1.3046977320704012,0.504243121134877,0.25452274284309917,-0.2608872487072005,0.5584897323771182,0.6760793552570489,-0.39903309345926496
2415,1,2,0.19746106106918618,0.6575457407928171,0.2142355089305002,-0.1894280342838872,0.524050448228238,0.45907686271771786,0.5192898595330205
2416,2,0,-0.16274891293694824,-0.17186977285460683,0.02705898725407308,0.039778745223436225,-0.022622632776730926,-0.3119063391995568,0.24619001300381876
2417,2,2,-0.9343438510193713,0.03906265869150158,1.086807326665298,0.3775081132585585,-0.21264453283960397,-0.1921452362989213,-0.19567106376671367
2418,3,1,0.2077855845323137,0.25833137852842514,0.1589362213481883,0.1498937364884639,0.2799303711397069,0.16712307333700724,-0.028781037843862024
2419,0,2,-0.9453944077799783,-1.3192209331142126,0.165568091182154,-0.07409993412674365,0.021228060594533856,-0.7462453528458157,0.17949778488472348
2420,0,0,0.11321870258533837,-1.1017938957133704,0.30656723896742144,0.052972055646930374,-0.056227919980180625,0.4512159339981693,0.28028669245905946
2421,0,0,0.24133984737264322,-0.39995875339702786,-0.8507810514679095,-0.10803548957647154,-0.5757177916980091,-0.7195392039849767,0.04171149042348793
2422,1,0,0.5971065603286906,-0.27698800081933017,-0.14994428432108073,0.7174222561111234,0.4182239153444518,0.4937598894621502,-0.17384015401483513
2423,0,1,-0.885544546700167,0.6324699903988954,-0.2789580011929905,-0.024601921360558086,0.4218138650848358,-0.20337742872502326,-0.0816542876743269
2424,3,2,-0.2063203076358755,0.7970926321334211,-0.16421717236282266,0.0015891317518508437,0.47335175589526485,0.7560007982734241,-0.09603260900847672
2425,0,0,0.09971321395955945,-0.05880153179603767,-0.42409974697985997,0.5496740670323575,-0.2955800369599869,0.4774730467641247,0.3090485218977017
2426,0,0,-0.5707498975519247,-0.10819091527238633,0.067016242309932,-0.6760893327767605,-0.42469609078047926,0.3586384047805974,-0.15565540432128475
2427,3,1,0.2714249070360141,-0.37835674673307795,0.023841415431723703,0.360461024758976,0.08738891164466615,1.4139473862995167,-0.5820233311993324
2428,0,1,-0.3947725398846115,-0.05422797278002718,0.4187606535303625,-0.15299275866883733,-0.29725620220946014,-0.35535840314529465,0.29882729878855135
2429,2,0,0.44942153150154396,-0.6214305159696837,-0.4490434341719712,1.1791090795351182,-0.6184322007597013,-0.3838094489065793,-0.258727613400273
2430,0,1,-0.04235264154358221,-0.2185107040757041,0.21217337971292172,0.3361149299412216,-0.35772887765613065,-0.050974630481787436,-0.529605960994003
2431,3,2,0.38965680837017147,0.0437956435682077,-0.5287655914436609,-0.3078684044763813,0.1636219015793001,-0.2943743415026244,-0.3053570523289802
2432,3,1,0.1614847141353926,-0.6317037982955026,0.2904761875609178,0.3371872698421417,0.37553233900745914,0.17425774363512847,-0.4452298195158445
2433,2,2,-0.42858185890305645,-0.28132682090472105,0.12566780024767274,-0.2886085068361419,0.3349361304025369,0.7157743872149379,-0.29397347992803874
2434,3,2,0.017821723183724977,-0.4214275428955375,0.44859954578034156,0.009473632235737156,0.4198199744475597,0.22481726231804744,0.15764140508966487
2435,2,1,0.13515976437869617,-0.1555438294533953,0.33672274218983567,0.10789989963659713,0.28975991405404655,0.893405917484084,0.21490423274335135
2436,0,2,0.08146775796103581,0.014614951717389746,0.5448164011485113,-0.39775971250575515,-0.4636041127914523,-0.022512626238513467,0.05793956624083697
2437,3,0,0.3916405021926471,0.25830553327607486,0.5452697792468328,-0.5214714165462336,0.29723351156576633,0.2944221054993268,0.40427405630451946
2438,0,1,0.1423051018104516,0.1833483475332706,-0.15514805721551844,0.19174731467790407,0.2680548562205583,-0.06278420959250333,-0.3014806009320792
2439,3,2,0.39425327938738564,-0.5051455022780617,-0.3278102259349145,0.3964056145624862,0.15926059054639546,-0.4336939822116038,0.11244689550272215
2440,2,1,-0.45056498417773394,-0.05463083119639622,0.2779589327149813,0.014046452442950368,-0.016384175992407685,0.4774445225313253,-0.028284380644699413
2441,1,1,0.5716976177275283,0.02668575913906429,0.008531240139538532,-0.15074136506337946,0.2931906673123734,0.8676178676954945,0.34349029522327135
2442,1,1,0.1490473704798138,0.04568357814442622,0.32717075952391905,-0.2073899793939232,0.4992022836306611,0.3202922994530699,-0.08476524056704242
2443,3,0,-0.3035802103689817,0.09870280449358326,0.1805339104109568,0.403451380270834,0.9086048902386836,-0.10147152104476434,-0.37613853194077074
2444,0,1,-0.057512113088403635,-0.36164612801954776,-0.13732554667622995,-0.4789150927085425,1.456526981507231,-1.0780316900734328,0.06825370985960107
2445,3,1,-0.5783893291251073,-0.11325986804878901,-0.05623868536356676,0.47263137053330423,0.21905068688828508,-0.21408695374302486,0.49857121811887417
2446,0,2,-0.44889753020387313,-1.029406544508394,-0.3450967439187273,0.5370814594963381,0.4469658290585051,0.5203505400325544,0.0832295972606171
2447,3,1,0.33705590961834,0.15117185081336712,-0.000510215832671257,0.4388733495172002,-0.12118018417762398,0.9162833749501893,0.10238101479178995
2448,1,0,0.40487068323606923,0.08767712673297859,-0.24802283018920607,0.35435631353184727,0.01586665085597019,-0.5442653647435429,0.5080571741017622
2449,3,2,-0.22772666786019466,-0.0972148332040139,0.06369587170343766,0.14176652842752044,0.6391501588430007,0.5156423115362314,0.10251990050649769
2450,1,1,-1.0944860850885743,0.3725432722135543,-0.1212129777013415,0.23751118792499654,-0.3080105815837085,0.5328546268776451,0.10512418675091155
2451,3,2,-0.6048002820460071,-0.3569156118206728,0.6257839011033052,0.4901851685138259,0.24920136479105634,-0.6930397794799867,0.6195884677359432
2452,3,2,0.24729589526236992,-0.19449240111013028,-0.3155115885796027,-0.05105393668681813,-0.4007299523512066,-0.3662547333019651,-0.1259345134354202
2453,2,1,0.10043625661399619,0.4739323147081572,-0.790396694540979,-0.1420381015789997,0.5039388666626053,0.4624108058651075,-0.09366165580522134
2454,2,2,0.1168311306885208,0.4428158467020932,0.21566282783591179,-0.13864500544797378,0.22494986806924944,0.19339914338655154,0.5052585004825905
2455,3,0,-0.6788749965911511,0.18795732630308457,-0.30933907215036616,-0.6293369915212833,0.5569487311081233,0.2668801996912823,0.5557161701674906
2456,3,2,-0.27248283143920876,-0.2592765988117437,0.1445969538217897,0.21800117077354325,0.1898768415882723,0.386483292312795,-0.13300114768238205
2457,3,2,0.04980429512052009,0.5190063881509436,0.4929405299318188,-0.3947284259766933,1.1057690398173634,-0.14141857298232194,-0.05244383453639177
2458,3,1,0.1427087596819502,0.2610999968662767,0.10029014815938957,0.47024160400145737,-0.07696459615569828,-0.9608443976907896,-0.3425674698227859
2459,3,0,-0.32293182172705737,-0.8219340647007087,-0.4090606734172295,-0.08357433748484906,0.5818868227510804,-0.12080128570428231,-0.23604772884744113
2460,3,1,-0.21251837929049985,-1.2600376543981346,0.41187204059829996,0.32387914228020703,0.685208190778429,-0.5287415264472932,0.13545240067008876
2461,3,1,0.06603666254511054,-0.10045921349623067,0.00818518940349125,0.9111547434729715,0.24648905460499226,-0.02405366966766756,0.1852515366572562
2462,1,1,-0.4806467510637633,0.8579144373275674,-0.17673474691153893,0.20350123289931768,-0.16747721580266647,0.7569452539392836,-0.1251547499026483
2463,1,2,-0.5998961120407766,0.2625050443254304,0.256735918039395,-0.2524821362346259,-0.8001754885174039,0.3879333230034277,0.014107318382141465
2464,2,1,0.22361209822382902,-1.4049144159153433,0.12438255835870819,-1.0643701209281946,0.3113947448422951,0.38928932134568606,-0.3198769702387597
2465,2,2,-0.06259008129508281,-0.5543923126560794,0.3891602768954315,0.2807258837297878,-0.3532043630829878,1.1245792986003764,0.1560066406278567
2466,2,1,-0.7409567623954025,-0.30515876533032715,0.16414739079190752,0.4903185996278978,-0.6483075310030431,-1.4231006015499021,-0.03969194090894617
2467,0,0,0.490666026358498,-0.8230747329660766,0.3501282524496141,-0.7634038508401552,0.07462580653107313,0.9963538185050262,-0.009481806469119326
2468,0,1,0.6705093109677036,0.6668313880977005,0.7097537498192361,0.09749220725425271,0.48731829467608684,-0.2737715085859753,0.5708204189685544
2469,1,1,0.1752108540586841,-0.058671421740936924,-0.5263147240323357,-0.061560508647447366,0.9083469058105821,-0.7766084491639605,0.11259248564800012
2470,3,1,-0.22028211242440618,-0.10592672838152065,-0.6233091804036672,0.119105802290308,-0.5069674070574888,0.7206723668891043,0.18608355942308036
2471,1,0,-0.031055636944607612,0.28570711970059626,0.2362796776939107,-0.32217444428264796,0.009953621451014263,-0.018552770129025814,0.0403081094455213
2472,0,0,0.12366000746505498,-0.015390282930300453,0.3185901075120658,-0.5494482740983347,0.7596461743398781,-0.06193540618574514,-0.27824101454127853
2473,2,2,-0.34564596990326835,-0.67318574302045,0.0062507004788727285,-0.1734117660974425,0.02772551335375082,0.40135661476118023,-0.035613413526100625
2474,2,1,0.0858755156756992,-0.3379547919214162,0.11368383972315466,-0.6151362346809391,0.12728347175483862,0.10213555706979152,-0.031326060542304295
2475,2,1,-0.5237908902392677,-0.0822460290578691,0.2933996367569144,0.5358351747819103,-0.16392513167524636,0.7005723467159937,-0.35343244492856235
2476,2,1,-0.1532442196520513,0.014752537668643068,0.46841515132017925,-0.4861297118091044,0.3026206378695303,-0.45316444124618793,0.3544839802548107
2477,2,0,-0.7815499228915739,-0.483285376134719,-0.36723559426095015,-0.41880074162836184,-0.37297542163696257,-0.7192731862373001,-0.011167614868974262
2478,3,0,-0.3880777828543909,0.5097077828929374,0.10069519516686463,1.0733083805391426,-0.3606311869603428,-0.5112638163745676,-0.028931308291893023
2479,2,2,-0.29261711941171853,1.0093741777385485,-0.03944745537289185,-0.2555712690770536,-0.059270297048143926,-0.14259345632024614,0.007536786136695556
2480,2,1,-1.1525737081100793,-0.1126882120687705,-0.23172914798511446,-0.8359780301574281,0.4217407865188241,0.9919059130420024,-0.09984224536283029
2481,3,0,-0.08793345136004448,-0.099400736400374,-0.39077111159852085,-0.4708229490161926,-0.021162095616763747,-0.23624288735482565,0.7746149668660237
2482,2,2,0.04435785982552479,-0.08417436994876372,0.12564948120032862,-1.059978624093837,0.032020003653196905,0.20789925331527917,0.681552939278169
2483,1,1,0.23537792515441494,0.17474720593375778,-0.45487104812227924,-0.15357686474536134,0.2502212396512528,-0.11327248475250393,-0.19796195228034053
2484,3,0,0.16379415801590744,0.02207787584457893,-0.3102497237327883,0.4179307590620867,-0.29738074872717046,-0.11555690501820917,-0.3658159510900077
2485,3,1,-0.09964173953407394,-1.4368813183284121,0.06825714187991179,-0.35622435160976573,-0.45769003229107547,-0.14536389607543124,0.28046861449915783
2486,2,1,-0.711624984116729,0.9808276540313775,-0.3535013763815994,0.1681262024432127,0.22578411390689412,-0.05899696528729184,-0.2793527654035771
2487,1,0,0.4927865228722147,0.049125746916850344,0.027243560070996903,0.26771404018077083,0.7290397033503945,0.2280594339737397,0.07640595477409193
2488,2,1,-0.2495917923346586,-1.6348831959386712,-0.015833549249763667,0.4235997487951371,0.23581851367756795,0.9369048280415248,-0.19976745580277497
2489,3,1,-1.0249578713911065,-0.9882904109865884,0.24118863203877394,0.18142485134840663,0.3102702464307721,0.7644765021762315,-0.15569666709021665
2490,3,1,-0.5852059683565856,-1.0690451874844082,0.11809784836063818,0.589404374779704,-0.14271043251882787,-1.262118060991495,-0.035257221947649464
2491,2,0,-0.2197761669631038,0.8875299491464429,0.19697371156756827,-0.6021210157087609,0.43830779876901926,0.22287884167167962,-0.07775764321477127
2492,0,1,0.05141381458660063,-0.5449841582356862,0.2618861340251614,0.07925083644038788,0.4004535866706036,-0.4818632105586821,-0.22421639470234955
2493,2,1,-0.06311051182595867,-0.24818842015800813,0.7065742560573046,0.26481333880344127,0.22905387645235495,-0.19599157058995045,0.27712537500635703
2494,2,0,0.5768379309252071,0.11749330168857527,-0.006756803916962129,-0.9631286506924774,-0.28966261418945993,-0.6953726286299153,-0.6541576690283386
2495,2,1,-0.8794413294485084,-0.7264751789973687,-0.9038364360625941,0.4928559628979147,0.3732579248142619,-0.345137589430065,0.015546996988189673
2496,0,1,-0.23703111397086946,-0.09825525336036335,0.09387770800335717,0.499174097461886,0.2153809241970401,0.90469065101734,-0.1559986695102669
2497,3,1,-0.8159075544180763,-0.5332350486704502,-0.2026884759015126,-0.019903024541143177,-0.45157406873128514,1.1992999125489845,0.08559841023295785
2498,0,2,-0.6849583959938724,-0.12152791377126453,0.7987851564100337,0.5410131292021716,0.03684997424776634,-0.4232000827970621,-0.2399342579868009
2499,3,1,0.38080857971150395,-0.17498945384128883,0.33438991505819327,1.0600333009987866,0.06920144250656286,0.35286807378582186,0.2747278571348966
2500,0,2,-0.10757948567808087,0.399604202241047,0.5068969523609231,0.7499840302543717,0.8139111684006018,-0.4159230867596202,0.42388090646337095
2501,3,0,0.789514923062639,-0.7888198034011584,0.06912339919178223,0.11775046905477815,1.018725302605448,0.6540730254181609,0.2903505450307457
2502,3,1,0.5060669529483979,0.34253147294925057,-0.100131772065805,0.010480192952202524,-0.5300258966878809,0.15970928738086315,-0.0915717000990171
2503,2,0,0.33324790991213626,0.11477613418528901,0.00038121441403086157,0.22696281126167578,0.16408441206024502,0.05786719576050743,0.16070926077297817
2504,1,0,0.24644771321735062,0.2925171930198912,-0.00889122762696204,-0.6089350796732007,-0.42870895895842565,0.8114791261790614,0.35327393681669056
2505,1,1,-0.4986099396292917,-0.33357345928618876,-0.6644192648749545,-0.13707180412600078,-0.43626784762385784,-0.16876695685046758,0.44141821179292084
2506,2,2,-0.3987634339870255,-0.43075672069441073,0.5405969537459713,0.0014154476488419932,-0.45384981458759016,0.22620250656314497,-0.27071586732198555
2507,0,1,-0.2471521112884147,-0.1498902388742329,-0.33947643807201316,-0.26684858178390786,-0.3071156173353049,0.02704975966221039,-0.005921344766536889
2508,3,1,-0.44096144868120324,-0.3620795920454277,0.12173725042858996,0.3114022139910863,0.6402031280719035,0.2943573213950523,-0.8443761463753147
2509,2,2,-0.16961569454022185,0.1630651465555724,-0.579157466485004,-0.5461393945238397,-0.026597087576693147,0.21034444960421345,0.4307565557307439
2510,2,0,0.7910318926261813,-0.7390338304817164,0.2656373547955198,0.2776299888171511,-0.6442200342576049,0.04049845511071,0.19837359102641783
2511,0,1,0.08042546403939482,0.25260848266050473,0.1326658528345617,-0.495824615382072,-0.4363204763919103,0.03125652387222541,0.030696774295302015
2512,3,1,-0.26073753063697214,-0.010206225715632317,-0.2000043508900089,0.5447526034760936,0.21490463704113782,0.03866061195156477,-0.6037973052819018
2513,2,2,-0.34618820553225854,-0.8961646834189149,-0.02189009097353274,-0.08955126355655577,0.006621800766098424,-0.4177314681722205,-0.13833248031239442
2514,1,1,-0.029158640783522344,0.2454241604503352,-0.6767772653764665,-0.22381367159092969,0.5931499328542666,0.08124511165968172,-0.03468886395276574
2515,0,0,0.569797736561117,0.40256082780938585,0.041846536146094876,0.06801285118916271,0.303121245647122,0.35443851279409555,-0.24439131922224885
2516,2,2,-0.03646742588113723,-0.1391200083179949,-0.16779499784310709,0.554976393247079,0.3449461130551628,0.45653401793602766,-0.6367618872027309
2517,3,2,-0.2825639088375751,-0.7118136728052493,1.241577889720161,-0.16377536924097064,-0.38206288933289734,0.6437994189391416,0.07007155783356692
2518,3,1,0.6210042678392508,-0.8754694874569937,-0.8636190026501108,0.33922632359254073,0.03436906024514098,0.4512213595906157,-0.3578690723822481
2519,0,1,-0.265324674050731,-0.3484369696432943,0.0683010537989456,0.16432205248002144,0.8125846157952219,0.384174310510517,0.10209540952601001
2520,0,1,-0.561771598448576,-0.058569821191993277,-0.0720511429278657,-0.5790835412399904,0.05491392568281847,-0.16444656338410898,0.27196712372006804
2521,0,1,-0.40066189735542135,-0.1604183890235962,0.223948348853788,0.21383340096858824,0.13511770799475167,0.749798978082638,0.17403778589022675
2522,1,2,-0.35324667646832497,-0.21501587733051253,0.30697487889246766,-0.10386601609009344,0.5425834873697232,-0.8057709453115786,-0.2054194999934759
2523,0,2,-0.5394706155844224,-0.8370378175081636,0.7001958238568611,0.2911423261283103,-0.5460535287321552,0.08355740985014834,0.02763530115750823
2524,0,0,-0.011976284064414214,-0.4342491326301411,-0.30256605914578705,0.5476755512722631,-0.5767571385890948,1.1273151618805135,0.31191419813633864
2525,1,1,0.7243374341045857,-0.5645820523553464,0.5013955957092422,-0.3021027612549114,0.9110589786282581,-0.5881143501292664,0.22937482668162876
2526,2,2,-0.18303435332950885,-0.6945804358176898,0.3744833163123287,-0.008194142280841848,0.6206507172298612,0.34661523938420996,0.6066103229781016
2527,0,0,-0.9520314860743497,-0.47769397705720285,0.26820173831610244,0.06072003044690186,0.16193174512257513,0.2336764837806003,-0.06581690132802048
2528,1,1,0.10678751607413897,1.0882401895904457,1.2019035130005986,-0.13778185360081094,0.7368006467880808,-0.5150750457598118,0.16531655106634938
2529,2,0,0.21872182497334028,-1.0950317040765454,0.2636628410836297,0.3724197374070978,0.10790641102380706,-0.7928969995981581,-0.08611540060251627
2530,3,0,-0.47516129138120944,-0.11381757033765352,0.2445516427684336,-0.5304478281350191,0.4197379864115712,0.6853409270507398,-0.22034806404379453
2531,2,1,-0.5397935703654443,-0.13565550906484158,-0.01894795079056384,0.24292726111078755,-0.6309215468062233,0.36488088542498953,0.08331029661089535
2532,1,1,0.2849404560591169,-0.8135856960923674,-0.13244133602879457,-0.16697325092116058,-0.6743950815414024,0.4041365031694947,-0.34631475771369086
2533,0,1,0.954962127004808,0.6530712180460038,-0.3674397543628244,0.11176828729612459,0.30719759271196617,0.13022744234159236,0.5712550846490327
2534,0,1,-0.33546867732778973,-0.3549312815062333,0.2156414331983944,-0.2037137038796819,-0.38997905250330006,-0.6821794462355083,0.05736675752768356
2535,1,2,0.9063155790210747,-0.4968800533531852,0.10884368141078316,-0.46715468662015014,-0.07452964436480043,0.7588324382188736,0.0044263536603405445
2536,3,1,0.7052156496392327,-0.38279464341478375,-0.19804054757870806,0.019517840406924784,-0.48174667717317154,0.5879125914417496,0.055838213516268005
2537,3,1,0.11166062335141558,-0.10230932210386025,-0.11303672896426493,0.1755771774672249,0.31882487230018397,0.2548855916701781,0.4172068687193142
2538,1,1,-0.2805577741918096,-0.23746394861660727,-0.08847689875773301,0.4388255390795696,-0.2899012359672325,0.9633297749813332,-0.657720201605847
2539,2,1,-1.0278628818615254,-0.9397463275707189,0.17243429890845174,0.46667234524265006,0.6097933390976183,0.06499173358107883,-0.06975506763714072
2540,0,1,0.031041601289382187,0.28600408969801216,0.21758166071213408,-0.12149535392068578,-0.5801837814596231,0.4610564583791372,-0.08434091073510691
2541,1,1,-0.5940374950348549,-0.15802956894048895,-0.09324157621442541,0.2832225538334643,0.5531302933458535,-0.21554617494222852,-0.5396614353399107
2542,1,2,0.5112343809026413,0.5311198812118847,-0.31393883300437947,1.1251345793397467,-0.21733246455824778,-0.07086666099595026,0.2436215336024683
2543,3,1,-0.282045444018439,0.47697098357502665,0.06845419115037107,-0.11010273460292092,0.5278905172939629,1.0149939563357149,0.29477454609625303
2544,1,2,0.4292197184716945,-0.5156068483637026,0.8861701599545907,0.8806353078641362,-0.13159840744952866,1.1083970277845199,-0.3566380588784485
2545,1,2,-0.4161861030631795,-0.6726183345241041,-0.12369713441438264,-0.8650231023597015,-0.08215651103756176,0.24250166162663936,0.24083372056171526
2546,0,0,0.2199204879217949,0.3624000256708283,0.3099289307430389,0.5472132549495627,0.4829193883336028,0.5582522461548716,0.4944023935155888
2547,1,1,-0.3060088534339246,-0.42041156201679575,0.20850170233369747,0.028804880463235916,-0.453230874093788,0.9331164271401675,0.0479447124593541
2548,0,0,0.32818921903826637,-0.5702674797158678,-0.3714528463751767,0.24264643796983712,0.4904869015214826,0.16226563625720872,-0.775820659359329
2549,1,2,-0.725307571030763,-0.5760609551156295,-0.019159820725234946,-0.6464884416728883,-0.007604266037885031,0.2344787214041138,-0.4737172032130167
2550,1,1,-0.4116997977337954,-0.4481178521943898,0.10216837769392503,0.33129339776183514,-0.46774091011550645,0.12141346516137547,0.08633693329916924
2551,1,0,-0.4991771829338988,-0.8512126787269865,0.7056000228658452,-0.01750775670070512,-0.3046332857330985,1.164275159266396,-0.6515922398697358
2552,1,2,-0.15001261562005247,-0.6056370481178205,0.15601741269960828,0.06761795210233959,-0.588639773501848,0.10770291310629856,0.049344404659665456
2553,0,0,1.0305077113335854,0.07990889783154645,0.1465672930209033,-0.22757444892427023,-0.35557896087477103,0.9209225663637238,-0.1399323116291366
2554,1,0,0.04146210017866858,0.5059152849058551,0.1667661469172687,-0.710179864359105,-0.20695525973775228,-0.3633535618478002,0.3658110748637505
2555,2,1,-0.2716985686501908,-0.6262802437233764,0.272001841160604,-0.5195774184654465,0.032548178459339716,-0.29882803569327965,0.09374503432222106
2556,1,1,-0.521257699473627,0.213321042678443,0.26411399340674013,0.04162994335387606,-0.3146568395644421,0.006229096243248966,0.10663869808165907
2557,0,1,1.0808187257389856,0.06307291055991326,-0.21406330479166438,0.01186323653152468,-0.9258119491839615,0.5253103309243143,0.10020475118055493
2558,1,1,0.9700930261582493,-0.2890911506866918,-0.40291059541262436,0.27255118705114556,0.10415146533028154,0.44985810614096744,0.09948421020343017
2559,0,0,-0.0925730022615554,0.6243690804749531,0.0704295757781997,-0.2621344515740433,0.5842406102176037,-0.0329964854528042,-0.7013113501983214
2560,1,1,-0.677339509457586,0.6407652221717901,0.3049337205744336,-0.2706762205828083,-0.38798230711066806,0.07880837907313115,0.157174124252936
2561,3,1,-1.07352744645123,0.17067580221862574,-0.07425395504645975,0.704707521469675,0.20931877870775073,0.6044892667655419,-0.06536848495438426
2562,1,2,0.40080718746847055,-0.8418230719375808,0.013057022778960327,0.4696684217143797,0.19008513792720172,0.22725110746315566,-0.08217936766575083
2563,2,1,0.6033770602451808,-0.6942072704842491,0.03825937778789506,0.617879414532177,0.8929598020391094,0.026143776740978994,-0.5140587221992226
2564,2,1,-0.5513348749306134,0.5340984983001146,0.0727558106617375,0.4574898211450784,0.9648288787502676,0.418242072892412,-0.1753951449902535
2565,3,1,-0.10809357812684137,-0.1885481248515172,0.7500656791554801,-0.026548755635591326,-0.11890885766824004,0.09515953935368565,0.37861905708997895
2566,3,1,0.10050304491857884,0.07669455177897153,0.08731980757045743,0.4243319748770284,0.3790579071737001,0.4826851416927961,0.0055206288468153866
2567,3,2,0.22930242708713247,0.8516944600302913,0.9764730945076601,-0.49225765460020837,-0.061125556088002776,0.3489331643519922,-0.19244947754572514
2568,0,1,-0.6263743702418018,0.37230724713490304,0.5798191369160219,0.6230286244680926,0.21199350660529442,-0.4657456130777844,-0.20210487514973752
2569,0,1,-0.37278044979585845,-0.02188068092740192,-0.46662313888621576,0.5160932014404361,0.6232831450830166,0.026398643404580716,0.16261783891649603
2570,0,0,-0.43712052360138987,0.49435528825828245,-0.20241472018193965,-0.15321458296038604,-0.576641799254338,-0.3358937195266338,0.13843318121569678
2571,0,0,-0.8068291879657383,0.35455256353128606,-0.10901105980612523,0.9000361424453087,0.5950834295308152,0.09543080912350832,0.12022646368595123
2572,0,0,0.09373641752128037,-0.12352926838033142,0.054357385130964914,0.7862330292211548,0.5729769869051223,-0.17517257903753194,0.48628339347446037
2573,0,1,-0.403262001797159,-0.8052545749961927,-0.25456526901553594,0.20330430907183636,0.026235344325637358,-0.038788082055229045,0.11608450127960734
2574,1,2,0.6387225155969628,0.722514340440215,0.10866875719168606,0.16047826192300388,0.23478769211940356,-0.1898544679269604,0.370786504383778
2575,2,2,0.10719682335974845,-0.6694938530471456,0.14885214100267102,0.6458483377149158,1.0829520682058174,0.3583949969986639,0.17682227513225415
2576,1,1,-0.30947174999661764,-0.19889232182476352,-0.4649492584669096,-0.48965435291211906,-0.18051006522738644,-0.015169865423948076,-0.10447659052550042
2577,0,1,-0.18080945904482104,0.2545690886358275,0.26405150014782036,0.3680602915379362,0.1838075934479712,0.6566043409336478,-0.1273580220355456
2578,2,2,-0.32744270068407855,0.38711683320863943,-0.0440715168807683,0.2226610468420902,-0.9866002481324754,0.41711655810827686,-0.41517918590097636
2579,2,2,1.211312922172787,0.47366590562773914,-0.29196164486438125,-0.49133960038115776,-0.068817940976097,0.06000894516274105,0.028910631851924107
2580,2,1,-0.21675029430390924,-0.4700688298945591,0.28101277950269765,-0.6222026766202328,0.43867295987813615,-0.30058899555591934,0.32841779648704317
2581,3,0,-0.5465199288817818,-0.21891730692323552,-0.41088355785055325,-0.015720427323500867,-0.1878153142278359,0.9326884384704156,-0.3068062969417085
2582,3,1,-0.27527754571416485,-0.15600013551790462,0.7770564534422477,0.4825757756646958,-0.34747908572535346,0.26239661383051543,-0.563055353189363
2583,1,0,-0.37280635133027085,-1.005123309181316,-0.08872057156323676,0.5431765577129772,-0.7385633428083989,0.6097067847732945,0.10545395799443362
2584,2,2,-0.5242332567562876,-0.6299299146785641,0.34163408853491123,0.5550504384606669,-0.38566973774951957,0.6301791812177675,0.320313364076008
2585,0,2,0.2154451914215165,-0.7561889608937088,0.7503195474225659,-0.09809205940965653,0.026762741980018687,-0.10203838268275253,-0.05122733019815533
2586,2,0,0.05023216050230481,-0.5128618714456029,-0.4042540651997597,0.3801437904649812,-0.02180109025138227,0.40614180954197454,0.08142339168057125
2587,2,1,0.001686020095347282,-0.09535846890972335,-0.07204773203507774,-0.24615148732345032,-0.2529236945750698,1.1876542442148996,-0.0320381152275219
2588,3,2,0.37821109270602016,-0.3817178789651169,0.19886951014754517,-0.7140442810187622,-0.5686185527913877,1.020656028883939,0.048305493064002517
2589,1,1,0.4225696695562655,-0.32631158680196926,0.10805783029318719,0.1010408977994847,-0.5269930417970861,0.24976361474622039,0.4083818318843231
2590,2,2,-0.30438954333519436,-0.6725354918341166,0.7872021001150153,1.1275927637153145,-0.7731414732766219,-0.30730517568011506,-0.5300276427972018
2591,0,2,0.48225089340013094,-0.4767023482344863,0.06347498128358738,1.8136356096162545,0.20577501973248374,0.10145219566121183,0.0734993354352438
2592,1,1,0.10573210252822329,-0.6017508654800896,0.1518118074874849,-0.08241574081273977,-0.15825221333907633,0.0737634390742183,-0.29275164394719294
2593,3,1,-0.149497799316804,-0.12114045343743177,-0.12485917534732818,-0.21593563004665026,0.11385442718426919,1.109385608170127,0.09907793966620894
2594,1,0,0.11785881460840372,0.31528957915030764,0.3404347931000383,0.002822666452605226,0.1950060232662969,-0.18749466696105524,0.5444125853177286
2595,1,1,-0.07697005500882934,-0.6961580701448099,-0.4173585698160689,0.029553132741730853,-0.622415212528588,0.41006746833479824,0.14063702818526713
2596,0,0,-0.6971566912610844,-0.5184165567640867,0.36218474573511433,-0.332314319207733,-0.02062569522011732,0.545332709837298,-0.07519153474749991
2597,0,2,-0.19549956181059708,-0.2389367349132746,0.12998051072839456,0.5118170567863239,0.5726145677955181,-0.17554558705312664,-0.22538655113841927
2598,3,1,-0.9552393504427398,-0.5700077896341578,-0.46450037282838014,-0.31330813367564603,0.14072676748507087,-0.3059541090138028,0.19363608712705535
2599,0,2,0.16695092854303814,0.021480486244004365,-0.10764300163052878,0.19520930651585638,0.5389128333400875,-0.5787779319295607,0.1786976402767982
2600,3,1,-0.6616555134614663,0.5968011802854396,0.1425987420268199,-0.2046535167047223,0.18934564228376422,0.06070040479775565,-0.009895933173850353
2601,0,1,-0.043167388126560256,-0.1339761586744141,0.14995425304769489,-0.0916556313626732,-0.2151102555320683,0.3054224044050824,-0.3075509748235697
2602,1,2,-0.018768925881610943,0.358985800519533,-0.428355202318285,0.4073901802750697,0.16593067950630405,-0.45439159822669295,-0.14594237178473193
2603,0,0,-0.5834882782235968,0.8297503521116074,-0.8888424228540844,0.46027472702545835,-0.1355876052956242,0.7578605560142085,-0.5561579995803274
2604,3,1,0.4206509467718986,0.5680277065419669,-0.5417436629969741,-0.04243501908970246,0.2255323134407808,0.3496277509020662,0.12865925140370166
2605,3,1,-0.3737440136753366,-0.7703344446967687,0.6157934871667092,-0.740674519378467,0.5142231203970566,0.06828615179451113,-0.221288457855527
2606,3,2,0.008258023325894509,-0.04134696620094047,-0.17374951411506798,-0.15677219458749098,-0.4310882275497536,-0.336634427060269,-0.1740717338999723
2607,3,2,-0.49841755354850537,-0.012645550124498972,-0.778716869093377,-0.01002097011554898,0.41991693246784795,-0.2736459631950061,-0.17965561994402585
2608,1,0,0.34138924449928765,-0.2465811133466702,0.2954604749845375,0.26712886514706946,-0.8752888019159025,-0.08668682595090849,-0.34807007316319344
2609,0,2,0.6830613904442837,-0.04859483065294044,-0.03157107066920189,0.28291483444355053,0.7136976048431913,0.05698669912435972,-0.09275085209128123
2610,3,1,0.1435264394995362,-0.31991174356972385,0.47057538866865223,0.42470607733720644,-0.30972141622915395,-0.2463338719720338,0.45820030852550203
2611,1,0,0.19005454340771757,-0.9188034299338222,-0.02655916623887089,0.08657201705971056,-0.328150212600095,-0.0851940598297061,-0.38606594719143517
2612,3,1,-0.44609769392346865,-0.9764191749021077,-0.17034499541223186,-0.03643230019966985,0.39049949311698345,-0.10026497932245851,0.030247754664239263
2613,3,2,0.06736784199232038,-1.1798733889236896,0.28378911021890724,0.21103502336733201,0.31919997427938135,0.6068702373227359,-0.7646760955151531
2614,1,1,-0.26519585580086824,0.09219792154179096,0.041063764231220684,-0.4388905983626162,0.2832361890504625,0.09411485281857787,-0.37900598475075914
2615,0,1,0.6463317203668041,-0.7365806164607429,-0.7666276216061525,0.24283896202209246,0.22300519488259676,0.48683205040043875,-0.10444436156923989
2616,1,1,-0.40927143945651645,0.30042018269551185,0.6820013197687702,-0.04984214661548735,-0.6972917096998692,-1.4168356711199215,-0.02875037542027578
2617,3,1,0.19766218613534944,-0.4301102307418143,0.01201834770351536,0.518482987616498,-0.22797750748184395,0.03789624848762356,0.029383210692895477
2618,0,1,0.02061129714923865,0.0008905788244280843,0.7176669623879802,0.9677487430718218,0.45856553383175513,0.25804040132831174,-0.18135487107876166
2619,2,2,0.6373785819806023,0.9342098524574082,-0.3076955247452032,-0.03240524299416392,-0.3352386505068508,0.6792659097056313,0.3149897839704031
2620,0,2,0.24444883963168543,-0.7906671118834064,0.4361099103746868,0.7769094041361672,0.44568360151462594,-0.17118321480184648,-0.08684545203544351
2621,3,0,-1.0617339987175782,0.0952152212853952,0.3834094515803209,-0.1405820979232086,-0.22455181112740985,0.27984485513102675,0.07137374206800749
2622,1,1,0.580190014368539,-0.24354857696692428,-0.5671395961915154,0.3792726111131967,-0.19367517634784648,0.5118570954600803,0.22328128802882452
2623,3,1,-0.5720257425563303,-0.1628690436689212,0.35976291715324776,-0.3322022605828825,-0.10019373204940245,-0.4757766561323916,0.40400889705982873
2624,0,1,0.31330458161216923,-0.17384697851492734,0.1502526479790405,0.028006496439093476,0.18999033438885746,-0.19488412917078532,-0.16245652809157932
2625,0,2,-0.9401378757239884,0.21500715479659524,-0.7983443005681231,0.36080354668560916,0.4042765013483259,0.05006267740188837,0.48304202141300573
2626,0,1,-0.08277752978118783,-0.10095526441190525,0.16759370884111857,1.046146390846714,0.019146629518308794,0.7377622337858677,0.3921938119382556
2627,1,2,0.19009855360897812,0.22700074352798114,0.5080101374672966,0.44013358525595847,-0.013774662166255877,0.3956367565532849,0.4990562984396555
2628,2,2,-1.355101052565402,-0.7849280445137315,0.01859626935272637,-0.20469203412080197,0.474371610600557,0.20370758897807173,-0.22565373149503137
2629,1,2,-0.8626981250205908,0.45396901707758053,-0.21651220717915357,0.6388465812198555,1.0263513151377468,0.23050877149249277,0.13462399312611414
2630,3,1,1.0578735824456484,-0.19118223104786375,0.5543700127790182,0.24902479929656868,0.051143518691767365,0.19359279431971846,0.3322915686760167
2631,2,1,-0.2339104708838743,-0.7502222787070679,0.28071069485949923,0.2956608788332167,0.392510021373657,0.403570146557348,0.3071434571571688
2632,2,1,0.8301851084977874,-0.051862597460713256,0.6182016448017625,-0.028935879110803406,0.1634267516656274,-0.026891303838807862,0.21838060740101992
2633,2,1,0.000337401524912892,0.3999795139987611,0.30363768785028433,1.375597309480317,0.270729556529636,-0.32919825758654764,-0.08882373714963285
2634,3,1,-0.40330959685146084,0.06583712675894013,0.17230463422101255,0.6822016631423271,-0.29197741229437335,0.6887498746552291,0.23649563711853494
2635,1,0,-0.3207524969380401,-0.003646981241716446,-0.09863170440691055,-0.1548129396613574,0.5371092846393392,0.26167023294945635,0.21592229397649218
2636,3,2,-0.2717222886654472,0.14143431614053822,-0.14003037216633085,0.13064078391342313,0.4268672433065191,0.8839423083258232,-0.1344128387915335
2637,0,1,-0.16667128533647496,0.32309549867029475,0.07721267193557844,0.3500291065401298,0.42558029570694617,0.12073231159963918,-0.1256997058371274
2638,2,2,0.19086777181236173,-0.4581679596590239,1.0049212902837894,0.5390554708303035,0.2880903696455953,0.5059791299947831,0.28606819997724636
2639,1,1,-0.09770195993577493,0.17857097188125273,0.04270624641314339,-0.10988434003925063,-0.003510603312460657,-0.6885190474836497,-0.2392403698683439
2640,2,0,0.5545733746045501,-0.4636170002471872,0.33518492887433843,-0.14645311102126818,0.04280720824428862,-0.16438468143484006,0.3652041606094077
2641,3,2,-0.09830301447336923,0.44585619716588887,-0.30696894124858853,-0.09042173251426648,0.7637637509549011,-0.3835947173784442,0.23305668262000684
2642,1,0,-0.5187568076734406,-0.4836369290178286,-0.004812532764474454,-0.07806287158597235,-0.1245552181537165,0.704039981476505,0.12621224924108873
2643,1,0,0.13943885373129333,0.563090738748283,0.20253183847022924,-0.33702215103537303,0.07964228352203619,-0.6273760836726022,0.278550297006868
2644,1,2,-0.2644806021096424,-0.21783211468891822,-0.4670005197202957,0.06239015488507089,-0.42751029225849463,0.6648833335569282,-0.06850434278788162
2645,1,1,0.43136099245151194,-0.2841150730207386,-0.1591556976506631,0.2054326731993757,-0.22186869381121624,-0.28151981325801523,-0.2060342358976844
2646,1,1,0.019096059293385412,-0.49533087627377026,0.4223447096651673,0.11665717415929018,-0.1009850540915599,0.7280484046955424,-0.46403867457253845
2647,3,2,-0.3795383195677621,-0.956206542020443,0.9894315978790765,-0.26209999603396966,0.08238181957345969,0.7540376519642624,0.10477900526269733
2648,0,1,0.11113423426893398,-0.7458041829740837,0.32289061766745236,0.18992444215004947,-0.046556727202992684,-0.04860353669317599,0.4086916869736265
2649,3,1,-0.4472521988605467,0.5409286664066222,-0.035164672361724804,0.7867361080893577,-1.3402563606563325,0.154128252791325,0.29812450116981387
2650,1,1,-0.11231505203688714,-0.5286363057748439,0.2117051116814559,-0.37182738365654244,0.28716586045929154,-0.33047956292754066,-0.05950526050264604
2651,2,1,-0.6714305249132778,-0.042115061078816116,-0.5611867875465757,-0.5786095585369635,-0.7514082494433497,0.7373500564390068,-0.08127166983582466
2652,2,1,1.0016446862443151,-0.3572555265942192,-0.20459599134030088,-0.7057789134034131,-0.04615250006187956,0.258160021533443,0.20020173961222107
2653,1,0,-0.24679542305804486,-0.7103187795610719,-0.3877231688062868,-0.30439447616285287,-0.07890644126159557,0.5055027786224274,0.07967695846231782
2654,2,1,-0.6381090627510074,-1.0906798752757958,0.03004453762018534,0.09912827214135228,0.6898561509154438,0.31884141219532736,-0.10332860171239187
2655,1,0,-1.2323198533107491,-0.08375144235914231,0.1662206506061459,0.06325098257639375,0.6782244648298003,0.5780293553412779,-0.007786292783398731
2656,2,0,0.6124433792583189,0.10824654095662864,-0.12138499438078827,0.3604816319408296,0.1668022080198384,0.4090539108173733,-0.22548323924665767
2657,2,2,0.7005615686950774,-0.7279597449964926,-0.22531943446322866,0.9160882536964189,0.4799195345825588,-0.7545502047439216,-0.18447975315812232
2658,1,1,0.050626128552752336,-1.121786543904546,0.7926710755404063,0.45603411797457877,0.07932793439824297,0.18877622314018683,0.18877071707316456
2659,0,0,-0.48563993153473894,1.019228115509507,0.7356278505172112,0.04216567597318459,0.43529440118258256,0.3298036828914057,-0.22975236876183924
2660,0,1,-0.007257872378871419,-0.47046106069895344,0.14153584128704222,0.14845585092449504,0.5670329788799877,-0.1049723589378164,0.3642673876311852
2661,2,1,-0.390837788149645,-0.700416037826572,-0.12455014339503723,0.036543019962413284,0.028653154068740586,-0.13045366885629825,0.0495717772911775
2662,0,0,-0.5446590729244803,-0.41686597357058686,0.6716399373172451,0.28124202292809225,-0.45791493429545915,0.3275467286917232,0.49374693764268257
2663,1,2,0.1438379831831035,-0.06691113909153676,0.6831998784262159,-0.04737360189817634,-1.7136819119130204,0.20220840666854117,0.4037011231929026
2664,1,0,0.23918490111622112,0.25231278233719956,-0.12113145598801152,0.06679979149775099,0.710806518470442,0.30929316938422496,-0.29002575843159345
2665,0,0,-0.5171204553076586,0.8330990975138131,0.007781193640469819,-0.669646928001532,0.24564030897322622,0.1704639876121095,-0.3449307083899587
2666,2,1,0.39507088872300644,-0.015199399543433828,-0.43417682995706486,0.33070413909064433,-0.4502862533893854,0.48087863921120866,0.07370857642056626
2667,3,0,-0.3512801338425585,-0.6489005514190671,-0.7481288983332556,-0.11780498997363464,-0.02841967615631146,0.05972472512181501,0.2194369554066475
2668,1,0,-1.6448200341908663,-0.04748090732712712,-0.22075100826019634,-0.6804904190897062,0.5334067665201078,-0.40966580482123527,-0.2708234162453186
2669,0,1,-0.7772765814699748,0.4891685771128217,0.4331594061151657,-0.0016885548611277276,-0.13920011701051468,0.10505764900272632,0.3811484050578944
2670,2,0,0.23469714921455045,-0.4074248836706139,-0.577923672006311,0.49229542357169664,-0.19374510103300463,0.4552124197396217,0.6093086528821632
2671,1,1,-0.01348212217629674,0.29411835976177314,0.21477607759704706,0.45806217081183714,0.17281814353645708,-0.7099551900216016,0.09389019271831951
2672,0,0,0.3521604334083236,-0.8067744495694852,0.12601182190924057,0.05517785375178932,-0.22755005849633578,-0.3293690821366997,-0.4663346243252031
2673,1,2,0.16408167081379435,0.10848534661461393,-0.5509648778625292,0.5070948856592598,-0.2803442717874421,0.7361609487556211,0.3532084750099079
2674,1,0,0.5932346339941107,0.08445813449205652,0.047203390387521915,-0.2814245446810022,1.251058929668494,0.1608995698155583,-0.2531620386669615
2675,1,1,-0.6091358320080372,0.5928201650548459,0.0845709464229452,-0.20296740455156154,0.18677849065910615,0.10285043126408033,-0.0649501813732167
2676,0,1,0.3313099670251449,-0.3874866283371285,0.10366689622959022,-0.10683998930058786,-0.11803854609143563,0.008025143893775899,-0.37904435086382965
2677,3,1,0.9102345563393411,-0.02351290218294158,-0.0836457869606659,-0.33564621578200987,-0.2465581064363313,-1.0359061756278927,0.03504962658664362
2678,2,2,-0.3015162934552457,0.7436162406025737,0.010166064154244698,0.28413342561070504,-0.4181456245587795,-0.18306502866287858,-0.015194835217551201
2679,1,1,-0.7332134799976381,0.4093322308927486,-0.2555562686904051,-0.33075723041255645,0.09769513564921782,-0.3379485419520726,-0.0729380788418089
2680,3,1,-0.14682981883913435,-0.34710321454635995,-0.17877097545563325,0.09294099338836165,0.8063039069465077,0.6994448242305699,-0.21299240508064116
2681,2,1,0.13466027467167443,-0.46590967603097755,-0.12350756065916212,-0.20982010047370708,0.05581149274161269,0.265604870085778,0.10399259338194425
2682,3,1,0.24372893413603117,-0.25567751865736377,-0.14900481793888534,-0.2695271441791104,0.17226896014649207,0.6436826332369238,0.30706631786715594
2683,1,1,0.182453935290977,-0.23911571739144463,-0.0492175732085587,-0.35764222896418735,-0.3755996993955481,1.3928277241343536,-0.04202028720775254
2684,3,0,1.4440150697224974,-0.4120117698666004,0.06614846225463082,-0.201819628328621,-0.07862557837051817,-0.17369095763813605,-0.11701596691157246
2685,1,1,-0.5257856390250718,0.34820633655774214,0.4279979579058715,-0.07030143912208543,-0.09462663909668925,0.4106760144894863,0.023488886235915933
2686,0,0,-0.4718175221330835,-0.053506075910289164,-0.32132429480576524,0.4748355144363389,-0.3427053843013726,1.569047704680044,-0.2991834942145551
2687,1,1,0.2615355576949774,0.7650287249707146,0.03698691217065505,0.5784254240863169,-0.06115592360075905,0.8725878473129091,0.0781595606293816
2688,3,2,-0.370688226407194,-0.4568696286476688,0.5804377667964307,-0.02701965691635001,0.9572815813059079,-0.02610455132631212,0.01874087277458605
2689,2,1,-0.3252673050798886,0.37216944300836796,0.7068019236402856,-0.29638365067002226,0.8365435918159901,0.7149304886432123,0.3109224080457254
2690,2,2,-0.04396236226708482,0.21688827833399862,0.09264895111138019,0.014783512290818849,0.7603427414887544,-0.709311671756977,-0.33738303908321177
2691,3,2,0.7104938153475104,0.024670282605457367,0.13251741061156702,-0.16931623282381833,-0.06835756182595411,0.530500120539952,0.2784042245148184
2692,0,0,-0.4055113669839622,-0.16558798197787508,0.6645300113067205,0.22797915243293673,0.3638515548915636,-1.2148264579967007,0.14103780330569257
2693,1,0,-0.7978528341026965,0.5247307940531682,-0.37287329610436465,-0.17483283151336285,-0.534901859496948,-0.6602019283742133,-0.5285096158904101
2694,0,2,0.09008342818711901,-0.886452679470591,0.060627086378037265,-1.6478697824520723,0.919711929731201,0.94704045774185,0.16792835752447297
2695,0,0,0.13695415117648904,-0.7992301946870612,0.05180806454294502,-0.6363249445580483,-0.13545670734210943,-0.4066505091286339,-0.3696231934038778
2696,0,2,0.6793924517256168,0.02905072177973675,-0.07274307676636786,0.5821365999477206,-0.16443385850405515,-0.7034921038489449,-0.45562660746167477
2697,2,0,-0.10442849725482184,1.4225199280044845,0.9098438956699628,-0.28767622232818735,0.5597143878562731,0.5718720056180026,-0.6954339788195046
2698,2,0,-0.14861715177403859,0.4348296550728392,0.315540692239033,0.7940028518282888,0.32720435189079217,0.29454717340935677,-0.0033976699151069666
2699,3,1,-0.2497791769255618,-0.6425694087529737,-0.2220001227269297,-0.5452847844767897,0.4705072983382709,1.0032509248629404,-0.1860139795581609
2700,2,1,-0.13199145579750038,0.7928382082429846,-0.17854220783138475,0.3654482012541732,0.5862977251047157,-0.13353389406984842,-0.09644601799271156
2701,2,2,-0.5468546776599491,0.22420280007971474,0.8483288904716361,0.30202362111458775,0.04498117818789227,-0.10839878373797099,0.5571006774729284
2702,3,0,-0.11782811307145435,-0.5565497911672901,0.2963972985305127,0.14406307980485522,-0.14875735281693803,0.09693695806111197,-0.2744022722829502
2703,1,0,-0.7243609447372795,-0.9077957321641602,-0.037509869939178736,0.06494104942272581,-0.5164114603393678,-0.6520357398736621,-0.1394692967510436
2704,2,2,0.2072083502939943,-0.12249729057487155,0.13237442121916604,0.5294672373645697,0.9460738961391378,0.6922838431792967,-0.03222631890455935
2705,3,1,-0.14040529393094558,-0.3200167174077071,0.0934687518007967,0.04661691377060275,0.8555609184222809,-0.583577240479201,0.026082234223772902
2706,2,1,0.050644514583383066,0.2810106376215472,-0.036942484760970874,-0.01578333592867088,-0.230068086005574,-0.09624783423146568,0.19880663628382755
2707,3,1,-0.43230673708138967,-0.6958114077293718,-0.0073068636894489504,-0.2322326683210915,1.4054238756265052,0.8443735356127858,-0.8368661959362723
2708,0,2,-0.11044269014760472,0.12333988522177339,0.224704052645066,0.3146520601762117,-0.8924695969556906,0.5587790491639999,-0.3131177322790378
2709,3,2,-0.3876706637611962,0.39697472264513745,0.1701933349610044,-0.908292218318761,0.5261434586530405,-0.1435810100234904,0.14089082584635587
2710,2,1,0.8062120985797768,-0.4257772372106021,-0.09267014050641782,0.3688382321632522,0.5551716371974004,-0.29819255670226863,-0.5027480791758531
2711,3,1,0.18025960037521085,-0.690626924845446,0.27568115200551885,-0.3170014501219351,-0.22968462875487033,-0.8233824102200452,-0.2079692452545994
2712,0,0,-0.22186770070728262,0.4919163577932155,0.4548710487654152,-0.044459749999984505,0.5291885324427341,-0.2798677586735282,0.20149024681086497
2713,1,0,0.16709921457137153,-0.49930566224438167,0.2637516355093449,0.06058305136718269,0.49056013694802314,0.6779932652725428,-0.08991458596120537
2714,2,1,0.23454026885622717,0.2638442781978839,1.0264145391123634,0.9657768697966136,-0.0614628284326431,0.6160415862511507,0.23645615350123642
2715,0,1,-0.029198138796086792,0.8635621170721753,0.20052181251296974,0.12027733085464125,0.5786852790039644,-0.13160440154018008,-0.4862921054920999
2716,0,1,-0.7215820833965568,-0.051849727377672766,0.541987195253166,0.06446003774012175,0.043095560484197104,0.15585150953746946,0.1995590932683248
2717,3,1,0.821553906512777,0.2837334889005506,-0.18591762823469257,0.01875974095189318,0.6148250749712784,-0.44540427663263027,-0.7605306644457641
2718,0,1,-0.12649815731956907,0.11860333478202842,-0.28643282708484885,0.09308329463559091,-0.31054793964999344,0.5552967386292496,0.21014868587891708
2719,0,1,-0.2984200565487889,-0.07318399221296958,0.40245894109349295,0.0546022090495319,-0.19795248291934928,0.10640115005201983,0.1732922898239373
2720,3,2,-0.3204006350061812,0.34763051939376166,-0.09243807647074294,0.277552073064037,0.3977855912559242,0.49965004092612064,-0.09233711693273881
2721,0,1,0.29639219453646504,0.8047732258119077,-0.028548794567568883,0.464582930320584,0.48922494485421075,-0.40149520751096635,-0.3455332993185119
2722,3,1,-0.26703694265123434,0.07983851772228631,0.039156726859714615,-0.7193599684348551,0.4987359349178665,-0.7503922856656898,0.16568450772013207
2723,2,0,0.17347878775566825,0.3579759123730937,-0.3662244018840318,0.36986274917405526,-0.14103951779182014,0.3378855996975224,0.2001983601550926
2724,2,0,0.032108928687070326,-0.24434298893773762,0.16616660660230007,0.07702099427650062,0.24472100753501477,-0.03671781288042705,0.31890330108124
2725,1,0,0.15389670269870234,-0.0652595075472307,0.24362150118225903,0.476046497358707,-0.22353858080333325,1.0578518066076352,-0.4798886886628799
2726,0,1,0.4134771554579716,0.17553761207954913,-0.16615094203366396,0.2892773214159599,0.4727243011290077,-0.08986284185880061,-0.39578350306407084
2727,0,1,-0.3829854398050112,-0.0011014909047846466,-0.10686540451813598,-0.9469819125227632,0.16966709962125254,0.003668071252845906,0.17889064867480223
2728,1,1,-0.9392363401019198,0.005388983432921157,-0.9599655501527744,-0.4151218891386515,-0.2121982955849185,0.08055143380624605,0.0657624626685516
2729,0,0,-0.3338625038363985,-0.5412147664510222,0.25826177053919946,1.4059180499626749,-0.04464284275519726,0.008313557944372468,-0.30167726569647546
2730,1,1,-0.009853844617494195,0.1867848563279321,0.3806993861034599,-0.00269960232239857,0.26570427561754695,0.28313776940738833,-0.18239158848122786
2731,3,0,0.13090625723370752,0.14923824772955294,-0.1347490476295726,0.004305126097133057,-0.7519501621890685,0.08721775349862794,0.388091122477308
2732,0,1,0.12270594299216428,0.5431037947569193,-0.30162091484206216,-0.16738962363256676,-0.21929732091567938,-0.20289761749435017,-0.8015159666914893
2733,0,2,-0.6049900299651217,-0.430537622753985,0.12971392076056984,-0.4686453393330052,0.6594314772648335,0.005702627849461794,-0.5271717436278719
2734,0,1,-0.31808156754933187,-0.38983799839832933,0.8537836313680822,-0.2769677187241969,-0.8470719870329736,0.24646131737325533,0.3658234269061052
2735,0,1,-0.2564370065517646,0.11973392379953321,0.5217436039447364,0.29269571071689177,0.24296993388502022,0.8651390624648267,-0.28330058506770706
2736,0,0,-0.9048541630444418,-0.09377168681758624,0.24055471890406516,0.5220972094801096,0.41426863212683573,0.12583188926031547,-0.2707762816424438
2737,1,1,-0.959591597181739,-0.06328921134198036,-0.0919245844403352,0.08295986199030625,-0.6984086633603935,0.09849976662526676,-0.15115893993838114
2738,3,2,0.5583297186295108,-0.07808915039392011,0.13671327711006157,0.13119371582663608,-0.44717222804122003,0.018566674564617608,-0.2717544599416329
2739,3,1,-0.7200798521508075,-0.634755761043744,0.41246053275282324,0.2846771931529175,-0.5634216596365433,0.8707460590799546,-0.26466570852785626
2740,0,2,-0.1656377738560038,-0.18732762272531703,0.9972044406736904,-0.277506614101418,-0.5535107154311026,-0.7119386409104931,-0.3876892751318726
2741,0,2,-0.45686476509682106,-0.5617898582978563,0.08776648044908328,-0.279957288120224,-0.05288312649474077,-0.017517063304465647,-0.5548958290323542
2742,1,2,-0.15894086265751164,0.03370291559414118,0.6842796261770943,0.2618544138356547,-0.8535452164549074,0.8013534835571505,0.06970791906957385
2743,0,1,-0.19340024530883276,-0.5117420087802402,0.24060044776190698,0.34695433518735386,0.32827434057152277,-0.3741560667084185,0.08516400315383055
2744,0,1,-0.47874562812639443,0.290767596605507,0.33128320208722806,0.2803542012692904,0.12145710857249635,-0.3117281685660994,0.20894170937908554
2745,0,0,-0.7884994820845191,-0.6146532291150972,-0.27660498171746517,0.5282554582696415,0.25869477117622464,-0.8282082738198232,0.008305950669038487
2746,2,2,-0.23734099992394164,0.3149007328220611,-0.4742150453464573,0.3542265652051464,-0.2508481324791632,0.3819093289853589,0.24052901609356464
2747,0,0,1.2195757364541049,-0.22776801224068804,0.2201626024684006,0.014017503352374268,-0.4863794705389128,-0.2299111306578455,-0.2505204990599167
2748,2,2,0.20626798915779995,-0.07031917047360951,-0.2501471652058088,-0.33236467843614287,0.15434792265949368,-0.6126657299769285,0.32082908982768427
2749,2,2,-0.415253727932268,-0.5756672524777666,-0.02623186713146948,-0.22521325075648302,-0.05547155383575652,0.14009924728501472,0.3079518593140409
2750,3,1,0.2754136255986511,-0.3812098981834676,-0.25330014359773906,-0.5677934642671134,0.06179203974892556,0.5474990560898356,-0.28583508986928136
2751,1,2,0.5336793568559878,-1.2290478835222403,0.6631950038698394,-0.03386666853473063,-0.5086611554156045,0.03429549195551915,0.5137903877790966
2752,0,1,-0.5475616184218055,-0.015299554717701919,0.06926026509750868,-0.1418474453324296,-0.23546300096055164,0.6372842808045227,0.455400773220362
2753,3,2,-0.13469859256004682,0.23286326632678048,-0.5143977710250661,-0.2017981018722443,-0.2880957754743966,0.13795388630552904,-0.08867302911574722
2754,0,1,0.17034870733225257,-0.27728578165503903,-0.24084930673411048,0.5376820060789651,-0.30625881127464716,0.574661839753545,-0.341835346093701
2755,2,0,-0.2286973256174489,-1.0878089733332241,0.6063765504591445,0.029793145647725262,0.017616453590133835,-0.004674293340334951,0.1359565075865619
2756,2,1,-0.3213278196951306,-0.5088299649794359,-0.05612596378325241,0.6745978769038712,-0.08052089777903292,0.3204584900295303,0.004032168817065908
2757,3,0,0.2280939979876405,0.5077476454668605,0.20347206921288202,0.38087928910820873,0.07743730030315897,-0.15389882038685035,-0.3188599475776519
2758,2,1,-0.17961986206998615,0.25036962913379057,-0.4388165873334239,-0.4222537179164823,0.009206900879265154,0.11265081054799375,-0.11505116370931848
2759,1,2,-0.26347237740765583,-0.3043888397765543,0.1339596304455089,1.13465926814621,-0.031486797704670194,0.016935268759438654,-0.11106480098043471
2760,3,2,-0.2826352964863635,-0.9125855791349333,-0.16602996768171085,0.24816043128319998,0.46058848107325884,0.7408782637901906,-0.03259579907985883
2761,0,1,0.0761285146556796,0.48620794580966153,0.14414216016307133,-0.09040101916166764,0.09565110935431588,0.39960273330360485,0.023797911724193318
2762,0,1,0.3316803072502885,0.21686006242617598,-0.39239582584551463,0.2229188140532058,0.5391686606749704,0.9949917993480266,-0.027816083561784916
2763,2,1,-0.3386155961433684,-0.7897947786585984,0.09157346245481984,0.21207894951969797,0.1551620962273487,0.34327110101146807,-0.5095330254902616
2764,1,1,0.5242034841028417,-0.03718437785938086,0.26338314723642975,-0.7481683885371662,-0.06739677784249713,0.0037198040117759623,0.2058828327035101
2765,1,1,-1.4343692608403487,0.11501562231181603,-0.4053691032792761,-0.1809997862744093,0.1403865415475135,0.14679990310238109,0.04810279939359945
2766,1,2,-0.07121421859441106,0.34649476628157017,0.4000235164964898,-0.14188215857647588,0.21103641580032012,0.19573558301965333,-0.3749143762594585
2767,0,1,0.23351258586400134,-0.21629747075761735,-0.10370416930387463,-0.35687918201141017,0.06793411514350789,-0.07025926828236673,-0.26848124931639306
2768,2,2,0.8242169626440764,-0.1685299639711362,0.13742866483383007,0.5758122314626183,-0.08110026053045578,-0.14089092076275608,-0.08314704272490481
2769,1,1,0.6163152233902197,0.6671188900563536,-0.49872174024451366,0.054431729364521696,-0.2095929018321229,-0.5931525912297937,-0.0770190860312734
2770,1,2,-0.996472767111449,0.3177901194603632,-0.5320277488694972,-0.3006433008461237,0.16409181682082094,0.7917824628399811,0.26213168007284293
2771,2,1,-0.17462112193553392,-0.8971936466011051,-0.050775299454333546,-0.21757781510132357,-0.023868921122551665,0.013323866996555078,-0.3188709411948612
2772,2,1,-0.05731646767281614,-0.26961951681427787,0.44406431158112497,-0.21345066902551654,1.2757438322389432,0.6913874581331843,-0.6832359378086329
2773,3,1,-0.774587440806394,0.15166987336393176,-0.36564989524556896,0.011014584951513062,-0.03177947472679388,0.2367494262899803,0.24195374614243348
2774,0,1,-0.7631506347674434,-0.3860064289779035,0.19720883257647293,0.0020019909506251727,0.30758537447849443,0.49186727618807313,-0.3738320681682588
2775,1,2,-0.5212793377385673,-0.5990205797972196,-0.47361712996388006,-0.02222316035767943,0.302246800259812,0.3974902103836928,0.048660440322588934
2776,0,1,-0.4244308815050575,-0.4050773215737137,-0.7497577906708318,-0.1007566569905929,0.7133176835957683,-0.08878892631028629,0.08842895595337841
2777,0,1,0.10160179509238423,-0.3796777250558438,0.326450688264459,0.7215518454501723,-0.13531651764738303,0.827343821588437,-0.24024493263576874
2778,1,2,-0.036064365159977324,-0.2811991075922875,0.2966241422068687,-4.6733122641911785e-05,0.13310372895033643,-0.02161495071294059,0.11738774388092049
2779,1,1,-0.9192713188546807,-0.4580859854849658,0.1455355628424255,-0.20080828275862708,0.6688579713278291,-0.7764820550783766,0.18458257299750255
2780,0,1,-0.528436602211543,-1.1562266665654206,0.011391475875201474,0.8514272661165208,0.08051508767051015,-0.003918196267175655,-0.074961171582621
2781,0,0,-0.9794634942361291,0.5551423294708882,0.36304498993448564,0.16076216359595438,-0.2031566238360534,-0.014856301031369562,-0.0744897028534984
2782,1,2,0.5484774474653709,-0.14716458066782906,0.01723540612549523,0.4336453361514423,0.1518951381511457,0.8465371466258802,-0.4730325220227689
2783,3,1,-0.36015071770952956,-0.052429706760926384,-0.14470109574866066,0.18303530354351963,0.1218441013337372,-0.9057370077131494,-0.017853822029675875
2784,2,1,-0.2799368097068433,-0.3594541726542255,-0.23315979340332948,-0.29681709958491087,0.25816102194148427,0.6250392221535277,0.1781271997326206
2785,3,1,-0.09450353181233107,-1.2085892956110347,-0.9109135195794805,0.04352468748229936,-1.3446478134183315,-0.7702909428459639,0.10478968971389842
2786,0,2,-0.3721489128590425,-0.26883653816202324,-0.03447768133908579,0.09261060067779824,0.12865148133980575,0.7921678706462931,0.038507190195836066
2787,1,0,0.5326932373805067,-0.2115269107978121,0.24884849823343003,-0.2025925600706176,0.1156021831625558,-0.13961792881339166,0.317604263449531
2788,1,1,0.10510634927339849,0.0173025843957455,-0.4831710418258376,-0.559067085831079,0.43782494766544755,0.07005550588099296,-0.07461657526979823
2789,3,1,0.29013855324283244,0.4703154450874859,0.21193991265636125,-0.42789230066569545,-0.0019344411240603638,0.24931011212705234,0.11355512685456831
2790,2,2,-0.23665642103366955,-0.2537676685805007,0.5582882160621719,-0.02668266523614927,-0.2910298104238447,0.10117208689533819,-0.19313116645540251
2791,2,1,0.17912531668942558,0.7266330314097318,-0.07739123196986031,0.15863971935513863,0.02993560509437853,1.0334613155345387,0.09379746622110058
2792,2,0,-0.4603208430008541,-0.5111186161160167,-0.009745121454471518,0.19262683607774897,-0.4548030417713406,0.09652242350314708,-0.5726984779395804
2793,2,2,0.2283811758472893,0.10406471272849285,0.5140502088370469,-0.49107560786708604,-0.8101358712111723,0.3087561044885464,-0.09164306302917431
2794,0,1,-0.02792777604112913,-1.3102485037535732,0.6898183954076491,0.4596396424286471,-0.062464270869614924,0.11182715710501276,-0.35421414241084187
2795,2,0,0.36467105451685367,0.7046497002953094,0.05784112555911451,0.3518614208819601,0.3579742131004268,0.034694613965518595,-0.0623394672503999
2796,3,1,-0.41179134667649875,-0.12767073828322417,-0.3418806653506556,0.11200817843247476,0.23545788784794255,0.5829179213486525,0.09090738297165779
2797,3,2,-0.039177382351591725,-0.5669788823527587,-0.05260322271793008,-0.24798471557675775,-0.31072654941411937,0.43732536792263776,0.18059787864124585
2798,2,1,-1.3234313577120302,-0.28180438731529445,0.1210144554883062,-0.3363174375331891,1.0883476956143574,-0.017340042333103517,0.09934026529684188
2799,0,1,-0.835073326882515,-0.18301113830884724,0.38147814529113067,0.2613068798574068,0.2522270214036643,-0.6871502647444663,0.03549295745021696
2800,1,1,-0.08758981624801919,1.051734362020544,0.622309083299354,1.2732499783785418,0.7699231801556347,0.3944503779907006,0.1810338613933765
2801,3,1,-0.5981147026047979,-0.07163776861144709,-0.09330608787502875,-0.3854939746540385,0.4076703460827819,-0.25285723405523586,-0.0758909652760375
2802,1,1,-0.1783364037511454,-0.3508172660796677,0.12298559751121835,0.6420370480924266,0.055134976715986134,1.2909980200595115,-0.12565080060729195
2803,0,1,0.8254822698518213,0.4835956686478452,0.1901544888172962,0.5299011114189215,-0.07904935221631217,0.2200315236653822,0.32915884456888483
2804,2,0,-0.5174645030269033,-0.31551366661548574,0.4780395860259378,-0.5728098676975708,-0.1851101374698706,0.5636577563075662,0.2190421605750592
2805,0,1,0.361338271638716,-0.28201274889004235,-0.8393114780803096,-0.01540579536263927,-0.26354541891183836,-0.028570930319291032,0.2636551096607404
2806,3,1,-0.502249998631588,0.28543424056887634,0.027345930314940193,0.27977931656989946,0.09495854040844486,0.3170403803480977,0.24410235849547735
2807,3,1,-0.13569983648051945,-0.29184532613192293,-0.08610625102759806,0.2157704837384882,-0.8015162328423995,0.045532429153671825,-0.8030585642894591
2808,0,1,0.1096890508408645,-0.13161432455175043,0.4185285060708885,0.6284190071453256,0.12604903727267616,0.5247010515653325,-0.2790672400841811
2809,2,1,-0.26396702053229604,0.1603026902526479,-0.2324871380660654,0.74179140768918,-0.30559601236379463,0.591330756487639,0.04501126069583783
2810,3,1,-0.38780770715722723,-0.53425272556317,0.22471653663566193,-0.6430981552650075,-0.2980283458961089,-0.4956166720924091,-0.3946783188457209
2811,1,1,0.35259922279860634,0.18197322668222257,0.6062005708756151,0.8323243286804639,-0.6056299596858065,0.6634851902282878,-0.09840630989479268
2812,1,1,0.5446955335707957,0.03647137970560407,-0.27337644412146916,-0.2580549590759334,-0.05189335026182015,0.5184276751031546,0.38172912313932666
2813,3,1,-0.7602335726191257,-0.33499935293423155,-0.4266077355841509,-0.2896466676039155,-0.12821665949852118,-0.11741453951568928,-0.06670018497237169
2814,3,2,-0.38307213364241377,-0.2637595579594187,-0.4265501624539277,0.22191676868664995,0.16858503854070628,0.03494162062925786,0.11476460312990278
2815,0,0,0.0929617835050168,-0.13217162704028435,-0.003000828044420001,-0.17958925459421757,0.4197836606532525,0.5963501296569378,-0.004881970588242054
2816,3,2,0.6290808313923929,-0.6926790755512653,-0.4660988007257615,-0.3770959890713895,-0.4748038039173453,-0.10290700408765094,0.02615344096296277
2817,3,2,0.9442730907766491,-0.45525355649347465,0.30817534460521384,0.473537100898086,-0.25021232247544706,-0.8726517591249782,0.42577272615067224
2818,1,2,-0.20058213379753273,0.03169243233781158,-0.06276541892880531,0.05641953053775684,-0.4641701080710033,0.11587866366609659,-0.08026683422077663
2819,2,1,0.44848502888764785,0.21221526837966267,0.1619983560664763,-0.5360889857862635,0.7995119688289242,0.3266006998711251,-0.3125146481193433
2820,1,0,0.5430996567194659,-0.5796395785809578,0.005445778312906185,0.5723034870814603,-1.120958058705273,0.12888474015144227,0.2919037553086353
2821,3,2,-0.4009446520991182,0.08857757371267455,0.6415083346528302,0.13481170760339412,0.4138650864262356,-0.23185891309000797,0.17061172064474375
2822,1,1,-0.10903057104034668,-0.23746726578439759,0.47475277058244264,0.1281209790989466,0.17869404301852576,-0.12370116341559892,0.18730018550676017
2823,3,0,-0.35751615872532894,-0.5569836753411123,-0.7349101007317191,-0.08617757401480677,0.20172827894951884,-0.10532288047550067,0.3420807121529078
2824,3,0,0.25218708832832637,0.0258197253095844,0.49378718270879185,-0.6612540131162533,0.13346476980654046,1.0305689756788419,0.047798704283457234
2825,2,1,-0.2043937434451485,-0.562852118211678,0.12677791116655532,0.16443337154979687,0.0033215828540934596,0.2896733224416248,0.19446056804253564
2826,0,1,0.17744212821638802,0.9618581467488173,-0.18834230066533064,0.15005819250075073,-0.3904425532944507,-0.2572136799155017,0.33185057373043764
2827,1,1,-0.4841243741477401,-0.2659903036943291,0.3666927652888496,-0.3175550032911686,0.7158887022288437,0.08381034515810494,0.12198489222193933
2828,2,1,-0.6516918133348097,-0.09712082602002142,0.3107209290408621,-0.3190196977082817,-0.4964821225830964,-0.24905493042898727,-0.11134310920742892
2829,2,2,-0.005994606400267263,-0.8067899675904935,0.2091514924041343,0.2119831328313537,-0.5475236492857438,0.7642715827385861,0.20532756318604964
2830,2,1,-0.16298265397671427,-0.32567341817770523,0.004795824916578079,-0.12480537908229547,0.2640168531676795,0.5327627198676698,-0.04082649244231531
2831,3,0,0.7018875972204441,-0.04308869044893174,0.005810199587965182,-0.02237611720539199,0.3685519771968085,-0.2894274009606159,0.07039681371197797
2832,2,1,0.2027155968013684,0.6710416962374994,-0.0915400398454817,0.3750340147478044,-1.1869538664605863,0.36233841202650074,-0.6396898433213253
2833,3,0,0.5965520061467333,-0.3055070773848473,0.4366913757048925,0.2212135894516926,-0.12098845202818723,0.31927843465237127,-0.23375723574438584
2834,0,1,0.3199962533355114,0.4930561072933366,-0.44713014428726067,0.6315219046527722,0.3498618336649183,-0.5514667549380864,0.04776829097020897
2835,0,1,0.3589069532038899,-0.949177600011627,0.7709015688506398,0.8816302115794344,-0.5994739478746034,-0.05368297901613245,-0.4272419332863802
2836,2,1,-1.179761996788168,-0.2844170069135568,0.654355456615609,-0.07951336666128805,0.29440869278579973,0.057730465088669206,-0.3209021414355246
2837,2,2,-0.5007531112789204,0.047894054621887144,-0.05888949505988759,0.4205110794436294,0.44516284674375883,-0.1292791966784594,0.5385793729847963
2838,1,2,-0.5041628276449989,-0.13194923134267714,0.036901020055988464,-0.03741580552363377,0.7954569468180773,-0.040280784486748905,0.2094741767708641
2839,0,1,-0.15232648588547817,-0.21724182404158793,0.18270104022297093,0.013886172552283964,-0.5261289075827499,-1.153857014903747,0.002531999435682566
2840,1,1,0.009525866748423414,0.1926939780745144,0.31777710743546794,-0.4893741922685215,0.2617317370719835,-0.19117385637022036,-0.13326650807684945
2841,0,2,0.2921090293244508,-1.1101474822030264,0.12015616563970895,0.8800502956676115,-0.029401548098852287,-0.4184988035227004,0.16050127071811854
2842,3,2,-0.011491203414023321,-0.6038071389097527,-0.17685671037346773,0.1291881605952441,0.6925389873388139,0.9505608276136108,0.2360100099590385
2843,2,2,-1.2514096686734006,0.883219963712124,-0.3688946833780247,0.1083710386190233,0.4455999758575941,-0.07017938606673216,-0.1025119995049092
2844,0,1,0.7232968504981174,0.6484393545026562,-0.1284590930609175,-0.5891592837947908,0.4698317621133226,0.24490178175108276,0.4269358749464967
2845,2,2,-0.11379609470000127,0.20090030582820492,-0.42070391161162046,0.18184192615396344,-0.21966768374270312,0.7889018490801157,-0.33304213342361927
2846,2,0,0.05483218802063569,-0.95485433212649,0.12913396785253548,-0.0045836510964241154,0.6471885399532514,-0.17440880237046938,-0.3798930308663474
2847,0,1,-0.2758860019518661,0.2378997984457644,0.2904680372962682,0.2088965008563874,0.19099749946767672,0.35105866695896515,0.5347404475458309
2848,0,1,0.3776478122816933,-0.932291565419785,0.8918928459108424,-0.19285504824352093,-0.8911724319645441,0.9390561860503931,-0.49367911857911523
2849,2,0,0.2494028759015939,0.20726334198329396,-0.24043211976845924,0.06194070526055037,-0.23778263397606844,0.19428238748335017,0.47123998587348515
2850,3,2,-0.7027034271824203,-0.10895414306327009,-0.28686545082039555,-0.26890589293840844,0.4393919830962493,-0.2026777932682229,0.6654383279114229
2851,0,1,-0.24913853538712757,-0.6116872503394877,-0.00704893001284479,-0.03855774407638307,0.4306594021120601,-0.18253166285154057,-0.3644543709799289
2852,2,1,0.24176395910599754,0.7101656310524873,-0.090255079184996,0.023190158556849902,0.1738620902880806,0.22208612754426407,0.12004629356151289
2853,0,1,0.2521044072086779,0.04713779856240105,-0.2495467803082404,0.5278325937205454,-0.17412479416364618,0.03749105161660374,0.4391036832182691
2854,1,1,0.5411830985777076,0.12855446975942877,0.34666788027726103,-0.22876008549544197,-0.011681024864363246,0.8154214488215313,-0.20038178012556346
2855,2,1,-0.2190346002731846,-0.10143284921048723,0.1466148998891348,-0.24169219005089015,0.23181597471194945,0.5070198625472867,-0.030460602461735632
2856,0,1,0.06594803053632808,-0.6616711837308059,-0.006824885201678921,0.8285692379921181,0.4251084689535952,0.4323726752538136,0.14990165816457487
2857,1,1,-0.1254568008525963,-0.6035939077477263,-0.41580849080361226,-0.3772276271939424,-0.04824897120333745,0.008311059325723097,-0.07140533519611945
2858,2,1,0.010502216173682716,-0.02457784363970031,-0.42705583286288784,0.06483069143530891,-0.3263431637987313,-0.10381803196658831,-0.04873457732597853
2859,0,0,-0.29484223481374194,0.18873989119479903,0.0533073885089042,-0.24037033378313874,-0.20530974683505404,0.3411769484652025,-0.504213836576716
2860,3,0,0.43646480504886154,0.48393247967825737,-0.039430618225742835,0.07212909954921251,0.4904241381867324,-0.44359267183977746,0.16362097900441971
2861,2,0,-0.579272055423934,0.34708235809365995,-0.4398123244581048,0.35567644699019707,0.07005581043127057,-0.11658653925249127,-0.39091009055209086
2862,0,1,0.01018761879003853,-0.20740436131891768,0.43300753302933287,0.23833006422790987,-0.5201595120762441,0.40277880832209867,0.06706732727856256
2863,1,1,-0.5827024308067638,-0.972699922645969,-0.0833185198042681,0.9278366176649857,-0.5657859151610668,-0.6514229500654973,0.5431170799882531
2864,2,1,0.21167091108608274,-0.012942977807568284,0.004260356473942151,1.0072084029828157,0.3020323940171978,0.8933026940607919,0.30259077110570853
2865,0,1,-0.006459074476540497,-0.3655548349571026,0.07028596733534083,-0.29716498446577766,-0.30321177195298255,0.15580191604952284,0.1477494598174894
2866,0,2,1.2049464446799671,-0.3770487545033442,-0.48206810826879726,-0.5193247330403714,-0.3753786580153605,-0.38553129912022244,0.2291672255478251
2867,0,1,-0.3471063048968674,0.14633972567485617,-0.16843750554299086,0.9268571330627486,0.10358923216194325,-0.49452629462119546,0.09311367491357835
2868,0,1,0.9679526690477104,0.05033085000639079,-0.8312300827622882,0.017513984521882787,-0.49379988261970315,-0.969237347343126,-0.09393587980040283
2869,3,1,-0.2537712614800224,0.47086664303783743,0.3250781472606323,0.2974793758264218,0.33071139990644394,-0.3333841059628163,0.29541528151266316
2870,3,2,0.3137647448811104,-0.10328615646651851,-0.2638869766719585,0.026580678425163953,0.3412598831564081,-0.3852243254920382,0.29036561049663
2871,2,1,0.24663901438180988,0.22887859324541868,-0.3948654788583887,-0.0668957442761372,-0.23638988539637668,0.20639054246025668,-0.04810988788258534
2872,0,1,-0.6558614204608311,0.7664574562971136,-0.1900063149459008,-0.46597078798610264,-0.05815293361121937,0.3387936980330169,-0.06239651512873257
2873,3,1,-0.001841618928051833,0.6875604058756597,0.49006575687684334,-0.7100442952700801,-0.04493450906723946,0.4154987445379035,0.31355791037310743
2874,2,0,0.44763741428047354,-0.4002284676228126,0.21924600793568472,0.3007021452275769,0.015004095556318002,-0.32420727461888144,0.10591749892406195
2875,2,1,-0.6638233960792306,-0.24138773464996183,0.6361725345718426,0.13449058223143326,0.12485910200145255,0.2188159970255507,0.3028379673798743
2876,0,0,0.5835388595976893,-0.7726193596798705,0.5965024677887272,-0.4270342848268271,0.17016312057998995,0.5230379167228904,-0.02679290422616876
2877,1,2,-0.814547199898294,-0.26846276080425335,0.15963045122277394,0.23897024061983788,0.015595394992187964,0.19087857597868535,0.6904349769010764
2878,2,1,0.15089478031052792,-1.1514679970495725,0.41691521883202265,-0.08543852172818073,0.11542362636410376,-0.7898536877723077,-0.07976886242490216
2879,0,2,-0.49683272745817186,-1.0894762053915197,0.010156165384664212,-0.16389345540905537,0.051546590527540445,-0.30263022000985196,0.3484344559316554
2880,2,0,-0.48218041494788233,-0.055357447541614105,-0.8589981611281252,0.1640737105590356,0.8024411008765389,0.5019198224656579,-0.1183377672063893
2881,2,1,0.29644582365804995,0.24391023612191656,0.281300859122024,-0.32685721272060253,0.030705857851561998,-0.3129270357084024,0.2563376559114123
2882,0,1,0.366668254378797,0.39908091238589394,0.1462219406615758,-0.24934989629845494,0.5300502390094476,0.7953064774462077,-0.14010911941549722
2883,0,1,0.2318336664171474,-0.2941546419920781,-0.06822818372863625,-0.12186103194612512,0.26273000656473233,-0.08617116501127858,0.3369859853180785
2884,3,0,-0.254914538586543,-0.15686349134312216,-0.39842522665287056,0.07763080238466094,-0.08008567676182195,0.3400034982491039,-0.055599790331502245
2885,0,0,0.14826631363982118,0.2598717389753864,0.13112890085795656,0.19875859183246755,0.3339683791134534,-0.6191202556702364,-0.7182115632527803
2886,0,2,-0.17289554823055578,0.7769457584469728,-0.3707910381132222,0.3527263976587808,-0.010332868512889514,-0.6370533102441616,0.0946924556687363
2887,3,0,0.37908661750648787,-0.7571618449596852,0.33533826132915967,0.18119953809942554,0.43629218448525003,0.28251240329744476,0.016330565460886425
2888,1,0,-1.0103447645550918,-0.8871347908670233,0.3190927143918892,-0.8542460316878139,-0.09129101400944314,0.19604774402922462,0.032555116672009374
2889,1,1,0.013366009622647376,-0.3651943615689805,-0.010746209582152812,-0.7210273496902105,0.11267290217557899,0.45093122980539346,0.06501198683846743
2890,0,0,0.5075580204731404,-1.2206188822810664,-0.5443951923118971,0.35108366817997144,-0.1877427626861513,0.09649575010382913,0.017238237407731772
2891,1,1,-0.28566081336201177,-0.2513863352063347,0.07003271757662081,0.17571149631816904,-0.3869373561082238,0.32756907646598454,-0.33787833457140826
2892,3,2,-0.33348070403912167,-0.0640788506849734,-0.014824234363830692,-0.011293955845435199,0.4281126519107537,0.6928190510992182,-0.050996387436579645
2893,0,1,-0.5962328735219975,-0.3413961875765299,-0.10303529437061164,-0.3458671502865575,-0.17843518522662077,-0.6618334945985958,0.06065016747583006
2894,1,0,-0.06098229903504406,-0.4464329655263085,0.4036867575072825,-0.08408593670938427,0.4834858465279885,-0.11577175526549258,-0.15354781826784766
2895,1,0,-0.26703946082154995,-0.4334583320098748,0.27340948316126185,0.25243461748236595,0.29912280697124827,0.7316435775416353,0.37234771080556245
2896,1,1,0.2932988706568582,-0.15011214102068343,-0.9121199963463026,-0.2091367496922702,0.36138780193575204,0.08543439032553617,0.22845459228100734
2897,0,2,-0.6683119777410093,0.03944353284002802,0.3382476715255167,0.28074911937442754,0.4308077981890094,0.7692814337439434,-0.03479472765943643
2898,0,1,0.05300721813006251,-0.38997959927907594,0.4354235662750376,0.6685778442807905,1.3020057929869258,0.45003865971694645,0.19575732083652556
2899,3,1,-0.4158711993366445,-0.23314315224110327,-0.24717290850210843,0.4009965042563034,0.5250661445548802,0.7693005917944028,-0.265742168448977
2900,3,2,-0.834244853834031,-0.07851532829475572,0.002215225703166829,0.3729285721464279,-0.15056027716904744,-0.14010134055277193,-0.05605032225619735
2901,1,0,-0.6442272435324783,0.3348773605251527,-0.30088750960493765,0.706107948650562,-0.31685434471094487,0.5513805479363233,-0.1759766828586256
2902,0,1,-1.013294335460688,-0.32880263637477714,0.4998527725269439,0.25062936225995897,0.7322537801462142,1.0219450216589592,0.059037669084130884
2903,1,2,-1.2856218665812285,-0.19084003718855352,-0.26543890249784097,0.38813209617761957,-0.3934384000870811,0.8012131458655691,-0.05696317828312628
2904,1,1,-0.4802743724808288,1.0545599007745468,-0.18349867412061377,0.476617291506101,-0.4972187659932277,-0.15762561898914032,0.5011793630155871
2905,3,1,0.9449277883365651,-0.4639650248269761,-0.28697959100076215,-0.2186312777448006,-0.5730179036729959,0.13339309615060155,-0.3758041280730556
2906,2,0,-0.5097436518337678,-0.5948690235284613,-0.1531840390349721,0.31391816230100256,1.0430257516287633,-0.31126389822650435,0.5068566347956401
2907,0,1,0.02497201720558552,-0.004105677576403316,0.27893147017186887,1.2570121852664533,0.8012886696249886,0.7411423135463393,-0.2976115765132503
2908,1,0,-0.33481559013405104,0.6152029721977585,-0.5884213782757619,0.26676289233831246,0.4839578229591518,0.1783525769429374,-0.32524487972697336
2909,0,1,-0.727735071563658,-0.35583219847095504,0.18634035723602452,-0.508821525319371,0.8405190116032897,0.3186412804578099,-0.17534794424273747
2910,2,1,0.04709588791721381,0.2937800567487455,-0.03208628576718963,-0.23960021788793892,-0.3359719618172867,-0.349258389561222,0.2576564115911852
2911,1,0,-0.9194818184947486,-0.1699561877593655,0.050820281508610544,0.0812135173550307,0.5338787127934412,-0.10814198670734596,-0.08924781827740166
2912,1,0,0.42127714077463885,0.08554444014511883,0.4658325930444023,-0.06319906340729677,0.7079742560005112,0.6402350137823113,-0.41624997256743834
2913,3,1,-0.599937699376376,-1.1353181725178805,-0.23558365221630972,-0.02995895312663795,0.5708874820684495,1.3475561004142556,-0.7509000277503445
2914,3,0,0.7367847900941024,0.17828553753380424,-0.3291725686287532,-0.6210065855101389,0.690040899581884,1.128051471918699,0.34122765248985776
2915,2,1,0.33105752459683635,0.771696342828928,0.05822225174782104,-0.4214911018512121,0.19400195513573026,0.03498293039372455,-0.1547573185006888
2916,0,2,0.02044724441876948,0.23334765914198677,-0.32421593194695997,-0.10967446717983988,0.5055447927867657,-1.114939674956263,0.5937123434892332
2917,3,0,-0.1625133384329392,-0.3787995550121571,0.17176663009370485,-0.3542699785016959,-0.08005134638620388,-0.16914119291590293,-0.1504879124233497
2918,0,1,-0.25065386186340366,0.43884913067160036,-0.03468031921236083,0.6267958121053435,0.4421835236818375,0.16731492121604347,0.12428720093070511
2919,0,0,-0.20367858076022693,-0.45510733800383785,-0.34528640177369674,-0.25994600194817596,-0.3511451008109795,1.3337864273134223,-0.1637483497860481
2920,0,2,0.05677925010986956,-0.3538226941132758,0.015538887807608781,0.03162374105672635,-0.03653377549651377,0.783553177645585,0.16239014326270293
2921,1,2,0.1898504340813346,0.0662172760665779,0.17257268906125026,0.15867000645175125,0.5848650321772121,-0.46632331233058943,-0.5067176696839795
2922,2,0,0.00469917692970033,0.12446596695688003,-0.583197538639236,0.06783836665491425,-0.2827260594161726,-0.596588666440804,0.06943856780232058
2923,1,0,-0.2826956513226655,-0.19567517294004366,0.44084981085317143,-0.2576035001235303,0.3051926293491169,1.0158646006108933,0.3329899028772315
2924,2,1,0.04987830795783885,0.6517199484599252,-0.34879003083580334,0.21447613257968232,0.4540881407793064,0.18531230014787525,0.15706393359795467
2925,3,0,-0.42174578088832515,0.04238225999301248,0.3959918677272055,0.05543555112201867,0.5159998960207133,0.2414501768395166,0.08343443888123749
2926,3,1,0.4560738706956151,-0.8920598606827909,-0.32835845326467644,0.20424343273964518,-0.37019621361685584,0.6342007210628476,0.03065157116105735
2927,1,2,-0.4240529383944883,0.7096405250972556,0.04195960650313278,-0.045497576586981274,2.0828590851351265,-0.644957483572077,0.0570134254888683
2928,3,1,0.320773976927063,0.2426452283790834,0.06360772703796444,0.1195552943137292,0.26663935591185606,0.32326105459236104,-0.13077857526853764
2929,2,1,-0.38383024747241834,-0.4440452566813279,0.7078968028620423,0.751821533510668,-0.23728373532669772,0.483325652667835,0.3165642590214397
2930,1,0,0.16750760853117544,-0.8966431767877534,0.37960576787521827,0.6042889746233077,0.042785623285314385,-0.09864937299441473,-0.29194532586830796
2931,0,0,-0.04423295019981386,0.09383613567061733,-0.13671037844189526,0.4596386363545664,-0.5341162366033595,0.3524088210465862,0.0855247387602063
2932,3,0,0.07106683960704882,0.34320878404360555,0.22117002041701259,-0.01074689465341907,0.11721177648665417,0.5690196916582108,-0.42463004120786446
2933,0,1,0.43437718293029826,0.6202708893187615,0.02014433019844855,0.6226662817664086,-0.16744703660542964,-0.042795534005374725,-0.4300665693412423
2934,1,1,-0.23440564041617226,0.30834604182557934,0.021925950140609985,0.5104631335899,-0.30688940562859995,0.4494639071602007,-0.09889416655685447
2935,3,1,-0.46525105633265307,-0.5552273698705826,-0.2504289583730814,-0.17326865034071445,0.5921151304202069,-0.19546358940169148,-0.19510565500690608
2936,1,2,-0.11822664900653335,-0.6406797440059119,0.03622373890387951,0.15735955373848792,0.7746130668324459,0.3276267465260243,-0.21334662794189732
2937,2,0,0.484344961594538,0.09978480995441516,0.028084389514288852,0.8496420449746447,0.5711530902461797,0.017392981411455205,0.15423264393598507
2938,0,0,0.9780304773043277,0.470718404842447,-0.390173914548807,0.5436307315180244,0.09833752010661073,-0.31735906414294535,-0.01850088152685601
2939,2,0,-0.31837227517898925,-0.20938278389992437,0.11516748482094813,0.2952947156554266,-0.028348948162803502,0.6314786102613135,-0.0712406845907179
2940,3,1,-1.0738620306173672,0.12433110928735627,-0.16763861256688287,0.4011755095825981,0.16278104599736495,0.28036261386521333,-0.2541152451193583
2941,0,0,-0.524979795921188,0.8417310822248957,0.5091398641331464,-0.7408670361425311,0.9390070754079967,0.5462862944422016,-0.27960917192126045
2942,1,2,0.4129111901533784,-0.5327345520985913,-0.7150824317426546,0.45817920874437595,0.5544391855923699,0.20611898808479623,-0.31098959279287147
2943,3,0,0.24282545235494338,-0.19775994770530186,0.2732953500339472,0.2125015029779421,-0.15756668934531645,0.19746296620282278,-0.47643809981963453
2944,2,2,0.671418864026467,1.0559321760499831,-0.5033688225467297,-0.10694298314682209,0.08727939856548365,-0.06093852355291318,-0.2834755534572248
2945,2,0,0.36973267381702446,0.07885740898271715,0.12354834183565136,0.7561908445976124,0.19540249769133955,0.1634597789813081,-0.016202636366307015
2946,2,0,0.8635392731527829,0.005446403096483865,0.03358398141509422,0.01652041604825898,-0.5932705779090656,0.4712409112577062,0.2191882839304111
2947,0,1,0.476203966269118,-0.2610997930014649,-0.36018977066309105,-0.3859908053375548,0.5503253205032682,-0.8236638668592375,-0.2846322828647277
2948,3,2,0.24807241638415464,-0.6842051525270473,-0.2641952996573848,-0.2934601876556238,-0.6832935087527813,-0.6031691298804841,-0.28584046131666285
2949,1,2,0.9402932656893,-0.9031021224541215,0.38240466075748014,0.11058633812718481,-0.12645591199304174,0.37230865806901997,-0.5228601267162846
2950,1,1,0.14877135850259246,-0.6656275210441709,0.19721236792566832,-0.0175208573637552,-0.11257237842327524,-0.5609132466762388,0.3681426127850029
2951,2,1,0.05617402736293903,0.03318269066485108,0.0693578588603412,0.437291993658328,0.20942958953848384,-0.3110616016534238,-0.15072459473177346
2952,2,2,0.4982196399021961,0.27534549766479655,0.3591833524954966,0.4410446205734061,-0.25393470028342424,0.12385214472211047,0.15376783454965712
2953,0,1,-0.6994281809670292,-0.508122795264485,0.28866965355703716,0.7127386689929623,-0.05051567691492615,-0.05206135058496125,-0.26942703743554786
2954,3,0,-0.3508820343424963,-0.03624051500473596,0.10224115680883117,0.1701503473147435,-0.887156813474785,-0.19403555506362422,0.05436049581208916
2955,1,1,-0.3504463089381633,-0.08107372664589974,0.19651231416213655,0.37384160728030735,-0.4254192296904479,-0.324853717844775,-0.22293725750298457
2956,0,0,0.10701647776690465,-0.6017354195242218,-0.14187451908579193,0.15079232784864505,0.6640674594110729,0.905438876834298,0.06399313069597004
2957,3,2,0.04706620420768043,-0.34977510812887397,0.18842973221278558,0.2929700536168407,1.05192443734863,-0.7078298128618052,0.012474071897028923
2958,3,0,-0.8423894148035059,0.29581368967288124,-0.26089352792865,0.3636310745840939,-0.15520617016359167,0.5208386429505273,0.4296296789914344
2959,3,1,0.5590202700303328,-0.20830604526808022,0.03558707383520471,0.4641969658131463,-0.040421588547663964,0.5039421096176772,-0.014680771210586073
2960,2,1,0.2283404240590081,-0.5479963420159091,0.011381155251770025,-0.11341481011937232,0.39164269995461815,-0.5392615126979977,-0.45184458041800757
2961,2,1,-1.319341079410533,0.16274586768900148,0.04168869879582382,0.2885186233112955,0.1767577508278095,-0.37000709225696105,0.42257516634687015
2962,0,2,0.18084059415548367,-0.31852994466621765,0.03918101896118702,0.15843772949176796,-0.03411018508049889,0.6837919150985801,0.06794817566380545
2963,2,2,-0.5780227408817353,-0.4087442399307729,0.2784536101874761,0.43647025869356265,-0.31091363528497074,-0.7652881302999054,0.21584777149934256
2964,3,2,-0.7119081847704799,-0.19593771455932985,0.07071693244191533,0.40287069852777774,1.2027111717277172,-0.16716969848091043,-0.19825329915120538
2965,1,1,-0.5907748205640165,-0.0016155816949277313,-0.45957135659500437,0.08379207389240176,0.1200139382558682,-0.11701377415135375,0.39096410891885225
2966,1,1,0.9059101841094092,-0.683627251517269,-0.3736176225531999,0.08988889601715579,0.36553617146429035,-0.18972781006595127,0.9195795519037886
2967,1,0,-0.45166674239010773,0.5461542538769918,0.20992821808071632,-0.16842964917316972,-0.22465223604490264,1.7675907467121075,-0.04648419776057055
2968,1,0,0.28698530330337213,-0.1939437580240751,-0.008258837900037109,0.18950989524604528,-0.15885733421187015,0.7216731893972793,-0.28151380211868976
2969,0,0,0.05239127760683393,-0.5082250262218697,-0.11514295073119481,-0.6229600779028306,-0.17372810006023637,-0.5961617331513517,0.7245052347356513
2970,3,0,1.1358273388686146,-0.004887174651688003,0.3132333773995032,0.8871833204904592,-0.17979882855037935,-0.04934906172654013,-0.1609402590484975
2971,2,0,0.08564798514908492,0.906965047854725,-0.001959191077543798,0.26501462151985583,-0.028247056054397666,-0.3866712825674825,-0.5636065024097494
2972,3,1,-0.37233441058621264,-0.41106606370687226,-0.08952868206811493,-0.2152841176262984,0.37691477902477016,0.6402490752755088,-0.48628550953744804
2973,0,0,0.3989070704284007,0.13507701271702818,0.06419241078179277,0.06258476826346218,0.46987352374094415,-1.0825325951181928,0.044951570800024265
2974,0,1,0.7181791610006802,0.08367367194808728,0.4707997667095046,0.5105807359125162,-0.1636093471744822,-0.45018863140525966,0.3590887424290088
2975,0,1,0.0022392576980976436,-0.5481650428611912,0.36901328526268085,0.356269947678032,0.25957615971796755,-0.0036213503288380078,0.03762218252752444
2976,0,1,0.4279441252683205,-0.3767674033884261,0.49171409767748114,0.4005934258132823,-0.5294075714990173,0.5632770942910819,0.12176356798599813
2977,2,1,-0.5464575807519683,-0.19855956216473125,-0.23459402715137243,-0.255858695092882,-0.5641567767016044,-0.5508516206279366,0.2082096416684657
2978,2,1,-0.7287455045398048,-0.4433572907244403,-0.09615445968017239,0.8144979732883361,-0.2491389856644869,-0.7703806041064959,0.23093579390979851
2979,2,0,0.45134407211696936,-0.44182206326632434,0.34477549283571707,0.2748160960152591,-0.5962486407224843,-0.8602138279708743,0.013917906423577589
2980,2,1,-0.09494764642000669,0.14382214440708072,-0.9182598048290077,-0.40199687778145904,0.7197902097317465,0.8272885148996694,0.28930617688117566
2981,0,0,0.20031941879500811,0.36998961993840596,0.51761927497208,0.06492408038083265,0.5403163736925334,1.0670211590587657,-0.17973600654641497
2982,1,1,-0.3623089913161459,-0.9509276349848383,-0.6237777332005131,-0.01400431061489404,0.2790989369843192,-0.10536055329249075,-0.07954040819937674
2983,0,0,-0.5498501462503474,-0.2969295726088753,-0.5412697943715531,0.2687912354144655,0.6168661992066337,-0.18568663086177653,-0.7866470793869438
2984,2,0,-0.3083378781726852,0.7789996506850474,-0.46397919531823106,0.030337079147944136,0.4474147428499118,0.2506316196815557,0.08195448240560957
2985,1,2,-0.32515775052203916,-0.40433302887319444,-0.3041071942454708,-0.11638301269653516,-0.9747761903187785,0.4322871465075212,0.1259492984072146
2986,3,2,-0.2457746495929934,-0.2033038695631912,-0.0966378838338627,-0.22720142014769662,0.12403729166023489,-0.3473607565515562,-0.18011183830980024
2987,1,2,-0.305587852749231,-0.3542932917839089,0.8139656303300484,-0.04882742707338985,0.36459681214791445,-0.5949868836433309,0.27273101217642465
2988,3,1,-0.4593205892589609,0.3641209633390956,-0.07661762757399769,-0.06548433491090944,-0.37025391438609745,0.6173425727843286,0.043861771673654765
2989,2,2,0.13632626809282467,0.40177360411343155,0.03937327318587816,-0.010161331610113605,0.28925573171652597,-0.042934969846207566,0.07724290188156405
2990,2,1,-0.5589640720915674,0.12461225305965598,-0.11397896578651996,-0.26974484419719186,0.09584978860478943,0.9089482625210147,-0.2067861612524541
2991,1,1,-1.3786736720180734,0.3312965648507852,-0.9006430679485041,1.239200648316455,-0.3329081269225413,0.18333839338077074,0.4033530475295806
2992,3,1,-0.05550450010533721,0.46181928458977584,-0.41049819140335847,0.23488279405780985,1.0664497583084347,-0.22845111560386308,0.4590103476061664
2993,2,0,0.5432807012567185,0.08365397579463474,1.0693638953206563,0.601023410329216,0.18112024787616524,0.3251848586900224,-0.31330498543458657
2994,3,2,0.36889144727573175,-0.18517141621525432,0.18937968391545773,0.6022739014665978,0.23588807913623527,1.2777225538804282,-0.05931852903891762
2995,2,2,0.2775090766161742,-0.6243125686010721,0.4248458556308218,0.5070396500531835,-0.20837585906761558,1.8371889721764596,-0.7138329560514025
2996,3,2,-0.3418492455873088,-0.704796897498717,-0.936534296983157,0.38406734710215207,0.380214392051544,-0.06639036060567136,0.20002620418265457
2997,3,2,-0.6268344792247003,-0.847238145729917,-0.06650903426357767,0.5942590225467007,0.341653854234722,0.3979370864870733,-0.3849482031961308
2998,0,2,-0.8702077378176719,0.04635811541772608,-0.029866055756775523,1.2274604013761758,0.1736986694094501,0.1851823316479984,0.09307829745956799
2999,0,2,-0.12103186658634868,-0.35828634408124493,0.10011420895654088,-0.4266715424345071,-0.04906309739444063,0.12614173755813393,0.06962730534308616
3000,2,1,-0.17639123221086178,0.03321966412115665,0.19054457529288463,-0.5004530912742976,-0.2445406993942869,-0.13478046702938765,0.7201945285120326
3001,2,0,0.3755897323216577,0.025451566539303555,0.08246105934715983,0.35883348340387217,-0.4455186309434982,-0.40312593424717436,-0.14521228793944702
3002,2,1,0.6327039886000059,1.0655405948197214,0.088027546503222,-1.4083196637289677,-0.02076013778744683,0.3196130833149944,0.10388322424767171
3003,2,2,-0.7392971000037064,-0.2484788228749576,-0.0046125949398474145,-0.08477181154925599,-0.5831618628940678,0.6748319744721106,0.01023581644318225
3004,3,2,-0.2759154634891551,-0.5028299845498125,-0.5687022138299443,0.7218251374008319,-0.23805145636500671,1.0696424340806427,0.5606486891001189
3005,1,1,-0.4772860728489814,0.05313470081318028,0.24562912517089475,-0.5317112182406601,-0.23890166351759431,-0.050931570003602517,-0.36600987076184466
3006,2,1,0.0854239582306677,-0.2943227990498658,0.01689324629938883,0.4762184164200314,0.5769693039814967,-0.33310749788360094,0.018241955266816736
3007,3,2,0.1254201163363568,-0.06547188329706415,0.3656326572325759,-0.4953754236717621,-0.012706969549487792,0.9221371756672564,-0.26877826274984423
3008,2,2,-0.1851458497276402,-0.49198338158253985,0.1767181090931113,0.7501021822833142,0.06862439973916312,0.16768048315603373,-0.03204757440926408
3009,2,0,0.2531322327323484,0.5810763998894818,-0.4183059318567981,-0.31975189444455937,0.06252519422938539,0.6409662094877016,0.051375531564469654
3010,2,2,-0.46373000765657657,0.05965177333779478,0.5312466468183301,0.07467005810988848,0.24302612078186206,-0.07743369260362168,-0.20137370132227367
3011,1,0,0.6227794163069449,-0.002667826816572294,-0.7739326158256971,0.07980912874914357,0.0728541427516393,0.4215921697346373,0.005412099589014446
3012,0,0,0.3704815740424192,-0.028816766504052474,-0.3712916750265025,-0.1869113143664901,0.21922157406888473,-0.14267847202558567,0.011170844346841157
3013,2,0,0.5177901698967537,-0.36455513016194196,0.12432464154122955,0.13082939800251037,-0.27757039731370575,-0.333965764121387,0.24234226874893147
3014,0,0,0.4989328609921011,-0.722812132630308,-0.021885266192128352,0.030663501432899788,0.3357722119143028,-0.5084423710315943,-0.3164213043727354
3015,1,1,-0.08697002394839239,-0.6035634097414844,-0.18577152880768835,0.12823932359550094,0.5436619534653083,1.1187300950000336,0.3817481862730279
3016,0,1,-1.2268586919533524,-0.34074310133394603,-0.3521333283845569,0.5781968507728589,-0.4538141114007544,0.6086920714961804,-0.7307206116556121
3017,1,2,1.026590667807931,0.3946887284332822,0.3056917076380223,-0.23578923938223817,-0.6073872686120834,-0.7561441508758401,-0.11090938297051532
3018,0,1,-0.7470312096365286,0.3643158987247527,-0.2492335646116823,0.0007040909558010154,-0.08250563197317243,-0.09612359581641472,0.23493961871929778
3019,3,0,-0.37003139841250854,-0.8672915893278447,0.0695024301914544,0.1565025848832955,0.08309478791653607,-0.06109381827114599,-0.31232957729691657
3020,1,1,0.6785265087631713,0.4547210167017426,0.4371172118426939,-0.07128750300195832,-0.06158596499069525,-0.21467571824613105,-0.16204191212020738
3021,3,0,-0.014551388754243014,0.8974966730003299,0.44263975176578363,1.0387105996870556,0.11242542921109065,-0.7084855090472945,0.06972088877758381
3022,0,2,-0.017617330337553527,-0.3368106824629542,0.623303093404735,-0.2303939787059346,0.918965405570669,0.15639604205907845,0.21809877869668098
3023,1,1,0.5070675355421538,0.0501651454179132,-0.2179959193536225,0.5260169608327199,-0.13567474573250948,-0.004689935916107724,-0.64063548006412
3024,2,1,-1.0530518171850547,0.15477901927962381,0.0008708887776420649,0.11260744628630527,-0.9316059912585605,0.03588967106568251,-0.09766106401274471
3025,1,2,0.3003519890912004,0.17684455094929277,0.7503769632270303,0.30912162306650326,0.23178452921921225,-0.19165456484246765,0.3250614545924904
3026,2,1,-0.9489857772323622,-0.54622471981737,0.3190188560474436,-0.10960068452304043,0.206485499749611,0.221025901276736,0.6841428045512188
3027,1,1,-0.28464897957132007,-0.26550744201189513,0.06608211165242724,0.03684379408442905,0.14285042934094733,0.2097828578996288,-0.10317175030882131
3028,1,1,0.622873813334072,-0.027547934438469215,-0.5092480391463042,0.9813532948512187,0.8191779980988234,0.5825873234824965,0.550008413401817
3029,0,2,0.1055720581476117,-0.37633825038988533,-0.03931472286388837,0.4335344540193418,0.4999067666048032,-0.0578905825446277,0.11828446474987041
3030,0,0,0.07540833082905268,-0.48159190883014946,-0.3197682463884679,-0.24505172552333793,-0.07857585899393495,-0.012544417890356901,-0.16791949563748626
3031,3,1,-0.7048433471518021,-0.0009243219276113268,0.4226761864703094,-0.48676327949800685,-0.05383522990835386,0.17021690231155864,-0.2677498209983614
3032,2,1,0.012258956894842632,0.38900191220361047,0.14825468143968767,0.10587370707501914,-0.0786141310803839,0.6785301816148054,0.18565370234669812
3033,3,0,-0.4523808754661446,-1.4376572561338605,-0.813173164791502,-0.15795882568065003,0.3287472761005846,-0.025695689522409387,0.40757840263347367
3034,0,2,-0.43034414114488073,-0.4618620087665599,-0.4326080860816826,0.3504113784324726,0.5890974688670274,-0.33473134008907135,-0.14136677422267868
3035,2,2,0.4806960780695504,-0.22525566953526158,-0.17725142530180454,-0.6387062189506383,-0.9057238749684471,-1.0391331217152002,-0.07625800215282426
3036,0,0,-0.148169656669576,0.05527151062096422,0.3012611618671924,0.25733013431058427,0.7480477796635896,-0.6363493409480049,0.22458522025376504
3037,3,1,0.11329787659198806,-0.43027892911747434,0.15646341551557835,-0.24170449473526356,-0.3808313705086319,-0.12801069453085004,0.593999337024139
3038,3,2,-0.31237959952491234,-0.8152730323767895,0.008445701018256563,0.7442272807954192,-0.140678831198282,0.22913729988050158,0.1463590694018138
3039,0,1,0.38305719898122237,0.19084592530151764,-0.5211870998082732,0.17392401704466845,0.17982206108991886,-0.1588631572666808,-0.06032931716037486
3040,3,1,-0.9160321903897499,-0.05983652654355019,0.09936715057828378,0.6087848119911087,-0.3235396836656992,0.42538360146812626,-0.003828362492470677
3041,0,0,-0.7237539921935887,-0.1364564400897785,0.5742199252595002,0.701843406557916,-0.018952010797103336,0.7973838135670572,-0.031163247912953912
3042,0,2,-0.2221463549746504,-0.03429344511367276,0.21804936222165222,-0.23421006050955415,0.33292318265082727,-0.8101273404596324,-0.3748345203050408
3043,2,1,-0.910616852262233,-0.2825295917255202,0.25329628317541303,-0.7209942582422091,0.5034689170199371,-0.21107316717926985,0.09050682531203802
3044,2,1,0.0004827245914592465,0.6359693478419886,-0.08502637521483172,0.0494890379693221,0.34288971674699564,0.6370196421331396,0.1887560826064697
3045,0,1,0.12009711756509875,0.009491391712911273,-0.07692892801197569,-0.6189744596728475,-0.013945005324261604,-0.12833181025568122,-0.12354474831163914
3046,0,2,-0.20454697200438987,-0.8177704253993258,0.15667186352696832,0.07105543920934583,0.030107432623728822,0.9107291948204493,0.5998008705619234
3047,3,1,0.053525041882575286,0.2379946977751539,0.9442242054912958,0.4537182342852355,0.20410939367752035,-1.4815603184579365,-0.14579977955207535
3048,2,0,-0.07118245706210191,-0.7169405172781611,0.07830587070644272,0.7154621191992682,0.4251613492149616,0.03654618638862912,0.1852861674305676
3049,2,1,1.089365175487827,-0.1834372118560076,0.1669967557740406,0.2676167267210614,0.11372870961125282,0.32850290960911116,0.23445612606205238
3050,2,2,0.19627789037506557,-0.15398472639017757,-0.3137641773385746,-0.16849900582955124,0.14241789264235963,0.35167779695117807,0.009609829134183574
3051,1,1,-0.896139321534201,-0.9129569774400036,-0.1837462017510518,0.0672343177709671,-0.8102138838000018,-0.5983057325640646,-0.09177891992909357
3052,2,0,0.2679409157008168,-0.6978636264392033,-0.7823112187619099,-0.1795927829078842,0.5808120683484814,-0.9347421210294206,-0.7256880515968526
3053,2,1,-0.8602794163652995,0.31258510047631394,0.33768383027733284,0.5552717216972891,-0.18830192019606748,0.5913116808266736,-0.06889107784684148
3054,3,1,0.5612080800107334,-0.22375577720387307,1.1990755271625275,0.10503206892361752,0.2735548622308133,0.3976153546116069,0.21034251424899333
3055,0,1,0.702352665229281,0.5996142702426818,-0.16386778315237352,0.7775290460542018,0.03391178617211995,0.38495917962830706,0.22598048025811124
3056,2,0,-0.8821141666627139,-1.0649947052969988,-0.1265444024811757,0.5998651441204594,-0.6625074349242372,0.0030932156968428437,0.13176856139755708
3057,3,1,-0.15287318847083203,0.25550084058630584,-0.6549517356029851,0.47898101647839186,-0.38925800197565225,-0.9157265111546847,-0.3175421326865145
3058,0,1,-0.4180432796627621,-0.2870996601336363,0.09882493733148694,-0.11168018378396806,0.39622510533183886,-0.3634252318773008,-0.1695322833784896
3059,0,0,-0.34533766426770685,0.20491367405060498,0.5564092823659643,0.7598132788204913,-0.40231126152586166,0.02656724131052758,-0.21792856879512762
3060,3,0,-0.49583382755505634,-0.14945894452257374,-0.11112582050768477,0.05903351602719949,-0.06837709132045808,0.6714500925627959,0.16345675700768741
3061,3,0,0.1875763348654809,-0.6619149231857289,-0.017472550783977015,0.2538923216698116,0.0877504902132589,-0.37817355585746515,0.7642008502216397
3062,1,1,0.02878280529908217,-0.7163614457850311,0.7444288818879544,0.5566427806637991,0.09532529693466153,1.03652111570271,-0.20434619864811218
3063,3,0,-0.4811540795438708,0.39231332474242353,-0.2791848390184983,0.5437489200189152,0.3750824441849928,0.8199822710713648,0.12986879643990076
3064,2,0,-1.3225306380169919,-0.9940029639470328,0.5133053006962702,-0.08006182256367964,-0.15413184165192495,0.29116617848426346,0.25678248576138457
3065,0,1,-0.17668796014671156,-0.8993650398878419,-0.07941383697015983,0.9000345876479349,-0.46414958252383337,-0.17349625461188442,-0.36120333275312966
3066,1,1,-0.4816437116236072,0.3915712936132034,-0.5652209188416696,-0.3933087843667763,0.045956171416601826,0.0812145385079938,-0.11768589811304317
3067,1,1,0.9155032243372224,0.5038566409099288,-0.2866936064067806,0.8322914283625608,-0.19015537164673418,0.7188293770878708,0.32933392386568094
3068,3,1,-0.167203567065527,-0.2485884887436818,0.23001436868543354,0.3982848935255985,-0.33041114167840935,-0.26972553401765154,-0.1586402387770505
3069,2,0,0.1331715565377204,-0.9074689843197533,0.21595186039378161,-0.024982166412806244,-0.20094773372105101,0.1557378615454857,0.10629973729549506
3070,0,2,-0.48998545736558985,0.6050920220552733,0.2935181899216442,-0.14412384623896743,0.06903337891159461,-0.22825121307189825,-0.04768393016715079
3071,1,2,-1.2939581780159535,-0.8492134538335394,0.3767696467886822,0.8259924220665165,-0.5846588069207798,0.39640169127180713,0.003531547708433835
3072,1,1,-0.21150096356580397,0.19328482801579136,0.16000849647931614,0.7780293454258925,0.6079112244850283,-0.3659979274451153,-0.12322580340248884
3073,3,2,-1.0044994985054547,0.5225541740805698,0.2400545021632876,0.5023130065808473,0.24992751197935464,0.5705614580544838,-0.21912491281018584
3074,1,2,0.48109461253777697,-0.8921088885502817,-0.0008298345358690785,-0.6425421163658478,0.48019135097753696,0.06904199162988714,0.20328604083884663
3075,3,2,0.10825572985746526,-0.7802143170823097,0.7823115917614474,0.39523926384455343,0.9520891343720785,0.27221947099435795,0.18984295573753554
3076,2,1,0.7808910057246028,-0.5552928710163255,-0.4655026892874533,-0.7722273244151028,0.5425928264066754,0.5369281595483023,-0.0536460347465935
3077,1,1,-0.333749088744049,-0.44488036666418707,-0.3009707652310364,0.3835250726419549,0.10148413307770256,0.346672722103195,-0.23911225619629534
3078,3,2,-0.20224226881515928,0.615039093968329,0.8550490599042567,-0.42564867161786424,-0.2591314167616849,-0.2384548780176247,-0.46380179539309263
3079,2,1,0.7814676730776063,-0.37909472185443854,0.37193133204039663,0.24221654891721853,0.1767702855537058,0.5413460456732128,-0.08827154192539967
3080,1,2,0.14452227232728193,0.12542353176361862,0.6349322414197515,0.8747748796826427,0.41415241610920234,0.03572859299048964,0.006644144557177444
3081,0,1,-0.027646967252633867,0.8178065245427374,0.2894689781985233,-0.3714310389021289,-0.01790266742170944,-0.30530087890897484,-0.4995866784252989
3082,1,2,-0.0018665017214099106,-0.9601152566755031,1.211630048922943,0.026287554062608725,-0.23523494483713922,-0.16518353218068846,0.15218640962369137
3083,0,1,-0.3541586746710552,-0.8644814944977023,-0.237999161642705,-0.17802857624552118,0.8135282853818147,0.013928663147026843,0.28593059647584607
3084,2,2,-0.5824895096545243,-0.5476952725641804,-0.4520648244974197,-0.16384781110054616,0.5543098524114339,-0.06279823435398324,0.0754660951134225
3085,0,0,-0.1398689191245864,-0.47136646365652257,-0.21117124321061786,-0.4949149287514446,-0.27020792262190513,-0.31741371672577645,0.5466782996437984
3086,0,1,-0.3936093559725985,0.041434266415705245,-0.36690000922141375,0.8705672512307716,0.3124891092190051,0.23369922213975042,0.2611409100465302
3087,2,0,-0.6954176728052042,-0.649888959840298,0.4559162119460294,0.5459144499957242,0.3156602845736331,0.4225510372599224,-0.03172534664644988
3088,2,1,-0.4386311204830533,0.019807087407528234,-0.3715383164932023,0.5729992149840016,0.42765836595106194,0.22257100322652584,-0.31464519445297834
3089,3,1,-0.40417155522777903,0.12084959994487879,-0.2826825374099439,-0.18160433829105924,1.137156698246759,0.16823812218237927,-0.31569824924255846
3090,1,2,-0.8299752970438062,-0.42101396578267813,-0.33745721346538515,-0.001408099717570761,-0.2888814607592835,0.4080554691908621,-0.0419940734022906
3091,1,0,-0.16182197519358746,-0.1959986060106934,0.8004843123982948,0.868510016025384,-0.51722943950099,0.2935948227067855,-0.28665691436901664
3092,2,2,0.280216705264017,-0.27478562539847845,0.20180074252388047,0.49171706190110415,-0.3927823076600491,0.16737354215531974,0.1825269867966936
3093,3,2,-0.5878030036673603,-0.8421377821053655,1.173292958358284,-0.09476294997076352,-0.08892444563493677,-0.29284148548797195,0.1117815414480783
3094,2,1,0.021514627193590097,0.3214057906032062,0.14960046944106623,0.9086762926319203,0.27349329410474477,-0.1289533945478056,0.2619901606416364
3095,3,0,-0.36110295724174635,0.5653544555559847,-0.2560953317512375,0.46191754632049914,-0.1432946096636693,0.7472695216082411,-0.12434606503357618
3096,2,2,-0.5133777859719116,0.3540586102214647,-0.28763486349881295,0.4963631616399721,0.44901164636031343,-0.46496966993730127,0.4045357826973274
3097,0,1,-0.0712241148392603,-0.4216545237303493,-0.9804357254555932,0.6701672745184635,-0.6805039628123768,-0.1211169621656584,0.5407762787418952
3098,1,1,-0.9168904423561712,-0.4851567037415091,0.9089832776819029,0.2369159127960029,1.6492876541274093,-0.13393910447458154,0.0893260914030472
3099,0,1,0.06510744759331924,-0.1256722144461661,0.004081971762573383,0.029724513587852004,0.2602789614654002,0.56368611454786,-0.4463863255620243
3100,0,1,-0.37501038681836374,-0.6476999745704265,0.3131985104925903,0.27443799980427913,0.08799701417616215,0.7000428597937484,0.2713581979685452
3101,1,0,-0.3673044739566683,-0.2758444234658727,-0.155562037497859,-0.4275486911020033,0.5719899325506138,0.617180839522466,0.24168093928646006
3102,0,1,-0.09606130811212721,-0.5005159668593635,0.3562526153648649,-0.3567797864330444,-0.179024346815241,0.8292316428574549,0.3789356769615849
3103,3,0,0.7165686417966637,-0.14862540833107968,0.5996225348194616,-0.3991387877868959,-0.29247155329896185,0.8572181403980558,-0.4076666215525629
3104,2,0,-0.21861821723024605,-0.7441033647727058,-0.20925074153329556,0.13320975852968106,0.4540072091929748,0.6343176844390934,0.3362406509377774
3105,1,2,0.15921885863009524,0.21620773274887525,-0.6506913912702426,-0.223425327093864,0.2223285973354801,0.5101349821998264,-0.641379071118649
3106,0,1,-0.4076372865728295,-0.2915100312710487,0.2692440275018712,-0.12958902765925562,0.5536247168359876,-0.4170478588585894,0.3433056422011282
3107,0,2,-0.6593874197700504,-0.6468770873563215,-0.1074864585335334,0.11126133421703302,0.4593755465265296,0.3058682383148229,0.39142257093277943
3108,0,2,-0.24088842825747206,0.3665549526674571,0.7570559201378723,0.22904879528472952,-0.9796237744566387,-0.2277741718461904,0.5130921913256272
3109,3,0,0.2564674814719743,-0.2689699442876172,0.4812550675835075,0.1679875755763839,-0.19444499849880634,0.5624722780098861,0.1305962314004484
3110,1,1,0.07808933609763816,-0.4022040664041814,0.0437236977284802,0.37707543555954515,0.7766158814467403,0.5584441601966147,0.15560339903200707
3111,2,2,-0.2267349928868529,-0.5048007694303304,-0.05527241075246219,0.1499237950791906,0.4829719584723644,-0.24387755556282,-0.17292932403526395
3112,1,0,0.5870181190219829,0.10646819929145937,0.7600754929457849,0.46825356425141346,-0.511015909998283,0.2767988968044782,-0.5281885750715767
3113,3,1,-0.10142083142998819,-0.7386604572556548,0.08560859386321436,0.022451778556525605,0.10532052691455739,-0.5560822163164832,-0.4723270829125804
3114,2,2,0.6803434754415519,0.26117691238109875,-0.09519919560410595,0.605849221045738,-0.07274130136064093,-0.13240622731605703,-0.5849880637759034
3115,2,1,-0.48771883702464847,0.44209640362965186,0.5632206416594251,0.5283175418956855,0.27170160734569754,0.43507414583041304,-0.11878787479509782
3116,1,1,-0.12849295691958545,0.25654634463442616,0.38971809845992395,0.13365118193970216,0.7316147944560727,-0.29532310811814966,0.3047064394248114
3117,2,1,-0.2680798053231336,-0.1993517633999904,-0.010211433021937767,0.1925842720528158,-0.22749488233718226,0.09533850100780202,-0.046707807955693764
3118,1,2,-0.11536508054834342,-0.6692160946906006,1.0205880539484269,0.029948729292610464,0.36713878227095115,-0.4674535088260482,0.37318005378410524
3119,3,1,0.08362524681764624,0.1291339229655136,0.8448968029284124,-0.12511142068569092,0.5977625397312517,0.1449002529276905,-0.2708526026292824
3120,2,1,0.06829966864086295,-0.2813566692676611,0.14150682131825595,-0.06777088030708985,-0.5248842492843233,0.5078299635461052,-0.028577227159255224
3121,2,2,-0.49948335542115774,-0.7151779503664835,0.5746893139616309,-0.2611772083736697,0.009175249452294823,-0.33716796394447546,0.1311898336949122
3122,2,2,-0.8054439425310119,0.48690849744453946,-0.30418656551102335,-0.45824753486484227,0.0652281960044869,0.07209974234118813,0.24490962992357534
3123,2,1,-0.44404703070926477,-0.44108558776193163,-0.1228760796534258,-0.05905851009963966,0.47069273900962805,0.8884250119394115,-0.5643815217415724
3124,0,0,-0.39048516462437965,-0.1542106968872199,-0.04253659465280535,0.42614146708257283,0.10946014151804116,0.029695438498011817,0.09857425172405987
3125,3,1,-0.18088947045376844,-0.09754327521505982,0.07978124939336322,-0.12911908628782878,0.22964689565851876,-0.1934663217184381,0.07783203916744909
3126,2,1,-0.007220072695238444,0.8033496769674582,-0.19135300759768065,-0.5967954829619802,0.2695837585017207,0.2885074369106523,-0.15930335554389183
3127,0,1,-0.2776137693954186,-0.22436517526332184,-0.6981722206888294,-0.595560273762749,0.786647037090147,0.26609543736939073,0.4024189171075158
3128,3,1,0.3232887229089989,-0.9096558895814562,0.6989013653483368,-0.11828596269692797,0.4258410333194102,0.19312783114371979,-0.15273485994734465
3129,1,2,-0.3261230853353204,-0.4621569939989163,-0.3544171249810017,0.02656825454502863,0.40643053363178,0.03980935463230573,0.5339752697326967
3130,3,1,-0.900421700109218,-0.47803305828952536,-0.0855151322896169,0.4405492649631306,0.15294601273798686,0.920589491380391,0.35279304985001886
3131,1,1,0.5412391404044687,-1.124646390678768,0.29137532114048414,0.4404314408247209,0.02785452725204002,0.10962492497315536,0.25192338891423943
3132,3,2,0.34975553851118435,0.3507398506020655,-0.24012123771010974,0.23860769873539103,-0.34027169595745543,0.185605257942487,0.18741930575059507
3133,2,1,-0.27520494245419214,1.0741475911945666,0.36864399978855555,0.015884948162709724,-0.539267376154441,1.100061473432723,-0.7597605755300412
3134,1,2,0.34954679015882684,0.3039519514609409,0.0563509762435311,-0.6689855743315322,-0.5199298778194437,0.2763514925124154,0.2522693249804684
3135,1,1,-1.5108792980013945,-0.5294577845560394,0.041924047818524685,0.2861212685887024,0.561776660745803,0.03459394896070064,0.46217443123024604
3136,3,0,-0.33595021509587003,0.20639347710288844,-0.14713418276465332,-0.372319020908079,-0.1658562085771756,0.7952760174517856,0.5080507027063761
3137,2,2,-1.016564411550139,-0.7697964207005554,0.4146175218869883,0.3703594571019317,-0.18626447702718923,0.6234668002427164,-0.027376198374274657
3138,0,1,-0.08973133756421121,0.4732991743783932,0.3194828549234432,0.0866928848915171,-0.21496789218993115,0.6544132212994742,-0.058393120856780445
3139,2,0,-0.2367077132461265,-0.5385901299173089,-0.008735893040536836,0.442796710749917,-0.43211981883619804,0.11846487012140072,-0.08449978381733293
3140,1,2,-0.16959356802117337,-0.5267229947495508,0.11070747134189597,0.8574342089421596,0.38829800833136846,0.5283211871009814,-0.3437081227439859
3141,2,1,-0.15983151227995512,0.15783349234837055,0.21276118753661252,0.1212183178389635,0.504711884529728,0.6351794907153224,0.0680765882271919
3142,0,0,-0.38440315564380156,0.03982694245519655,-0.08437441279627261,0.39372038170178353,0.05841799974187515,0.5036159852763509,-0.5204303414856405
3143,3,1,-0.23791292465054656,0.1716188573174949,-0.03969311761660454,0.6182438276220094,0.2721837688620064,0.45592871440573557,-0.02776915977292181
3144,2,2,-0.6027543372259305,0.2276571202477687,-0.5904027785040084,0.1710823791839357,0.6546765033737836,0.4249864913215614,-0.31559846645325146
3145,3,1,-0.07473481140639873,0.4609791111466005,-0.018235347421678184,1.0945662266345433,0.17322444031321443,0.1250144013037924,0.18524827783660794
3146,2,2,-0.1101810993746711,-0.17019390767253095,-0.036803906909510666,-0.4380987412565356,0.4238890546558373,-0.11090047539095457,-0.4237410991788793
3147,1,1,-0.7117378969244057,-0.6914888625302473,0.01711019386844507,0.11462767081786913,-0.09407255753615944,0.6341081712676133,0.5103534588828361
3148,2,2,0.7646546927141877,-0.914703904179192,0.5695953555392685,-0.5821788919624025,0.21505102074362956,0.5784200622320487,0.6784939817345692
3149,1,2,-0.7669628823144592,-0.011012418747641056,0.18056226006835066,1.126573216721964,0.405458286521998,0.14500899831557718,0.08794780284253226
3150,0,1,-0.4017157926686914,0.8935799382139805,-0.0013952383503595955,0.6758401002692056,0.2984212158097313,-0.5270240024721171,0.2231165006707275
3151,3,1,-0.7809358294576716,0.3544628273553072,0.4059662765879368,0.7766653272121896,-0.3784299029185843,0.522406266252387,0.180102302058451
3152,3,2,-1.26016702348693,-0.06246499893648694,0.2854723674803511,0.3530795772731944,-0.40987468823898676,-0.7939580635834494,0.11477259074018405
3153,3,1,-0.2623626065135362,0.28695800700381535,0.41042729188992655,0.19879523807685545,0.279076862484358,0.12039526853276374,-0.17978931789597388
3154,1,1,0.46442338196283417,0.445505049156673,0.6789524074789917,-0.008243294018818228,0.19258633691348465,-1.1245606017844645,0.13626375024500392
3155,0,1,0.4550889823159351,-0.5686420844009682,-0.5833186378936456,-0.6956475476063763,0.30590454685577745,0.40398484361163256,0.28010789788571666
3156,2,2,-0.30595106998034394,0.408520699061078,-0.48016377917369185,0.3943715486256243,-0.36461106426220674,-0.03914699814857686,-0.01270434805102692
3157,0,2,0.5014730339930318,0.14891388808916697,0.30389369187725473,0.575432858929021,-0.4304971831466753,0.008330745892882796,-0.03692566254915746
3158,3,0,0.05209869280298082,-0.4428987782221828,-0.3181660762182004,-0.12140441016537204,-0.5239216965860527,0.4058797987154551,-0.07417825808653097
3159,2,2,-0.26703563694102384,-0.43266086861179676,-0.09056227539668105,-0.23831998856276343,0.19420528288061686,-0.06899202361828113,-0.648209229006152
3160,3,1,-0.8515673281523246,-0.46442632700006703,-0.8138727015575233,1.0310317149679642,0.5659238397603646,0.14118833560668106,-0.22766919828398208
3161,3,1,0.5174530105529592,0.1323962291748749,0.2401957903369556,-0.18933478975766782,1.010118206235291,-0.23427863932209594,0.4678960163643171
3162,2,0,0.6919477069915874,1.1541293809794102,0.46822732450464355,0.7090495983261804,0.8264106454461171,0.8338461292035375,0.21885250170559972
3163,1,1,0.1962314226344157,-0.7931355446128326,0.3344162697475152,-0.15320575688673035,0.6734822983541672,-0.08278215608820208,-0.6166497627576121
3164,2,1,-0.3626348157383704,-0.36667727932880656,0.18375012737226293,0.32077907863126165,0.5278563853474479,0.7209200456004901,-0.264943152275168
3165,3,1,0.17249030156836306,-0.9004779266526287,0.08566481315842846,-0.5165768908215934,0.42807396706777995,0.43411807357695953,0.02070418952901235
3166,0,1,0.03113624709725543,-0.37470619175917597,-0.19116753912851203,1.1166900272553093,-0.058898518925395486,-0.22401873459819197,0.1466373091452996
3167,1,2,-0.2722239902199686,-0.9086849092013926,0.2872558234787463,0.32127220828481634,0.39119479959543235,0.6212900463953996,0.23839495456142132
3168,1,0,-0.18542005371224352,0.24057004530423262,0.05529560294749072,0.10581425002385648,0.07380439853733514,-0.2940241445901627,-0.5833081382577266
3169,2,1,-0.3734103920471179,-0.14882112376441523,-0.05800180154000827,0.5510824159490392,-0.22406684240132377,0.2986966516554461,0.3127102293340099
3170,3,1,0.314047274483671,-0.4531488669551885,-0.10033723122337493,-0.2625501431731505,-0.20148036686333776,0.39229973208726465,0.19518072879369758
3171,1,2,-0.5474811764413955,-0.25209845158175875,0.8468128361714629,0.42540142256332375,-0.2753576338480846,0.5655980244285569,-0.17861378242874273
3172,2,2,-1.1142434762114801,0.3655711890837956,-0.32036403500573124,0.28691297481276806,0.3458277573949922,0.8644179156080048,-0.05225187040081151
3173,1,1,0.13843719365446383,0.08161767364915476,0.4878762343800549,-0.6064987439161831,0.10709290953973451,0.22531382423609025,0.15015273105984955
3174,2,0,-0.04857508623065532,-0.6330527657802814,0.08157730751031252,0.5391379470399501,0.06281690054243841,-0.2743529020945845,0.36501264655186116
3175,3,0,0.32971554441045625,-0.25422018401172086,0.2644610546138217,0.30078266887814603,1.1657310696259409,-0.46945005655018024,0.15796504353620358
3176,2,0,-0.3425903151059644,-1.1768470513859464,0.019655930110270826,0.17075390852263708,0.6611533089844475,0.047249320290762856,-0.6323912449928902
3177,1,1,0.019166126571414338,-0.36577017768399245,0.028081869442088608,-0.18122454248434572,-0.46359781059371746,-0.9973821334709428,0.056650772624122006
3178,1,0,0.47360825521408234,-0.9868690986544323,0.4755534353298765,0.4279850896451351,0.03199190485436598,0.4347729909121375,0.093799574607772
3179,3,0,-0.3522873054278608,-0.5602162276460779,0.3225938185441512,0.25032423269221754,-0.42212154425911036,0.45853785340324504,-0.06766947964312865
3180,3,2,-0.6414198297732931,0.15947633612051135,-0.7284715854363366,-0.4952613251905034,0.6680846986630561,-0.603472012839378,-0.5636910929934342
3181,3,2,-0.44052766474134775,-0.43836433311164513,0.23257677175729355,-0.5296454071593113,-0.09359943345728591,-1.0392912516888355,0.2690666859838288
3182,1,0,0.47327630402873033,-0.5839072168498215,0.02232149419196158,0.08455491561225671,-0.2602322635467821,-0.5241755218468583,-0.1674088374100219
3183,1,1,-0.5221655408735114,-0.20533676006109938,1.0278174934166695,0.0184114294453644,0.821662507340879,0.6309296273542486,-0.34584430667191673
3184,0,2,-0.10816427719832149,-0.27221581735433803,-0.4786734478902524,-0.3372621599501818,-0.33948553675806425,0.26736452153229695,0.020620813798801495
3185,1,2,-0.14463511710525623,-0.26753811674922046,-0.2613973876393873,0.09885138255138533,0.1933000122897353,0.3817499992988189,-0.4504940775199484
3186,2,1,0.1910735176731926,-0.8760112320543658,-0.16868386632480792,-0.7949599323533127,0.8925766278525128,-0.525489083512893,0.04946471535928208
3187,0,1,-0.07058115800878534,0.42798006074593364,-0.1020808867058644,0.3141440511252453,-0.3481139585313175,0.030145977184812822,0.17090418503962856
3188,0,1,0.22946295450980617,0.133359187235476,0.07387480090020923,-0.4705551893328824,-0.47002549551703154,0.7609043706206196,-0.5650528171970856
3189,3,2,-0.5569122933764784,-0.0590220398712733,-0.17000124478279088,-0.5420808049924828,1.222177333178241,-0.04025265230695682,0.28439005342455265
3190,3,0,0.754026082787462,-0.3590521979544908,0.8257384785663925,0.22757984012433047,0.09690129375386534,0.1693246660212365,0.11567031417633701
3191,3,0,1.8667774387652356,-0.8711710046185587,0.4117031105546122,1.0255352145597998,0.6653739641601206,-0.3015689031762522,0.19851429010425978
3192,2,0,0.017995224744604105,0.6812814137951024,0.22164561347611988,0.8313225552718869,0.5067205049615454,-0.3065686831116008,-0.4760681979039514
3193,0,1,-0.19592113625527974,-0.010206250992510435,0.38569464037537904,0.18228698107010247,0.21380412124308446,0.07482739900463768,0.254286136322069
3194,0,2,-0.833877903236381,-1.236990737265717,0.13520993993249564,-0.048443530040365904,-0.18035286137356274,-0.3143890419415406,-0.46591922683797093
3195,2,0,0.44671833505667613,0.014186770611436195,0.013548227586040813,-0.24324811533319934,0.8499647721766319,0.1339204582042301,-0.04293051990640849
3196,0,1,-0.5841217143754991,-0.7857396703469771,0.18315976512324197,0.6483964368457421,-0.2090536425603353,-0.12056475307940753,0.02434541030382323
3197,0,2,0.3844747783377943,-0.03179017335852015,-0.44562732835333696,0.3184868733948233,0.5991127337396809,0.1341766804549899,-0.4803317382370543
3198,2,1,0.7075137980284313,-1.419584842930143,0.08732448002444763,0.30920649688829244,-0.2890072819423459,0.5352537628317497,-1.1845127524606545
3199,1,2,0.4618144660233481,-0.43528202956634965,-0.3351221175186638,0.4561813894252533,0.6607983969727067,-0.49559950616808546,0.11086206807169603
3200,0,1,0.7260431981032883,-0.7302504378483996,-0.18265759804130424,0.7284257908408094,0.27130800321323195,0.38044511713987006,0.19403611379832272
3201,3,2,-0.7228806901379311,0.1254801801176996,0.9766962070334317,0.1032730103273804,0.2830053337533821,0.7200686586081354,0.15775989187653958
3202,0,0,-0.9393107441162085,0.21250363630923527,-0.6231663886016876,0.03770097640201214,0.09056095023406237,0.9056399932549781,0.49556075057390686
3203,0,1,0.6183056092775825,-0.4067969215473586,-0.04231743773539637,0.014797912722677012,-0.41480039733276924,-0.06684845740406004,0.32852638368420223
3204,1,0,-0.021786476004332977,0.4545907346669491,0.4907806877087677,0.5226759644070159,0.5861788324021541,0.03853305420318416,0.1922988628788627
3205,2,1,0.08137211126840802,0.1150720778234606,0.10788992089518556,0.135362929991219,0.32239449488110944,0.17737602218524234,-0.31906387091614347
3206,1,1,-0.5121518607488842,0.4892739819757267,0.271026994382572,1.1028053897286487,0.061741567450318065,-0.42205569742272997,0.05791902543206762
3207,0,1,-0.5371695682723459,-0.8019726240495897,0.8198489716087054,-0.16736794541753558,-0.1399200925049107,0.15387317820059854,-0.3759663641872025
3208,3,2,-0.6108231989560207,-0.4239227811700029,0.056325074397225165,-0.639351518878694,0.7216340390381805,0.6223880356850356,-0.35930802087138297
3209,3,2,-0.965197132194379,-1.056032040005023,0.08941801942184431,-0.23787006255845955,-0.21140300636499623,-0.08194770161202153,0.13777569414647042
3210,0,0,0.28154600802057617,-0.3976402030898387,0.10434033143450355,0.9428352381221483,-0.22917496173051533,0.3150827616461951,-0.18650964157970906
3211,3,1,0.3950266591222562,0.08376870069149958,0.7015310397002289,0.5608267386162898,-0.11617172277537409,0.7354658635320738,-0.2400094226733808
3212,3,0,0.13866431575473942,0.03577543718457035,0.11703884868161181,0.15302301047090192,0.28005367776905116,-0.3022956111547239,0.17815209012321562
3213,0,1,0.32831411611704475,0.3480334401980353,0.5144120060874112,-0.6779751738373747,0.659976992950469,0.6305594734845319,-0.07902132997353842
3214,1,0,-0.30234426980274326,0.3496231078600426,0.38604499025559746,-0.19939334130820696,0.42967537137802253,-0.16065814284597787,-0.42268484612696317
3215,2,0,-1.0771984867599993,-0.4632382842149966,-0.3817095895058099,-0.1780303325263333,0.699570293242117,0.8868956931332104,-0.2003227209664627
3216,3,1,-0.5330186173660519,0.03404433173007429,-0.08273352710344428,0.4668036129408297,-0.6582063795842946,0.8009778034465762,-0.06311176354960597
3217,1,1,0.4869415021869491,0.036120407022232126,-0.49273031848497306,-0.3166555757169005,0.024435950050228392,-0.40844257110568627,-0.4397850332254343
3218,0,2,0.38898709826480327,0.602872618681384,0.48864659557415097,-0.3808645259190062,-0.5892670368147847,0.5223734534621002,0.06007120672132285
3219,2,1,-0.3602098687965263,-0.3269673543316926,0.5698948840200273,-0.5064616822461857,0.6815984158885668,0.3093095975163509,0.8929519082682507
3220,0,2,-0.09561187919595787,-0.6616454857630213,0.5135436636321733,-0.3568810284107347,-0.03577247633764888,0.27488030339929287,-0.2475894745440349
3221,0,2,0.3895002408860112,-0.3278899893100806,-0.5188733022683915,0.42311793643792733,0.3717052402428214,-0.05598795423341832,-0.5538793093508119
3222,1,2,-0.07698964869490636,-0.578333291172147,-0.17662932094677278,0.3406689962913733,0.3080726810931822,-0.4349232401390971,-0.09488561524036634
3223,3,1,-0.5360550166471976,-0.1347360492273793,0.4488145983569134,0.34411355024623996,0.11508739913926423,0.8965510501995069,-0.2590399440145571
3224,0,1,-0.44013929605056545,-0.02199458704697782,-0.4018739936101131,0.17311591722548247,0.23241358599541148,-0.6717478301244012,0.04154843699246514
3225,2,0,0.0508382239900661,1.091095426963409,0.71884678000999,-0.05206733082706551,-0.3918859190344742,0.6478332733512707,0.1599098243382283
3226,1,1,-0.4076631315389797,-0.24252090680838484,-0.2759056334106188,0.23652597827656388,0.023832028286896737,0.07235209260160624,-0.3599330261241522
3227,2,1,0.2096195620455462,0.0025943140552946997,-0.3298409313272885,-0.1599641144887682,-0.0023352735644966063,-0.2178788743633097,0.05285730270995111
3228,3,2,-0.25031715898643414,-1.1291584739314982,-0.13389497132502645,-0.4050804294652465,-0.5277582232005124,-1.2628251836749076,-0.4366803939420509
3229,2,1,0.08629996905589618,0.21339531481753096,0.14760942107569583,0.11975867193439706,-0.10273476163952547,0.7239894660230024,-0.03712485867801994
3230,3,1,-0.384580942615772,-0.30083634176408885,-0.22604308230327957,0.27114518427881196,0.7340671474519743,0.04949326240613047,-0.6690993910197308
3231,1,2,-0.01529242756336087,-0.4667338579852327,0.023640999957702066,-0.17413842436351554,0.283940779497624,-0.5245523647145487,0.13404950998437484
3232,0,2,0.13035114024288075,-0.9657592029443383,-0.019768534921046646,0.6196390995084902,0.25073125756923287,-0.5687101961908166,0.07970793423316687
3233,3,1,0.20499293724479042,0.027910911389688292,0.20129420386213454,0.6326614698763292,-0.059540038609822876,-0.2280469223514243,-0.6956835535463233
3234,1,0,0.2871518402729508,-1.0567785475558802,-0.6115505734124926,-0.0451606811714217,-0.0438185099135145,1.4969798101185163,0.1748623394207737
3235,2,1,1.0126694136821957,-0.18986286155674262,-0.5348654203969546,-0.15477469448013575,0.24995448685558797,0.15268510851703562,-0.030055961687505548
3236,1,2,0.15362500257259523,-0.0013882052371075315,-0.20671191398459943,-0.054371362068812754,-0.4095086842321775,0.044891088104697524,-0.18884250592271087
3237,0,1,-0.18536913179013276,-0.5257472791531647,-0.014642912231772533,-0.045480149988272454,0.18742967335995592,-0.6161649934285239,-0.049971152164484126
3238,0,1,0.03438776855926892,0.719776946745489,0.3926826925715479,-0.21511271658059034,0.3547416152586824,0.2706909596038674,-0.09398277735683179
3239,2,0,-0.9616504248451819,-0.03028240270227206,0.6275333806513101,0.3312892516680928,0.15484075675759187,0.2146428053621875,-0.251539748810629
3240,1,2,-0.28646283413644563,-0.8289263408883438,-0.5386763942031947,0.010987405513638913,0.3421270241133297,0.2988627530110147,-0.7332072803376014
3241,2,0,-0.4481140803968622,0.6450120307773264,0.5477871534625981,0.5979402472284587,0.5937904978938642,0.29205143816631984,-0.42072912631336357
3242,0,0,0.4115545674673293,1.0559850349034026,0.11366378977168395,0.14489714183174385,-0.3696765096218872,0.8665356037119472,0.08351223714716043
3243,0,0,0.0003015619752044091,-0.903807411450179,0.5051182207045017,-0.3984827818575857,-0.41264913977045975,0.6878165443741963,-0.2656798230631643
3244,0,1,0.6005850334561333,-0.1780103601163691,-0.07953368866113962,-0.5429875370656043,0.1025515435863564,-0.48402768943149554,0.013561897578757198
3245,3,1,0.07651385811660935,0.04876302684698111,0.4759469203882823,-0.12316888622987665,0.10129075156570147,-0.16311175083267568,0.04607191391705462
3246,0,2,-0.4029527545626871,-0.13087809597115707,-0.5956441845173498,-0.0535524320347554,0.8021517050894544,0.15018364212419735,-0.1608711088213888
3247,3,1,0.007892699801952785,0.36879545916170875,-0.40622108718993266,0.06298022402118301,0.1811546871615753,0.10717249830582554,-0.03916915852849293
3248,1,1,-0.48486704096291955,-0.03213493654776442,0.7913336566722032,0.5483710582461914,-0.041759809586058926,0.08991741139347889,-0.17256670219105183
3249,2,0,0.0956538858959442,0.007345663857211471,0.7602698957523738,0.4613646710705663,0.7112276765753347,1.3429659617118386,-0.03740876229718847
3250,3,2,0.1723292794726575,0.26222189885484304,0.09069868839014165,0.6418952955875884,-0.3121956274049219,-0.3407846037072767,0.08738198487730102
3251,1,1,-0.19609835715896975,-0.8162375171321294,-0.4382694178127977,0.42426434924144546,-0.3055485024924426,-1.1123689553355014,0.2023781498256891
3252,0,1,-0.37902782346273667,-0.2224826408305521,-0.3186504524055753,-0.6150964300394559,0.10898129406457355,0.3864838078837939,0.46884446635850446
3253,2,1,-0.6086802969137862,-1.2890812870652915,0.30685712776119123,0.9064463478595698,0.8846171397775646,0.4497390731476103,0.023857340482805304
3254,3,2,0.17544804044129678,-0.6412547753817793,0.5293957893346913,-0.13156411780363883,0.177548939213383,-0.5989407536260931,0.0464796952684644
3255,3,2,-0.6417940438232455,-0.6914665982958822,0.14907032752171737,0.6631913141175765,0.5403309176322061,0.6198989417400119,0.4609524373349758
3256,1,0,0.4841698952498543,-0.39898554034764333,0.3500759816008649,0.12113953622140551,-0.48624314486362047,-0.24928386258581817,-0.1457755098207946
3257,2,1,0.4745070566783567,0.16975591394213171,-0.1776061477693562,-0.5812537320585283,0.6099414848284185,0.046950282611293304,0.7036255075177327
3258,2,1,-0.03858914872816596,-0.43184638947671017,-0.5455897410669704,0.13273281946366539,0.25260786500750676,-0.470008002098141,0.16406214993219734
3259,0,0,0.19296402690113537,0.06426975717424388,0.06661498064522788,-0.8575851127494993,0.5053961421979948,-0.12441679785945756,0.14782960408392437
3260,3,1,0.552333537306565,-0.4362375893493732,-0.2708693555354872,-0.47947312103812123,0.6460543867625749,-0.441009619628548,-0.34048210496672654
3261,0,0,0.17439624344311386,-1.2197950224348464,0.0324597734938106,0.0008963519750419081,0.554224463993236,-0.32207150953186314,-0.15827837028417222
3262,2,1,-0.1263608460300778,-0.6834733001166624,0.311351742357536,-0.487447303535282,0.38873782026805564,-0.6858367026260127,0.3558971717519614
3263,2,1,-0.33648513424671755,-0.5521279176669903,-0.02177770042127063,-0.1275687959317387,-0.10767751226488222,-0.14483324943250794,-0.18426927203097263
3264,2,0,-0.0617614420857149,-0.3566995635213749,0.09942766278288015,0.5599875643925012,-0.09343278911021355,-0.2738189137671635,-0.5052261792792043
3265,1,0,0.0220380821750817,0.20354629668664312,0.04998166954526199,0.009546418892630405,0.4780747233257581,0.4933435655997227,-0.1545829897530437
3266,2,1,-0.06523485035498364,-0.16331499601316055,0.13365319817185375,-0.16052754067278693,-0.047861920248183094,-0.33546452403732097,0.10959664262760199
3267,3,1,0.18687775610517235,-0.015401300874581997,0.23613656785367046,0.01639512987433359,0.4421328902304539,0.2556039168975848,-0.3542839049100505
3268,3,1,-1.0135113374956286,-0.8717792979833896,0.18847295395435232,0.46971403378217963,0.8215185800099452,-0.2171384800864443,0.40079685484778416
3269,0,1,-0.6820696180065905,0.24437589834176707,0.1502449229141866,-0.5048757025957124,-0.2706189075625095,-0.71568041136854,-0.11930997290325761
3270,3,1,-0.6734785535145722,0.6663111143188806,-0.10366594958733721,0.937949962034617,0.3383561398076656,0.026909910323532724,-0.02441217495375088
3271,2,1,-0.04227242138006303,-0.25529325479629017,0.15460027032200532,0.549971014475361,0.24350479853040213,-0.18093339090095015,-0.0866611117583466
3272,1,1,-0.45191228474806944,0.24110571973035702,0.005533834127736959,-0.046797184626662026,0.8112834192536187,0.2144756275603725,-0.22162823301193227
3273,3,1,-0.3713597604559894,-0.16661242857516853,-0.4262776337636746,0.22025679396511783,-0.017555272906752337,-0.5233197228716873,0.09599459345281351
3274,1,2,0.5837278346103622,-0.24699837935208258,0.17677368311012287,-0.15214167351886082,-0.08987824625108777,0.4541860056240242,-0.4336477347478727
3275,1,0,0.9302404473138038,-0.20993198016985523,-0.33774361459760455,0.2799623544695223,-0.42783843734663873,0.2196337290058726,-0.09195375625571307
3276,0,2,-0.05363032626458179,0.13239738281751287,-0.31782522735864627,-0.08210291737314761,-0.3363059548661729,0.4480392923673966,-0.2066054079102807
3277,1,1,-0.4651823285302189,-0.7329035826954542,0.26713052766025625,0.012500556628816429,-0.03135225799248073,-0.06191375158245241,-0.1713046197330591
3278,2,0,-0.5480568617967324,0.004266305741859433,-0.31409736899527513,0.13827083049439948,0.36515242931063974,-0.4217200518698847,-0.4228412948905642
3279,1,1,-0.04136367385146149,-0.4465013198798147,-0.17574948133950594,-0.27162635494165766,0.569382892497759,-0.7382439935966433,-0.16555701389824717
3280,0,0,-0.979890389881227,0.403264448512783,-0.40114122753914994,-0.3230686098690578,-0.2847717785114064,0.7272640569580994,0.4455489538475836
3281,3,1,0.07492543353264008,-0.4650218998963166,0.13030262822458719,0.7117427020616821,0.403255020924464,0.47032360714762433,-0.4847346822399061
3282,0,1,-0.6212526200339801,-0.23597029208583867,-0.036269085103672605,-0.3139146359987805,0.19163453804446307,-0.08066459582185778,0.2696541387833681
3283,0,2,0.6930265171370426,-0.6480803046091966,0.2141736389351223,-0.40319743202480024,0.6203148263619545,-0.024850800833254222,-0.17582980722013067
3284,3,1,-0.41363952380161373,0.06690343001543189,0.10377214919771725,0.4688998716760563,0.8719526376976198,-0.14870004047837967,0.5418899328414509
3285,3,2,-0.20392917858312942,0.4782452152523653,0.10432170889938241,-0.29817181638442636,0.6469970252224079,0.05637640739985181,-0.39546336359264195
3286,2,2,-0.6056918851049271,-1.3703486904679296,0.48636368886694065,-0.47295179298471923,0.03213524415342625,0.2695243423016562,-0.3636693975807213
3287,2,1,0.3550464487026388,0.013967014925390403,0.3690267541390555,-0.864249021185334,0.5472978293183107,0.3488101415072712,0.39702390703864165
3288,2,2,-0.8008978993766788,-0.2819983145013998,-0.15972525525289707,-0.12752147700022026,0.5080885451967575,-0.0569937492620467,-0.38832790143921025
3289,1,0,-0.08171021352621131,-0.13173452439006583,0.8254742364188873,-0.4078230707198546,0.3475462620924276,-0.22107426345776673,0.0212070734702121
3290,3,2,-0.29037032084600317,-0.38434755500122625,-0.49011256334691367,0.12730327675694963,0.12870204941601662,0.3213378826560566,-0.04037058584314107
3291,0,1,-0.126575465732563,-0.5686857028869328,0.6432966662248031,0.7921413845181099,0.028520464995672852,0.6287928017734651,0.15942516015682903
3292,2,2,-0.14536194292358984,0.4421869508474042,-0.10027952579609352,0.10488002884639887,-0.4518316476296283,0.44979559417786563,0.12115910335609785
3293,2,1,-0.134593132532833,-0.14546330467000967,0.31185373935367183,0.6185286320840242,0.22959877840268658,0.08441048484235773,0.6201713258892387
3294,1,1,0.09732130613546394,-0.6865947562477485,-0.06366061616704136,0.6192277698689446,0.12779553294512255,0.5463503652212569,0.003230869377722672
3295,2,1,-0.04446172016320832,-0.5454235980652866,-0.2804699042151193,0.233223148222146,0.20065503101900856,-0.330125753243526,0.29280426070769056
3296,2,1,-0.07521667538356308,-0.8536567258304646,0.5381269530765546,0.1423873998618255,-0.3609787693060121,0.3246934535107504,0.13431619217681312
3297,3,1,-0.41754292036844176,0.3196794815547441,0.158862992465238,0.6422896289390234,0.3553137809382451,0.6530046470869914,-0.6355960160454562
3298,2,0,-0.6217051377692081,0.0893123488378991,0.4479033723748464,-0.48316551424858933,-0.3780292498467131,0.7259425048934977,0.3629803615401503
3299,3,0,-0.5681802760250665,-1.0896411175193155,0.4793319031199464,-0.05661485264060105,0.14397576365332387,-0.1287514340864743,-0.06399357608688569
3300,0,1,-0.5124337492085992,-0.6099459506095363,0.053699737301237185,0.45511069192782017,-0.009421444643457863,0.8982091282476858,0.5692683966996066
3301,2,1,-1.0439644895511673,-0.22824551345296076,-0.12138003206686954,0.7654829085402117,0.11751091058300313,-0.22460943666423097,-0.28674915943258134
3302,1,2,-0.23796484075986538,-0.09842744365828492,0.22673753027349294,0.40706704252033693,0.22693374351052273,-0.022704066706700693,-0.5374938983032841
3303,1,2,-0.3443128506351498,-0.2569291069744308,0.45032891418442644,0.621280216381814,0.05024113727915138,0.3470714938286591,0.46676269618137284
3304,2,2,-0.2657098232773496,-0.579514205406413,-0.8062609761146047,-0.31288727925722115,-0.21200151067661616,-0.14666391724354624,-0.20454148146838466
3305,1,1,0.08811864831170726,-0.12601599470295127,0.949992333125703,-0.18028734475470443,-0.028178528454010466,0.20407364799786135,-0.23214312936886644
3306,0,1,0.25813671036907515,-0.1935877271316696,0.04035966481195121,0.6820960030345449,0.18973314770958383,0.19071822340020644,0.3411059512778903
3307,2,0,-0.4197446101729586,-0.5293306281373932,0.19728665260013883,-0.7605641701960651,0.29069217052685103,1.2887089578539328,-0.41900868270143743
3308,3,2,-0.39259239916841393,0.08888589036624964,0.06711558649558891,0.24615057220953415,0.24185569719830416,0.8102676155669286,-0.20886658521710535
3309,0,1,-0.42642567924191765,-0.633050728318345,-0.050140496929594686,1.074739001043352,0.8107094896321869,0.20407863045226293,0.117595550025515
3310,0,2,0.4654361591746571,-0.9296876761796606,0.2110177616945994,-0.19358716330511241,-0.10690458525339228,-0.6518317838715176,-0.16603501367026177
3311,1,1,-0.238500702634643,-0.6382646170390645,-0.12193559092686755,-0.15996978808913623,-0.07047683548669197,0.6531065157569081,0.33393406254364405
3312,3,0,-0.7178302556880329,0.7011141755439375,-0.22009762362116927,0.015092988709980321,-0.47127904937913895,0.2934184775422881,0.2588739783424375
3313,0,0,-0.447779117077978,-0.4882253804306945,-0.1773910255183017,0.010303913979943215,0.4761916413039573,0.09868324692537658,0.2909008480010544
3314,3,0,0.4443937320107362,-0.29472071011631007,-0.09845772048240882,0.25076325454481624,0.33258865247767455,0.6802918699263246,-0.2788557723404714
3315,1,1,0.1398438631235518,-0.6558081698113141,0.05894429761313165,0.30238052175170194,0.18236526080740428,-0.3835335983977515,-0.2514105513952228
3316,2,1,-0.07521253471478377,-0.056781977187600585,-0.5898539851837763,0.19798972194828796,0.6208520677223651,0.06890895578275272,0.06937757645230301
3317,1,0,0.012515136011206698,-0.8038058859279792,0.4173679473535047,0.1777675626977859,0.1269750809510169,0.9711751417759871,0.45412524993350034
3318,0,2,-0.7617140402191585,-0.8282930027471782,-0.11057441286107039,-0.5780697046147403,0.24560642813208386,0.616940431085885,-0.2784385304443071
3319,2,0,-0.4424933801490467,-0.5974004360318032,0.4902858546586224,-0.5235448933990494,0.29811581491852357,-0.6467346582379385,0.08789374786280929
3320,3,1,0.6855092762622534,-1.1399934303497459,-0.09382872326664955,0.5677216516197676,0.12839525258763024,0.6286417245448099,-0.4304966741913782
3321,0,1,-0.5099005178082248,-0.8756129236819915,-0.6456689749280521,0.3281259971283183,-0.4337615851121987,0.8235570838522621,0.12967707296148664
3322,1,2,-0.13856955050881603,0.34295306815021664,0.4133271758999701,-0.260424060141825,-0.295057074166505,-0.22978868871186495,0.4912718193650737
3323,2,1,0.28942089088887224,0.030163468337577853,-0.47888302940263233,-0.011016275011121618,0.0984028932543336,0.4949666887296357,-0.11268071783632104
3324,2,0,-0.5413344267121654,0.05975442485855936,-0.6439522681206816,0.18185982799203113,-0.06112141657443975,0.38856609518065177,-0.1589107651142737
3325,3,1,0.10232518335147212,-0.41794153968122694,-0.7954309577047811,0.7269088310537861,-0.6264584922491672,-0.39075974360587107,0.09320966801512813
3326,1,1,-1.2097020758117059,-0.03558125568540131,-0.038831120413129354,0.2711344811019542,-0.8344367174089135,0.05850752001573788,0.02234944613903096
3327,3,2,-0.34073762024108856,-0.9250355931649585,-0.11206759984896071,0.4266654400819598,0.05257146590671777,0.3208066597065142,0.12476468494432863
3328,0,2,-0.6153074725321446,-0.08222305431866675,-0.47965294765010724,0.1451077822441461,-0.6589595058640759,0.688575541989285,0.6019271486569955
3329,1,1,-0.6590207110960385,-0.11273866571506208,0.27602044313631574,-0.1768910040614472,0.3376967381147647,0.3123226061911254,-0.40556029411070155
3330,3,2,-0.5576930859675618,-0.7121821924882887,0.0859793929689375,1.0539673387556396,0.24245736661358933,0.30451204636853,0.48661810051254806
3331,3,2,-0.37320395526226635,-0.5038017208911437,-0.03367313193113538,-0.05513028684671036,-0.23241261116723355,1.2349804868846752,0.14996979331607033
3332,0,1,-1.3888537293576544,-0.5475709338937272,-0.3313363679120183,0.8965448462258684,0.06875107228880735,0.4372115734269014,-0.040161056676087145
3333,1,1,0.25397707156693516,0.4938870614491926,-0.41751266092176886,0.00783048738479603,0.2555103010720999,0.9770942376387468,-0.15635821786734594
3334,0,1,-0.5963810709503831,-0.6176220035871315,0.3949468940663651,-0.3075730513806683,-0.18592525441575922,0.1166414822814125,-0.4570544381469461
3335,1,1,0.66479199303307,-0.7320618612481484,0.6771076210019848,0.1568796097198359,0.0326821167327205,0.8443955332378525,0.290782245344607
3336,3,2,0.01689143966835928,0.42467715701529485,-0.671476184168555,0.10904431456129329,-0.12669203800960352,-0.5331579490404872,0.23343433696840923
3337,0,1,0.00142386423593234,0.1682216746357131,0.62952905078192,-0.1454036527384948,0.3519219294539391,-0.9381652260123067,0.0950237298649053
3338,3,1,0.4801009180460609,-0.6820521762598095,0.45226907476740386,-0.1124819294891387,0.21641369562437818,0.4134467336998999,0.2800054435649053
3339,3,1,-0.28069672298980486,0.20484293286006575,0.7770019427791024,0.17312766478017436,0.02003985171808283,-0.4472338717476102,0.14822639097312523
3340,1,2,0.324745863930603,0.10785411943078119,-0.2983511788692674,0.02796390931790547,0.911535249191387,-0.5067670916501581,0.5602931453335165
3341,0,1,-0.7689303275923799,0.3108465725994056,-0.18743837226989526,0.1974581187262187,-0.031882167119896374,0.2859943184718965,0.36771169444416085
3342,1,2,0.2576602014415901,-0.4974424412113323,0.0575053921830894,-0.08624848394856664,0.5550832199535093,0.5389414478692676,0.9663083612572168
3343,1,1,-0.5887692650018393,0.0032088128579161324,-0.2521020499398183,0.11854031863969866,-0.050956336741307,0.41603500808522087,0.06699636374026742
3344,2,1,0.08843017803131165,-0.363534563946543,0.15605904962264097,0.11134019446723695,0.40360150418060114,0.6362347359893119,0.13050598404382596
3345,3,2,0.32524327008994025,0.7074462004176568,0.5241576930974553,0.4199936114648642,-0.6699563417580723,0.020363464838661027,-0.17809505727354133
3346,2,2,0.134223973494227,-0.8793862479563955,0.2690832290218631,-0.03815470997498787,0.9315645718632302,0.46183051025457045,0.20840899880738686
3347,1,1,-0.4438225347755548,-0.6773883479595132,0.4486695647580838,-0.12840086095152536,0.18764845784271889,-0.07404249162098975,-0.3087503249946351
3348,2,2,0.29922289006995995,-0.24928406936435507,0.737893844673795,0.35697035163620106,-0.05713883067902258,-0.024604254752112115,0.25239315504359616
3349,0,1,-0.5811924772933083,-0.5123061876547657,-0.3446305697049505,0.13826444360668555,0.783998348035772,0.26073688725003424,-0.20268214509871788
3350,1,2,0.08069361622571106,-0.3486673498432573,0.3214902925447565,0.4998108208154293,0.763674816778645,-0.013127351494444689,-0.43555519774242674
3351,1,0,-0.13401309164078773,0.3412479141627691,0.05009926322197181,-0.7777702137158116,-0.5591997067819814,0.6461931417563643,-0.24859371809532765
3352,3,1,0.30840737269712937,-0.15197477474643645,-0.2591520637797281,0.47314586481857135,0.48597175926985003,0.0747724825316538,-0.00040275710928676525
3353,0,2,0.42352184963407147,-0.029351021738126162,-0.07081000201796961,0.14645082348283434,-0.0362766948921236,-0.6252637820539708,0.11765920288304192
3354,0,1,-0.134146776593987,0.749943408105095,0.22407088125166472,0.12557188325043517,0.08762230128496765,-0.06749785653114238,0.2734331056001118
3355,2,0,-0.5458660939924685,-0.7382728747501285,0.25983335263415047,0.8213462892291328,-0.18377734465317147,0.7544285914689588,-0.27520085845515213
3356,2,2,-0.5267744000234091,0.9052010254400443,0.18465397936861305,0.5638678902237515,-0.1532713026032585,-0.13476233829993087,-0.2782918523328317
3357,0,1,-0.3527992213625508,-0.7354983485044247,0.7562351851690927,0.3659266406423897,-0.3796611755023615,-0.10768290692706053,0.03089686652681626
3358,0,0,-0.317605269534801,-0.4308993553824825,0.4543395848513596,0.38246667758283664,0.06456396549421346,1.7008898625772164,0.044611465862874185
3359,1,0,-0.260363197595804,0.13267050776827063,0.545510966864048,0.5200458167710444,0.2886245087728075,0.46957845998878245,0.33076325193423217
3360,1,1,-0.20947878414514948,0.3963273040303097,0.3426089748376997,0.7831447324616638,0.32242754992761447,0.28440969715310127,-0.4204924607600155
3361,0,1,-0.48881263633451244,-0.13800000147600458,-0.2667896574086524,-0.051386121075832014,0.20725416489306606,0.40571764494132345,0.4808576402189039
3362,1,1,-0.6109358461085812,0.8375207493985284,0.8311304793267342,0.09416443005944428,0.1290462037893659,0.3083602474371331,-0.5621377253785966
3363,1,1,-1.1574083739044647,-1.635746369989555,-0.09331201618967203,0.21366696295662416,0.2513347744506861,-0.6217390327090826,-0.016743648913314424
3364,3,1,-0.3992366862919017,0.13785956938348462,-0.37313684193909236,-0.6474048818117141,-0.11599070924652329,0.17679669473034218,-0.15111173512702483
3365,2,2,0.5649106010155056,0.34578380679138854,0.03326273629288341,-0.4478243150101906,0.26743716987148003,0.4628006577623689,-0.06661474318238252
3366,2,1,-0.7699715524435725,0.8325745825514534,-0.38785640516243874,0.08753607990548144,0.6635335713559996,0.32031106596880893,0.012605693939838515
3367,2,1,-0.23186462565669216,0.3949533886986659,0.017365076123065194,-0.09193262200409143,-0.0711340120089163,-0.10341654340149628,-0.15811169640785763
3368,1,2,-0.499417363256937,0.2370418843971411,-0.0237485895382038,0.2178511822550147,-0.3777225360534096,0.06433735969808646,-0.11196856850024281
3369,2,0,-0.8844423558399396,0.5553876939204683,0.11481191440549599,-0.3880368421044293,0.12239268105600785,0.40787482158615473,0.23901483891391007
3370,2,0,-0.1300970921606273,-0.5091715027394458,-0.4855635181183212,-0.007233801879658713,-0.1576270919539988,-0.24548647636192014,-0.23663252782214156
3371,3,1,-0.2344032032797565,-0.585201582252428,0.9488429031309136,0.04982775007555474,0.3567635604286364,0.17168727083431773,0.007476028763740354
3372,1,1,0.0977821511432578,-0.13051480365098755,0.7485605134912034,0.3208828757688086,-0.23129718346998168,0.5333622517411303,0.40872438973727077
3373,0,2,0.6985934646779205,-0.2826088289670957,0.0012412645621947438,0.06633396577402242,-0.34198850123355107,-0.3785328279020225,0.27300830739885107
3374,2,1,-0.7754159589984876,-1.1161643800144971,-0.35341171143626293,-0.05091305521172282,0.017736748091351173,-0.5475136079104095,-0.4109847447291448
3375,3,2,1.5710173534567515,-0.19253089125990736,0.07246304511582201,0.4159425788138728,-0.041439447288582384,-0.8083455726075691,0.2899345764888513
3376,0,2,0.20792204800891997,0.12414350602024163,0.034762041417893755,-0.4218954054895998,0.9207093933951718,0.05382261575603123,0.4523751236982114
3377,0,0,0.0859597943466304,0.35436486176607274,-0.14481172439663212,-0.8479944097612144,-0.6505738196704087,-0.31705975623282034,-0.477151604216794
3378,1,2,0.2718808075379201,0.32066140561343925,-0.4371380008290445,-0.3874446028083626,0.4602101308211213,-0.1677558753975825,-0.16922242355422945
3379,3,2,-0.0023790368752179825,-0.22869114519412292,-0.3897608657408406,-0.31127771023777706,0.7261164468588828,0.7574860156661543,-0.2792988017543574
3380,1,1,0.49471833880139426,-0.21150135501240686,-0.8958226738351289,0.3324823734954139,0.9896120606317816,-0.5768289152710655,0.1881975542260144
3381,3,1,-0.5715308188421137,-0.559825476566314,0.0007503733956161718,-0.8689441954613644,-0.0222236525064087,-0.6043498001535323,-0.20651995173980228
3382,0,1,-0.8653793115186479,-0.09874493442058027,-0.5751743594086883,-1.3292087951949858,0.0495970637500416,-0.1015768858076084,-0.012176311663023272
3383,3,0,-0.6864879062031044,-1.2722345566168836,0.30844064990490505,-0.21133404396075328,0.18443476087141256,-0.07015129366224268,0.19437896550656186
3384,0,1,-0.14516526902418847,0.28503372921476267,0.1561247669318555,0.09107288418013822,-0.008934342880976066,0.43813211121667617,-0.057070265873005926
3385,3,1,-0.04716453232364616,-0.3696297848872814,0.1403785052387084,0.711629393908376,1.185916761346057,0.7778444295698271,-0.20134702641758476
3386,2,2,-0.36363871649906476,-0.02737700160973633,-0.7266088116452528,0.05968798770604111,0.5471439053218498,0.8429007690539817,0.15971364177745057
3387,2,2,0.5568468190474372,0.03248643447040614,0.3670717874183067,-0.042846145763893444,0.5577897191449167,0.4642441931695078,-0.08002222652779349
3388,0,0,0.27968850978452187,0.24990858472377966,0.34300209089361594,0.08975651553261221,0.24287953141820556,0.4318594620046722,-0.2054555015584878
3389,3,2,0.22112250184136437,-0.0028871668564595665,-0.06203902062941169,0.059861080714668,0.29872159671283177,0.4644114529016613,-0.15139977511430938
3390,3,1,0.22374301775408154,0.8650002604651984,0.5433883351986597,-0.5353482267590548,0.3986855666634557,0.33655231227011917,0.4129382070174177
3391,0,1,0.07195432538144447,-0.6477694855019553,-0.42183567620956525,1.1916895491326187,0.696413316530789,0.19071077225326816,0.014141970802925294
3392,0,1,0.8206387253542724,-0.5898338888619152,0.44625600625779704,0.5923477262019085,0.4840114250416509,-0.7113549950311596,0.520186727018651
3393,3,2,-0.647901800696838,-0.2900807323662481,0.14031488868304526,0.5064902645989829,-0.2122535927014755,0.139054850485868,0.19307778446388985
3394,0,1,0.6098629997925283,-0.18063773310307085,-0.200829737910265,-0.30734626795409525,0.5326273690289369,-0.8410077297757806,0.04507067579468337
3395,0,1,0.43062186071516906,-0.29541708786099363,-0.13309363100778715,0.20855968883945603,-0.03579245111516351,-0.3399333475907037,-0.17254268358648725
3396,2,2,-1.0144168707590357,-0.13224810141394766,0.1424762339537167,0.18821741742716147,0.24045369609205786,-0.4140584280212444,0.0803364258471544
3397,1,1,-0.25183027332610436,-0.6239379143185927,-0.33205055302703157,1.4349349054813336,0.978564892685496,-0.456721041716706,0.16439713266612224
3398,0,2,-0.0843902133732045,1.2044335298078908,-0.09515254092881616,-0.21897369659713536,-0.8704942514134079,0.17426568373564177,0.28879628975353766
3399,3,1,0.5432129842141543,0.29954382783488853,0.2747897491183284,-0.279842460033548,0.34295216283957014,0.4193060055616282,-0.154096670010979
3400,1,0,-0.06758304933120612,-0.5509835315984096,-0.5234756551337697,-0.17625203797281072,-0.6237711877315882,0.7360329996430692,-0.010559736472267416
3401,1,1,-0.06609885772126156,-0.25629212721732464,-0.29214140926866,1.0104435689757703,-0.08529160474768469,-0.5541359148507383,0.010477611189646177
3402,1,0,-0.31465507847561236,-0.12929111275426786,-0.11651677483581727,0.8149091583553928,0.021527281040419597,0.7240033179920528,-0.08116491627736086
3403,1,2,-0.180081368287677,-0.6503199422706839,0.13572101259313196,0.44953819403383816,0.22919809308748162,0.048141916644795446,0.3531278949538365
3404,1,1,0.5383084799970045,0.16799971107686998,-0.40781279155998124,0.17445142815885056,0.14977322075034238,0.3274822632090671,0.05786340949410392
3405,0,1,-0.26983582487144514,-0.9900322021694852,-0.3643742301829107,-0.02317777249163651,0.4560728334767686,0.43571944984992317,0.2497411684987319
3406,0,2,-0.5606405160790722,0.3388945480412414,-0.2518558976453406,-0.5083879382846884,0.025909178032084354,0.43512624704546754,0.10610737755357853
3407,0,2,-0.2576714965191915,-0.17940037546093318,-0.6084936857697684,-0.19890338561273868,-0.30016682287353535,0.5931304829306683,-0.03737053090632164
3408,3,2,-0.21430633627185364,-0.2996565312147,0.011889160284400142,0.47821185710987824,-0.21537500398349252,0.31151527274417967,0.12519999366773304
3409,3,2,-0.9137009084864686,0.4741942147257313,0.20233162751788222,0.018164045525436046,0.08943400507389594,-0.19118976934312124,-0.1657573319112068
3410,1,2,-0.46112579742533655,-0.7204132972129376,-0.1790515306558519,-0.006443782511257314,0.8195770533995165,-0.1703471694109269,-0.17629633573602424
3411,2,2,-0.08565242446886152,0.3743557368493252,0.6642504744852868,0.2856369372447104,-0.45261985477983163,0.7033430904799182,-0.16208709787424216
3412,0,0,0.0678032213104888,-0.25248786739086293,0.009883603062103036,-0.4458461800981625,0.16552059528445762,0.057388844814123804,0.2473899716253178
3413,3,0,-0.16339548675741106,0.2986091413787838,1.499780068298842,0.3573445840588795,-0.1933393602122087,1.0673573738409035,0.17025551254058882
3414,3,2,0.32929173409491364,-0.023335350463267762,0.49908564899408153,0.8682948164543525,-0.36776574371744114,-0.461958528364947,0.1890863959600736
3415,2,1,-0.5835124871911046,0.04567425315514709,-0.29656787121028744,0.40265419647435363,0.5096472217082496,0.2055821590084669,0.015167542418508997
3416,0,1,0.011851662592103587,-0.029409037650748565,0.1936154729741722,0.310482977450291,0.159792682612709,-0.3271816230079131,-0.13935679963971984
3417,1,1,-0.04025056828947085,0.45988430879916964,0.5880598514198428,-0.3677792957474335,0.2605200384549223,-0.14890096097288394,0.10184687397543575
3418,2,1,-1.3041187983901614,-0.5966061678725388,-0.1504842211702699,0.11762797439447416,-0.23825083824864093,0.10693140779154267,-0.4766843784554829
3419,1,2,0.31006205787414876,-0.2777823936218348,-0.43567037048240853,0.46520559059684247,0.39336416047193945,-0.5353367126217842,0.19858931505818128
3420,2,2,0.03872625063342677,0.2944211646074255,0.0781442981036979,0.1841651158790815,0.627268284566552,-0.12342523499695116,0.16308381481806372
3421,3,1,-0.014285901222453504,0.09448867331944671,0.24842662813723093,-0.05722246138054998,0.24282337738159973,0.8818072548009616,-0.20124154963174554
3422,2,0,0.2223500193691376,-0.11191751462978036,0.3563352394095234,0.6458196572325512,0.4201670070019234,0.38124163091516206,0.11715751027173703
3423,0,1,-0.7471415170729451,-0.45537705745033574,0.017351922060240395,0.8439574072487527,0.12990988096515144,0.6088330450039077,0.45102567129128546
3424,3,1,-0.9195089287987075,-0.3016725979123085,0.4376937741674316,-0.19722253238579862,-0.1196898738833119,1.2216605192690104,-0.11088601611670397
3425,1,2,-0.8739546140223384,-0.9134947485528165,0.3162875844824291,-0.12382419822046022,-0.13646895970728512,0.5844520362621793,-0.13754495633880245
3426,0,2,-0.5352468268705229,-0.08535692663739515,0.29194488672218205,-0.15043975277411265,-0.12091299315383353,0.144934144568574,-0.6788109047838506
3427,3,1,0.4706686590413821,0.32650338152387126,0.02264702087662317,-0.3902019514283271,0.4773519579998435,0.5742231771636664,-0.1378372528989952
3428,0,1,0.2467129851872459,-0.18944982087463205,0.310913107967105,-0.13238956884820258,-0.37962600833748145,0.3701030579056128,0.15167572614145738
3429,1,1,-0.1325001878715898,0.05877905639823547,0.18961158088190988,0.6229920906669685,0.23936207704769072,-0.17039024081683588,-0.07308131507330409
3430,1,1,-0.40566138144924535,-0.07764612750781087,0.13461988622369306,0.4501248354781675,0.2229523971777232,0.37299722818010206,0.13525012463562555
3431,0,0,0.23606055679199375,0.0768533613301573,0.28245435078721043,-0.032693406159683976,-0.8298041133180641,0.13622461614626225,0.21688339933108114
3432,1,2,-0.9410910867068306,0.2492661008376614,0.696521746497329,-0.24381053346276205,0.612706134315591,-0.06591511639447659,-0.013203314319353489
3433,3,1,0.4357846767954725,-0.800384910702582,0.135641850928862,0.3884934227268908,0.7766223397809165,0.13995001657729234,0.42348458837693503
3434,0,0,-0.3884582305557742,-0.5788842473540968,-0.12824161841669476,-0.5061671621901906,0.5870082855073607,-0.07424290291324495,-0.453370885310405
3435,0,1,0.1191586168481305,0.17041784698646648,0.43933734728573764,-0.07511605568652416,0.976697783667613,-0.7128364546759199,-0.4208696107948256
3436,3,1,-0.1761132057030905,-0.7406863627834653,-0.273476705393033,0.5578711164882587,1.1428424284035588,-0.1461222598553081,-0.19744776666753597
3437,1,1,-0.6927013941679554,0.31217204726245207,-0.05861413573238397,-0.44237355770510267,0.17176617899098015,0.32260363980105644,-0.6150599981801612
3438,0,0,0.18278804038804644,-0.6254202369550076,0.13622275304115963,0.4646102346596687,0.16382910077164106,-0.3528383606685871,-0.06878005499274265
3439,2,1,0.9649872829349954,0.16464785925552541,0.21929685674981134,-0.054976546389382555,0.8693955004654618,-0.14828280922331374,0.07082251676134185
3440,1,1,-0.04105938953847038,0.22440937689847126,0.05971982700252071,-0.7007891275174101,0.22093469340574673,-0.6307325530662622,0.09500902391225996
3441,3,2,-0.1916218276945034,-0.48134655351424116,0.2206897204259923,0.5167440484163167,0.2528915627936108,-0.24540622573568086,0.02874581507698353
3442,2,0,-0.5175032239482822,-0.2169314915681237,-0.41195054617681826,0.27701758307248503,0.4777084913333239,-0.07622851070365677,0.034765396350160446
3443,3,1,-0.17548763461592798,-1.1333633424394929,-0.41674074857118515,-0.207511543737109,-0.4961151312748764,0.43450384843268597,0.1677139848264317
3444,0,0,0.3730864595676532,0.3729685582583774,0.21337944317463234,-0.05499127451155355,-0.4006149756014369,-0.19842241057415902,-0.41221818468750154
3445,2,1,-0.9710627647550661,-0.4730652107877281,-0.2855541185643258,-0.30249275104557977,0.08264744401954392,-0.00901969843801298,-0.14904107008804807
3446,3,0,0.08126925014659447,-0.8160353180457307,0.16823697614750927,0.7195021224208404,0.15416888836819626,0.09670257501289259,0.16330136772346523
3447,2,1,-0.7361177801564118,0.5004477338372754,-0.05271647947773617,0.013158687815274852,0.14798660309913275,0.9780842870890608,0.2851206507625478
3448,1,1,0.18294329108833476,-0.4312245104490524,0.8729890829034508,0.0404484584005425,0.053091640670777075,0.2703684611502589,-0.006255811733550452
3449,2,0,0.4660102344583742,0.26168209311483837,-0.7785142214926914,-0.20479049330910407,0.6546388104410842,-0.3771141378841485,0.18888556054263855
3450,1,2,-0.2751905442000465,-0.272991188584965,0.8679024285988106,0.5414074262211004,-0.4007386466068372,-0.6747337133951113,0.05901726401897236
3451,0,0,-0.8212980385672219,-0.18098425472817545,0.2525131302492229,0.14166573462572937,-0.383577232089714,-0.09727038471383237,-0.19045466794897103
3452,0,1,-0.3127158077944616,-0.14362639830467133,0.19978572261725225,-0.08883694848495512,0.8007408821829429,1.1897861286179012,-0.01486280605173836
3453,2,1,0.31740942659331883,-1.3039590490518607,-0.1306115725431997,-0.009089527408082115,-0.5169071968396873,1.0810527272986254,-0.24526844794557204
3454,1,2,-0.37175494308860946,-0.2953837547279873,0.5612849646710065,0.4786434264244913,-0.16848151101858588,-0.06397627916668147,0.24883873829424819
3455,3,1,-0.3526134785749596,0.2403827499854396,0.3631491833579571,0.46818872466814787,0.5695127680875627,-0.33678436431796543,-0.024611142646957997
3456,1,0,-0.37125280931600513,-1.026586179759936,-0.3957452305549769,0.46980988824805253,-0.3830847794900931,0.15541837552778182,-0.10108349310358046
3457,3,2,0.39100909170954157,-0.11919587170887629,0.16838124034915672,0.5773863817346889,-0.1224261071798814,-0.4111677363396111,0.46035639310636534
3458,2,2,-0.021226708436329803,-0.15472913407627015,-0.5953899910465348,0.02639128366795379,0.22421080246561678,0.8446962649054852,0.08242533962255837
3459,3,1,-0.021090619961669055,-0.8589405987669361,-0.7858470211714217,0.7802263236568598,-0.0018650400275057916,0.22712430019478558,0.06996061920019338
3460,0,2,-0.7951695359154012,-1.0092759030769902,-0.12134422857698807,0.3828912525053453,-0.1814672632222734,0.7344486594888455,-0.09402715518319954
3461,2,2,0.6638558495777627,0.07970336069607908,0.6162008671943058,-0.1303698836785306,0.3148145535246603,-0.18036220223485003,0.5074489054428567
3462,1,0,0.39916714151259247,-0.22974957647818328,0.4790048388567136,0.29944237115919686,-0.347759514971982,0.8777441572284372,0.4561027335790494
3463,2,2,-0.7333877402010183,0.42167250127562106,-0.39766304232174865,-1.1122165161977047,0.6959906278472652,0.9256162752039148,-0.4929626429467453
3464,1,0,-1.0297125525995334,-0.28460875185065226,0.30189192608284704,0.32852026943756435,-0.3405435414800351,-0.00415800309633238,0.31184222019255153
3465,0,1,-0.11915087027992474,-0.18357873621903328,-0.10467775452770399,-0.19575414954451925,-0.9836173323188357,0.28810702377115904,0.1887265461199226
3466,3,1,-0.25726782317162455,0.016571434474528246,-0.03170673071551257,0.807871429444152,-0.11819873534055644,1.2247967581843409,0.011884662832138028
3467,1,2,0.23221378711223098,0.31025904120441905,0.053468949771344344,0.177482469277974,0.42884669407585957,-0.0942477470345364,-0.29605726825037576
3468,2,2,-0.1631102208507603,0.13544180298743483,-0.31471634359967904,0.0489849161065804,0.49594422929389387,-0.019264470447860532,-0.30442956595526877
3469,0,2,0.6480270653115879,0.737138370121529,0.7472031816068009,0.6143126871062415,-0.30968141881389,0.3391903974909143,0.35870099424750523
3470,2,1,0.48929268082856703,0.23690786188359544,-0.1609053911662296,0.5083302923682359,0.2673598065987589,-0.2570749024211447,0.0610585690064114
3471,3,2,-0.11575307935788408,0.4623418847478774,-0.2087588922946768,0.33256566777651203,-0.06621144264220381,-0.1947575050203242,0.3218390933239317
3472,1,2,-0.1647532382260528,0.07848964792648658,0.11102379014624675,0.23575522753826517,-0.007030310018252328,-0.6867239626076425,-0.43819116445990297
3473,3,0,0.5638486495914949,-0.34693654637243143,-0.3496195173380632,0.6387868485868354,0.037544826854876236,0.7766203626406127,0.4001145946901273
3474,1,2,-0.03788949095809704,-0.13942564227351037,0.07668280038899725,0.2798293078444111,0.27775247158429467,0.5759163738895252,-0.06909498832819194
3475,3,1,-0.08187134708450922,0.3445542239284558,0.4859423239833304,-0.16944214124036794,0.3574509765625205,0.29508383173179914,0.15365982050136556
3476,3,1,0.1373094604546348,-1.2197840064977565,0.6248771840330443,0.1591085122209749,0.27860198294222693,0.598069019225452,0.04080477698998395
3477,1,0,0.1575007298202384,0.6135422649051744,0.4467976875823509,0.2850859659486477,0.30361994978850176,0.054899877528010316,-0.16973314001407647
3478,1,1,0.6143344541663956,-0.6834279806999335,0.16944405375496926,-0.2528284472992638,0.34988889142754964,-0.5152288337257636,0.13463449462694296
3479,0,1,-0.9436075882605306,-0.12898070273410325,0.24437558237960846,0.6205783829860178,0.3966596503094959,-0.6895372788122223,-0.5153938088257685
3480,3,1,-0.4415819478651827,-1.1064233248114554,-1.0058160635019096,0.5546420513065805,0.9977478049838977,-0.13387538650476025,0.1349561041466236
3481,1,1,-0.5254731942488597,0.05151865822957491,-0.6654032838861444,-0.14090050178638525,-0.6365951302063645,0.15549839378164487,0.3058506517609964
3482,2,1,0.85341702480959,0.23514739773385637,0.16481010130413137,-0.602892082026601,0.6493560394192484,-0.6513256552827361,-0.5588120081337556
3483,1,0,0.20104090337424005,-0.16133466986243902,-0.025143136421318536,0.055138943518689004,-0.6142105591961096,0.21586800573244985,0.2449905884655995
3484,3,1,-0.08090850315071967,-0.5055895954431426,-0.3231165923364901,0.07693260113106183,0.4667551873419128,0.06536306808358942,-0.17482733793780772
3485,3,1,0.4070657066422144,-0.1779152356208109,-0.3205863919938495,-0.1788874658253256,0.27438152379166036,-0.4932847201805016,-0.4941843260373575
3486,2,0,-1.2589630200960982,-0.3994791804946235,-0.20951778018662903,0.41081255870234823,0.07409259118853272,0.41646995419413735,-0.12028122854073717
3487,2,0,-0.24347043655666212,-0.2880860559578038,-0.302150538956952,0.05193612071776981,0.19621827717469656,-0.09084644033761088,0.10356151194126609
3488,3,1,-0.30197608346934135,0.14132653713980362,0.3297257955772824,0.5803025894654487,0.21897908212365458,0.5620448294997206,0.3972634372696955
3489,2,1,-1.0319755553235082,-0.02740600268891892,0.20204562674666737,-0.5183501718981807,0.3350676360181618,0.6584492136215495,0.44790945374431373
3490,3,1,-0.1807444930193629,0.5365335849829507,0.3922575155070028,0.039250812833268804,0.47191937864847533,-0.07335111296113964,-0.5636816426728675
3491,2,2,-0.6016785062200648,-0.09012835134107054,0.09025982581942937,0.861180787162032,0.5493374868576189,-0.5921277819981731,0.3024784903779895
3492,1,0,-0.5018216746910122,-0.09568803426727986,0.4084399913995943,-0.5458090506841916,0.8561892943247543,0.36570464228437144,-0.14711298541030898
3493,3,1,0.2862846445581273,-0.5281526252786028,0.4726617385255043,0.6765743191052705,0.32394156658446893,0.7864912582642425,0.38561702015261795
3494,1,1,0.41961874402935373,-0.2665993682810843,-0.6594518783166877,-0.005045312816751983,0.7945281005931621,-0.7770655700139389,0.07340720889483235
3495,1,1,-0.03192914380221866,0.0432380702534976,-0.5497277551312757,0.9890129316495659,0.01166416684863333,0.31361949515011667,0.10409994524416519
3496,3,1,0.12194181438389601,-0.9646452682517844,-0.20374619668070554,-0.4649833271998611,0.08201468564723782,0.8821238452162817,-0.1712421425250786
3497,0,2,-0.47822337595672615,0.3993568326058965,0.47124688734931636,0.5220663597554117,-0.041989382697533655,0.38739042333338536,-0.15552033546234656
3498,1,1,0.3024636590378059,-0.322505032894398,0.3856634234895282,0.3817011881658677,-0.31957531199861144,0.47690064114038244,0.14538963741314734
3499,1,1,0.14299364736075618,0.4116449891937458,-0.23287568379153006,-0.9941264748476638,0.6248442079102656,0.1418960784886672,0.12593589647185666
3500,3,1,-0.4593457849826381,0.1107222341245497,-0.5512437991600168,-0.3489575921797605,1.086609017492318,0.258147805298693,0.36182085998745234
3501,3,1,-0.7561178977998951,0.4439055325142598,-1.0696681650339357,-0.00660018090974054,-0.27214788635126824,0.08451040206829864,-0.08398765932471242
3502,0,1,0.2897276040929998,-0.6077718674050866,-0.0430959034031346,0.43976739530600956,-0.08637280462975361,0.0459509108327459,0.3325622710436892
3503,3,2,-0.3489940971688218,0.24121707287301766,-0.5185619820777279,-0.30370316784565493,-0.626723467944176,-0.26082270142085184,0.31222873120161876
3504,1,0,-0.17957735701917107,-0.11974987384719285,-0.46464252189929217,0.60614223448527,0.5292922688673825,0.6040675360098485,-0.07663542778477997
3505,0,1,0.35997562739422106,-1.1898186425050865,0.6403732996779837,0.5614084637811136,-0.6699107238618254,-0.17978856229493548,-0.4486166237398202
3506,1,1,-0.14859194601961115,-0.8346810916448043,0.6088484794639594,-0.7521040478579257,-0.06295073331325145,0.4606038632702968,-0.10844216240452292
3507,1,1,0.7902383944068047,0.003734721159531884,0.4860589723289544,0.10568761909237664,0.6184656875506676,-0.9565707999584624,0.36812789687430897
3508,1,1,-0.180172803453193,-0.5017387286367425,-0.20936630759635444,1.3270657091566456,0.38874887085110343,0.9976048105928385,-0.33465999602183744
3509,1,0,-1.4720710330609752,-0.20549173421936973,-0.5433994094797514,0.32469543249111016,-0.273400364073773,1.2804968696599197,0.16225840365993718
3510,0,2,0.3851233960990288,-1.1350653821067125,0.12755060623816375,0.26515894568556303,0.6115628215285199,-0.18807388870755962,-0.19876595586035997
3511,3,1,-0.2343225420382559,0.43948254286452104,0.3636367164413357,0.6175451016702822,0.042451451192499615,0.6791531335916349,-0.11515161734042961
3512,3,1,-0.9363319165202251,0.0771769055269684,-0.010009314534659242,0.25767559041798166,-0.600548760140443,0.525447804019025,0.463410150504482
3513,1,0,-0.08703495070590371,0.3077620924787815,-0.036273418801631055,-0.15028078993727714,-0.586504459631296,0.45557243695559646,0.6334116212650854
3514,2,0,-0.23690473409069923,-0.4337507285064287,-0.01605117180344431,0.4401579012095977,0.3872114923848865,0.35548265558850045,0.29114595067877574
3515,1,2,-0.27404945353041743,-0.18234958806385662,-0.2562468474949986,0.5556135609539605,0.20906712439112,0.5078620671268391,-0.0012618818289300401
3516,1,1,0.8541390041688767,-0.14304202300223767,-0.40511188172502666,0.5741596537353894,-0.029420085184688187,0.9991820132685936,0.27574921241516587
3517,0,1,-0.8777012402983126,0.23618587130660293,0.21740550146418802,-0.4417502383755162,0.40512725394995447,0.060562666476002947,0.42336577208424636
3518,2,2,-0.3770990084178589,0.015311024058593803,0.34623663552851475,-0.11435807058797709,0.1487807448363502,0.10347833144155705,-0.44051229614014037
3519,2,1,-0.6643217785624902,-0.5910285443643577,0.2039278191338863,0.07685051208601648,0.9242973160836399,-0.01955645920062221,0.05754722208254942
3520,3,0,-0.7538369372568107,1.3818808591791092,-1.0503183765235453,0.17936386038123414,-0.07138298930713727,0.3788342514780473,-0.7587980940914677
3521,3,1,-0.0033591132938893264,0.3954876865688156,0.2844369001347577,0.20085565386558255,-0.4952732832159153,-0.6339750160304631,-0.5463634366658425
3522,2,1,0.22095391655312122,0.7685566632894041,0.5944565003084578,-0.7720229568633564,-0.13304212713009353,0.6460432301351103,0.15705474775316772
3523,2,1,0.29583603239599543,-0.05331334078122736,0.007184477608258872,0.4416807353760561,-0.2126301445815444,-0.21653149306819844,-0.6687069969600671
3524,0,1,-0.06916417760884205,0.032758928671295845,0.31376459298035414,-0.7185730925957351,0.33466747974184136,0.2156266883778715,-0.03201194992114367
3525,1,0,-0.9840668073531874,-0.606877030481509,0.36361748372286806,0.8498603641592731,0.602369743407044,0.5470748117395087,0.09322511482355496
3526,0,1,-0.07957643154791452,-0.7458886015830033,-0.2693632423171967,0.4049841862278889,0.11801178158147191,0.6960733894428794,-0.1604751019263689
3527,3,2,-0.032257070275006766,-0.18274329936370437,0.5374405129357424,-0.2980732409447882,0.5018055302927062,0.4266596014423151,-0.2774253025343076
3528,3,1,-0.7852038200918583,-0.7027210939491767,-0.45075076310359247,-0.18857410100295321,0.5531567008462102,0.06496286613992287,0.5009306825494272
3529,1,1,-0.12556995153776845,0.5778277923004116,-0.4118488550868198,-0.3596393032252753,0.7128048601299306,0.036118112927327445,-0.31761519814129824
3530,2,2,0.643920335850454,0.22377552107324863,0.9842205843666915,0.408542701975129,-0.30363239851551976,0.38954882447047745,-0.04199400240060496
3531,3,2,0.4385392308202769,-0.08608393784940625,-0.6614841958465472,-0.40845561210224335,-0.21404779346339223,0.46519713747686886,-0.12365163577115934
3532,2,1,-0.2073902780188305,0.45915051017461617,-0.24214464397656826,0.0441818394071509,0.28780881224766525,0.8415045133178309,-0.20247354961117872
3533,2,1,-0.26579603682578035,-0.20409656099806525,0.0748851379432781,-0.02127774104938305,0.6042518718605073,-0.39833410168456806,-0.6180336801185748
3534,0,1,-0.1456457586096547,-1.0184558530864458,-0.03757140847669885,0.48887469951902834,0.32505819487419463,0.2802394181419543,0.5090272683905505
3535,3,1,-0.2976942214821273,0.3572027622782915,0.33887887496235647,-0.695786564579021,-0.3509083120871158,-0.029395378625705543,-0.19190012098060447
3536,0,1,0.3001596356343115,0.5914185390263236,0.06097173878303273,-0.04609597734502657,1.1247197282428278,-0.4492122145696571,0.02448807694583735
3537,0,2,-0.8074544050944331,-0.1820207581433626,-0.1694539263386298,0.1792383564019708,0.696319233180464,0.5390873846078675,0.30059524795632137
3538,0,0,-0.1821342723030697,-0.37638280235364774,0.20386680257260048,0.2614342299772177,0.002904511779402343,0.35229789154571184,-0.22966689960275588
3539,0,1,-0.04199763274880423,-0.6763196759636747,0.13935862942332813,0.44932522961730287,-0.21677824190903644,0.7417452499357661,0.2896631316671873
3540,1,1,-0.5858738644928466,0.7845855553863058,-0.2445972756512656,0.04913516222046946,-0.2861580083730523,-0.553759233409952,0.03880047742664695
3541,0,1,0.43370397132783023,-0.660542113833702,-0.11923137497752723,-0.8481818592367161,0.6040088339125588,-0.07897659173920354,0.12811219779118244
3542,2,2,0.10242307089677716,0.5094198062509587,0.8714001592452049,0.8103311879409225,-0.02052054174312459,0.19376530253747112,0.2843186338640535
3543,1,1,0.44461361276333333,-0.8676063804285808,-0.046358175212638644,0.18082455980325374,-0.16217159741790546,-0.7956885231947457,-0.5568062551583407
3544,1,2,0.11776842292020998,-0.6352742729104819,0.5396929317494589,0.370619312900376,0.6413778968273115,0.3870954208492563,0.21312164591931254
3545,3,2,-0.5097255350429035,-0.36090920186117564,-0.6076813899923241,-0.24488177843739614,-0.1757126642565648,1.4675459119112002,0.03217759374877404
3546,2,1,-0.484437064758763,0.1892208131846382,-0.028121396626791306,0.19822520432956908,0.4783436757484315,0.9956071461941797,-0.25506461217341986
3547,2,1,0.4571656928850317,0.38068642006117037,-0.486698825827473,-1.107385167510828,0.2757262238597215,0.4567391258929343,-0.017074120752557088
3548,1,0,-0.3884572094013473,0.09801861064671691,-0.5204778132148906,-0.059069308555585634,0.27018935859767235,-0.3103224871313909,-0.10252161627104588
3549,3,2,0.5022695399874724,-0.7618378000198834,-0.3414071690270972,0.08744650906265376,1.1256273517003659,0.6296110935125528,-0.3301409044247077
3550,2,2,0.1985329139323658,-0.9036776755226303,0.03541533292168725,-0.3966415962554694,-0.15543705244770553,-0.8728113015560087,0.10669421962816741
3551,3,2,-0.2445918264793783,0.11536133190658468,-0.348106374057416,-0.6123963172537442,0.3421499760448775,0.37246279383615294,0.03713865763293971
3552,3,1,-0.06269186019003004,0.3691458406736846,0.11947644845610589,0.9080226319406424,0.42180963718446907,-0.33580782382519103,0.14439701264397015
3553,0,2,0.3144554495338926,-0.34192567799306195,-0.1056291719338018,0.24925849653046336,-0.5572094000013,-0.45352084879613497,0.6577862658825936
3554,0,0,-0.08456917155085111,-0.6605716549244403,-0.3099409564264657,-0.07657569104760464,0.6480783629193559,-0.20100329201428221,-0.005899300587110238
3555,3,1,-0.34517610403181154,-0.05141667015806571,-0.04351325595427198,-0.1678157660883868,0.3533989405595741,0.23670235797525424,0.07759884662961307
3556,2,0,0.47050678937173773,-1.0442587558316656,-0.5205902665961978,-0.14425479755593942,-0.13189493928801696,1.094749141283958,0.20161428881317026
3557,1,1,0.06306314615648048,-0.8415337651224747,0.06453011591283311,0.044946070080559106,-0.0902165324088802,-0.15271558841799113,-0.1093824872275551
3558,2,0,0.311106200682572,-0.6637246063722978,-0.23551990419758387,0.19753264986790958,-0.09765818367378372,-0.7723153405092477,-0.09006433352322994
3559,1,1,-0.19781408256072378,-1.0255620448783,-0.3814607743779653,-0.1740255055828128,0.4823624560036586,0.6082104638806105,-0.8966638794330579
3560,0,0,0.045179341948526186,-0.6994472535480682,-0.033274010849214476,0.2129907755090721,0.3260092463574548,0.7099461437335942,0.3458355117588545
3561,0,2,-0.41454048448004743,-0.001447030952058559,-0.11981426784758648,-0.6466818513821115,-0.16107346020776417,-0.5707494013767532,0.1037566074446158
3562,3,2,-0.5237662739416366,0.22886161864975654,0.06337953922254812,0.4593366259277265,0.8363153140214605,-0.4990668141219553,-0.21911542092294709
3563,1,1,-0.40532132819879085,-0.06346481426685979,0.10527503563240079,-0.7278699828825685,0.149627435013401,-0.31617312647509366,-0.3915396216949255
3564,0,1,-0.7194477985892643,-0.45137515961919483,0.09995173932606136,0.06572705693256241,0.5763049355428708,-0.06588219223383388,0.0030688678017032076
3565,0,1,0.10255610021473471,-0.03714130421405541,-0.4218040164822349,0.3018671012464914,0.45239630419280735,0.30887623157512467,0.43059345888612877
3566,3,1,-0.02200928947224344,-0.6211594827704173,1.0798300413736364,-0.1390049536523052,0.15084664230233258,-0.36641848818769085,0.14632988980889142
3567,1,2,0.5513697031887445,-0.14998762770549542,-0.08605449146390523,-0.17560858686076558,-0.35360620984896535,-0.22289338898000424,0.17053931586919396
3568,0,1,0.25523571789658694,0.11798147792415223,-0.7276290372643998,0.2969131515749448,-0.1487662736888614,0.3771607457664484,-0.2017538293270829
3569,1,1,-0.6628535575358231,0.45492110956683074,0.3273596874140568,0.23942114526994407,0.30432240354861745,-0.6871941584220951,-0.04701086881078091
3570,1,1,-0.010010183687386404,-0.06352940355986432,0.48334473964037,0.418426467343188,-0.21815212258339942,0.12237818973568454,0.06861950350652785
3571,1,0,0.1738932368184755,-0.5650845048141638,0.28995256496610816,0.0011990802615797023,0.2373078721901902,-0.5311796145709643,0.037290627611397044
3572,1,0,-1.3926276234644246,0.18707238761831338,0.36252720953114737,0.43737639470420137,-0.19348036139972818,-0.06184107409517517,0.007533958737917799
3573,2,1,-0.28275302879130326,-0.08146116601910136,-0.12094978000578074,0.9273200502445937,-0.30602115319373613,0.036862616018978556,-0.050581605270301366
3574,2,1,-0.1624071082519197,0.2914627031172886,0.18508455798658055,0.12214338343648207,0.8314357521616808,0.7736311272605175,0.09074613358016806
3575,1,1,-0.27261401929828755,-0.3502091867487077,0.1557697816362979,0.3364680018307438,-0.16865698269466373,-0.4912505936015601,0.049947114993986796
3576,2,0,0.6431185237995732,-0.7427827088569481,0.9193374562349561,0.49345861929893614,0.10930417021846138,-0.032835927626967715,0.4431725146278007
3577,3,2,-0.2809954209468733,-0.374588848100613,-0.029068688319988323,-0.03392343279365719,-0.44987505735143946,0.5272484724031097,0.31862333976147184
3578,0,2,0.40345919149714804,-0.15319789270361261,0.11620043199340788,-0.013898721401279452,0.2447551238329514,0.214829791140437,0.04610942929744543
3579,0,1,-0.5685331472795828,-0.17273759250212173,-0.2103697215559912,-0.049015709508164605,0.17597137594884457,0.8609960463561912,-0.2191102750666447
3580,3,2,-0.017569847211313855,-1.0700923386184351,0.7181796996073725,0.4242338666367427,-0.30129154200958985,0.4482513880175265,0.23446121806393913
3581,0,0,-0.17239697875705687,0.4823315424441462,0.028137182693632874,-0.1894213672117666,-0.2668892591720518,0.6803040919755571,-0.160516780697533
3582,2,0,0.5385472717376502,-0.35204897243525246,0.28645994122835067,0.24766961379434727,-0.21824209930717378,0.9564535116361363,0.13708901271374863
3583,0,0,-0.35208407850522394,-0.4205918023502634,-0.23072969125509746,-0.042099266840016546,-0.3288607383409204,0.6147459877120739,-0.47954793686784924
3584,3,1,-0.7638675189051537,-0.6987589849820873,-0.1675257131596815,-0.7261354071081841,-0.0956963928097286,-0.1820132981906549,-0.2222446785193445
3585,1,2,0.8223708026805026,-0.5519802635435056,-0.25191259792626947,0.7757146338235336,0.36981940763787086,0.8975601546013805,0.5861674827320765
3586,0,2,-0.9375260558616806,0.2876686980737714,0.41836431283261244,-0.13368395215776308,-0.6886027112257808,-0.4897496031937453,0.19115698456322486
3587,1,1,0.05419769051398743,1.0349085688347157,-0.2598536437225946,0.5210777675561233,-0.6039480350727953,-0.2851516058301278,-0.09013025668175778
3588,1,1,-0.40820246206898014,-0.447669773887287,0.7047178984884256,0.21388452481902914,-0.6558247748933346,0.053013652146646315,0.0919477954015675
3589,3,0,-0.10880276047984108,0.47327869512840326,-0.37518225221086676,0.29154429471362,0.2888286440431018,-0.19130459731286378,-0.26842733423201837
3590,3,0,0.1665432177504911,-0.5324979475071324,0.37017770664269617,-0.4321629857798371,-0.0070974765949014295,0.30092036064435607,-0.35452912393955466
3591,1,1,-1.1915369057885705,0.10925819277561691,0.12052210989321298,-0.03669889513657831,0.1728544366221445,-0.5744494808677845,-0.11276870577799948
3592,2,0,0.29614056667026034,-0.24325901395691826,-0.28047302562456816,-0.13315345429428654,0.6231712047334734,-0.04680670835117093,-0.057570574908503175
3593,2,2,-0.17008546630204222,0.7305397412531057,0.2972806260811806,-0.09528782365287437,-0.058076440834115825,0.06290144235092755,0.22378420301160964
3594,2,0,0.3774373868715195,-0.7388886617770412,0.4035939447215042,-0.459102417380612,0.17842899160293565,0.4090678884282123,-0.013493974215323357
3595,0,0,-0.20953631676169251,-1.1371706465314018,-0.15159654312237866,-0.14983193226682234,-0.16094628921477575,-0.5820258006596665,0.06095074215164906
3596,1,0,0.6264947324675058,-0.011772527991159576,0.1059623591205565,0.7035991903880321,-0.5237236697558526,-0.18293921100503532,-0.04291502872887062
3597,2,0,0.07628563604919825,0.346108133112778,-0.44095163648970087,-0.13896275752998383,0.1408898597088756,0.28745923317403355,0.20598799239302537
3598,3,0,-0.4538545190287986,-0.17178886898422036,0.2254636493159068,-0.055833583026061916,-0.09753544088067267,-0.31045431850671257,0.09757806486507192
3599,1,0,0.1369084804522545,-0.6093782561055708,0.004653981986597294,-0.1367787363115054,0.24420277037499397,-1.1160538682466319,0.3655542435464247
3600,0,2,0.13612221833215807,-0.18112693227450852,0.6892521774761657,0.6677006933273183,-0.3814528265665146,0.4284766942579291,0.44873561832440356
3601,3,1,-0.17440381692562715,0.1605255379438951,0.06020962322918151,0.020826746856659858,-0.5143174013061098,-1.1212708315608007,-0.29061673176423336
3602,3,0,-0.6107014371434537,-0.6760950009639359,-0.4409626709915784,-0.4495522451277914,0.4324941995036104,0.4223969762773637,0.10312564615695827
3603,0,1,-0.6270339292694413,0.06707288116947763,0.05254821020152551,-0.20605301042085145,0.16572124661952353,-0.1578142794780473,-0.2413713044140172
3604,1,1,-0.5055479034126527,0.025138233152909695,0.03429117259482323,-0.29614719114552623,-0.7929112667706565,1.1178872287198969,-0.14190222249069556
3605,0,2,-0.45091178885221217,0.7067072767794581,-0.207229349095602,0.6918378637603413,-0.57243739549592,-0.1657280665276926,-0.24244591965105888
3606,3,1,-0.4262375554498675,0.015485888484502441,-0.9417692880966595,0.3322644339984293,0.687770502618791,0.5927500093384331,0.3456519849220316
3607,3,2,-0.6074893435790781,0.5663488163389745,-0.1987981328018855,0.10612009253574509,-0.3018555891663213,0.921207101771205,0.13578417372429527
3608,1,2,-0.38169302751508616,-0.6612428194132504,-0.03304883952607625,1.2986211628099877,-0.16371303689591699,0.07914863438776408,0.7801234401603273
3609,3,1,-0.5165240352035637,-0.01568370809887018,0.25415011516676456,0.24977916960628152,0.47120875512376803,0.3354423810474245,0.12758957429476137
3610,3,1,0.5929079700435137,0.37073416993394015,1.018044966257038,0.19662958200883615,-0.2835191622102333,0.29480905317227135,-0.12307614028208531
3611,2,2,-0.581445250283469,0.016498586873329252,-0.37325810865216813,0.7753674226542074,-0.04832413942653075,0.06223598593366782,-0.059560261999857964
3612,0,2,-0.1647515782894658,0.6012972901569463,-0.06452712966910788,-0.7163772616860047,-0.157746772482848,-0.1371208114531068,0.09457950414554514
3613,2,1,-0.7246559026838375,0.8853401029697642,0.396350013289004,-0.17303547794442353,0.977987471010552,0.15053326695667488,0.4333625236382628
3614,1,0,0.5464611369984116,-0.48315561470879187,0.3642112797725032,-1.3967616023005833,-0.4137458932682689,0.4211690684120608,-0.37905816473414744
3615,1,1,-0.1752554955702369,0.4130669421075619,0.5453987276775829,0.785495724737509,-0.2752416557593439,-0.13125673448960265,-0.06764304318584409
3616,3,1,0.3901774575160043,-0.5495321710615085,1.2876080279394513,-0.23541031489901787,0.0904271764113237,0.5190521154887465,-0.17014216125590192
3617,1,1,-0.68666007855346,-0.1132499217625072,0.6044359478220078,-0.34770111881406696,0.020569701878885342,-1.0977306077148508,0.6925692516786731
3618,3,0,-0.258274535654865,0.2508223876272193,0.1294464696442644,0.961538468715223,0.6429175111568519,0.35882960322271784,-0.06921024102305529
3619,1,1,-0.7225796488155038,0.3377248777507732,-0.22469971970465857,0.3833798781057004,0.29631348389614093,-0.0605610552106548,0.032300088258679464
3620,2,2,0.6134145696663035,0.061167276292851014,0.19717724380318752,0.13688073676775284,-0.6647970370715073,0.5938851355717228,0.22146565438532792
3621,1,1,1.00199935156044,0.08050991092405008,0.5713383483518789,0.6351361551286092,0.40806341668355295,0.03875228060342714,-0.020760053906375565
3622,0,1,-0.19522556696661506,-0.6780274587773945,0.12459332997406022,0.4705911224971431,-0.41766767781205116,0.8153382740471565,-0.5695605592272177
3623,0,2,0.21934864384705563,-0.45220870231100607,0.12472060942378338,1.107116895700008,0.3019931534603772,0.4839722170095456,0.2337978705839375
3624,2,1,-0.1355929938650889,0.2202996541396722,-0.02353046672725209,-0.10019108204478389,0.11938078579202244,0.004039619593618926,0.8670322300481476
3625,0,2,0.6687461179327627,-0.043393468740077004,0.2736488587487493,0.8164642777678912,-0.5641180944667067,-0.09171425725984608,0.28484842199718363
3626,2,2,-0.2737833513316146,-0.134254824419141,-0.23550396693738038,0.27407186208922046,-0.03550929516025132,-0.20679653363945363,-0.2842615353831525
3627,2,1,0.06857084849968578,-0.8659650053150629,0.12521698263476497,0.10477520130107351,-0.3730103329079084,0.30579423387303806,-0.4269713300985502
3628,0,1,-0.5350361618943295,0.2528036502380986,0.3379079002089611,-0.3765468325471876,-0.3598790388706486,0.29343394879208234,-0.06230950962879879
3629,1,1,-0.23771121402405426,-0.8491359400587766,0.4171415429156129,0.8097347042561415,0.8069472544706842,0.02128295379495776,0.10564639527585211
3630,0,1,-0.17669926181063245,0.7071789492008619,0.011963055936187312,0.06868676246073865,0.5116601291742972,0.3057694179928525,-0.09341243504209806
3631,0,1,0.36048879742111684,0.9009441276243838,0.3147669435597276,0.3584503659388356,-0.21664404550953031,-0.1982876240304077,-0.19291148755669885
3632,2,1,0.07535404265815271,-0.5935008314172977,0.05624187000995062,0.2681873824647295,0.06151626039049936,-0.11665435936558857,0.02675890287729748
3633,3,1,-0.358009727347004,-0.2322006633794038,0.2819355592288703,0.6636551234013072,-0.3860896753525379,0.7914065528918895,-0.28687221362937965
3634,0,2,0.1532569801665675,0.029138478879031315,0.023886939376083147,-0.3591901341258524,0.24508432389407417,-0.4065229545303519,-0.07385701470162821
3635,1,1,0.06709054374046367,-0.9068668360168733,-0.014350149175765459,0.8982153214570845,-0.8298734516499637,0.43736284924772095,0.1408289564718381
3636,3,0,-0.5007486732923023,0.33946553088270204,0.4266966614554772,-0.49533585546060327,0.8610471437417184,-0.08004980363048395,-0.3655525437202218
3637,3,0,-0.28967341634613,-1.1826757780412165,-0.2575245943378646,0.1523026350786809,0.7739009810364603,0.22235035473919487,-0.29060662367086415
3638,3,2,0.2299864377844927,-0.13176557137675168,0.2927668871935524,0.307855100626538,0.5516855251264151,0.30143073791144703,0.18297418366388216
3639,0,1,-0.29889592274263244,-0.3793766941845381,0.348598816355765,0.5103430826141901,-0.21929562143715534,0.31022688927641784,0.03455005259280681
3640,3,2,-0.4124923081430024,0.22008638670648648,-0.3294879214061372,0.015145472988366517,0.32253278086832515,0.5902944854324774,0.21017243615281295
3641,0,1,0.5452261108152899,-0.6199345893541861,-0.2239650483205085,0.17784594071835866,0.07330827259831975,-0.5092708950278467,0.07969714010654019
3642,3,0,-0.11278975672406266,-0.3223539535936262,-0.5039925699196918,-0.06071085958800319,-0.5405810286861262,-0.30443529687337534,-0.18093738924685
3643,3,2,-0.13181472129905417,0.9703120894696203,-0.03816116487746732,-0.6068881948519439,0.5423150754039598,0.7654695667884086,0.1961326663642108
3644,1,1,0.7588834454653303,-0.23876625575891217,-0.019721189795157225,-0.23178155033025397,9.94123414987658e-05,0.3356220736855303,0.11655726277451667
3645,3,1,-0.4002633353580638,0.12464772389299136,-0.5814115911848238,0.696659417239214,-0.09927381865116396,0.2601083513447906,0.11648141453397878
3646,0,1,0.03209686341279791,-0.7701946470727694,0.006479360915809907,-0.03496009518491636,0.3628696937333515,0.8955010817111307,-0.2092777774296915
3647,2,1,-0.7370220796050369,-0.39746720422948356,-0.4168667646884157,0.9520923330751445,0.0663336654059031,0.24802629658320324,0.40189472644543306
3648,2,1,0.2702744956755758,-0.44164560477447445,-0.33154295462448263,0.4097381787904471,-0.15759043445187085,0.1747238136033826,-0.12894921556658656
3649,3,2,-0.6805921494124386,-0.3901292280134745,0.6297406618195391,-0.33539012530668116,0.287945688715796,0.33169409617446727,0.5937566043621153
3650,3,0,-0.8558239931162788,0.06993683318476607,-0.0256025823198322,0.6274120401614978,1.174707798481763,-0.1544368066348343,-0.049112506216211584
3651,1,2,-0.05515471343054655,-0.1397687097128342,0.17942630547658436,-0.6154251808416288,-0.06487806596958628,0.34994255393606843,-0.31140845676391826
3652,2,1,-0.030919118576958546,-0.11133168305209443,0.08470435882048592,0.5842038778710787,-0.31657341893982077,0.2664925202415798,0.37184915508223465
3653,0,0,0.8132406436677893,0.4130872641940858,-0.7485406430319088,0.7824033305058492,-0.09102793849708903,0.2517106726260012,-0.21080456898300856
3654,0,2,0.04054729085580941,0.12673630060133292,-0.2863405705369372,0.37319434720670885,0.0013594786388043973,-0.4273799425157073,-0.3751848570631069
3655,2,2,-0.29104326158994576,-0.044846724806338265,0.1475114113157415,0.6356820579114338,0.27082213664858634,0.0461759980549426,0.162506078610983
3656,0,0,-0.26862057360817393,-0.03363953834885612,0.1813089727404994,-0.37438102270799084,-0.6242488567149013,-1.0887989207135722,0.1105596251890854
3657,1,1,-0.3332417515559084,0.4821830289531732,-0.04591457926929415,0.20532121951806634,0.2801789402572636,0.11067108786556334,-0.8376256533997957
3658,2,2,0.16992241249802406,-0.37413099249473725,0.4591703204311272,0.7061351225798824,0.09981196603964486,0.29464001463801404,0.23360974081320957
3659,3,1,-0.3814189580029258,-0.5347331271592145,-0.13334460000470413,0.3025770871835305,0.4234804328929482,0.18166539616515678,0.0888592538997529
3660,0,0,-0.40222117768209076,0.21720234887823922,1.0394627546884043,0.20012533283534908,0.007956544611569326,-0.40180047363666127,-0.2555148732535689
3661,1,0,-0.28149131423785545,0.37925638698649056,0.6910667457205881,0.7283507998851444,-0.5532094465316485,0.9009909610756489,0.068767454825471
3662,1,0,0.3285844429127137,0.20471712875810497,-0.08861790875951431,1.0730324675833418,-0.26974201013076904,0.4213799841174318,0.019642179067370123
3663,0,2,-0.31669655747243797,0.0814895086036263,0.9064944893497201,0.632693240714067,0.3485233089077567,0.2422897457449617,-0.23277705313933394
3664,1,1,0.013491910370408727,0.13100242861736208,0.47102368298023856,-0.08965648008282182,0.11406878346381231,0.1866897977852527,-0.24950885391633215
3665,2,0,-1.0750993040290318,0.5750110333478258,-0.3243724112001847,0.010445490014102948,0.23421404448569036,0.6524320459599499,0.18944184691750016
3666,1,0,-0.00477858322556525,-0.6586084214440748,-0.07689978213214138,0.04294998568160741,0.9165408548555058,0.32661763654124143,-0.12853328794299315
3667,1,1,0.25008369606963843,-0.5157769657128117,0.24559331565247056,0.25683136946237717,0.3784767662681914,0.235465095128847,0.442824581579265
3668,3,2,-0.6363407156460087,-0.09189359134204826,0.38196562439887544,-0.12877814953100425,0.3991234467809835,-0.05390986268983283,-0.4134106801573797
3669,1,2,-0.9093064576772563,0.11638044818206919,0.5346971868834534,0.013130695658741394,0.7195718754728251,-0.22484701161825751,0.18489116132685526
3670,1,0,0.5802612246665385,0.45219994722452983,0.5539863603848321,0.1867456862165724,-0.4709228781114227,0.25845567521147617,0.1525522724250671
3671,3,1,0.21494894415486746,-0.11506039246448341,0.252980633541671,-0.02790537245240579,1.3809111197486201,0.6765479521972178,-0.7508184889581979
3672,2,1,-0.8544874159318621,-0.08677572400999409,0.22167288376327624,-0.11430908453450668,-0.08139356484939962,-0.6464810669488843,0.22295976329456765
3673,1,2,-0.21613827050423856,-0.20250294269683036,0.46014332871132374,-0.8546108585432751,0.23133591552574215,1.1650289195971408,0.3393947080918282
3674,3,2,-0.03346597445507081,0.24848955141121978,0.14227624244886905,-0.5518090246675733,0.25269045743789403,-0.36335479464781884,-0.07485075976644699
3675,3,0,0.45181753715527695,0.2853281649471425,0.6245605063885341,0.895238975763893,-0.4018100141629629,0.05818947020444405,-0.05318601210248839
3676,2,2,0.44627647833422435,0.2432067852619962,0.41496389671564343,-0.10490896349363686,0.9548182609556168,-0.1973513380002382,-0.4537879222353121
3677,2,1,0.3279795380702969,0.40987910715755405,-0.2227547433872651,0.06265819150568983,-0.30963037074686883,-0.1418426636024133,0.07907506384144941
3678,1,2,0.6226095665605702,0.5587450915403112,-0.01762144040301772,0.10830708381792259,0.40169040854365945,-0.11999471750931737,0.5541749737325092
3679,3,0,-0.23288792997974161,-0.22347630854969663,0.4002661784129515,0.4461591920622775,-0.5485199327669592,0.23064533990667926,-0.11729640947318484
3680,3,1,-0.04503560182477869,0.4233726430359678,-0.0812134440522673,-0.18267844482507828,-0.1132185205757935,0.39424719600443636,0.08484120352187134
3681,0,0,-0.34057439224740993,-1.1227537973318598,-0.057445189753510255,0.15561469595168675,0.2509294440791837,0.564818124986157,-0.29229162094177635
3682,0,1,0.27937818398217773,-0.375731176562791,-0.1948123508839589,-0.02242885988029106,-0.054234717689528034,-0.5046364892741841,0.008733763018984668
3683,1,1,1.0560015475389437,0.045590704847623564,0.09509872791631589,0.05002139405900313,0.4355155389078686,0.47039040947025645,0.13085387229851309
3684,0,1,0.03943224500069745,0.5278626645250742,0.0493070986434945,-0.4834230072118552,0.04784875711768967,-0.6537802192742225,-0.038445268108267205
3685,2,1,-0.349848105408526,-0.014357072296596135,0.48972991678310307,-0.06304978611659384,-0.17602096845461296,0.5362163883125278,0.017579135732943566
3686,0,2,-0.9128677312971671,0.14634431354766883,0.47298887588050303,-0.9295135272078697,-0.053218788871299876,-0.3620121697642692,-0.16047271450120018
3687,1,2,0.4949381134574138,-0.3136761698261419,-0.008049858187885728,-0.08938785384183712,0.06672217574421387,-0.24950169317735812,0.6366159904221026
3688,2,1,0.42069801981649557,0.5812860351492712,-0.11489030597917407,-0.6688973924644112,0.3517289795663297,0.09679932168877609,0.07395615609351794
3689,2,1,0.621602440381157,-0.46248285060238714,0.040765618061328376,0.6224079174734942,0.2098266402628705,-0.13623621391541293,-0.5716463230708645
3690,2,2,-0.9156665711288181,-0.6036870895191225,-0.11947429371113549,0.26240597445655756,-0.6674855275597843,-0.7264146687028018,0.21917300436566545
3691,0,2,0.14747504795576227,-0.5132490949458427,-0.2842325146944169,0.2599802945010461,-0.09886538919768716,-0.9042497318946431,0.14775229865779163
3692,2,1,-0.8936881534117989,-0.7452370421642913,-0.9034013140839964,0.03833118914913118,-0.5805015671468549,0.18160219487409046,-0.15480835684035452
3693,3,1,-1.1993110844722465,0.39766788454121005,0.613968063254834,0.4358973381271113,1.0441750744833957,0.4310879410531999,0.6736520217174462
3694,2,1,-0.34362472415389184,0.709271509557448,-0.35976558098320854,0.2588215869678891,0.2590633615474442,-0.11569134327551231,0.08992614326839188
3695,3,1,-0.38228155909387895,0.3376394318982955,-0.3632013016679227,0.16198712008564398,-0.11767104974795772,-0.24666957355353772,-0.11974103353671128
3696,2,2,-0.4046839161874185,-0.14361987954907396,-0.45099625059355886,0.24636539530165805,0.3050692785400854,0.4940862232667034,-0.07181784038187755
3697,3,1,-0.21879429895661823,-0.5687296349274885,0.8499289983811066,0.034512454722111424,0.9373480065011398,-0.15497842788424934,-0.19599003547880353
3698,3,1,-0.10444969359693228,0.10021919751979827,0.28910423411946656,0.13273539758638186,-0.14915816652861494,0.4930534037245915,-0.43497490445747417
3699,1,1,0.6311897790946867,0.18324120302183863,0.3008118796836812,0.2506924348755988,-0.4796257876356675,-0.060931601416203296,0.2345865837480621
3700,1,1,-0.5432379072891085,-1.1206922903004664,0.46038379275477737,-0.7216308494691825,0.7661947746388903,0.08719483950761865,0.013764162049896363
3701,2,1,-0.7034824055838581,0.35177237731837485,0.2964832185517079,0.5849709130900193,0.7489313511303483,0.6960705316086468,-0.030044449568932527
3702,0,2,-0.743744402911032,-0.4427955767139875,0.42910144902962805,0.38587356898323294,0.2726391547168986,0.021068252396329673,-0.22944955073920023
3703,3,0,-0.20468715063963988,-0.3988640152216393,0.4979027164262788,0.30133782670547005,0.08309966512887473,-0.3588790387866361,0.0583616198898888
3704,0,2,-1.058513232081686,-0.6936146713890095,0.377328442925547,0.1329500757823006,0.24335539936956876,0.436365944936433,0.19110028277686444
3705,1,2,0.23508468008745606,0.5039548356412719,-0.38192401688663485,0.4246014897790848,-0.35014918704643233,0.4830667797160346,-0.21768816661019427
3706,1,0,-0.6663092221832824,0.39659520095572454,0.1359978999211268,-0.1772427261399248,0.7047507295167894,-0.06451165721981805,0.3591409973841041
3707,3,1,-0.5028929879556054,-0.25965275886917827,0.055510933547904054,0.0242701251746079,-0.016947350532809633,0.05103470355207032,-0.12064149399719301
3708,2,0,-0.6403383325804205,-0.3599383967862262,0.3647068238730273,-0.28617575686604024,0.02791650635876417,-0.009629688040810908,0.175395659783
3709,1,1,-0.12684900716694156,0.7565253047702292,0.5309463625361382,0.9069248663749815,1.6073169492916353,0.09480746127649067,-0.4226668256600968
3710,1,1,-0.6364788345192957,-0.8157699421672802,0.6067949538694574,-0.6561980992152892,0.7176137252716873,0.5938051697405604,0.1478869887282825
3711,1,1,-0.27113776888729624,-0.26295584882986894,0.42296943037955687,0.8462490814923249,-0.14018484842928247,-0.7721938393025698,0.1484472189842575
3712,1,1,0.19116290455367416,-0.8726915721548079,-0.04513183941485363,0.1132094246959994,1.3024532021383735,-0.4858412515924063,0.0561498761676472
3713,0,2,0.4377439593609397,0.349593409981525,0.16525445557501006,-0.3721534371378565,0.5967026318499388,0.38949246896472783,-0.2907473431518198
3714,1,1,0.49395098844929586,-1.0031868255274161,-0.15611004095307376,-0.048471185401645876,-0.021393520566309512,0.1495632707670877,0.2888738514395776
3715,2,2,-0.41839903152420277,0.06796327123118692,0.009010828667710824,0.4375340392365935,0.6788783260427794,0.3747459557002239,-0.14340151133584936
3716,2,2,0.04246851219969744,0.3820400248696185,-0.061269614914538285,-0.2096631747989568,-0.2833715414759481,-0.3740530463546101,-0.2879591556616229
3717,2,2,-0.739983191212183,-1.1653330156281894,-0.41178840751246143,0.776234341357702,0.4637464397139485,-0.40053011784051384,-0.0831808072445613
3718,3,2,0.06542653972380244,-0.03148779275164661,-0.02807161488969008,0.4387604190559611,-0.08887546981552251,-0.421797008368165,0.5463922813780567
3719,2,2,-0.13234344140114393,0.0669704279627284,-0.12741947773509632,0.3793958836387754,0.5072912953555776,0.2281191506702326,-0.038710234736807514
3720,1,1,-0.2821138182762484,0.16201123504474144,0.6025224888016956,0.8958220293253797,0.4777668005246464,1.083434173384851,-0.1712287100535894
3721,0,2,0.3536775129886035,-0.12103155468889773,-0.10378960336871053,0.934271625204078,-0.19547401905913622,0.7934680126209231,0.11899133752288904
3722,3,2,0.4802076906761753,0.14759389514488555,0.2205757552065889,-0.30495926968230463,-0.10581259335040116,0.6337103734149815,0.11480248453762511
3723,3,1,-0.8437863671367362,-0.5820962084607548,0.36671228309585846,-0.16996773880068225,-0.17373271104626736,1.2518776605108664,-0.08196619416694265
3724,0,1,0.043705692269463914,0.7481478681589905,0.34447229530817786,0.6450225554068625,-0.22193726680645504,-0.20427409973346825,-0.07563516183229514
3725,2,0,-0.32314076010746196,-0.03659632895368124,-0.20786334478832674,0.20082939829237922,0.07782675675447069,-0.5811539306701315,0.5907922760933438
3726,3,0,0.10960151591206865,-0.270873158541897,0.039360694378639045,0.06580908924551375,0.043980531624642764,-0.2611311075198126,0.07581213171468225
3727,0,2,-0.32381720577598383,-0.3298161939012062,0.7241440787764497,0.21425544064875707,-0.014297119828917317,0.14724328075044,0.24346453275200242
3728,1,1,-0.021235125633469756,0.03151260143197751,-0.23527011301951173,0.6561477952068743,0.500163942339336,0.9647384255308032,0.13328679306927627
3729,0,2,0.7009237486675429,-0.15741309286306981,0.44778844946478014,0.7028590034274973,-0.3422718832561958,0.42226907472131836,-0.16967589461474197
3730,2,2,0.2984191256683246,0.5555197587460692,-0.34406919344001197,-0.34524617676551206,-0.5116209438334767,0.39838657818704715,-0.13151962673154954
3731,1,1,-0.7966096882068675,-0.4433406613980523,0.6270363686147098,0.17781735954751918,-0.22892975237330615,0.8840045952714057,-0.24843083558155096
3732,2,2,0.7157541625297658,-0.32011634963021623,0.20997865027239082,0.27467321821618956,0.35828208343921353,0.07108261203890515,0.09179771085795933
3733,3,1,-1.0578341531328,0.3071641619462351,0.4699120080997905,0.18964940363795676,0.2374253352308641,-0.3001209968362962,-0.28339803615864045
3734,0,1,-0.6235851356272875,0.08693743957255906,0.20589470046065825,0.9559748432970243,-0.7644579540580144,-0.4233102988132408,-0.47382761853206085
3735,0,2,-0.4412996983612527,0.31249187287254476,-0.19411124691767903,0.04557050787369643,0.17110088393884162,0.17104601790321136,0.09802780626320463
3736,2,0,-0.12120857831660119,0.11715887229916536,-0.38251994571466597,-0.27336406249290657,0.18483521001711,-0.33975079781535567,0.14993754420817282
3737,0,0,0.1393465965262325,-0.4788942540476504,0.2232374329663007,-0.07315561670290377,0.23364104840385158,0.2583227374892086,-0.22479718519240385
3738,0,2,0.008380222886555488,-0.8854277865392222,-0.24861907438436345,0.5759081229314239,-0.32240729904058807,0.19570374362186116,-0.24328718564215562
3739,0,0,-0.07401103078655825,0.24532086535699757,0.2928105920520817,1.0366022151429872,0.12762379795804418,0.7294583221906841,0.04214845674164934
3740,1,0,-0.1341528504666047,0.06669507400219332,0.035811419215060765,-0.5502905063658508,-0.005120842318914303,0.16700712221151673,-0.24220362530171502
3741,1,1,-0.31338625730844005,0.3310875146277862,-0.019812869562805802,0.20250085042816737,0.6972451835693254,0.23377076749750614,0.20316268236601753
3742,2,0,0.11271354021577287,-0.45051622078421405,0.6015111160269335,0.8131222802877791,-0.48029014464269487,0.6681704769847423,-0.21770865991669078
3743,1,2,-0.5077566474093979,0.24827798307319784,-0.03768392255491775,0.44622662846864014,-0.011997818055767388,0.2064401473665178,0.47122895970451495
3744,3,1,0.7371522273786517,0.06375886393750504,0.19111402883262238,0.5237154913461417,0.22618337389141194,0.5138915792786901,0.42515133641882713
3745,3,1,-0.7593229679408003,-0.30330333912308616,-0.14121067778831176,0.11979947671320647,-0.32340719461222767,0.40649596916833153,-0.12710628001435578
3746,0,0,-0.40773790298400914,0.0573461596477729,0.1787354452700276,1.0176661160101235,0.46295178205604104,0.7279472071873029,-0.43252774044817205
3747,3,1,0.7413466607645371,-0.9279968926318054,-0.05158068447975037,0.3175187829088998,-0.32771272711414107,0.8547765786292405,-0.27481213659296927
3748,0,1,0.05993225548734474,0.9187041474315082,0.047043125262624275,0.4906765787929459,-0.19686456529028,-0.3953483164787659,0.03783386436247852
3749,1,1,-0.5975275176395898,-0.669000960491749,0.9164781754088447,0.047659376126569925,-0.17525859471886987,0.062478040095184095,-0.33338818936524467
3750,2,1,0.27562496429520067,-0.6338888667174206,-0.13209657269709404,0.7966460434529612,-0.20130098224312123,0.2628969652525957,-0.2330198644185956
3751,1,1,0.2923170095914047,0.6411220589738049,-0.37909396278983193,-0.25273047063116527,0.02304989475023216,-0.1335592790273147,-0.5337930792486963
3752,1,0,-0.06265296296061798,-0.02782579432285183,-0.09554313075338416,0.09959436062539269,-0.12760099372424824,-0.050318000816243935,-0.20901456358059908
3753,2,2,-0.10091145909051598,0.3785990703604898,-0.6014019039521672,0.12493002117145091,0.0754707840140249,0.4883811729217621,-0.09638080037945194
3754,2,1,0.65007125051227,-0.34854529119664646,-0.10579838061542297,0.40810610558374805,0.056703099747376945,0.09509968291664875,-0.14563100447079233
3755,0,1,-0.5841318548871933,-0.4140427290878096,-0.23603442005639308,0.579128955566218,-0.3965665987185449,-0.2600578329119527,-0.15881701793950362
3756,1,0,0.06618380884809899,0.5036630884366136,0.14809993952257997,-0.4048079683054486,-0.12042474940700502,0.14525425808155779,-0.11089522674462106
3757,0,0,-0.07710847787614036,-0.14074540105868716,0.2683253545046228,-0.14401543348244075,0.43114513089292905,1.2793816272104337,0.04366240436637941
3758,2,1,-1.0355530441768004,0.13271744286589257,0.442561140993419,-0.4181961256418008,0.21395166619529984,1.0462961542850726,-0.44969262977375973
3759,1,1,-0.12271666102719221,-0.06724975348011442,0.5554283254985428,-0.4613325200790167,0.2086946240709205,0.1816013258063287,-0.5506530151696503
3760,0,0,-0.5785917068121357,1.1864188738893193,0.01634685496295076,-0.44374462808089593,-0.700699845035637,0.4202279518465618,-0.41184981755895217
3761,3,1,0.13578794785053938,0.26077735619810705,0.004421145528984616,-0.48040779783332954,0.277763462918415,0.6074612766033567,-0.6383505703020182
3762,2,1,0.2602357018302728,0.9347148013160297,-0.1309036950537361,0.3363636072117056,0.43259217004764766,0.0176894405340782,-0.25240236700043184
3763,2,0,0.7454223004408699,0.40838480181767556,0.37886524565017593,0.027107063448551686,0.4982279595964964,0.4758259727880333,0.22722608989779097
3764,3,1,-0.5079325664655443,-0.5688854558612341,0.804837576721411,0.07644395799061005,0.7706174310063839,0.4263207278931954,0.1255595017503344
3765,1,0,0.5671316569246686,0.1769148554229644,0.10526888162339258,0.26532064190894705,0.9143027184764417,0.21286338789799875,0.07920207261529834
3766,3,1,-1.0279205939948188,0.21270905301250712,-0.15293450987074145,-0.3869561776355245,-0.672911274679457,0.15341061239544249,-0.2392552434590578
3767,0,2,-0.726398390168967,0.8171957704835779,0.18880284431163263,0.411958410887636,-0.2010339658566828,-0.02740654373439641,0.35427322015996837
3768,1,2,0.7073176119241483,0.4796650293940383,0.21049043248364308,0.1106874894015985,0.5188509354822696,-0.7479727403416903,0.05094155304874618
3769,0,2,-0.3105976270201296,0.19951273885673657,-0.21352944286189623,0.23613327429286401,0.40505895759354665,0.47318439666485335,0.23928197129069576
3770,2,0,0.06803610943335672,-0.4327714088892035,0.3541285575452163,0.9397217591844763,-0.147614157234363,0.18718380830801065,-0.15656347738264695
3771,0,1,-0.4045087631933253,-0.04114258160506712,0.6602965664657569,-0.3968273977796764,0.06287728084642959,0.06054958562288763,0.16381257522001672
3772,3,0,-0.9996799016531535,0.41808285553556557,-0.5052559848417023,-0.2209037731532518,0.5887478823475235,0.6532818077769096,0.24204864245420163
3773,3,1,0.36510304684442096,-0.2879828911335126,-0.10114795683111591,0.3948732914920785,-1.0309318078222225,0.3347006822161065,-0.17163508498201321
3774,0,1,-0.3977672159895921,-0.2776329769754381,-0.05606890099095059,-0.6322374063003955,0.41851980893559215,0.34438746674361653,0.411165873186904
3775,3,0,0.3960568919866494,-0.5481333307685338,0.6547831684366203,-0.08664304045496632,0.10968426087187501,0.2517295530738427,0.15833123839613153
3776,3,2,-0.15190721618369613,-0.5198910591511473,-0.19435087042334342,-0.2527851383594831,-0.20525741058265598,0.4186313605589004,-0.24968510015963702
3777,0,1,0.3184451357783854,-0.12156695568612393,0.6493967818560172,-0.27338611653320943,0.272558758479436,-0.04684226588906579,0.48214112870473363
3778,2,1,1.1342826710811522,-0.25924193436274945,-0.04456768498714401,-0.4630793700090707,-0.13608619550182957,0.2313727122493979,0.39100875061294593
3779,0,1,0.03791680761170277,-0.10868205033430126,0.06068397937669871,0.26516424120596316,0.331277855841539,1.0070037482387146,0.4654656238602214
3780,3,1,0.09241447250397447,0.041121682284027794,-0.12942765194201197,0.622987188538084,0.6769709941468255,-0.8868146190947771,0.3247926857319044
3781,2,1,-0.7945681555843647,-0.39276079885128384,-0.19536326703012238,0.364904343696826,-0.053246825802155555,-0.7463809450012882,0.08597954517259966
3782,1,0,0.22933850688935384,-0.7868097933906537,-0.5716461696737395,0.199198945032318,-0.4112798175031102,-0.07452560341545839,0.16754292139588473
3783,0,1,-0.8113401067342435,-0.2650403045218718,0.2429694729471104,0.14979957444972017,-0.47235897309392116,0.4454856166183715,0.22819534841914993
3784,1,0,-0.5233260599154532,0.1218456428681157,-0.003474688916375324,0.20601985225330607,-0.48558788009953313,0.1289452772660245,0.1701618499587462
3785,1,1,-0.4195878479588485,-0.5013704528886833,-0.8041712256875432,-0.045656040718798745,0.16264721071195634,0.07729541473933295,0.13854707765879104
3786,2,1,-0.07293864928407945,0.08569456213369034,0.006108710985477633,0.06284522245269747,-0.8959140010667691,-0.17922791659255086,-0.02660389684769504
3787,3,1,-0.7453313476495895,-0.9650210191287317,0.3715367745748712,-0.48447031858712736,0.2791031963788094,0.5633802780157231,-0.19579119283043492
3788,1,0,0.21133865648636588,-0.014914932314669532,0.7819637785177055,-0.4890956613572305,-0.3073649630065101,-0.33605614695713437,0.14099739294979347
3789,0,0,-0.8049786035000294,-0.6863709103081838,-0.4342996388334164,0.7834668191147781,0.48065500164002,-0.6291664884156299,-0.12112671912524074
3790,0,0,0.7152620732723816,-0.2553658645726044,0.07782622545247483,0.7145834329915721,0.1117293327145458,0.5826821786774194,-0.10674683977732605
3791,1,1,-0.011381564879438782,-0.23993825929759413,0.6005962654598771,0.10451735711092268,0.1970729736177185,-0.6875561832987656,-0.28791699094447676
3792,2,1,-0.16887585101354302,0.5630099193714043,-0.2257942215893249,0.656931696530848,0.4341227426943524,0.3216233699221125,0.1689208468862542
3793,2,2,-0.07604564205395509,-0.5144142113470336,0.2873461252279387,-0.32204802503396307,-0.5737115078412363,0.1415704291330221,0.04388186467025644
3794,1,1,-0.23674517003296036,0.2520395113809297,-0.23660473482348554,-0.07815608455529294,-0.09086945471311518,0.3284377012014683,-0.26701975643102355
3795,3,0,-0.03156658298536867,-0.039338994464140256,-0.24172816524491775,0.19398416451960612,-0.4357590082292338,0.2343967665299782,0.3137586611152184
3796,2,1,-0.7450223450509803,0.22892967471727774,-0.20128966218263283,0.23038014711390556,0.5583536329433051,-0.031575087782647254,-0.19285330404714127
3797,3,0,0.03167806633357992,-0.24694397284294578,-0.40520854052590716,0.7171960745712443,-0.07334134537511686,0.3306365263792142,-0.10130641550277013
3798,2,1,0.4794676021940921,0.42458787113215357,0.47620656946598294,0.3034740038143222,0.1812747191859742,0.7592890170004472,-0.4271953095268514
3799,0,1,-1.4310672594395888,-0.8477204532252659,0.1548255433534712,-0.08549604742871893,0.35373611825020335,0.5860147465653489,0.27323486790626883
3800,1,1,-1.04222712067486,0.144108091459576,0.22887201137857402,0.4957711149072409,0.37194827228404775,0.894360240872042,0.13457541529185948
3801,0,0,0.7928683730351959,0.04763946735162869,-0.33019516176000585,0.5520101741654506,0.014088700670193667,0.33928659686206075,-0.10907199205103814
3802,0,1,0.15144573526708335,-0.09788621094944641,-0.7082982613384409,-0.9559087266144948,0.3604583727857479,0.7092427957563814,0.27731175365343935
3803,1,2,-0.6176694987328135,0.46515374926344744,-0.8240151467694243,-0.043528415357575616,0.2614651044742889,0.052100099110375095,0.14569250373401688
3804,3,2,-0.5543467581535065,-0.3889388451281275,0.17832491332274045,0.06339281567204778,0.2789607181143254,0.6911739576285737,-0.42416222452949864
3805,1,1,-0.5155821075616361,0.43143788681960005,0.1512577809408311,0.06065898331846761,0.4201603393379683,-0.10003283607292421,-0.37135704679084663
3806,3,1,-0.6155228341021312,-0.025407668698080046,-0.15657913777410726,-0.43516654168147056,0.12424698795693391,-0.1728304733296079,-0.010847463415027314
3807,1,2,0.2652862096555102,-0.6102159353279498,0.1615895126207858,0.9151264475287645,-0.24690380198554787,-0.13533316089393357,-0.1604562345739883
3808,0,1,-0.37362038341242443,0.011055913534386314,0.5155902405264035,0.15515628078025387,0.31609473695560675,-0.12961178320347885,-0.3954651907657069
3809,2,1,-0.6688011550257591,0.4058590981665867,0.44901786123764836,-0.5820764691557925,0.2567310682427849,0.20570265373561625,-0.39551521921958516
3810,2,2,-0.8782366444945972,0.6280879312147293,-0.5174064933817137,-0.4859037096992644,0.22723631083602835,0.9828660550937156,-0.03412234343523945
3811,1,2,-0.17773191500849492,0.5473267550418013,-0.35977005296012265,0.22886990444813443,0.01938841215329633,-0.34661135234488816,-0.1864276217303668
3812,1,2,0.06540284453461612,0.10602027349983331,0.03014153577327891,0.4298512679757621,-0.01890156120510083,-0.02132104645978547,0.3226856447124108
3813,0,1,0.7691897275844777,-0.423344394588009,0.35183905421044237,-0.3587003143183884,0.23499651596858817,0.13594971562411776,0.11113774323902059
3814,2,2,-1.0877745789385866,-0.17734073611442852,-0.15448553246701235,0.026682201770779096,-0.2470291259255256,0.8428826557784389,-0.42358942587287973
3815,0,2,-0.03594810937885859,-0.9630786466399887,0.14501749761031169,-0.5045007662687102,0.2782771020532183,0.5726375683118199,-0.09913798843435527
3816,0,1,-0.8915987514796762,0.6450500344672142,0.4512203106322308,-0.2744028343082529,-0.20531146025909183,-0.94114890556317,0.6512527592437592
3817,0,2,0.5298000127965503,0.6414151524497637,-0.27815891789843067,-0.3659217887565201,1.080885628285205,0.9416722824068816,-0.19240588800525896
3818,3,1,-1.072819636200721,0.32873992800252305,-1.0529359870927306,-0.09221338519751539,0.8125653412514723,-0.031135819207126325,0.12583571310319538
3819,2,1,-0.005037803160009541,-0.2481775904241597,0.004252962529405563,0.6645208850054171,-0.0467137379474983,0.5811452409167186,-0.29509721600340616
3820,3,2,0.2854575753135691,0.2936031415837346,-0.018344345135512207,0.4598103997888538,0.07838725217891072,-0.22294925237573474,-0.23506399491968183
3821,3,1,-0.2937718503257072,-0.8023685753740024,0.41894067510765315,0.21763004398125257,0.5577659993922913,0.3555209556929092,0.22697312645365741
3822,0,0,-0.5124172425675344,0.4874966972120627,-0.058007244271770064,-0.02711417042144767,-0.2109695217612644,0.09944492824247303,-0.10787383648952252
3823,2,0,0.06446544941914512,-0.07180080518754564,-0.316565075966083,0.08573534571416191,0.6274795014595335,0.823393590246107,-0.0724836146253845
3824,2,0,0.5095513276577031,0.11283052088055037,0.10167289882271888,0.5466297125211085,0.32549240194072027,-0.007086926950074041,0.25701425740933986
3825,3,0,0.2786054175956919,-0.7546050060037807,0.2982429916330804,0.1129815942206418,0.6602822713552536,-0.5603115980566138,0.3625490452716313
3826,1,0,0.11841381583353605,0.19822778155031998,0.28391077505745915,0.15750153295960892,-0.7275475067451941,0.5069629152050465,0.193541871734771
3827,3,0,0.9191419382650762,-0.9409245820718987,-0.35037669533058396,-0.2063028029884194,0.06514681266139691,0.018053597401121696,-0.5501950056786238
3828,0,1,0.01745274881432178,-0.7673025169473782,0.6307563576168427,-0.7100109107639269,0.4645957198749253,0.6743548715678539,0.52451536804692
3829,3,0,0.0376831402927143,0.3074191606147212,-0.372764092777824,0.893789511840004,0.7238917664858571,1.173542179076633,0.7528807394109659
3830,3,2,-0.5265748074365806,0.09782072160327948,0.042593200127712436,-0.23866443409779706,-0.8285080802699433,1.0734748187376788,0.009989389105202728
3831,1,1,-0.1867550949406751,-0.9350522336021231,0.671024517507335,-0.4352094750146006,-0.8638757802933471,-0.2780139753139462,-0.43843004407339925
3832,3,1,0.2600428993005771,-0.18643765086431763,0.5361292767256782,0.5424777563211545,-0.290484917242974,-0.05987026806222501,0.13224360631959262
3833,3,2,-0.49505927279948325,-0.6894093151176284,-0.3805023053314437,-0.428409738317626,-0.23541581860437946,0.05807883128427399,-0.07042632244901569
3834,2,0,-0.23324087842372185,-0.28107555208105917,0.0015540388672874107,0.35113979306440257,0.7186341117121671,1.0218355480559476,-0.11709071719568795
3835,3,0,0.0968496339782896,0.017252786704445633,0.9386243001330122,-0.6573236588880504,0.7675455384165221,0.2554517553755776,0.5002587546401431
3836,2,1,-0.33624278139691155,0.5857993397257312,0.33591830917081267,0.02993101006111714,0.540063734876036,-0.4199684494470075,-0.1577160299687607
3837,1,2,-1.0752486576903202,-0.4177067694115102,-0.5183484974678205,-0.11315369176090236,0.15578999837273982,0.7079735788902773,-0.10635046090200932
3838,3,1,-0.024278267705892226,-0.5379207888964054,0.5442144080830592,-0.033352881991471045,0.20383236963599952,0.007610172824126987,-0.31581797686023727
3839,2,1,0.3318174916518295,0.1393365011300666,-0.3267279596608738,0.740865031147034,0.4190896141431843,0.3320774861053078,0.20827030145173797
3840,1,1,-0.23294025314378783,-0.1570293009639533,0.35743790379207646,0.2531450676435981,-0.13151580425039394,0.049448781306798764,0.2939012866693607
3841,2,2,0.0999481154756513,0.20284477871732245,-0.344833596918684,0.15025601514490075,-0.0861068603857726,-0.46880524523283773,-0.2348059311533158
3842,1,1,-0.8681102245315762,-0.742988515701237,0.18993791934109033,0.12988045885778088,-0.7479233416822703,0.4484485276571777,0.15182841810390132
3843,2,2,0.3484573027187887,-0.16409714960109198,0.17504824198983285,-0.696543557433175,-0.09223208250020495,-0.36886390594224916,-0.4903253746532336
3844,0,0,-0.34998558683182673,0.48602889012202577,0.27669685111446907,-0.10157268218280646,0.6309044614952348,-0.14751394371801943,-0.23427145809330727
3845,1,0,-0.10904942244319933,-0.47503957381365625,0.3215261535128496,0.30993035984426864,0.43821784968138444,-0.2048867691370144,-0.21025265092477033
3846,1,1,-0.559137998308996,-0.8831613197215215,-0.06016155561061012,-0.2808580521783633,-0.09428263244198418,0.38070732121788176,0.18818594829061655
3847,2,1,0.7082397557453554,0.3364632561564047,-0.4063022273412358,0.029857815367028823,0.8014555900088332,-0.5243658720187079,0.016910429580903646
3848,0,0,0.01443528462915622,-0.4346760276268492,0.32976011628958934,-0.3101374241645417,-0.2678088843438002,0.37864572111357303,0.09158371651443421
3849,3,2,0.9986327200934374,0.331242429291677,0.34908198392937795,0.22858844416199364,-0.732004069615535,0.37721844205601834,-0.13524203027200485
3850,1,1,-0.3453058926711581,-0.637148464024011,0.15057833532090661,0.34266393650260496,-0.6943063028534988,-0.3702882206778563,-0.08597883834183331
3851,3,1,0.11674096418368138,-0.49372146947489937,0.024918036589139388,-0.4109565263225759,-0.08091438188845058,-0.2220545285597608,-0.25761720782339714
3852,2,1,0.11386380396145632,0.3075241104572938,0.7747423333638898,0.3626736308433802,-0.28369494669095746,0.3162247290519523,-0.09546400900665336
3853,3,0,-0.9638630695124301,-0.35193894067372206,0.6995317646202638,0.574767632568298,0.0031126484475406755,-0.059105851552602034,0.12478399210834165
3854,1,2,-0.3571319226016195,-1.0202608076661714,0.3140902212390367,-0.8600209175541895,-0.0203766608984867,0.5392078274926304,-0.35781569950941566
3855,1,1,-0.3135896979110704,-1.027401956206617,0.11713482148872063,0.1985675692114942,-0.3654910193258867,0.7806160520760652,0.29923030486762553
3856,2,2,0.7144328062760676,-0.4013124898919682,-0.1712939544216114,-0.3396424340640068,0.4052073548750999,0.07110248988502822,0.08784723293700078
3857,1,1,0.06002144195023193,-0.692384609405264,0.8714345831659203,0.1426837958941032,-0.08800941844362145,0.15016729934473041,0.39546490379543786
3858,3,2,-0.5332704264707754,-0.4815480264749584,0.6591001570246697,-0.07515198185383988,-0.693422232243415,-0.21638104965471314,-0.05103095263799156
3859,0,2,0.09657461424665553,0.009759064604702633,0.215922017868718,-0.5902851323345057,-0.44391172112326294,-0.2174839222940915,-0.20942477529408507
3860,2,1,-1.0315576916177176,0.2412262113459919,-1.11771226830012,-0.21364901351360885,-0.1519664355228233,0.22794707651604731,0.3891082374570186
3861,1,2,0.007840107389918,0.235196514414426,-0.040172148291788,0.3954607248754226,-0.3555641461590186,0.49939000626199415,-0.016198945308617856
3862,1,1,-0.054172877022148215,-0.6366353253852676,-0.06726029953990885,-0.05107890199827293,0.8356453629169385,-0.11835246896769977,-0.03942919132494141
3863,2,1,0.5969963880767932,-0.36493003236628185,-0.6657276888798255,0.727655032326869,0.008712435451057515,-0.3874009638239305,0.06853103953476478
3864,1,0,-0.12719880345275258,-0.3946926814084005,0.29341903200229963,-0.4977541232107711,-0.3923434315907642,-0.13284237443442418,0.07601257194983979
3865,1,2,-0.951642624605012,-0.46831165831880694,-0.013450191511546207,-1.3700941663752255,-0.7016502629047308,0.6627710630494027,0.34160141645653436
3866,0,0,0.20589976259703022,-1.0232964919917258,0.011829294989259293,0.32685244339709907,-0.05168356104504645,0.5680026074672855,0.0157702991612931
3867,2,0,1.0063799290277649,-0.3482526853915451,0.9149042770941792,-0.5197634638214665,0.315818743095576,-0.33215334890673487,-0.2562587756232121
3868,3,1,-0.4262837331148508,0.6039078580883518,-0.09497877531510586,0.011771841360783478,-0.2566810060553851,-0.03753438209917534,0.1776953461330794
3869,0,0,-0.05515948147986632,-0.7486076169523879,0.08632756177301884,-0.30291591974598775,-0.3241009064008689,-0.12159135340816465,0.15873980103622023
3870,3,0,-0.48018769602509037,-0.6646586798706688,0.22426825456120594,1.0861839342072301,0.6656293268247234,0.8565240463846431,0.3393599729159631
3871,2,1,-0.040539368656830714,-0.1518519595502503,0.5321047382498457,-0.04258203359050733,0.05723194101521517,-0.23953760608372707,0.023514186368096036
3872,0,1,-0.8789049980206061,-0.19436245072002417,0.05451526541443932,0.26790845875396246,-0.008772078099282996,-0.2654962757750289,-0.5119523995027464
3873,1,0,0.5018708051861543,-0.955652841300787,0.2054169033513269,0.18184294597905065,-0.1432666124178487,-0.36052977867442715,-0.12230161752911488
3874,2,1,1.06413215970057,0.3682899622539394,0.8576210010915656,0.41513958572127785,-0.18719880765431776,-0.11888698733416361,0.3147692801885947
3875,0,1,-0.5924268651444224,0.39237046883006954,-0.11270151037229502,0.04732676879141936,-0.08149363358434446,0.1116811625237441,0.1988379316526868
3876,2,1,0.07002938808458883,-0.18127383559686305,0.04445272173231498,0.14347251905667494,0.212659476225786,0.03090690610953996,0.25800341170915964
3877,3,1,-0.3699390116048501,0.3884729763022382,0.11431895998370503,-0.07365175955447138,0.5369991107258406,0.1828618616932962,-0.13099796930706226
3878,3,0,-0.04740148110684279,-0.6722992209399967,-0.4654160239887645,0.6070386225216724,0.48038546889636424,0.098541683223824,0.19300923612526946
3879,3,2,0.45614124048645355,0.15132065821992532,0.5397158429939449,0.37805419789403516,0.27994094479925286,0.19747589918648295,0.09179646243478677
3880,2,0,0.2867569022923734,-1.2681903140648703,0.1290394854186208,0.17097960156578018,-0.5127080008895679,0.17199560156624205,-0.10142233959510452
3881,1,1,0.7011087749068116,-0.40993120001763894,-0.3970897513163671,0.050079584262007155,0.6097415229862776,0.21723043213479304,0.25492889127162577
3882,0,1,0.12361314474504148,-0.5196416134277295,-0.097981969286697,-0.10985566504664515,-0.24420811859747427,0.648347341235323,-0.25561506341078016
3883,3,1,0.049872167273182305,-0.6997605432580739,-0.177976090736593,-0.2667909267738266,0.3841105990221886,0.4993708611321357,-0.21532460196133948
3884,0,1,1.3455664477059153,-0.011607146957512027,0.33006356382430324,-0.13893823580485107,-0.24165643360799083,-0.33345188788436253,-0.09929697902341975
3885,1,2,0.5014431654945825,-0.1595124833964862,0.15552768011890128,-0.41499995193618566,0.7951587295985397,-0.3481366504108342,-0.423471710651046
3886,1,1,0.11154176403478594,0.6637237448631147,0.2917303808229165,-0.24328437733502065,-0.236195204805549,-0.7217090285114405,0.0639564826883462
3887,3,1,-0.29823473680569634,0.11346461754302686,0.7916109536704289,-0.6049149318206876,-0.5037447632074227,-0.42118658900027606,-0.30620389679526844
3888,0,2,0.1827105706425313,-1.193876468122027,0.08166199739806816,0.13545878542508075,0.04619697047679951,0.3871299595592097,0.2659072415764107
3889,2,0,0.5132509135460247,-0.32825992724958974,-0.031064877495304323,-0.1565201872060754,0.2634258645005889,0.3260387122730308,-0.2739680642856421
3890,2,0,0.278904455819445,-0.6433155022917874,-0.1508495619048351,-0.2437806652435829,-0.4804807774491877,0.8347992035575886,-0.6304792472646719
3891,1,1,-0.07984639032266493,-0.2832076220354721,-0.05493047244765639,0.002903488248235159,-0.1615308543174988,0.3505915625931879,-0.146464860765077
3892,0,2,-0.05852528908661896,0.368970140866102,-0.344675686883793,0.7866838862295326,-0.44120410793121506,1.287361278686304,0.5665812232514832
3893,0,1,-0.041680658610550904,0.015872249246436126,0.37540671023213745,-0.15991317877299077,-0.08732896223697316,0.2122205435938078,0.6164090457813161
3894,2,0,-0.510403909313066,-0.06362344724257031,0.684339836963412,0.4156470064945325,-0.32613501391349936,0.544591749660557,-0.6744768248163289
3895,0,1,-0.5754178635591565,0.04314584899140014,0.1639448968914045,0.18686230899812373,-0.3709926318030202,0.41774614834335666,0.25661597441456135
3896,3,2,-0.8435073215430069,-0.07335810957776852,0.07009817395557506,0.5738581916796534,0.38807672788141695,-0.6686238306992874,-0.12140908603809723
3897,1,2,-0.3594662430968022,0.016808566441750522,0.9665788773240236,0.09795841807208627,0.3295168167576834,0.8223820469730956,-0.3681002429156704
3898,0,0,0.6177695046943752,0.02915455469895148,-0.08244663902983379,-0.6759078904822415,0.48873789651926847,0.6433139732091704,-0.3674719695307738
3899,0,1,-0.030430614415262985,-0.4773919258513375,0.18127601057087883,0.16434650800036277,-0.12995758777018582,-0.24198578022068526,-0.13011437606202672
3900,3,1,-0.6584076804664073,-0.41038256704843223,0.3227282141085486,0.1995472006556718,0.04385484613393195,-0.31563171118041067,0.32057889785704324
3901,1,0,-0.5047229871685313,-0.6326743695649072,-0.5827474010806869,0.5977673700117503,0.5274676545182103,-0.31048950310755086,-0.05251484131709272
3902,3,1,-1.0389738088689235,-0.13431866439641799,-0.19619990470956075,-0.34312477692524074,0.14134904235970533,0.6120063473818382,0.2943857320520421
3903,0,1,-0.005236441778405487,-0.24485155853434765,0.21134097238726163,-0.5364408704305181,-0.13361651133005772,0.09631421991424435,0.3867041538972665
3904,0,0,0.3931346502676355,0.12245456454980139,-0.4049525604499758,0.3209963455613038,0.4291098100684349,0.6165127806521148,-0.06365870643595249
3905,0,1,-0.5854894335652081,0.12615915167939143,-0.08190746548948385,0.061736464108473846,-0.064502974422297,0.5282738616428844,-0.21661442112581067
3906,2,1,-0.5458332918461285,0.6911130423730876,0.7185800202672586,-0.8259306895846267,-0.6015261371430884,-0.2505456933087362,0.06934970415908424
3907,0,1,-0.20718111370769385,-0.11572258283013975,-0.025434081155246424,-0.2965954613824215,-0.17901366423131385,0.32178638513835595,0.09017192377639367
3908,0,2,0.12601851685520282,-0.40906424181310375,-0.08025675699187121,-0.9540736771830775,0.07252496235024504,-0.6343664510595399,0.0674821216827386
3909,0,1,0.08421976949451815,-1.4860935044604155,-0.659636661946652,0.9232199883730892,0.22360908032765714,0.5916080240131039,-0.06275496128146504
3910,1,1,-0.10904043826662416,0.3153038319831437,0.39662724403449917,-0.537562017547815,-0.3271421383075792,0.6252031738352923,-0.26561450534870634
3911,3,0,0.20977609549415036,-0.5623972596891736,-0.11452150226456786,0.1174506050506507,-0.02536634918883585,0.4224871194731813,-0.2532205109316648
3912,0,1,-0.22332087281006052,0.14514123700192896,-0.14080476399550818,-0.4327007048587178,-0.1399040430290974,-0.10213582209973573,0.1562041635244535
3913,0,0,0.02227057426745331,0.376567533140043,-0.009817876069681354,-0.12265623761629788,0.36245720180247853,0.4460638102347526,0.2592644585045462
3914,2,1,0.6434904043901913,-0.5163059552494722,0.3717152917277614,0.06803054006905197,0.2629917038964779,-0.24855612642520722,0.16437522454031375
3915,2,0,-0.3162197890931665,0.2902057486565296,0.7666043283489601,0.13784161909774226,-0.15386748158827102,0.3113479174099031,0.14336755644161633
3916,0,1,-0.27888968913006185,-1.2103985218579048,-0.7046286580025566,0.059993025449306535,-0.43916283368593056,-0.7328197072467552,-0.11837040375375944
3917,3,2,0.39436226357229565,0.23752231594704118,0.20506857382882762,-0.12996422791021994,0.19251258590031856,0.15816360756001488,-0.30755923508267047
3918,0,0,-0.2634304262621391,-0.15653122496857075,0.920978735546556,-0.42033220825600576,-0.19921948734195255,0.29164947674665276,-0.16171613470602839
3919,2,0,-0.0935853134932334,-0.6865742602296712,0.4963752097762846,-0.42255734575688975,0.20092423010615415,-0.27571800527499857,0.22015757829434948
3920,3,1,-0.8623743534931122,0.2830916310922179,0.25032617447060523,0.43434953386285746,0.23244409263088073,-0.6987503668739076,-0.412034252061944
3921,3,1,-0.40944863954749877,0.2733823113192788,0.5301030447509606,-0.5231898538957703,-0.3586676588825107,0.04694288152124462,0.04388845699784617
3922,3,2,-0.09361638975715071,0.6141958949962071,-0.355509218545374,-0.011575385339755162,-0.40901777352490487,0.12837453825635303,0.016961162550671594
3923,3,0,0.06228054967590002,-0.5350769165535674,0.1296650644831224,0.9474269322776493,0.0022291399928951365,0.7117612274313804,-0.11440939163310151
3924,2,2,0.26125656610542625,0.5205962381382364,0.26573222808051383,-0.18937797695756114,-0.10287493950223874,0.26746930726464113,-0.4963661742094095
3925,0,1,0.32224057012067775,-1.0514281316236607,-0.07308067776396103,0.09260649550200502,0.1549912979297755,-0.4089527786391687,0.08559468311671843
3926,3,2,0.13132944351361528,-0.02191353475421648,-0.0458931258484513,0.23444284586116357,0.3305247393062398,-0.5501553063094208,-0.04636388340104954
3927,0,0,-0.017463487623409962,-0.12868510283773474,0.5395309447537529,-0.1658532849790804,0.34625396962094007,-0.46483968498459327,0.04880805383564584
3928,0,2,0.2046359913811653,-0.4217986394764134,0.16559500653475495,-0.5136760161051153,0.2962907376013661,-0.003012685287321182,-0.251362887428608
3929,3,1,0.21104111276916446,0.24511983630180614,-0.3315908572703979,0.3587584272291957,0.5207740876949749,0.43444829532542373,-0.13028517218699254
3930,0,1,0.6329054254698095,0.3330975866602929,-0.08416580175847176,0.9582027542612193,0.3579872496215211,0.652714932187875,-0.053093890766036184
3931,0,2,-0.13243529846056237,-0.7957341441135403,-0.04374525897084214,0.1216420476311902,0.2829481414116356,0.0029898899227626397,-0.5853659554559063
3932,1,2,-0.012492075252869203,-0.01801371666311022,0.41931919847349725,0.4786541235548647,0.6068386814553625,0.768104629200872,0.00785688736818265
3933,2,2,0.7042759901760494,-0.4422690151800396,0.3448741872217198,0.08808572667305853,-0.8475031221298973,-0.46001703285275397,-0.29431450626138134
3934,3,2,0.34626971959363784,0.25243826563167737,-0.5360460403267028,-0.21768636790257764,-0.38819889028058463,-0.5770062530462331,0.0019450826538616238
3935,2,1,-0.6370776100151695,-0.3515308577044983,-0.5352281178658531,0.49929567324264534,0.3049304280071989,-0.20431374878668265,-0.6507884525182555
3936,3,1,-0.21088388456036822,0.5601876019131857,-0.072194905617734,-0.248207399506244,0.7501875258342445,0.7409248230425338,-0.00895249397919936
3937,1,2,-0.11326842740753756,-0.7475157086557845,0.12594228632953114,0.4208901610156944,-0.1856017177972813,-0.5172449317246937,0.0415577244651674
3938,2,0,-0.03494169028473022,0.5723835891512685,-0.24493193720812326,0.3567776318915518,-0.47748906228499105,0.6331326600862237,-0.30716727863939103
3939,0,0,-0.665262175802171,0.5979739219317274,-0.18911330956116004,-0.019552880236005793,-0.5632049956598355,-0.24885094698258683,-0.6224735559637714
3940,1,0,-0.913297187506434,-0.09510476208942145,0.26835974491412007,0.7001198076651342,0.34503902970316064,0.22515084316307798,0.3069197472701701
3941,0,1,0.31661201510601034,-0.04171907173975922,-0.5304225023782593,0.08726394776587348,-0.30628327176807546,0.1946466386263265,-0.3761895281733327
3942,2,0,-0.10159326725575424,-0.8663178680049997,0.12629045732972186,-0.3351219371748015,0.469699439525692,0.8393342278257576,0.11450335563493519
3943,2,1,0.012426087253444337,0.11623024939400997,-0.18900819382034229,0.0916102774568977,-0.436468346332886,-0.0146717252864757,0.07953015831705261
3944,2,1,-0.4201215956172154,-0.2163800732446482,0.26808956625343966,-0.06491104286096795,1.1726463414010384,-0.051147392068740444,0.5511624649338096
3945,1,0,0.411853796438319,-0.41370307944330564,-0.47083257446604104,0.5207224698076828,-0.706092436434076,0.8640512464670075,0.8308166203028271
3946,2,1,-0.4376691297269838,0.06744916427412725,-0.9766969151611543,0.5507473814770911,0.19546569411361825,0.17514931568987044,-0.1394660515681042
3947,3,0,0.9021031754405232,0.31373943296747175,0.05999145720135376,0.3525258345007033,0.4104087682105991,-0.3886860261959988,-0.22292606277494356
3948,0,2,-0.1613725118745791,-0.2636406603586686,0.5143510501207152,0.021046758038093753,0.043228488565175395,-0.3400070458027439,-0.03301037006888163
3949,1,1,0.8393987502731571,0.1781443110361712,0.30234884625447217,0.45439975552410583,-0.11775321843186105,-0.304939109344028,0.06136259533372076
3950,1,1,0.06329961405308404,-0.19629349109130928,-0.40484785903494835,0.23956704206776525,-0.16387355882360466,0.41535066363083417,0.45894799013842474
3951,1,0,0.026025761203080144,0.48159483743119436,-0.28510184067915084,0.003954491363190481,-0.29234993585690855,0.2275713693380278,-0.4116534901614329
3952,3,1,0.546401952254574,-0.7124600580964231,0.18036791910927213,0.13551409303265663,0.4975670851834862,-0.544962594202772,0.3310561872304292
3953,3,1,-0.1390558788608077,-0.11342395002987234,0.9839477708869331,-0.12188608938436972,0.5812640346108799,-0.3695205034462087,-0.16238756518501976
3954,3,0,0.07496093939570714,-1.137746885602101,0.6477766206923362,-0.37207255828037655,-0.3157454588060684,0.4318762686138581,-0.4978364029879483
3955,3,2,0.3230751116718972,0.13430317912681397,-0.06993563653401025,0.1110687856449084,-0.24038348224746867,0.20770188819369315,-0.1410775395085889
3956,0,1,-0.8592581859369315,0.08320236866245445,-0.3525166737202707,-0.7206426810020938,-0.1350423978777978,-0.07906342324021487,-0.23282539436221897
3957,1,2,0.02032535292237525,0.6072508677937698,0.6048222926837916,0.45785363858980827,-0.19230185074920458,1.0375392159132817,-0.12262618127336924
3958,0,1,-0.22818809217222105,-0.5281116370545784,-0.6267941039567724,-0.03807961236603021,0.1723552596341354,0.5058136749080817,-0.21305746559206507
3959,1,2,0.3210973985896085,-0.3911582509046537,-0.6556147589553584,-0.2153238721645613,0.04583849848689852,0.30208072012055487,-0.134751128374932
3960,0,0,-0.3418676101616286,-0.5850772136787462,-0.4758620864766105,-0.344109995005567,-0.26469127754571037,0.5570216381325075,-0.13989115403162208
3961,2,1,0.29578107108753426,0.4926762498790186,-0.619699912419463,0.2847178802779539,0.16084865823403416,0.24959233934818367,-0.023252447831891603
3962,2,0,-0.3727566949542789,0.9020943683146759,0.1305543225414218,-0.2497021673252288,-0.4082294281029069,0.15969953958502958,0.5807578576811503
3963,0,1,-0.5475155430235238,-0.4839614933065626,0.028005981823405968,-0.08156130765689323,-0.23221025600620354,-0.042731295709379974,0.20334346020530433
3964,3,1,-0.2935272715452383,-0.19706302372397153,-0.1985840094337993,0.054738623532022336,-0.7594994906571769,0.7140335788101058,0.2256841239154187
3965,2,1,0.7065613705662036,-0.26139765158186073,-0.43430480000730515,-0.06740581515282354,0.20023032915495678,0.3165921347748445,0.08349680649129267
3966,2,2,-0.7095193777027534,-0.4525227911947306,-0.20802210265013119,0.3135995926476927,0.4211164699744733,-0.5178484568400149,0.30355860214648034
3967,1,1,-0.5056772666215974,0.27123169255747903,0.49453194829104874,-0.1057197170526196,-0.4784561827284187,0.7275661941699685,-0.3150171867451094
3968,1,1,0.16729593598250223,0.05085010140690885,-0.017746796561089895,0.17223845651421565,0.1315494058155869,1.060090818666328,0.3290047070867101
3969,1,2,-0.7649451838922321,-0.07556898235464334,0.08020172158766395,-0.07280211326098276,-0.22715254860011364,0.2596010117295642,0.05254048574201813
3970,3,1,0.27976434274739426,0.323300628322151,-0.00036707014973873524,-0.08471695094512832,0.7801245301567808,0.411670480356057,0.3579453080932847
3971,2,2,-0.37974000316957457,0.26605942210759237,-0.15709178263212778,0.6421331923096991,-0.397436464992363,-0.20440737415538082,0.696060140526259
3972,0,1,-0.36713494182842077,-0.8050912698395678,0.5440942498893802,0.6045627496467431,0.434905397315248,0.38414525385112075,-0.02208792718618837
3973,2,0,-0.8831373002256078,0.49091963515377113,0.147811173233929,0.3407493066713915,0.08682279075526597,-0.4313769260324176,0.26204457273208326
3974,2,2,-0.30862098528362514,-0.8936759409672751,-0.07022054676039657,0.21321280628125755,0.4019983282922462,0.7633351117203273,-0.4390950338074509
3975,1,1,0.4149120928419433,0.3546916869626322,-0.48442854687008075,-0.5735698636912815,-0.1573714584191881,0.8372393853150017,0.017560959587140705
3976,3,2,-0.28620835019455965,-0.37726181452337443,-0.27291898272769266,-0.2882816783839798,0.34901962774636275,-0.17887396368966732,-0.2558423262940609
3977,1,1,0.03925922167812593,0.22957636922741828,-0.3711209454913192,-0.07621175554820947,0.4527129798793314,0.008034645807480423,-0.09852216533564885
3978,3,0,0.13887611151315335,-0.5965507600730396,-0.2908654620676492,-0.20228699334995806,0.033471781814273356,0.7069077550076531,0.0651100692677002
3979,1,1,0.3133440487250335,0.20839365698926424,-0.13194257469415469,0.738270034465252,-0.2976460460986727,0.12011610119216305,-0.12430704766585139
3980,0,0,-0.4413355323691607,0.36856950007957623,0.30626459029900677,-0.38669949692252764,0.8302152529780518,0.5067339885959413,-0.20549067838228738
3981,1,1,0.22283020165005038,0.5038565905948718,-0.0810556715282206,-0.509264655090677,-0.3358682092147837,0.9011413217250158,-0.41325036900986606
3982,1,0,0.601980467127371,-0.45677168660960044,0.1526942732352783,-0.0533871631796637,0.5138303011921959,-0.42372231541383165,0.4388289369902906
3983,1,1,-0.03717683610697363,-0.11938079811541874,-0.036441428061650016,-0.011319590963154042,0.1743893273531217,0.0014201929281534575,-0.005748492249849846
3984,1,1,-0.5082256463352253,-0.394795142411714,0.245495710121931,-0.27464249425364723,-0.068736471414155,-0.276474877337784,0.11417931400455389
3985,3,0,-0.11125269360851445,-0.023609334138267296,-0.2806339476696553,0.7086379579495407,-0.29501820357948516,-0.011322486985774372,-0.177334127658655
3986,3,0,-0.7295363644969013,-0.08128364794586462,0.29935667453628556,0.4275173836603657,-0.1929913368706471,0.19991895937560017,-0.20664798418659971
3987,1,1,0.14716192508510353,-0.7996246147882906,0.9071790698786772,0.18895880008047794,0.299911739259512,0.3274561075190502,0.47274468578370327
3988,2,2,-0.7640117867069288,0.3380131795182688,0.3717001985262496,-0.22864357029927754,0.11954901445386329,-0.7216107481429437,0.44564149317629453
3989,1,2,-0.2997519112339864,0.2236086659438928,0.48494558478309885,0.7946558618276918,0.0794838776362034,-0.06701356486499649,-0.3454100318071913
3990,2,0,0.29492545204241416,-0.44546570288109055,0.057777191081110395,-0.9796801790565041,-0.17806306783051556,1.4541603737699602,-0.22219469395960031
3991,1,2,-0.6684376992245187,-0.22685315804682246,0.5074212209010033,0.11676489387529011,0.7584425947771,0.08794972404203236,0.39545777682961963
3992,1,0,-0.2355003680820971,-0.38541360117371276,0.4624158003962675,-0.3597520388060695,0.6777040411441934,-0.5374631112164462,0.32891116695464023
3993,1,1,0.340180720161112,-0.6973064437204133,-0.14824822252094502,-0.7625800175567076,0.0981463628963724,0.6184235806201889,0.5056741940232808
3994,1,0,-0.7160714875234878,0.053622478110689153,-0.015248705036195454,0.3077888960399515,-0.23838065824503946,-0.15223205547822585,0.10892669318111832
3995,2,2,-0.3155089546993448,-0.14866677704710565,-0.1602480795040748,0.3789714815546784,0.3636227178164716,-0.1754136739259292,-0.24255797466712997
3996,2,2,-0.1738607680168247,-0.18515021555241273,0.5150123489971921,0.3458219973910114,-0.20685622590417474,0.6690372898145398,-0.2491381386410466
3997,0,1,-0.780531001923203,0.38111312311292755,0.5012048226668255,0.6062222316938252,-0.7287656831650198,0.23701310524757918,0.2471111018913636
3998,3,2,0.10023138844105536,-0.06590362695013549,-0.30706115969101944,-0.6962764245876256,0.3669647771471702,0.7947475497707618,0.17078917537367355
3999,1,1,0.3589553145015716,0.30922093248805216,0.8642856537312009,0.37671577009156954,0.7204742264379624,0.11376937275810413,0.04063565214164611
4000,1,1,0.2986422785112973,-0.2759882889724318,0.12021706448867392,0.4831796334326896,0.40964126589294425,0.1908591428956431,0.142633466996847
4001,1,2,-0.4944830985731312,0.5316617684449302,-0.4496383559329993,0.2916663272932131,0.5335302969927826,-0.11860121616658328,0.33136097051135077
4002,1,2,0.4502878065274565,-1.0289694529958715,-0.2761300244386261,-0.7605678432770362,-0.6926173193625356,0.43065410498453716,0.23064564663783327
4003,1,1,0.25362859337878807,-0.49426508892475596,0.00816521860833449,0.1736020836907396,-0.21888119572534237,0.847471421569341,-0.21518345925028234
4004,0,1,-0.17714186236256096,0.21193907946365656,0.22127981655872853,0.05716459932518999,0.13178159705899756,0.07307361914933544,0.5785531537645502
4005,1,1,0.17439829515333058,-0.012881282955051088,0.0004494350319656504,0.07311096795234291,0.30924835680349266,-0.18410047825993528,-0.01193596997430395
4006,0,2,-0.27465853597502343,-0.3078320641622557,0.47786133196166214,-0.06789354253114147,-0.1135414404054499,-0.19813606494198796,-0.3380374525331925
4007,1,2,-0.02348724398312954,-0.3137469961899759,-0.10199549178432941,-0.31587938622999373,0.2578284094396794,0.430412442735441,0.3731957060635172
4008,0,2,0.4240231365148278,-0.4549311992660763,0.004376759337130937,-0.46681285424592805,0.3782056866183914,-0.29147418022878735,-0.1799109712025455
4009,3,1,0.06973922703270383,0.20898330155947117,0.2103205245111741,0.010995555222827986,0.3634641163160948,0.38615876237387425,0.3976816425997249
4010,1,0,0.49233673704543246,-0.21262171475321506,-0.1641093539616322,-0.5645159553230954,-0.16606045427652297,1.4325032342936175,-0.12189545930200674
4011,0,1,-0.28398052708283233,-0.6735243607888691,-0.025948965139677805,-1.0880176945580007,0.09494056472825364,-0.5518265323138573,-0.3349496247817509
4012,3,1,-0.14752070958225177,0.07438049862501817,0.32462940344303376,-0.9940768367696379,-0.5612946265762081,-0.6103642517604592,0.05191447935234441
4013,0,0,-0.5318695049410217,0.2484731525382408,-0.3544097086987839,0.28385155722006605,-0.15792494954513098,0.3083195639549286,-0.017346249174658195
4014,1,1,-0.03697514948564383,0.22209471123265254,-0.16344687766126156,-0.27639929876995145,-0.03045869076300099,0.18193251099237107,0.35942063966136806
4015,2,2,0.0930262596752591,0.33103270237494187,-0.3165878606862953,1.0731763078419227,-0.8168611277826434,0.2551455037265411,0.2211243359104851
4016,0,2,-1.2857286247121367,0.31007864349280645,-0.03268329974590759,-0.19404836690695837,-0.9163096947850898,0.3202945401582774,-0.0004220997603115603
4017,0,1,-0.7696048579223141,-0.11967133558074783,0.04380490228573395,0.41889013371398365,0.7723271555788489,-0.9335776318382504,0.26202664726453434
4018,0,1,0.002060241831095627,-0.2659255095318078,0.0810954980673189,0.9011787142761584,0.3399770027111521,0.16866242566981565,0.1749973485329179
4019,3,1,-0.22467556418376078,0.5005226683037314,0.28890795224918725,0.4942161476720572,0.21779670417769445,0.2610372436659013,0.23644436285137105
4020,3,0,-0.953573379423746,0.8013233860309323,0.4000029762417033,0.2910982767413981,-0.16795574342689693,0.8438188945518001,-0.018305447633250788
4021,2,2,-0.29958757679240283,-0.21275124238097068,0.2140637218190611,1.038316480070151,0.09392371314728573,0.5789584087720291,-0.48860369546268734
4022,2,1,0.6268380811911836,0.3849804739517424,0.1601777313246597,0.40088846024502117,0.26024984566989773,-0.5702768283449146,-0.21713969844771724
4023,2,0,0.05250900530890032,0.20620090696077872,0.046468596620207,-0.2990651688814421,-0.09761428884036849,-0.11499341309625352,0.34896336128821565
4024,1,1,-0.8007792014191446,-0.9824481389064375,0.09625293855561275,1.0022046670255773,0.2594473893272288,-0.12566459335887895,-0.6152281336650598
4025,3,2,-0.1977122063829123,-0.6897794089374568,0.4541201301856747,-0.1953230904040752,0.925019870234572,1.0176713723980735,-0.32621641228444964
4026,3,0,-1.0318106449514957,-0.45885643754733263,0.3550770991834121,0.2512831080160088,-1.0555734156536962,0.26821349884604784,0.16847466385899854
4027,2,2,-0.21330818316172184,-0.5359493459764227,0.7256480155769909,-0.34421716192022833,-0.5661336816243888,-0.040394998906403884,0.048514300520883846
4028,3,1,-0.3203846964547836,0.8092177257351597,-0.7243146605248931,0.11566183170118659,0.08543695914838446,1.248828814013254,0.5005474213868807
4029,0,1,0.2730682727219098,-0.32153823452503716,0.17433525255499938,-0.657472001867704,-0.47060875205523006,-0.19779901915210743,0.6833160248380888
4030,2,1,-0.36618570716834964,0.18216211517284533,-0.2515386222243144,-0.15240391321726923,-0.4707310435682359,0.24394105052120812,0.5041908104875163
4031,3,1,-0.5547246941238292,0.032000040072849595,-0.553414868570407,-0.061986118388079194,0.4693681659901184,0.22750042104395046,-0.15653339492763937
4032,1,1,-0.10200852318926004,0.5864092572024617,-0.691972797952765,-0.10539218098916862,0.7900936006741017,0.7017962006096852,-0.12614608217755563
4033,0,1,0.8906992979240276,-0.6663056310588932,0.4044577541024956,0.1884316035170748,0.12374952781320182,-0.26700728370891746,0.10816778383531626
4034,1,1,-0.45458898782447177,0.5433895401160774,-0.09402286535964915,-0.35893610575900087,-0.9612324132401832,1.2432508532960922,-0.4238982695421922
4035,1,1,0.20921876149319416,-0.5196741020112751,0.41038330760983033,0.33720579478956336,0.8559564745391984,0.49673115149735425,-0.1684744367920102
4036,1,2,-0.5233511196739671,-0.4465303153272372,-0.8864420001328457,-0.14237375534691912,0.09376695388489381,-0.641171303963349,0.34586408220446907
4037,1,1,-0.5671545270762908,0.020281110617015402,-0.005172090068098123,0.5119296423161339,-0.5294145694944662,-0.10323123205323284,-0.6594585066763589
4038,3,0,0.016846893692482587,0.5238163189561749,-0.3808698320387916,-0.10355937620025477,0.0008304693313281767,0.2915691413567073,-0.3708419773310255
4039,1,1,-0.3044201038094688,-0.28694692049169834,-0.06396984464389975,0.7006902733786051,0.2339066279388405,-0.10288608967107785,-0.3004031709584821
4040,2,2,0.25003010733060904,0.44038123438015087,0.6151615538099199,0.7436639675663114,-0.7678849118308133,0.12652515322089283,-0.7107289117609757
4041,1,2,0.1840339499348417,0.014372908432999987,-0.20420918442865427,-0.1528489308940687,0.5576527728158786,1.0910194439068504,0.07003191412682166
4042,3,1,0.21519885813164905,-0.41720219069219655,-0.29581535480151716,0.34561353009464674,0.577385878924669,0.4615459091931108,0.2537710298494024
4043,0,1,-0.11403591047975808,-0.39460674527327827,-0.21741534394908837,-0.35122279808265827,0.5187168826197859,0.26601165327784937,0.006573063820021614
4044,0,1,0.3299920395617396,-0.2429659892875402,-0.45267674736943003,-0.8949521220436032,0.08587216789256898,0.46124527929605363,-0.11442805340056562
4045,1,1,-0.10448906357170532,0.6225559872278733,-0.7175630387287328,-0.5920839863604082,-0.3789698229563524,0.22628892081114893,-0.01267416329441285
4046,0,2,0.17566457651878545,-1.1596415864708496,-0.5981198134206059,-0.48013669568434075,-0.2675031508652387,0.46613218954861224,-0.02297752578547828
4047,1,1,-0.928403523013537,0.10304391432747814,-0.055448086191124624,0.4837947285546466,0.15411430328088413,-0.4143302179465156,-0.40871865173873856
4048,2,0,-0.10417400521858108,-0.41773748414307366,0.14528005868084334,0.23972468205935893,0.5620251934210843,-0.44470123599949984,0.2966022152325193
4049,2,2,-0.026944533315039085,-0.5096349420383857,0.07468934643383576,0.13351627359939094,0.4258060727975395,0.4784148399874899,-0.08878550927452554
4050,2,0,0.13833300481015173,-0.20007060797758794,-0.20101659388172244,0.3711842020844292,0.2192708705462988,0.29807021826277547,0.02607094270359603
4051,3,1,-0.11029835184155624,0.13819542344760746,0.4780454784571997,0.284983306076231,-0.295297155902349,-1.2293377066799334,-0.589916102814873
4052,1,0,0.23727733732566783,-1.1022740357005179,0.41837429587471203,0.119276937436945,0.7869839958143832,-0.8796236806243253,-0.31104184848316624
4053,2,2,-0.37823118079818985,0.2189961093639103,0.858077431947908,0.21643084984452027,0.8358578418427115,0.23774812404833107,-0.5263719728739442
4054,2,2,-0.5735351820587482,0.12951891177038852,0.08978334515958464,-0.06629296775809947,1.335087487297521,0.3795780049387257,0.23213662795565052
4055,3,2,-0.024457111784558144,0.6185110903342612,0.42665246042151805,0.2938016610305453,0.02725018014631179,0.04616239725704804,0.15689040699475146
4056,3,1,-0.2266336221192188,-0.9925359449216383,0.1718447212145283,-0.1410218032100874,0.5423575124383121,0.751033217042838,-0.1002716346673553
4057,1,2,-0.07329540364826868,0.4782954772445377,0.48447432887728487,0.54593311898666,-0.32471414639655416,0.8541288156738541,0.12303712029591252
4058,2,2,-0.9526733843665343,-0.4843859851596073,-0.03806683502173071,0.11279772396971097,0.39665766717373035,1.0209145442162673,-0.38452553314933297
4059,0,1,-0.7799342000805385,-0.803219874479137,0.8611602478988737,-0.32397744974592446,0.11866214184197196,0.1311792109459572,-0.0024210307854154547
4060,1,1,0.5843457786229289,0.17958670280245273,0.6791266024667628,-0.02346339295092355,0.2624627015098688,-0.4706714100201105,0.11276030841261188
4061,0,2,0.24838292080953497,-0.023790638537817627,-0.4934056925724818,0.4165011157589799,0.6896913191898171,0.7735832529052897,-0.01831637377886047
4062,1,2,0.08885354591847178,-1.0388385644915912,-0.32831122405845636,0.2998095196153285,-0.3274335366106439,-0.862261046954894,0.08654173512790293
4063,1,1,0.6314795095373863,-1.3205410538399482,-0.16259011835470316,0.4402487477306752,0.6114986644888103,-0.1261016306338831,0.07292891653642264
4064,1,1,-0.08176129850184317,-0.8899434134831281,-0.1447870382496904,0.1782283179249033,-0.14095326786806078,-1.0568250758105489,-0.24495804593240775
4065,2,1,0.4678263110654617,-0.3082581373435219,-0.32821162962817124,0.07109991623532406,1.143820779560642,0.06583588127685432,-0.24615563642231186
4066,2,0,-0.30923973990371034,0.467007436277599,0.010152389396210187,0.33567880707446596,1.0888531336264673,0.4091723738462779,0.27708190221980716
4067,0,1,0.9737597610602015,0.17779146610927135,0.5033605752617044,-0.162389285967714,-0.05777259121292891,0.023168159292896423,-0.03321943301072358
4068,2,2,-1.2397382957702934,-0.31208784958042035,0.09832780324334164,0.6910429322705068,-0.40931047024179795,-0.5438261545519841,0.24957594367304325
4069,3,2,-0.11855040668402275,-0.42771813201730635,-0.286876291734059,0.1084997350267057,0.23869160523222377,-0.10883551086547652,0.29111676731580116
4070,2,2,-1.268317060278643,-0.012237828625158431,-0.4628273982470896,-0.26113519358337767,0.42395190676157773,0.6334036979465673,0.3024259826404375
4071,1,2,0.014720841430562473,-0.5272525168553925,0.4816411816705946,-0.16604510216266874,0.15274649809829613,0.3148566614502153,-0.183977005548194
4072,3,1,0.3193812595065063,-0.35025451802218655,-0.2065364523625448,0.25433162992971337,-0.07133376238215762,0.47726485502514204,-0.07837045782549455
4073,3,2,0.11883905657372792,0.2608100009888835,0.6231505610486795,-0.10833895867296635,-0.7417283582573551,-0.8160916324112013,0.14259708324817444
4074,1,2,-0.0009451628196128492,-0.49077740018639904,-0.3372137534621005,0.6378831643678109,0.1859193025106172,-0.3724374218651606,0.09398124384729084
4075,2,2,-0.06292472369627794,0.4336324382589689,0.2869730089971666,-0.20888991314864536,0.9573305495354908,-0.07885203469818652,0.1016650692375129
4076,0,1,-0.27393985124072573,-0.22639577768093078,0.10489750652317001,0.24321153311379665,0.9302754114572975,1.218105086183274,-0.07545336658637415
4077,1,1,-0.3584541686346009,0.6004428242569176,0.2832087043405392,-0.36415703640086516,-0.0904892402856415,0.2553604172719774,0.04734170293151461
4078,1,1,0.0022579706613316403,0.18304073338018031,0.4047514891058572,0.7034304802154133,0.014338972750020561,-0.5101688553443717,-0.30240144332114804
4079,2,2,0.002455896457708995,0.21360019434639008,4.4745546894464644e-05,0.6322357325756552,-0.7817302891840111,0.6842344639168756,-0.37274300068943095
4080,2,2,0.6413658854363535,-0.26348196752919945,0.7246649299720965,-0.028420882883290127,-0.24664087103692503,0.8534951689294689,0.14732362197886245
4081,0,0,0.07844119844612246,-0.5625716619998976,0.7012201317764586,-0.24026475135795028,-0.17926989491822268,-0.6175711740273362,0.016055630662757656
4082,3,1,0.19564489890512696,-0.5341079390415484,0.16280037855855348,0.3312702536782213,0.30963637016809864,-0.1303966205954852,0.5297292688604269
4083,0,1,0.07708346736200855,0.16955274377544707,0.33407983675914843,-0.27531239482415654,-0.7094044497994831,0.5090184431545768,0.04743492136508869
4084,3,1,-0.37406950903778136,-0.05202588411644113,-0.20243162816055582,0.8498228682841154,-0.23245421598699714,0.015300559783619327,0.06926135555962463
4085,3,0,-0.508212224855826,0.2967686985367036,-0.09315651019448168,0.4148479340296354,-0.06789531304545794,-0.2687427449491978,-0.26571684822382824
4086,0,2,0.4930267322749934,0.09251599425126125,0.7006155394274323,0.18977322706326866,1.031435827193766,0.7167939614556867,1.1229178444613992
4087,2,0,-0.6468003512571544,-0.027049582192550575,-0.08512974716731932,0.20047753249775377,-0.4297139696718163,-0.15334945106368733,0.09595341568235288
4088,3,2,0.10486996461888645,-0.508511838473625,0.5419782413336892,-0.0525196740525896,-0.04975670687258401,1.3222874187177265,0.009457771965104746
4089,0,1,0.30912341072410165,-0.622144706725955,0.6598101856380845,-0.514199076300912,0.2593789186384933,0.7618709808735006,-0.20042146160550026
4090,0,0,-0.43643865945384686,-0.17969985775939418,-0.4390619393954359,0.028998268806962248,0.18985796147847692,0.27062818247192877,-0.46189597595890397
4091,3,2,0.8057354875805361,-0.3257742498290209,-1.1159186138410089,-0.03850595217162497,0.261187333242645,0.20058742826877396,-0.020599134412208304
4092,2,1,0.16776149264520548,0.15890350685393514,-0.5351802249360765,-0.35840066922792824,-0.09510173161049015,-0.0601327914959241,0.028616292865345325
4093,3,1,-0.12376288158133222,-0.12484571867110444,0.6477385244071473,-0.6935525926326095,-0.03866202899991732,0.6438535504955916,0.4579705530301398
4094,0,2,-0.26825269280006186,-0.3282960859340419,-0.11138030166719277,0.2087123039584391,0.38698545438320214,0.284044108118789,-0.16793188251074645
4095,1,2,0.6391109676469188,-0.9793183306728773,-0.2458895769778845,-0.08523565086851125,-0.8880452535886357,0.9433842604941669,-0.0055186865033798145
4096,3,1,-0.7746569299836072,-0.5970103407257297,0.4808198397723093,-0.7234084049579946,0.3370289531828473,0.17875417863032203,-0.0657923985874823
4097,1,1,0.13533700640027077,0.9379057000989545,-0.14680373475784794,-0.332499554740463,-0.06822871825664475,0.12619053351334766,-0.14742659131136468
4098,1,0,-0.24838185491410045,0.09426676245785404,0.18656574964652273,-0.34897636896777534,0.05826513521352259,-0.7538174348675533,-0.22961958955184805
4099,0,1,0.6587961502456601,-0.11240595809810439,-0.5476967753204344,0.8103722285485268,-0.2027471282592063,0.488911659014012,0.2400866112169374
4100,0,1,-0.003600792603680847,0.004932831642018659,-0.7101819945658202,0.31799383431913486,0.42769972448230165,0.2636392898436175,0.34662881062896694
4101,0,0,-0.30715423911228346,-0.36288034482056514,0.15704359837027357,-0.17326685016002602,0.6904991385977888,-0.29929076485382344,-0.30279521281244326
4102,3,1,0.4829276078880682,-0.05610045969176142,-0.5763204222238288,-0.7320968219963364,-0.08692898940827821,0.33485021363680073,-0.39043566908550104
4103,1,1,-0.2870202953148028,-0.8155412425235298,-0.1189928758054776,0.5205672600644535,0.3296151279262836,-0.30253118964277237,-0.44006351095629564
4104,0,0,0.5575560373825181,0.018871135641135767,-0.3927664082433783,0.14417316481312847,0.3283024146504075,0.6052588581894065,0.25653230690684364
4105,3,1,0.2792632184080954,0.47213685688777374,0.859627256967854,0.07265038195935022,-0.21220377230845813,1.8325602482604286,-0.1131326347111887
4106,1,1,0.06606082671846056,0.04712011932307414,-0.00708701669903904,0.29854250188198445,0.6167149776974445,-0.10567802239341864,0.35920258696508556
4107,1,0,0.38520126579122105,-0.8534799381245353,0.11943473254232417,-0.2820891369756775,0.30839654388882726,1.1345688474474391,-0.2040572817426899
4108,1,2,-0.27872778094476086,0.26602681915142445,0.5453587726683051,-0.26544623110211335,-1.0760110523836446,0.32772752520684434,-0.13695773708684203
4109,2,1,0.23060350448176561,0.06005637328289973,-0.059725670049385095,-0.7247845304652069,0.3952474240352392,-0.43687251499081525,-0.047275794228351604
4110,1,2,-0.33408552325598406,-0.063255830213174,0.20059474268521504,0.31911675875803136,0.7367562398057578,-0.2555308998224164,0.026967656580586544
4111,1,1,0.05200136205063491,0.013420715972374597,0.27624081760070535,0.7596410970206597,0.04046472945577485,-0.06455218043686756,0.017355389147745797
4112,1,1,-0.7174127556322146,-0.6986470407850498,-0.12996040418414107,0.28292427963891015,-0.6218003647448123,0.5132508754237002,0.11030393029462213
4113,3,2,0.5256268744142173,0.48914901710421843,-0.18919405779850007,0.09124446896817875,0.3890273668040415,-0.018226799624314227,0.16637319700213338
4114,3,1,-1.0643466757859452,-0.5768625203043521,0.553287409710414,0.3769994725542675,-0.20723979648809943,0.7674948549931229,0.5907891837080658
4115,2,1,-0.6782465605448587,0.10046548041348921,-0.3075407603188623,0.18189616380684134,0.19124130647976442,1.049032913214663,-0.07562046988558364
4116,0,1,0.1002571849753073,0.09310705715925549,0.2895593511289223,0.8169377882180644,-0.3039603321702952,-0.33145605216588736,0.2219558127058407
4117,2,0,-0.02486479525274969,-0.6902085539664777,-0.6240540163348814,0.23258902445867233,0.4391890836984895,0.29089944302584647,0.6211147727841214
4118,2,1,0.32744078692052037,-0.05627356600992961,-0.6520733118658142,0.41740727893799334,0.6321665139649646,-0.08050024921834045,-0.13870594436228953
4119,0,1,-0.8476725231869571,-0.8652937308860221,0.5684714756186878,-0.31402873854575264,-0.26887144638038346,0.5320058185288759,-0.2042800517179711
4120,0,2,-0.35730387402444774,-0.8895859355021583,0.05491290396182571,0.24543679183493095,-0.3923975325935539,-0.014384872738514992,0.06024130281746346
4121,1,1,0.058253457438951106,-0.3387208881166338,0.21812896121871583,0.04710650220000606,-0.33516964134959887,0.0245602249549626,0.05973518725050397
4122,2,1,-0.23972974744989578,0.7001464969664843,0.6647509498548387,-0.04638534911473753,-0.34085059085899383,0.3349256338467943,-0.11528077380453695
4123,0,0,-0.09452405891862974,0.15890387400553393,-0.0450730447551881,-0.029844589431853613,0.3916468002798884,0.715565369950146,-0.19643379696869298
4124,1,2,0.12407200580158695,-0.7016241522855552,0.07592408676582796,0.18620504669824048,-0.8323328923845155,0.4005872128008666,-0.06437111318212424
4125,3,1,-0.08430547783541538,0.004101019485670071,-0.026146495571698826,-0.1287020254712242,0.501432951639509,0.5223975369709984,-0.06925401019007488
4126,1,0,-0.578367781035488,0.718489086630492,-0.33520408805520185,-0.30244961555033356,0.20776983117204428,0.8458000320409391,0.4226731964293869
4127,3,1,-0.9536432036054053,-0.7443967040959206,0.058680182657621247,-0.529127767590786,-0.5700089017507386,0.39172297016744617,-0.19805010053509214
4128,2,0,-0.3856625970618448,-0.10518414818856378,0.6883777781198409,0.14023755754273623,0.1903364761456656,0.6233490331678068,-0.02753529840869997
4129,0,2,-0.6533500857464954,-0.3293002271980153,0.6568405794117744,0.8230063249791586,0.39641576702294323,0.36500637083622767,0.0883467373819979
4130,1,2,-0.9630610469439442,-0.06443946761762682,-0.07695764519859144,-1.0267264315043325,-0.14504566308972017,0.7814860069764816,-0.02109026235873723
4131,1,2,0.15350217505258987,-0.02245535946676963,0.42863611189114476,-0.23429101501932983,-0.22360943599291006,-0.09808214869591891,0.12029998276802409
4132,2,0,0.3644072637538832,-0.28338051963453714,0.4595310075355683,0.8108416050940348,0.744516443986476,-0.3213219215614803,0.24221830409316664
4133,0,0,-0.17870310529770717,-0.2041748673142325,0.9477775350475854,0.2859772415086795,-0.276393676498149,-0.09538387581108401,-0.39762754731692235
4134,0,2,0.5804165397372213,0.007875346190408,1.1697999322915562,-0.30627682167148695,0.019398570891476084,0.34693225322903337,-0.3136739153620303
4135,0,2,0.5531320159999942,0.2189998343928272,0.46358611776315634,-0.06402550279654329,-0.7795665454880012,0.23375688133253222,-0.1086568888739247
4136,3,0,0.1438842065436494,0.2852483279545598,0.39511815180710996,0.143271464298009,0.4086260798320121,0.07916981179285236,-0.017838091820899706
4137,1,0,-1.0118614984010066,0.001366177505861016,0.07704371458327762,-0.010200052894524915,-0.8820786710316914,-0.07163240253266279,0.07568747558144674
4138,2,2,-0.21569648205784075,0.11702631944374739,-0.4303448637076575,0.07652065910997094,-0.041144780288870815,0.6821623841873574,0.5477631691554142
4139,1,1,0.6155784845687171,0.5983569097180017,0.5845054882554901,0.2101150943116961,0.5844736114983963,0.8658778080688526,0.19328776724460425
4140,0,2,-0.3468406717398471,0.21373278478815058,-0.05794755916437971,-0.09938463037873227,-0.8217778462099066,0.7686197895378033,0.014847780677947264
4141,1,1,0.33494193006244033,-0.4172453023496333,-0.08581786788706643,0.1263665998060886,0.7012163888398878,-0.23538701383228014,-0.3663332405479082
4142,2,1,0.22151263315268835,-0.6080182261924523,-0.17726963113030206,-0.052704902494155326,0.18700935753428385,-0.5541960589641658,0.15155786725865208
4143,2,1,-0.4016763528280046,-0.2708579858653486,0.3163124249668001,-0.6919817233881506,-0.09372911723109176,0.5123527970186491,0.15078639296200066
4144,0,2,-0.36361086764134665,0.35164102099199623,0.515779902696643,0.03839182684653127,0.20653377016948032,0.5364692673069851,0.2592795017203804
4145,0,2,0.032344469864410474,0.1546383032844846,0.12229024723987683,0.3587860445136753,0.6502612220114456,0.7783329000085102,-0.006121528810387162
4146,0,2,-0.7776655653416453,-0.16864210732380563,-0.2479374922559841,-0.3119171586060323,0.23485638445619067,-0.2769363845765943,0.237574636035923
4147,2,1,-0.017447577702829814,-0.2302772587094243,0.26164048142779744,0.4713970868857331,0.12257547329487685,-0.5142928280520493,0.04895447504517557
4148,1,1,-0.06731225149047233,-0.18483685171172687,-0.3027495798862866,0.7560598945356659,0.03225963179405072,0.04839755764673019,0.14847573754137927
4149,2,0,-0.4174031060563521,-0.5165344304627886,0.43150246446161905,0.4845448426908911,0.5165759689374251,0.2596456449380261,-0.36502527155484116
4150,2,1,-0.3604047319893029,-0.7143024815233562,-0.46387664438056436,0.5463319936547195,0.5148875362439722,0.09965535796357664,0.49875731976980636
4151,2,1,-0.7511516013783692,-0.41942365798725645,-0.4310484674214592,-0.582817825191061,0.21379357444364025,-0.06332007785997087,-0.021762709801502394
4152,2,0,-0.9745133992934167,-1.0963445775311607,0.037667371835643754,0.4943771559664052,0.24150332003972405,0.2404442985509544,0.3619050231145877
4153,1,1,-0.6399662961387022,-0.39867909950066566,-0.291230305278925,0.2867825164438576,0.35187349007444657,0.7351504057240567,0.19131252283418695
4154,2,1,1.038465070015401,-0.3627776818224179,-0.2618149948494969,0.05704021462577005,0.44258413326002494,-0.33914235630974865,-0.28161038801287513
4155,0,1,-0.11060112165854438,-0.11419523299567308,-0.0013197733982685202,0.2345894240052776,0.3508823192237188,-0.7151650532484264,-0.21922504545545773
4156,0,1,-0.08889336200402283,-0.1303150430911574,0.30644609872907913,-0.18218911668273832,0.6579923535753986,0.10556536976879954,-0.2929321346950706
4157,3,1,-0.3239562697436753,0.1277356181984318,-0.14459041419676255,0.23254180867051663,-0.3900543914161709,1.38488349768543,0.056365205032819596
4158,1,0,0.08127271564199987,0.23202257883359886,0.524515433430147,-0.4694616049365472,-0.3357208940515942,0.3827673493736989,0.10711320486592033
4159,0,1,0.6000357561389106,-0.5759376490133421,0.20438783322380388,0.5794455578637556,-0.6605413283117956,-0.39227972929454213,-0.04098718361732041
4160,2,1,-0.36215900284037617,-0.49400953968789574,-0.1506748129156461,1.4401586414488676,-0.006404185895668687,-0.6302130611565498,0.1344422019196966
4161,3,1,-0.2863429012998031,-0.14418813193513308,-0.11918936475063793,0.28538968617897204,0.4123258551942742,0.0012364580919787815,0.10961558690737057
4162,1,1,0.1681125861243585,-0.439566727619893,-0.7412846053317292,0.6244474268666413,0.3675007203632667,0.7614951707296993,0.11470427585708255
4163,2,0,0.04488736283305375,0.2009198912478873,0.3361787911013556,-0.13725052522353823,-0.14848831927350042,-0.279049071926725,0.1007568833103785
4164,1,1,0.2071497415826802,0.3349568831722719,-0.06456927903355836,0.8841619031698806,-0.512040124692098,-0.6072558043932549,-0.3857857320997825
4165,1,1,-1.1567235027764813,-0.76677692654944,0.12087864703763937,-0.27749743556153,0.15684713443859982,-0.2262315438976437,0.2746899174111242
4166,0,0,-0.467417211000265,0.24239033341367142,0.09370586060068908,0.10893728915056482,-0.2392253957714836,-0.09000012683419994,-0.31875825030637467
4167,0,0,0.8784354127498722,-0.8513630440938103,0.2388118092441447,0.4269801472431716,0.14078710308499714,-0.39630130716820133,-0.32743005733924024
4168,0,1,-0.45448738112449494,-0.3816767639864943,-0.5784537229102806,-0.22492224111565928,-0.05212467696899513,0.39606436102453396,-0.4729074569471287
4169,0,2,0.19031419855078266,0.06624111935159552,-0.8028995891659462,0.13581343678824725,0.6016913349645813,0.5350269567073942,0.20386649896947323
4170,3,2,0.5312747428729975,0.3926442159187008,0.34392006635953837,0.49213668320038106,0.6718069945272639,-1.0352801164119652,-0.2991593430490286
4171,3,1,0.27393830133797625,0.44089733928453567,-0.31463141405732475,1.6177295505286733,-0.0602726323143418,0.45495731454940647,-0.40924369061112864
4172,1,1,0.25366714220153885,-0.8332782901668572,-0.11228232922570199,0.5026179615626502,0.5327845183580121,-0.2334153954371682,-0.029872963229055725
4173,2,1,-0.4093011457443321,-0.48153144573397866,0.022795478188216735,0.5641330634087848,0.28413702196598317,0.9775954281426164,-0.34971000356402465
4174,3,1,-1.2167102903354787,0.25341596518157494,0.48336204584405573,-0.17956726097855782,0.6067731755447014,-0.30047168172965,0.18245618088124793
4175,2,2,-0.20070059165461462,0.015056544644588332,-0.28424756862759776,0.912292780690432,-0.7030740243827628,0.8944833553137267,0.030862854422306997
4176,0,0,0.2270406824149447,0.15064942812115326,0.023595714200492685,-0.4205422281270148,1.440662762767763,-0.07957681214813445,-0.19275144468581054
4177,2,1,-0.05363082730167828,-0.4075505820853059,-0.9335102073836623,0.8018057339543522,-0.7512041502531682,0.2711567022259094,-0.31690441423892063
4178,2,1,0.06008515456888619,0.537751753869062,0.0426812956559898,0.1426069931442564,0.47459288971801566,0.012961145771263949,-0.09417519248120904
4179,1,0,-0.3759733843466825,0.5748166706288662,0.16543229127638148,-0.46548140082336276,-0.35635457147081656,0.4257930303055627,-0.16336521472446044
4180,1,2,-0.41044531831270914,-0.14839552858353727,0.0929504143523943,0.04691017838069388,0.3589310861697307,0.7242527934238007,-0.017986343858256718
4181,3,2,-0.2325170733049733,0.49026438745686374,0.0692310330373396,0.21893323917057234,-0.06793048507824294,0.4339773528184263,0.028933217639138652
4182,3,2,0.1601157010835572,-0.13206206704716522,-0.6973976655383313,0.2668772949742691,-0.06987684380818278,0.3551499510407866,0.022189393514934385
4183,0,2,1.2202273351936972,-0.5762412141419277,0.077092661712012,0.22206275268600012,-0.03526690934227891,0.39406806389402194,-0.16494395027070477
4184,0,0,-0.05838401849513056,-0.11622578662729624,-0.0856711934888914,0.1675521420651952,-0.6649067426639551,0.013029370345359448,0.551890863083733
4185,2,2,-0.26491302893171287,-0.08046332634618077,-0.17655205964202403,0.2693077756896185,-0.674314058101474,0.9968601844007259,0.6297253996778215
4186,2,1,-0.0204744601049104,0.1787308003176172,0.32890884373281415,-0.3697277454152342,0.32389036644642627,-0.02351956104829081,0.1325233394626414
4187,0,1,0.2338237503292783,-0.18771974991502757,-0.5523611964421735,0.20758029313391774,0.2293453725101691,-0.04487402779940061,-0.15569362975221465
4188,3,0,0.10927044393518445,-0.31040681909035084,-0.16598836588112517,-0.165883000914077,-0.5178949800536214,-0.11793054023801,-0.7605108187308965
4189,0,2,-0.08094215717885381,0.1620315901941273,0.13796321777577028,-0.3385617112712122,0.13281723388089242,-0.0295848533658378,-0.38304065510855095
4190,2,1,-0.430158577691509,-0.33989207834676705,-0.0019531114983802002,-0.2627074997643615,0.5337961204121161,0.2762088363642873,0.385899390443707
4191,3,2,-0.24191090818660382,-0.24221757389384485,-0.020376705210874247,-0.5943767914926603,-0.05443835155438187,0.8100755747677325,0.3123594557368003
4192,2,2,0.3595245397296165,-0.34738679827507624,-0.5778122786223586,-0.5040032200977075,-0.9647200430069726,0.07900630285911348,0.2587790162403887
4193,2,1,0.3990475751949063,-0.4695961805380382,0.624233769532166,0.00881168545089777,-0.0918708775975897,0.5885152323150147,0.13485593386354594
4194,1,1,-0.6182462848011939,-0.15170142842965734,-0.6294857629869473,0.42585052866036444,0.2524134096812083,0.3175045292575993,0.5535977591562448
4195,0,1,0.3402713685712614,-0.8577416809823668,0.06349319469330383,0.8929308308597589,0.3081054455152253,0.34847314969113224,0.11308453738950415
4196,2,0,-0.6021929368992857,-0.3284588398342374,0.412804103885049,-0.1322957510800132,1.2367502097290897,0.6515574361555501,-0.11762442838748441
4197,1,1,0.9888451319775683,0.4666803034147614,-0.00044644042366702723,0.47032177030902694,0.71166155850088,0.6046140553892855,-0.1631937196744623
4198,0,1,0.1491245638582135,-0.3493433889348586,0.29759830307499396,0.7945286513027582,0.14804532245747568,0.403950218604456,-0.33992139689325623
4199,3,1,0.3858024460341303,0.023428167889381124,0.4329315360491849,0.35356183238667216,0.7010997983681132,0.3270629708466131,0.2305736773343143
4200,0,2,-0.10639138913088386,-0.7632435588924522,0.3602331654184341,0.32422215660793047,0.13050818267610703,-0.3188688307294627,-0.3072656357483186
4201,3,1,-0.010351468073563672,0.06679160683862939,-0.5610365164983854,0.2701236029698849,0.5183893888838789,0.3940453086905962,-0.004419735979168258
4202,1,0,0.661016864985427,0.3031800297421644,0.19863102738424523,0.898860779374737,-0.2891721470565478,-0.059770292284415716,-0.1364612517674074
4203,0,0,-1.1212320530125115,0.15855075737958466,0.14494094514663858,0.4012325037608925,0.7980366242962065,0.547513867850639,-0.009000118799342928
4204,0,1,-0.27710736629754407,-0.9188241901338509,0.7516641921536773,-0.04100600133148504,-0.34542383708931085,-0.6737589349142368,0.28779632152561063
4205,3,1,0.5839288243978838,-0.6376451083182154,-0.11474844180780171,0.09103924757719913,0.36651214787148806,-0.35187907528077267,0.28218175992161204
4206,0,2,-0.3113643364689582,0.07868183762508141,0.8311014232573637,-0.43557268928259674,0.22689207486402846,0.11484248154409765,-0.41853223706781373
4207,3,1,-0.03485564821477616,-0.24552207516380836,-0.6118499048473827,0.6882506033609446,-0.2628329026300353,0.7070302924561268,0.18535400891497025
4208,1,1,-0.5449413890442883,0.19068050888728713,-0.10982333955150879,0.22545514962316296,0.5740200244992193,0.3603312773624062,0.24199403991698815
4209,3,0,0.5990985789950282,-0.570319490483318,1.035326633587092,0.3194874132402983,0.5360450381163735,0.1262481996279059,-0.37859334631730385
4210,3,1,-1.0113812674097473,0.3767258493987917,0.1979968427511809,0.15923587247526996,-0.673872269336942,0.10464217355355061,0.29189241921507714
4211,3,1,-1.3087224578278125,-0.25243156839737746,0.42195037591186,0.3696270610606835,0.24431590653220753,0.43246534998044084,0.028802549044281846
4212,3,2,-0.014931593128209367,-0.9122436949386223,0.45455403844181197,0.3013839605748631,-0.3342581621800679,-0.33473336112273044,-0.6449353158311814
4213,0,0,0.09563177523509142,0.2415320579469675,0.41212404212466647,0.6349611346658594,-0.26304966365042437,0.8651691016399529,-0.10270619790551527
4214,0,1,-0.4012693925404779,-0.9460993965093568,0.4866184539369379,-1.5235913462288984,0.9785415514595791,0.16521438138548186,-0.1534362531695975
4215,0,1,-1.0352107147788117,-0.13040268562909374,-0.6537945895851826,-0.38248864802402543,-0.5510701979647686,0.45639481508640045,-0.4230665357202846
4216,1,0,0.013731568755190271,-0.8693190307153125,-0.4304169299071295,0.42391520585548575,-0.5037308797633159,0.14043492845530325,-0.02992800893424241
4217,3,1,-0.12938240894849162,-0.0629776979939792,-0.08811059008457654,0.7566645752999336,0.3111300748128256,-0.21443417888745978,-0.016854580890611925
4218,2,2,-0.13322469922601918,-0.3855350304393502,0.09172144603783958,0.41261369827823824,-0.002286318307016187,-0.052734561903931276,-0.6871855105200373
4219,1,1,-0.4775948763610238,-0.16583032053292793,0.0546881430783907,-0.751913323385139,-0.47932132362733765,0.42165906331340763,0.16085069146898837
4220,3,1,-0.45726919110656716,1.0053417370769657,0.06783908389993604,0.03341526977008083,0.03732608217052978,-0.6372390402473239,-0.2482868829406233
4221,1,1,0.431148078152778,-0.026652429780303397,-0.5068622916302886,1.0029102124633194,-0.056249021513535766,-0.3317511550686876,0.22480714765901538
4222,0,2,0.3499176345896863,-0.46893504917628237,0.03309738094582409,-0.34438682665953274,0.46326742657268066,-0.08467197323404396,-0.015520961642331878
4223,2,2,-0.08549856463142873,-0.13390037390209777,-0.40936002211607203,0.33146536229667445,-0.4508993942617382,0.0014735141138567664,0.5640259922800973
4224,0,0,-0.030221663360450873,-0.7857657817211869,-0.4372831981680625,0.21349972550420065,0.07363801792585466,0.25551255278838125,-0.27050000295839194
4225,2,1,0.2538712305037435,-0.4856467998229814,0.044236133454099144,-0.7158172909465825,0.36188030838609825,0.34245511016479635,0.1388221333886734
4226,0,1,0.7512606142400932,0.03171545934540004,-0.18532846369491163,0.09121575328214925,-0.2653400557955288,0.6426442121976923,-0.5942082029891024
4227,3,2,-1.1253813353970468,0.2896236425142419,-0.03458946848257446,0.10948378201083565,-0.5124671294528678,0.3342361017104212,0.3093707017305264
4228,1,0,0.4414327322834791,-0.509080044478839,-0.1484044027931049,-0.29726198218125366,0.3454958152432791,0.348295282422781,0.10491758350263211
4229,2,2,-0.19122942456136016,0.9409066310535431,-0.3694097611988742,-0.1803563641754135,0.14217148897495333,0.42073598725523986,-0.11737538369488745
4230,0,2,-0.5839032993049048,-0.4252188118657826,0.026232929063000163,0.6220770815254852,-0.07705820725309807,-0.10866174658770136,-0.4808249238677137
4231,3,1,-0.25680808634960267,0.15737530527683816,0.004843884183013986,0.03867781117273834,0.2240587240472405,0.05455514937350946,0.3315341994517914
4232,0,1,0.04702733546151164,-0.22428354917472887,-0.4622997555925834,0.2717870657655932,-0.023522828548948164,0.19199653574922537,0.39354804101120977
4233,2,1,-0.2743219687785323,0.09897492360878718,-0.5916212755535,1.2168095753492456,-0.6538905685162488,0.48316315808637755,0.24075000903450455
4234,2,0,-0.0971228746666701,-0.1826528227432219,-0.07227846716350327,-0.3625487690023173,0.5533067780726576,-0.020591114119274834,0.08280824244155184
4235,3,1,-0.12409281975538361,-0.02471127046469518,0.61843756653894,-0.008133687429565611,0.012501941180651822,-0.34479029956048957,0.25215920684889
4236,0,0,-0.5540008005438672,0.07642090189420458,-0.08561411969191977,0.1349418338112678,0.06150495326219189,0.8165842923071858,0.18364038993774426
4237,1,0,-0.029645867784983654,-0.11392273476110695,0.2991286715277682,-0.07524867304665334,-0.4589519062031798,0.2346267049167821,0.23492717949748337
4238,0,1,-0.13245463265127688,-0.0035963818945499992,-0.36775160108942107,-0.16256937267021515,-0.17298063453867413,0.8012784196283748,-0.05385023491934335
4239,3,1,-0.07807530718945273,-0.2109011098288651,0.16310362756117072,0.26179033955123776,0.2462022523363669,-0.8711443701921399,0.05744075644463796
4240,1,0,0.1613623137235732,-0.22884075074746157,-1.0225909714805297,0.060115276559048615,-0.3943331207584441,0.07090704671460368,0.9597236080031376
4241,2,1,0.137521614356357,-0.18242465988631806,0.024716352311498435,0.265550122786531,-0.17905195122599826,0.39115316966722946,0.09755780424426598
4242,1,2,-0.1327910280556427,-0.0413396749375769,-0.5704261984701182,0.1538998840291066,0.3351291145734683,0.06788270210580426,-0.09485822934487484
4243,3,2,0.0574032696439129,-0.054763060924769805,-0.045870518941156346,0.9923285402475303,0.15677238800287113,0.15463474773065602,0.43364179487005505
4244,0,2,0.24022797676301424,0.15216101189633432,-0.291983619547537,-0.17907857939183827,-0.9367754921511332,0.5178585138972518,0.17857999122989776
4245,1,0,0.038538641710269717,-0.25019622789709134,0.2443547203385258,0.25606268968585927,0.9764589009113873,0.09719635378153388,0.4036303138002819
4246,1,0,0.5398120574669846,0.8671277552099698,0.5902266649229682,0.18198923669659023,0.5319084826847407,-0.35143337900452554,-0.07383327779407488
4247,0,1,-0.4467953923861563,-0.12533468655300484,-0.33125434076295573,-0.08010571533196434,0.21985549079619174,-0.11886862185011152,-0.4866514251330651
4248,3,1,-0.5557884569342697,-0.22923292300125375,-0.5979784713958802,-1.0456320952286082,0.08632871977839839,0.14341236397268803,-0.008652352624889687
4249,1,0,-1.0496081903287227,-0.6138383838706966,0.526309967831049,0.5217239734045718,0.32206218984875046,0.4855475295196151,0.19571805781402365
4250,3,0,0.23844643973341625,-0.5780039573984138,-0.5385611121002997,0.6180244936797534,0.5266754947813936,-0.18798236531459547,0.16395048045414254
4251,2,0,-0.2533559710647074,-0.2856807986938038,-0.36963573298773894,0.42495630504655596,-0.18380658498015873,-0.2129093777674779,-0.181608687844201
4252,3,0,-0.27467878565007764,0.7507360082499984,0.010598142641578396,-0.3509449489463383,-0.18017700406666962,0.8292717969259533,-0.046599488255613074
4253,2,0,0.6351353115308215,-0.29234585440392213,-0.263269523405072,0.7147005352659423,-0.051218182234314465,0.8284489883169247,0.13145436875014732
4254,3,0,0.346430115502807,-0.2795953636265569,-0.08273252962813622,0.4487638077069533,-0.026034465646333098,-0.6921591284149725,-0.18117221195332897
4255,0,0,-0.2630865099234922,0.42542407932101733,-0.2806828958221008,0.36023348963818863,-0.04567198462179253,-0.03674517627315693,0.43009621599422365
4256,3,1,-0.22495423333478629,-0.10364548813970048,-0.17388386881683016,0.11578647304269825,0.2200591579391053,-0.25411422597526234,0.04024449252065249
4257,3,0,0.00578053276355911,0.6256131451478557,0.7877740737881803,0.07864027401428221,-0.9562923346047618,0.04575518480679042,-0.4727290809137877
4258,2,0,0.4802174449536688,-0.8424656426306175,-0.10380896673959772,-0.4286963520327862,-0.40369808478690966,0.22012823808746418,0.5423349195403948
4259,2,1,-0.12989784033493795,0.22321837654151297,-0.17122856941847198,0.9193942536652351,0.5809913516602447,0.27994837985734,0.2616543944104064
4260,2,1,-0.026114989801427513,0.21217075713780223,0.5420058263499827,0.7790389228061855,0.7420480955815484,0.5196218232829206,0.21269611794994764
4261,2,2,-0.9780148974081319,-0.6122764950147085,0.5990870168457795,0.08689960106819955,0.276097382544301,-0.046343218607360015,0.6852663931521278
4262,1,1,0.13791547868402923,0.020365718288041096,0.2723816517740982,0.8770059758437098,0.597859612508414,0.4735736786017951,0.3031176937992751
4263,2,1,-0.20293565463970825,-0.5528718466295722,0.26918911153082536,0.009411035107648,-0.05819819747879893,-0.0368669608475764,0.3018279683043823
4264,2,0,-0.6418294075090341,0.08345774396778843,0.5207301641998957,-0.4507342949906285,0.2832335452150036,0.5928381642146062,0.2356487370768393
4265,2,0,-0.8736427427090893,0.34140866214905674,0.3579216331091094,0.13613110813812737,0.48792959407871495,-0.05423709358668799,0.49196380836083453
4266,3,2,0.22354765099513432,-0.34657548141879235,0.4080189394145524,-0.28364107714915987,0.231231440990133,-0.21945464611918478,-0.21246880096047557
4267,0,1,-0.8554576971011115,-0.8562534459501985,-0.06015127149748263,-0.2787972535086801,0.07727015536867707,-0.1839697148941998,-0.88511896310873
4268,2,1,1.0199237443040647,-1.4198707362996346,-0.15263520729623498,0.8644577374538476,0.3752518896138952,-0.1920503083067389,-0.20295572412000176
4269,0,2,-1.1871574517640953,-0.8654761137286605,0.537467094210715,-0.7560258826374433,-0.16835344674328187,0.4126304193129713,-0.06883358209505003
4270,1,0,-0.36703218633444656,-0.28630413491669526,0.20822715244635598,-0.030658026993480077,-0.4750657668412136,0.6614662796457715,-0.22372520105674784
4271,0,0,-0.889324347135759,-0.08332411995191394,0.6768336528410783,-0.5040269453177871,-0.08684171404159087,-1.2653897939436238,0.43654259500344106
4272,2,1,-0.35031988145154613,-0.9786222814300599,0.8159256890816651,0.8217551280139795,-0.9150572367515082,0.6339809987519007,-0.3729350658102653
4273,1,2,0.632552741032208,0.026800869751875955,0.08824006642431068,-0.49849390774237556,0.09730520685307498,0.6876139859405012,-0.1520757571315387
4274,1,2,-0.568565801356952,1.1919324644434175,-0.11386712753658193,-0.13098442918703623,-0.487628763660652,0.0346854962136592,0.2049757399442598
4275,3,1,-0.9805054186080444,0.6067811666491589,0.09453737850179429,0.24232211425652872,-0.11019752603304807,0.20341671956601576,-0.2258624929426615
4276,0,1,0.09620451275827499,1.0183013587481111,0.18447965614251047,0.7606982297976905,0.3364378883807764,-0.018670234475503533,0.36706397196837964
4277,2,0,0.23714639343293722,0.4376899033400339,-0.3483447276306407,-0.0997602135716532,-0.2732166388364433,1.5312241638249207,-0.33308744348878194
4278,1,2,-0.03306261631013879,0.8314994314139518,0.9650158472025343,-0.22694204961368925,-0.6828216026662491,-0.30296615729803156,0.1364448928706928
4279,1,1,-1.0245716820811053,-0.25151810127697855,0.6778611130321969,0.20281124857028232,0.8140554290701492,0.5670277167714166,-0.21974165192056475
4280,0,1,0.11067573617275406,0.46594699408277473,0.17317964027635416,-0.4102811229457597,0.7088920917022191,0.11246721274985265,-0.3953530695035868
4281,0,2,-0.6625460582572945,-0.3442935729301768,-0.33387593116643494,0.21536669779461845,-0.24471880240458704,0.4640816513480176,-0.3201594945837069
4282,3,1,-0.17321306202383296,-1.0222678886008032,-0.5748884299456155,0.16068705141055606,0.5552150033302691,-0.02959965737130485,0.23918790794747535
4283,0,2,0.7457844610841603,-0.14660026954055397,0.3690676067174896,0.5807128485246281,0.11198647860809406,0.1926665860256652,-0.09549578459689709
4284,2,1,-0.6880786148205184,-0.28107400109520075,-0.11598894650500774,0.10594647514665315,0.3995931004178305,0.8714123205289948,0.2756837520719094
4285,1,1,0.46131832573471576,-0.09807761739826111,0.19912499955302798,0.11395207520383423,0.1952430560916016,1.6520522387401793,0.19788339759422757
4286,1,2,0.10393322741030969,0.039462234669089935,0.33083863771118266,-0.12601413234940442,-0.09120854221366176,-0.07082800050214408,-0.3394431424760776
4287,2,0,-0.9055222978616156,-0.24203997147420553,-0.0477160481026923,0.14938945109554438,-0.26772847172279424,-0.9563371943709621,-0.6784664921963531
4288,0,2,0.8651331938657603,-0.1180966411947422,0.5265085734919432,0.2821219725168827,0.674653642660736,0.2409089629237087,0.0927709750309089
4289,0,1,-0.6513306479096655,-0.9571466000898113,-0.44608107376173173,-0.1685542145739052,1.4471157746640062,-0.7360396134004602,-0.22715180947808372
4290,0,2,-0.1803387130429826,-0.3440819991875341,-0.13370563259078416,-0.7403435159498574,-0.2657100455859957,0.22980651179539477,0.1662983705614556
4291,0,1,-0.3392683399598496,-0.5478152972428062,-0.408250536195568,0.12038243845763522,0.005263127042082894,-0.5029952910014307,0.16077166013460437
4292,1,2,0.33663293569536656,-0.32596596136590267,0.24742995181935212,0.43417558497270503,0.5786494237703093,-0.740093901235417,0.43809646979172606
4293,1,1,-0.4620928827938965,0.26374561829524257,-0.07830108447041038,-0.03829738035296164,-0.5784600720716315,1.5314074069844459,0.8651509205993071
4294,2,1,-0.6875266005866071,-0.7150639314375106,-0.820602719426616,-0.186919625369869,-0.3255849650778614,0.21837082015743403,0.35393162051117344
4295,1,2,0.48175921335868754,0.3543603229466743,0.5924268262374235,-0.16781661624327987,0.19292089245456512,-0.30482843978742913,0.12103467309785741
4296,0,1,-0.337387828415989,0.32542494104105935,0.2654985655349875,-0.1666897298147027,0.023442434731108106,-0.062495524021121795,-0.4204336315958546
4297,1,2,0.03573143371818974,-1.000442021863693,-0.22394723071844283,-0.6216711053046169,0.7293801064667718,-0.26022638133459886,-0.07096276741238344
4298,1,2,0.08926418959632682,-0.2674482958269557,-0.9652641734638711,-0.8284956369962786,0.2911409410495926,-0.14295645557805312,-0.3290613251443707
4299,0,1,0.3773160724334701,0.38080559003744574,0.17403538748975664,-0.20901148473541442,-0.08972898733901019,0.9706417511340251,0.1900903519805828
4300,0,2,-0.24170224138703092,-0.1233579548299417,-0.6026949350167978,0.10736434378258723,0.5178215453005421,-0.03385809764429737,-0.2865758004463186
4301,1,1,-0.30449317110662355,-0.2670741275947679,0.11494440238554615,-0.6413601230781968,-0.09274146346800502,-0.09252366989228952,0.22205648075868414
4302,0,1,-0.16518930303065238,-0.543795242224717,-0.11359897110275463,0.26268116916437395,0.323574651321932,-0.04950803528007741,-0.13342935853165716
4303,0,0,-0.22732188537964917,-0.5833258077735968,0.40119743078110254,0.11183836495785815,-0.08424870247891207,-0.43473224703089186,0.09053900941615038
4304,0,1,0.16407405487052204,0.14623344861039458,-0.3093694302152634,0.15706086856122958,0.6422321208038967,0.041209396322428996,-0.32965631612023943
4305,2,2,-0.20531943883007814,-0.10192485483709418,0.6023139216503921,-0.16758952145793965,-0.10959513951635247,0.4144041006633623,-0.19655976021674684
4306,0,1,-0.6253600403965988,-0.019946330882555402,0.6190800159476845,-0.7312545538800423,0.2905139730324594,-0.2788175597649537,-0.5404731853633253
4307,1,1,-0.5191597439596888,-0.15196393050679086,-0.14193608938118749,0.3663855003737759,0.6410704915533583,-0.03300983549671224,0.14621436157603196
4308,3,1,-0.0839812978360702,-0.6185094470965787,-0.5041181162952632,-0.47911023052030804,0.4219397070408597,0.383713852698092,-0.2617104337570875
4309,3,0,-0.04882447115193834,0.6911280517430679,-0.10064321281867955,0.5529536937116222,-0.21533765423348858,0.24843847647980283,-0.1217862757284399
4310,0,0,-0.3712975146251226,-0.41252196846293576,-0.5128562473570135,-0.0667396068806792,0.17720084275763157,-0.0703844559838897,0.2905300830640323
4311,3,1,-0.2718107411216802,0.34036776235158495,0.07754243944693871,0.2919994350395612,0.43338124816606854,1.014861855992776,0.07796433231463133
4312,0,0,-0.04231123275200042,-0.20986501461353485,-0.6053898941573338,-0.40205764939967426,0.767183467470041,0.8401709708987973,0.016021882496053182
4313,2,1,0.015230437559076687,0.5914082861700889,0.1648890774123877,0.5289475208000575,0.05590344928232303,1.3466812345858572,-0.5152386295275938
4314,3,1,-0.3938358045235427,-0.08767592088820095,0.7328685928233357,0.4080814906656304,-0.3507409696229155,1.1906632964421162,0.35383732354900455
4315,1,1,-0.4399809081073207,-0.7880905346563747,-0.6738305569096615,0.4399484781971301,0.06939309020710609,0.11035035493784363,-0.06361463388683133
4316,3,0,0.4631481547033922,-0.10075244081206144,-0.3006981878320491,0.5212412067884068,-0.09637526529349587,0.9722927526645122,-0.1043432167896054
4317,1,0,-0.6381163205982296,-0.18931224260624765,-0.11191910485311854,0.4390014992124946,0.1557996982423607,0.7371369879898008,0.22210133699489756
4318,2,1,-0.14903146699049577,0.5508522873709425,0.07808248371034464,0.3794516720524626,0.4744569946918082,0.5798749922606445,0.6354049053902454
4319,3,2,0.04322188597649168,-0.9208823489243372,0.13432320669428963,0.36259795546293105,-0.1740508063734571,-0.08768505558079354,-0.07707134300040322
4320,0,2,-0.41676420240623724,-0.8143768794883507,-0.2692494581088754,0.2930790690953161,0.33982749324968875,0.05170803282006879,0.2522693783255063
4321,0,1,0.23218285965739663,-0.8505142925079937,0.11765546012541714,-0.13849348202127457,-0.6170032910350335,-0.45273938552284787,0.4470610159350617
4322,0,1,-0.64288670235786,0.33365037559809974,-0.10174498318628772,0.02668628931851156,-0.07270319662147794,0.9099953733621415,-0.24541216749010283
4323,1,1,0.44951695790322743,-0.7006261355219554,0.3982094798819772,1.1528698205023544,-0.5271853960049011,-0.02008869943219685,-0.40467333246221177
4324,0,2,0.2543372682838292,0.14769309096698183,0.16762339334124177,-0.29264408193024366,-0.5616726289433265,1.1282053766454119,0.31760502923029055
4325,2,0,-0.15829110827910636,-0.06757532460681066,0.2594573847734933,0.21775405972076112,-0.4271744988655092,0.9833863955596275,0.2771304054160309
4326,0,2,0.11486785284889123,-1.1430195888282482,0.08680470991305389,0.5644764173299145,0.21369391543916072,-0.2823051407310334,0.047911446897901125
4327,2,2,-0.31549523537326923,0.0728310866697097,0.22031014472755805,0.34374553686726644,-0.441080734623881,-0.2719914264795762,0.18329002310323858
4328,1,1,0.24960322016797495,0.2060789349363348,0.20270695728742938,0.4805281871566051,-0.46340266537981356,0.1627124523516601,-0.3007450271838445
4329,3,0,0.4011857141660148,-1.146011193755161,-0.20890185053673993,0.3315871256211027,0.11654901019273141,0.6185781794202511,0.278461139785789
4330,0,2,-0.45544790783173517,-0.7871517035104486,0.13861332601704432,0.0856989778738866,-0.2694223690695452,0.4653194529429654,0.4750070695604649
4331,1,0,0.08442079632440169,-0.11321352179807186,0.4773350785702934,0.6706808435821656,0.17128953002240063,0.20246093014613475,-0.031933192575048716
4332,3,2,-0.186181691326884,-0.31927798311625954,-0.1505984197913299,-0.061503415697094756,-0.03279192006472117,-0.11606005951392281,-0.3958575846142531
4333,3,0,0.512034667648091,-0.3826852493026796,0.012760454860460686,-0.5964378875217143,0.20994411173232802,0.355873101946652,-0.1989193001201946
4334,1,1,-0.4731531464395269,-0.21107443204945764,0.04551322750413378,-0.14940407594557417,-0.47272281016907525,0.722917760882015,-0.16606149564490782
4335,2,0,0.3662723628278096,0.041393882524227515,-0.13486370750648066,-0.8073006571250326,-0.6755517545989567,0.18640800291873294,-0.11239068379566798
4336,0,2,-0.020967850123631684,-0.7679086204058467,-0.04923714687383949,0.033155028246321445,-0.14446349407061748,0.5298537025422151,-0.004901663689305365
4337,2,0,-0.0008480290370608129,-0.7505479289237944,0.28451740694760935,-0.5089585741178455,-0.5567392245381463,-0.2162050061948184,-0.09204416751849571
4338,0,1,-0.3591496561341546,0.4080740448979814,-0.4278895777775058,0.3178738820986993,-0.016343992576522217,-0.16305115215791624,0.528052943006429
4339,0,1,0.2783302105234713,-0.0003851135915996784,0.14633282916130083,0.9957782405562386,0.11386669294722301,0.9655270868746083,0.6200441740816626
4340,2,2,0.6348270911643771,-0.8981066247581714,0.17053540520685853,1.0962318504725084,-0.0003561092845192845,1.0242240881152216,-0.4816028764772817
4341,1,1,-0.4489868868154875,1.1758045884945845,-0.1118385916660085,0.5468835595360018,-0.026762433258796896,-0.5106416942391451,0.055429522896400386
4342,3,0,0.40767787804908395,0.16716365627811933,-0.16671537284463575,-0.4234337217785897,0.2850240693622511,-0.06081530829761811,-0.6294218541994221
4343,0,1,0.9017324612533647,-0.9230100768310588,-0.4058274874028858,0.5319314268155788,0.03687314712969337,-0.04757658153259084,-0.07232550671453923
4344,2,2,-1.1616123199197448,-0.8671988381233081,0.6135927807018272,-0.11849078635205151,0.9540920439070282,0.40947058910050915,0.18321809893917906
4345,2,0,0.5346080724905027,0.12184964085029329,-0.17422904289832056,0.6713346382346488,-0.6820980230761743,0.27624435977080875,0.2393030124173934
4346,0,0,0.02037446729219615,0.5351471663287684,0.26964245102866613,-0.2309068293687797,-0.14249535597481583,-0.15229528299490527,-0.785772884640422
4347,2,1,-0.3520964534463614,-0.44680495186837443,-0.9399294297969055,0.19051048683344265,0.19928806982980157,0.2752014997249419,0.11486008656142485
4348,3,1,-0.7513683814910173,-0.30521700966458976,-0.14630749117594075,0.1977642144006546,-0.31720375073521684,-0.21216484296517216,0.2574260406367584
4349,0,2,-0.2960488993153151,-0.3179523531768045,0.399201771944489,-0.14852444018567573,-0.13745710017222068,0.7308019741609332,0.47585436752271776
4350,2,2,-0.13555302868800628,-1.2131269190538394,0.2837272674809721,0.14906768642280585,0.31691738197180447,0.3316082536439663,-0.2035688324336448
4351,2,1,0.3202046130935171,0.2272549752823708,0.3919470729641057,1.0251952715799977,-0.11282457648988467,0.33806996587552074,0.279578392070958
4352,2,1,-0.8086784523480114,0.292777385963809,-0.06425092541657969,0.36473725998051043,0.008199864309292551,1.4044902061541107,0.3852682043520746
4353,2,1,0.3447578029388497,0.4288449384817361,0.599969724874475,0.8152433981953049,0.17008139345483778,-0.5656056767649549,0.263859403653064
4354,3,0,-0.48388060165872016,-0.3996937191497505,0.17609219930325495,1.6168610025342627,-0.04854854451967105,0.7145057144045287,-0.06689300051686124
4355,3,1,0.5300714565808428,-0.6138012948402479,-0.05615736929741069,0.11188755848454042,-0.07015082830537074,0.38443065958342865,-0.22237694553914517
4356,2,0,-0.1414175401198072,0.011618935583262546,0.20577055072666006,-0.32883892790435454,0.31022732382135465,-0.9278163740038187,0.10015808269603518
4357,3,1,-0.6018399199953132,0.6885569489987312,-0.059478959257678904,-0.3446944785776755,-0.5590407375617958,0.5180025079429453,-0.0662193423408016
4358,0,0,-0.12064088191670065,-0.16398137780697758,-0.025407376160307693,0.10947498039008889,0.40417520902130805,0.10467769921856623,0.24775763898550038
4359,3,1,-0.4156536361762837,-0.016880086449139187,-0.18919273966523767,-0.5129524218360605,0.48539888118832,0.5253926121664224,0.05430416757358527
4360,2,2,0.438391128208385,-0.08037307052624466,0.4201363353956591,0.11519111867963257,0.6186720448779855,0.09148528550373916,-0.17681875078231776
4361,0,1,-0.235923204896987,-1.08540096571415,0.08589429668839127,-0.43930327130240615,0.603137872059036,0.5171923121532879,-0.3688848608457696
4362,1,2,-0.4066180985613296,0.1509167267022852,-0.30046750291454916,0.4730257115671761,0.05754606755920778,-0.17373005972141967,-0.21008805127572414
4363,3,1,-0.012806531098946278,0.3538639478822725,0.11391599304959737,0.6616382027870605,0.4987835484230681,0.4606632489648228,-0.46394329396936773
4364,3,2,0.7939197689994124,-0.5760311872815249,-0.7658050904544365,0.06623271601472955,-0.28567585506678356,0.550036065190931,-0.19865244850427563
4365,0,1,-0.24569048906007177,-1.229732157438388,-0.1280946016700802,0.08242818344306849,-0.6836756573008597,0.3281990941276689,-0.59871453583336
4366,2,1,-0.31496230331068764,-0.3325088365730611,0.05883924563703124,-0.026189640618125697,-0.8260219785066815,0.3954663508130688,-0.5125317519550202
4367,1,0,-0.7492090223774195,0.149186483883307,-0.37073227750892185,0.182189676737796,0.49345987925520257,0.019442039995904492,-0.5122897710417607
4368,2,2,0.36599444916271184,0.10392486732554165,-0.059160260913739715,0.2861693570486635,0.3274001556261741,0.47337307540327533,0.007843197161141475
4369,3,0,-0.6327483942131839,0.3518371371005582,0.19727065401176974,0.7918725161863255,0.24778285602125935,0.3805587659937486,-0.08618232423575768
4370,0,0,-0.4146735587963887,-0.6979928927626736,-0.1252470274773185,0.21086594948861234,-0.4333616829758072,0.17384141584392115,0.1470328396635241
4371,3,1,-0.3264315125388051,0.16049119235917328,-0.18640036116458322,-0.004020601758067874,-0.3952206487855533,0.4147347093347933,-0.16135676981055982
4372,0,1,0.033537149962484664,-0.4041687615225348,0.1489455154369952,-0.32298480869946994,0.9946427792840206,-0.7138064992985952,-0.268425972719986
4373,3,1,0.32548192145619737,-0.5175568962957313,-0.714368583494574,-0.2741769892563593,-0.4858934060403814,-0.008440807348664953,-0.14468670287239913
4374,3,2,-0.720922875305664,-0.8940813384088849,0.06935989566137966,-0.34546575415086733,-0.023275604434334726,1.1938657593210176,-0.3942699517529648
4375,1,0,-0.4957839524626495,0.5411471316854574,0.25331983962389465,-0.17302282900198376,-0.04491977749726048,-0.12031117016648682,0.4518394414035942
4376,0,1,0.1591488980910508,-0.4215268323168433,-0.1893808860358496,0.25603987025129116,0.04252497997005442,0.5592469013806892,0.3820602093769081
4377,3,1,0.17912792304846473,-0.2521709890390414,0.017716201983227205,-0.58398578081334,0.2876559975463424,-0.2858229319950282,-0.49176471098850727
4378,0,1,0.1283086402942488,-0.9910402106616121,-0.23833125025495527,-0.5402362950587882,0.7677151170249064,0.11829375239890949,-0.022365727525924698
4379,0,1,0.5703097734128907,0.25398420203168026,0.17374163877502086,-0.5220093927418016,0.34772362490815845,-0.3857167008467879,0.36570489956097874
4380,1,2,0.816452943828272,-0.04921605867941829,-0.24623477341595434,0.24205289853726047,0.14689730149198674,0.10270548323155895,-0.4414840366455766
4381,0,2,-0.2468177281066378,-0.2394782578522957,0.5085427730809836,-0.08275229364591812,0.0681488265594441,-0.28298117324922223,-0.4743668414505683
4382,3,1,-0.7474496435894977,0.3092313805117394,-0.6507993160106276,0.0510874892920573,-0.26062638256265014,0.4894301832578578,-0.3109577962245268
4383,3,1,-0.6597676667881328,-0.4020396073100543,-0.03913096724168296,0.6991098056537061,-0.3444052237514943,-0.09647635500639687,0.11832233180479795
4384,2,2,-0.366931435938336,-0.21107439054009164,0.11281121196636254,-0.7392073159061134,-0.17202797093867908,1.0793773725537104,-0.4292288677496288
4385,3,1,0.14164661170401607,-0.516052964319987,0.05876270289237258,-0.025430076420607964,0.4679752959869075,-0.5915789349138352,-0.45078458761251755
4386,3,0,-0.7130064524117623,-0.38715328148969996,0.5462313088017998,-0.014170506512627737,-0.0731502917704392,0.9059395843105353,-0.4887362415757506
4387,3,0,-0.24358174268156738,0.059865825795997946,0.5787638023775548,0.5056174933393528,0.36263282801552477,-0.4551775353475812,0.20658177776114245
4388,2,2,-0.0124619962623512,-0.5477213689474252,0.8096665639233911,0.23927336582973868,0.12015093895291612,-0.02867312013606274,-0.13598584592867427
4389,3,1,0.1626024744910701,1.0918858293355007,0.098667314779963,-0.16190877944425713,0.3592822293824694,-0.06021350540480175,-0.2911417406389375
4390,3,0,0.7189889595134694,-0.26792659279942477,-0.2955481698101233,-0.2271278380134692,-0.33554113866211105,0.15740960426153766,0.007774405776453182
4391,2,1,0.859111932487356,-1.0175910989108325,-0.20798777055840342,-0.3659157653552753,-0.13137182087642751,0.037290762681860934,-0.5669531388985839
4392,3,1,-1.3110537908689137,0.06504873918893897,0.18264504422591757,0.34251026165149273,0.8784136747978439,-0.0439883004271418,-0.18710649664609336
4393,0,0,-0.504756521437702,-0.4554245196273805,0.4175649220029319,-0.5138117981709469,0.8804222289399809,-0.1346037059110851,0.013260401839771062
4394,3,1,0.4227405071371506,-0.2471704687737763,-0.1737139825483455,-0.22266157888254895,0.02272613248985125,0.21909438133837694,0.12404195684908165
4395,3,0,0.6075140876677728,0.08216300712658048,-0.2073695949147726,0.08037114343583059,0.4376236826699076,0.09560219183739871,0.49427554989039424
4396,3,1,-0.09580837942242561,-0.7112009466087998,-0.3135095267722461,0.29390604384318386,0.5297437453462338,0.14232925927385767,-0.03048109347995423
4397,0,1,0.039021216452286345,0.07432843354728483,-0.7195373438200895,0.0012694658102061235,-0.09316143378088199,-0.5678944151375738,-0.2224724452066893
4398,1,0,0.04415386820195158,-1.1210230183148908,0.3461144105174157,-0.2510656559921553,-0.4460746343725077,-0.013191070962133511,-0.30419682315341645
4399,1,0,-0.2775175576592536,0.8161325175705824,0.9941395062415156,-0.05054620086033009,0.17601041433979608,0.7177469819223238,-0.2541481677686971
4400,2,2,0.3866971682642001,0.17193070117438777,-0.20672967086836166,-0.055193731011267656,0.07205153198222272,0.6746516385610105,0.10094485075772221
4401,0,1,-0.7025037818912933,-0.07802955641552668,0.6388133413592062,0.040010603286833,-0.5143477119899668,-0.49346539377709475,0.1832213185897811
4402,2,1,-0.595133377079312,-0.44045017083405436,-0.40979098043589357,0.007004441489870492,0.3542128373213191,-0.29307121177965234,-0.10053362864402737
4403,3,2,0.5393018959778372,-0.5565345514456975,0.42825307807880875,0.665914612503236,-1.2704918980712248,0.7067354413950679,0.12817532299028003
4404,3,1,-0.02914154370953699,0.3044112046279098,-0.05561167075596088,0.158636624607258,0.14841505285443568,-0.5548113451304009,-0.32196008250944297
4405,1,1,-0.6587077947742678,-0.34305365974728735,0.8440930422184739,0.26931749859497806,0.5603439059051002,0.4116943722232457,-0.23108428467275283
4406,2,1,-1.0128208437932718,-0.6011244884739658,0.24890754016842065,-0.0029238761363256202,0.027285974687520233,-0.05193332143212889,-0.2785768374176791
4407,3,0,0.8149359151987571,-0.6407043349518011,-0.06104261739395714,1.1835014114017486,-0.48519767866142427,0.06293458104370672,-0.019876368007890072
4408,1,1,0.18445010205455306,-0.53246347823982,-0.2506271997615723,0.3864561747001545,-0.19829498161593873,0.11716536963123075,-0.019041839481844534
4409,2,0,-0.6852293240947648,-0.35824169040203246,0.3543184975051304,-0.48349050293670753,-0.6179355018760742,0.8082841949394131,-0.3215815704765459
4410,0,2,-0.5205630886774576,0.23755257543406963,-0.2897422568099315,0.70178874886188,0.42802943715586556,-0.24433694733772524,-0.09395214100642266
4411,2,0,-0.2222203160303977,-0.17281937768869052,-0.26876522978131173,-0.6196687379926279,0.12346773384411548,-0.19372526361655282,0.26781707669827287
4412,2,1,0.3464680714741336,-0.5178251623579341,-0.6889562816404233,-0.7254002994414702,0.12938602107232025,0.6736418151561889,0.7279724784428399
4413,2,1,0.20286957063225156,-0.33742544985254364,-0.8347974309359719,0.40342300454256336,0.2518493807756028,-0.1910794059350431,-0.053733771466858905
4414,0,1,-0.9300112459365153,-0.8122282527622352,0.19154994895092053,-0.597285037296094,0.4848618917504373,-0.27996179607574356,-0.20287514032899603
4415,0,1,0.6835324864357364,-0.8170452324393713,0.10422444579616022,-0.0011662094988757336,-0.5048098763898404,0.8693262760676523,0.29799215760816516
4416,2,2,0.3283222616908188,-1.0946954901925725,0.7137538888055892,0.021276873192747587,-0.5998262356642384,-0.162185128775074,-0.1444398526414091
4417,2,2,-0.25301925927099156,-0.5334394639216088,0.38950509258205135,0.39747123139202684,0.6846977352542436,1.1175639150295948,0.0007744543922401447
4418,1,1,-0.8884548398241501,-0.15458767124479988,-0.2806618044223087,-0.20985374154927422,-0.3051834111642589,-0.5208758091696218,-0.27734731822915465
4419,3,0,-0.22975458833723056,-0.10169457887295352,-0.3709490317616643,0.6287704674698523,-0.15680429343320176,0.5794128777394802,0.28625399838782717
4420,2,1,0.258316172143772,0.0182028303073202,0.23917917540738076,0.07306316172280335,0.32774870536656364,-0.4282429886837843,0.13336475203315448
4421,0,2,-0.5914751926049812,0.33317809431729384,0.2786644994894481,0.009938307367471054,0.3013654941008101,0.1988915671250511,0.11529255337933367
4422,3,2,0.3031419864197893,-0.6477098285472624,0.09532568046733703,0.1487582221403948,0.4425331155468142,0.8669357667992877,0.1754033729241348
4423,0,1,0.14823063012837787,0.21939652059035272,0.3518042038577509,0.544933654452141,-0.18017894145071425,-0.2251396888399211,0.2545247778345088
4424,1,2,-0.3410456636307686,0.6945949971314462,-0.4962826687670309,0.04891301317192236,0.44049511782478995,0.9564592160463466,0.08933927077378326
4425,3,2,0.14631195434668814,0.4944434464017826,-0.21031656968055606,-0.1373471335146835,-0.15668366353594707,0.23946424880643263,-0.45593134182825856
4426,2,1,0.5297116661729317,0.04904011261056823,-0.2851364231699279,0.7821316594227453,-0.38971786826370336,0.15729149785562607,0.3754401026214796
4427,0,1,0.03937740194286729,0.4560185964657665,1.036667970401771,-0.6073639931582805,0.6675422514912621,0.4031661863611943,0.03673715177026499
4428,2,2,-0.5062152704960401,0.6663307287439072,-0.19691080395572189,0.512053593234505,0.05882326258822346,-0.3686767485220084,0.04931374909823493
4429,1,1,-0.22514825159458887,-0.3570684444916478,-0.17162280205110086,0.42848334959329687,-0.01166648366886806,0.07999505167179621,0.42637174907149494
4430,0,1,-0.41559754166509755,-0.157032747126745,-0.169515589944102,0.17173171060905734,-0.3623335265133587,-0.7141581670482865,0.19962847570759412
4431,0,2,-0.175463820816188,-0.26990270172047226,-0.4579654868596144,-0.505075799562419,0.7173124745992475,0.43313161257656274,0.166823550238908
4432,2,0,0.6112239446917648,-1.0327367804447136,-0.19854397591203976,-0.34521021870922275,-0.05317513500996262,-0.7592847932856697,0.2532703299797151
4433,0,1,-0.5756648679257288,-0.648669525327476,0.022511561422712812,-0.7972890731076833,-0.3306967061452011,-0.135482340914763,-0.7879420128998458
4434,2,1,1.0169966630739344,0.2784041440944023,-0.3643623295291585,0.459821807981805,-0.1309625208927941,1.0857136571487662,0.18064458444100948
4435,0,1,-0.7128802171171752,-0.07914645593783724,0.8109823994563968,-0.012655854195497548,0.01787908619318351,-0.1763274303131335,-0.4738375322837622
4436,3,2,1.4048707571356243,-0.20843648516969238,0.26215706528772675,0.44954688028753964,-0.10408046478263062,0.10861674722847894,-0.004540228501713544
4437,1,1,0.5656007573058738,-0.5375058644216578,0.7511994112558307,0.3800573574335702,0.15202680823703826,0.6835272107964633,0.14379280740115977
4438,0,0,-0.09288889081856679,-0.6117900021672986,-0.3984369554081486,-0.3489908920487749,0.7652963372823083,-0.22975215099000776,-0.08097805985431927
4439,3,2,-0.45618646542495234,0.8749262500673022,-0.10053837884465873,0.25203522636217224,0.4357091506110096,0.5570213383278243,0.4087129470302473
4440,0,2,0.12170840075243627,-0.07411331354498583,0.33937350554740287,0.6558231018060583,0.8425026063643487,0.016055644561164456,-0.10705111882171965
4441,2,1,-1.253517440824855,-0.3304891301831519,0.8455976480666726,-0.018361566489524216,0.11647839804486096,-0.22973909350038516,0.20827689193086324
4442,1,1,-0.6206652712591791,0.25443909443146406,-0.440754648674465,-0.06158279701696628,0.6774455985979674,0.5841951513846969,-0.2625597297762612
4443,0,2,0.783979085802499,0.3141894858711092,0.3987069501988045,0.3922627141320484,0.3435112227465513,0.7478001437378423,0.014738451597222835
4444,0,2,-0.17806529366895268,-0.6691118740939355,-0.4985723958526391,-0.4056754475127516,-0.18655678917193613,0.7557426850939721,0.2188288174909489
4445,3,0,-0.05200932416513719,-0.965561224033301,0.5546162644069349,-0.2195209001352448,-0.44886152671377016,0.0564345850737253,-0.27851495654472663
4446,1,2,-1.3168174491666413,-0.2026169524124669,0.5659776744376289,0.10014954690285079,0.44107195847344494,-0.06160616185539691,-0.07914117663566754
4447,2,1,-0.337756217596365,-0.011541673179162076,0.7325517129843946,0.09897690642798086,0.37849187052301586,0.9598427767170846,0.34366655056014067
4448,0,1,-0.9276732478585183,0.094534206143259,0.03274083053978366,-0.2770532765969744,0.09872314851297415,-0.7312821359478335,-0.29029542677995074
4449,2,1,-0.4978534358572012,-0.15644021766731842,0.5387127995778768,-0.12104483412414821,0.17256040114599405,0.7416239926132361,-0.123723730085469
4450,1,1,-0.4975192622295187,-0.66337201823743,0.0027079195351977893,-0.452785719816485,-0.24865245712505363,0.012537604081826914,0.21744400506188832
4451,0,1,-0.6187584262626477,0.09041173409779435,-0.7715752535937123,0.5972348385615395,-0.5149691349896445,-0.644389003758948,-0.09064923642143155
4452,1,1,0.6851566996209936,-0.041523049122625735,0.8290007268198287,0.822422165990831,0.9618248694685694,0.1560995580791574,0.24073768252795516
4453,0,1,-0.5298920168697914,0.0480662425271568,0.717387099230233,0.3035115167669486,0.8771658559527234,0.9227055463394684,-0.1959042120229804
4454,1,1,-0.023586508361355993,-0.5636706426079872,0.19293055895129635,-0.8324500828164708,0.5615152071604655,-0.05139913856970091,0.3047830772489047
4455,1,1,0.36541095497662157,0.25253478549473163,0.1985314235354949,0.3445881392050523,0.38548094480190115,-0.11829659236486914,0.1444476916838245
4456,1,0,0.5730695201586024,-0.5346850877074334,0.6171403659815162,0.1449152681580372,0.13373771323815156,0.1476237816125891,0.16436440767296243
4457,0,0,0.1280485835696674,0.2396586827258446,0.8527667153113598,-0.12006765678216248,-0.5670934883045833,0.3482008150990549,0.7716698919527275
4458,0,0,-0.8759243780470616,-0.2731611341524108,1.2335033504419548,-1.0378457453411711,-0.5248897023571657,0.03406635653884267,-0.26127591844496023
4459,3,1,0.4914666223196258,-0.04564030646027774,-0.9301648765635303,0.30311611116161585,-0.11248708972164989,-0.26313545420626416,-0.0773582616446145
4460,1,1,-0.038339660806542684,-0.4495423171748236,0.05414653694640372,0.3469030037507657,0.04241324841110642,0.04368798623931906,0.035353947249191386
4461,3,0,0.4268332411229908,0.08444684569277916,0.1844659868859413,0.11337762961751241,0.20904285636085745,-0.08990600997881798,0.09502087696579217
4462,2,2,0.20122675400550363,0.3483290881604568,0.06135864539729702,0.7635300130185857,0.2697438948096156,0.3862266917149295,-0.04029702758632554
4463,3,1,0.15502346439427586,-0.8631703177735657,0.4270242382921242,-0.7368349309499068,0.6211850935541992,0.41326857531110406,0.051077956655229656
4464,1,1,-0.08601843154758339,0.06002330482812129,-0.19069836317153915,1.008556538335874,0.2920336209076969,-0.36291850450260377,-0.4478937691257571
4465,0,0,-0.1766683365872838,-0.7139956017830567,0.4026139843663207,0.3760278762560577,0.5920520618248482,0.3989242029850325,-0.23305399323974735
4466,2,2,-0.8967254566560927,0.07172644170140197,-0.4256344173245416,-0.8226372607961691,-0.13665628774929925,0.42619419168178907,0.06519432698276692
4467,0,0,-0.7543154367887036,-0.413004712824491,0.8018227257764827,-0.3344467500247013,0.3827363247684004,0.07914729146632439,0.044029932824816195
4468,3,0,-0.023612346471651918,-0.7058653543808263,0.015473153656859546,1.2400456445907855,-0.10084169865462625,-0.9227129174404071,0.4850986848602692
4469,3,1,-0.02645246418638786,-0.3642126952925444,-0.26359290818364484,0.37657461586449603,-0.3434965451307577,0.1986724864414882,-0.06753873701253908
4470,2,1,0.02518727608677515,-0.15128391907462108,-0.05142883272339256,0.026296139130461395,0.04749376122996292,0.7555452399580118,0.1550068944494711
4471,3,1,0.10774612866612249,0.15661297743173272,0.12061110739089687,-0.018823976721775087,-0.3706807926476751,0.397828409008272,-0.2380974833344669
4472,3,1,-0.16046075521623948,-0.7929730686787798,-0.23609827152207852,0.15932342455011783,-0.011053664504985409,0.407922319804213,0.3259367190756309
4473,2,1,-0.46274351238566436,-0.5321872037652965,-0.5647091708371628,0.37891697700539306,0.6283395780934631,-0.5978765635848621,-0.3305832798912634
4474,3,1,-0.6264284548072395,0.6660154005620038,-0.38676361159301553,0.38727644362449676,0.19178535732613997,-1.0674155463954564,-0.20689363087237364
4475,3,2,-0.04897687066136912,-0.24551263538697432,0.5091798804681651,0.3913124681483199,0.7572253879603615,-0.29535200684273033,-0.001524159469370585
4476,2,1,-0.3893497601520891,0.16696540235372678,0.2618261992324757,-0.27642527780012693,0.16885618017507667,-0.7525903342146989,-0.2803106076776834
4477,0,2,-0.557519526808948,-0.9246564381017632,-0.6389604608093424,-0.04096386471450726,0.059885795271566365,-0.5487658863979142,-0.18047684497226674
4478,0,1,-0.287087676170833,0.7603013296273772,-0.3528631645936721,0.3370887601107143,0.21923747110468292,1.09595693255745,-0.1604326845247834
4479,1,1,-0.010704376249430256,-0.6653236391418538,1.02328430919198,0.7364262051986135,-0.10075648046342911,0.06430510563238909,0.2738539623422098
4480,1,2,-0.6409491586947687,-0.5017603307821055,0.7678792708426835,0.5372114924257138,-0.7736355339761809,0.5161162583374749,-0.5540509559619444
4481,3,2,0.20419514258252405,0.2949404007013344,0.30394673752290646,0.16441026419452745,-0.03704569623283386,-0.4205837547393596,0.12765407025003128
4482,0,0,0.8474672427028112,0.5019969689030924,-0.07414512689743179,-0.4734944219333829,-0.07575925064455431,-0.07283142797997766,-0.3427697920762565
4483,1,1,-0.20242560400182513,-0.3094548254214537,0.08791439136297938,-0.39192883334653467,0.5649331967831164,-0.03834339449239399,-0.04592421311564016
4484,3,1,0.425213225747579,0.27660664889191366,0.21167132739109518,0.05894022236237819,-0.19147405185285735,0.586461792770561,-0.05293482781071687
4485,1,1,0.2039571382516497,-0.4724718006936002,0.2078583812300639,-0.4246614099774564,-0.026248510440206964,-0.11581362026955364,0.02826819264539924
4486,0,1,-0.46272986951427797,0.0205740339044706,0.21330534754147334,-0.6633710015850681,0.1048695634190114,-0.17519992809395993,0.3043205431718692
4487,2,1,0.9652789406539125,-0.04929471359820706,-0.3021708837788062,0.6156590073044059,-0.2441229077087547,0.1647669801424572,-0.04113622685689407
4488,0,0,-0.11592027179312545,-0.4332616809564285,0.9112321684186956,-0.18043288028226517,0.22428220930552104,-0.4155946777733255,0.27163058620601715
4489,0,1,-0.07919543682185759,-0.3272617636308011,-0.45020166480591234,0.5868777423570214,-0.03811869677679612,-0.4726309345869657,0.22794426330132583
4490,0,1,-0.07773672286640909,-0.12417096487215454,-0.014227876739345459,0.5050703308753984,0.07182612233831724,1.002442325027403,0.025093713916681776
4491,2,1,0.019088857113578703,-0.711058835508707,-0.1810262404248281,0.7414898487653477,-0.3797305289085446,-0.046747801834709,-0.3904396472279908
4492,3,0,0.1396826137838485,-0.7845927115643136,-0.061711104228706716,-0.4579599251314314,-0.4712153759323203,1.1579703107705017,0.4400240812686151
4493,2,2,0.16794181924877524,0.3430149630712557,0.5550538310981808,-0.891236233567184,0.5155974391067931,0.09071117123205541,0.3251528844851806
4494,3,1,-0.10869053693733711,0.43898990979707175,-0.26286788532601435,-0.2879831750606646,0.6784641812529004,0.5085506227431658,-0.2972646039726945
4495,3,1,-0.2660486333725808,-0.05927361067091787,0.5602650375035269,0.15320985392938077,-0.15947133058321175,-0.6040239963444456,0.22181887856761986
4496,2,1,0.5926964726906012,-0.050307533475095895,0.06936451794651295,-0.37774483125349945,0.29533426476924457,0.11809781902718625,0.16633179478751417
4497,0,0,-0.04201740089297708,-0.05321630227867753,0.26673833660380897,0.49094715601827404,0.3881918337616108,-0.1213879237637153,-0.7135400212187164
4498,3,0,-0.7143088937624475,0.10769351837135685,-0.11384799854816728,-0.3042511777309055,0.5528194882871811,0.23445416375645617,0.33357933882483287
4499,0,2,-0.15210117187886468,-0.7653803695155811,-0.3476120727321543,-0.12769168055021232,0.05694707509411189,-0.9310021681428408,-0.34079229663261096
4500,1,0,0.156671838295915,-0.5317948654012693,-0.5284693390314213,0.023238132028494566,0.05218287974491351,0.8088017935227323,0.13090907654009656
4501,3,1,0.10142854074537216,0.1681651335737784,0.42389574633776134,0.011758268479292086,0.13686410378012845,1.0228890922610123,-0.3871374271571589
4502,3,2,-0.3093301509894877,-0.18197505455651403,0.12768141991448256,0.17741345210323808,0.03139373954375391,0.22603631104266703,-0.16610655935112004
4503,0,0,-0.1893119770924947,0.13226008920592922,0.14836328869657742,0.24343837173952046,-0.9691374613315995,-0.2519278462597998,-0.06337600918209511
4504,0,0,-0.667930692512935,0.6215107548895707,0.2741002275835317,0.48866177604050337,-0.22956406338108534,0.5365988747344184,0.007189915838535935
4505,3,0,0.03797403033555982,-1.1948735880740995,0.01644005972801695,0.7904662488126024,-0.46228997982837394,-0.31174172623324137,0.423306570383179
4506,1,0,0.21905101190399115,-0.4663854248520356,-0.02643045443508109,-0.1656363404646587,0.059585878779553014,-0.1809833094419975,-0.06236128657019016
4507,1,1,0.8560978443603992,-0.9952446975795189,-0.07966004617926237,0.8846333924601713,0.4508896162489008,0.26002705124922987,0.33596043895382
4508,3,0,-0.48368764409887965,-0.16500746817539047,-0.2181662017716764,-0.21636434934520685,0.4780722335963139,-0.1738268957732136,-0.1403843026396305
4509,3,1,0.035673943908950734,0.40196986865150885,0.25791473429986794,0.5726203197098428,0.5019661181562804,-0.12728831408012262,-0.014633036245133426
4510,2,2,-0.05847536090964916,-0.34823522157463194,0.43352296507299504,0.22180186636204743,-0.027164725582767734,-0.045317854793922474,0.13748071019117675
4511,1,0,-1.1603082132697675,-0.220703234626759,-0.534738602250223,0.6856967247046376,-0.13202551131391058,0.34480755718617084,-0.02359326942317473
4512,3,0,0.5647586649183366,0.08554092154710513,-0.014540232106558304,-0.33784446399364976,0.6949770234089928,0.015385961439104895,-0.03675239931020964
4513,3,0,0.46853958184586986,-0.8019712830110858,-0.5190328966089982,0.39433740204681467,-0.5746422071289162,0.08210193703608797,-0.2881006835781716
4514,3,1,0.14678749374254127,0.22624895078011012,0.5242183437064711,0.24277997648393385,-0.11133263560154154,0.05941624712178736,-0.2782739460073097
4515,3,1,0.08958543045028797,-0.6427829771961895,0.3512655065258988,0.5741307880361363,-0.24571007634940997,-1.1286380415559785,0.3657623316446907
4516,0,0,-0.1911740088864629,-1.0079388342722087,0.061762039465770587,0.06601733197360944,-0.1460249550291013,0.5959612240437258,-0.5918621174597347
4517,2,1,0.08026458628434763,-0.03127607873418847,-0.4076144539769529,0.25394485396408195,-0.3735175630618907,-0.3299125223824274,0.3650121525924536
4518,1,1,0.014268446481710051,0.7327129979641945,0.5720405580877624,0.39679289134531015,0.42720454813487985,1.2792488618263755,-0.07558624665143045
4519,3,0,0.036854911311218735,-0.6947373879240135,-0.3409026814142467,-0.06475176012435799,0.05856459344423472,0.6063618923909784,0.19750742648905836
4520,3,1,-0.5558098974451678,0.03010983376363499,0.694927083361204,1.2355034910004326,0.2718505209443808,0.2909755871224903,-0.2816639553623337
4521,3,1,-1.0750141800590818,-0.698147789667298,-0.029394311828477373,-0.2714148420169594,0.1351029778454781,-0.1140037443886989,-0.20673712778149284
4522,2,1,-0.9650314924540456,0.5293894307255581,0.5433182624534775,0.677789900194737,0.23177212610525236,1.0545842712734903,0.23722722761826545
4523,3,1,0.3728639157148731,-0.4786196326940748,0.5510259765999826,0.359791155659889,-0.17163445459966167,1.1458893809580475,-0.0002647140598783103
4524,3,1,0.8385621390754192,0.2194884791896526,-0.3990883717864743,0.5733747477846414,0.295662945928244,-0.14484464738097438,-0.27593139993536725
4525,2,0,0.46304944717985885,-0.10707132740996544,0.048972573608564864,-0.06268725058686028,-0.15350116504878494,-0.02709948097440537,0.5028784873828058
4526,0,1,-0.10762995792658758,-0.17876680010990836,-0.13407266424501038,-0.6103798956345142,-0.03313312982091207,-0.36876810741143917,0.05703240954446112
4527,1,0,-0.7199282663936761,0.18204769424536318,0.5142702850110598,0.34161986910639736,-0.16146600373053027,-0.09940913393226963,0.21347634106972083
4528,3,1,-0.023200567929574714,-0.24954631117922077,-0.2670177098285505,0.6243983944624039,0.16778157056015625,-0.43343212957257404,0.535433384495363
4529,0,0,-0.4583866240469844,-0.045247121500427215,0.26548116410706285,-0.5377832947320724,0.21283122218051015,0.8672945205358326,-0.2369641732741429
4530,2,1,0.059771844377998345,-0.7100272750684303,0.0736278926132177,0.16661564939819737,0.804925623974975,0.3888044517925061,-0.19979095212907008
4531,2,0,-0.05176811700205662,-0.4757701551261375,0.03811108266072578,-1.2329386355542127,-0.37932103860095706,0.715951693106643,0.23103845775111614
4532,0,0,-0.7288588587326178,-0.502331836915339,0.4703374563857833,1.0390180357421268,0.4826225866171719,0.09050466874817749,0.008878964657324405
4533,3,1,0.28562574392036555,0.12366273462819485,0.29864986063761645,0.37994327302869574,-0.21808524203749635,-0.1462153883426732,0.13983624883541945
4534,2,1,0.21082698003807002,-1.420301886727835,-0.14314790217301626,0.059167652219943835,-0.07190806954901026,-0.31278678752275524,-0.06952774002747716
4535,2,0,0.3723997515941653,-0.25448946021207347,-0.1877718119500733,-0.08028773181545698,-0.24392484308285745,0.44917044934903794,-0.7801265303963814
4536,3,1,-0.04834648563984283,-1.0988638841679177,-0.49425101385792636,0.650730061319542,-0.7979099488726019,0.5202581872571034,-0.22126698334060985
4537,2,2,-0.3337802517125271,0.37168861180869284,0.02492002677141337,-0.6060345920353306,0.6576813873939469,0.42697581478156466,0.3406986613571707
4538,2,1,0.4780113996690657,-0.3814463221087997,-0.542896085002694,0.06289593946814245,-0.3648024564372176,0.2954442194051551,0.5077455054328445
4539,0,0,-0.07119490043243315,-0.2234446786227628,0.5056954082932624,0.8699059671623841,-0.03558044461941563,-0.013497331231614645,0.5562164819667026
4540,3,1,0.29132270283681583,-0.045425718221052375,0.2962398023866366,0.08760302830379482,0.6918596314113103,0.7456478227440826,-0.030663296410273502
4541,0,2,-0.12695879582147024,0.38626853675318273,-0.42657631624219716,-0.45435499581017214,1.1289426389314319,0.7215849537147807,0.04053266743294323
4542,3,2,-0.6329185930470018,-0.4388855946162865,0.26870679145071497,0.3877353787800945,0.27074383918131967,0.8611072563439417,0.00042460359201959157
4543,3,2,-0.30212123056801754,-0.39705357736167934,-0.006445778236059286,0.11597483894309939,0.6582230208275346,-0.2158407957268426,-0.4255805126946074
4544,1,1,-0.7498980638670693,-0.3085885755892017,0.4445796240027594,0.18886912999735517,-0.1219991227456068,-0.6893641647436675,0.5769461443624654
4545,0,1,-0.5580071111927662,-0.27870916677027124,-0.08593229868529716,-0.4724115888940726,0.07596345853304132,0.35614920092640445,0.006743132501388344
4546,3,1,-0.3149425591896955,0.0049430722579150155,0.38310010302958014,0.006259352599845205,0.09977073555868361,-0.14588402259715302,0.41968769220375296
4547,1,0,-0.40833299628295605,0.07345703362696504,-0.07258118239200743,-0.19584603084378502,0.09346030205498625,0.9225340791215489,0.3992620567596801
4548,3,2,1.029151178754881,-0.14177761841060557,-0.09022263003839832,-0.09620396645340058,-0.5549862664232555,1.1823023852237173,-0.17750579885517978
4549,1,1,-0.5627637312806683,-0.6009157379504426,-0.5472853505039459,-0.3437485106190903,-0.6829372958405925,0.5481912477465232,-0.28025963497621714
4550,1,2,-0.30062013345784877,-0.05100268473047502,0.07855753637972565,0.5973690287311775,0.27134694051731406,0.17824536377824016,-0.0021877249784180578
4551,2,0,0.10247981495569958,0.17416434571992542,-0.023922847704165907,0.7333422411495246,0.22622281858155258,-0.49774771236690296,0.2154622783007715
4552,0,2,0.9213663203478094,-0.5710061300961077,-0.26131545140041307,0.7426375438584452,0.08465348085603634,0.5183437490465111,-0.4636929751401162
4553,0,1,-0.06717656272930111,-0.17870395174692144,-0.3506090936128528,-0.7569810524252055,0.4241052584457602,0.8024387155695277,-0.48818006644033174
4554,0,0,0.1887927458048632,-0.3765234300702781,-0.16678217931996922,-0.22725042895334363,0.15596259261884604,-0.9779819251729104,0.022459102247441753
4555,3,2,-0.214433738933677,-0.6007840625458806,-0.2829150767420233,-0.30119465728614464,0.23798473071693058,-0.7199698907871057,-0.17825070620727898
4556,2,2,-0.5554851742644211,-0.2613871319252109,-0.08881194851687294,-0.38588443767173175,-0.367935502070895,0.8312807135131937,-0.2764520905072471
4557,1,1,-0.41611293883037637,0.46014734178880345,0.43419443144790176,0.5851250795988313,0.2724136981341548,0.29202578021598175,0.12239669242092985
4558,3,2,0.35287057630127006,-0.12719668109013915,0.29415763550322244,-0.2526859980797002,0.6324535592782893,0.2730597526321503,0.057398711421950396
4559,1,1,-0.15365232196895626,0.38917284763329174,-0.3903106661635229,0.3152928465441381,0.5986976932246358,0.16200359729607922,0.4150275679852903
4560,0,2,-0.08538495398747897,-0.9268488530579547,-0.501916412218264,-0.117490970035619,0.1115741866301601,-0.322079159618346,-0.08508753254018377
4561,2,2,-0.11465909801042148,0.0950170590917328,0.11182907203611354,0.6478160696756039,-0.3680170568640439,-1.2259592648566864,0.25268039604008624
4562,0,0,0.5276769791187045,-0.23049436147726626,0.24316039636729148,0.5289132228144243,0.4088283639780148,0.14173133826716408,-0.18462851108532435
4563,2,1,0.6917976416333924,-0.875559188519036,0.046465562992646765,-0.27126443171883285,-0.35290489591259594,-0.3175805543972342,0.07991386822204179
4564,3,2,-0.07633710244987502,-0.9908990526492859,-0.014408063394486293,0.30054515107830504,0.5326424994068644,-0.0970919092922348,0.25160123485992636
4565,1,1,-0.3471681828925095,-0.1672538147886528,0.19953142518262776,-0.1996501475792705,-0.03362168007050259,-1.0107792566941305,0.03142603212585782
4566,3,0,-0.2917554124016254,-0.5772591734556181,0.15203284164514985,-0.1435825493679736,-0.6358016417820107,0.2841800394428623,-0.11876353084757542
4567,2,2,-0.8284942179181047,-0.4766924645539563,0.3083972524445215,-0.23049727846503307,1.0904978799728773,-0.8315499341694779,-0.17765769771106354
4568,1,0,-0.2441930403407347,0.4337514623186992,-0.26511020492226467,0.5437780836538683,0.1197102549557111,0.4868238612513953,0.276498059687783
4569,0,2,0.1947369617004404,-0.2279866700256109,-0.32121403970863055,-0.09604083867232716,0.3306085387307929,-0.3594374651307999,0.5066301356897046
4570,3,0,0.17993880139020943,-0.9851334128715391,0.6179681638653387,-0.38342506834174345,0.14563385172217636,-0.551804467889607,0.5116664409489352
4571,2,1,-0.3876626031924627,0.6395775193189861,0.21613739634068835,-0.0807971812614334,-0.28202263734505134,-0.482226136748663,0.21062929078711862
4572,1,2,-0.10799843645168267,0.664650121841698,1.040642670238682,0.31355588901589126,-0.19177137580561407,0.006470941869233499,0.15001431651531752
4573,2,0,-0.30094811976046126,-0.5009562159972396,0.21130513826863967,0.02538152360073168,-0.34179456095026445,-0.2808525775850951,0.2936091937024581
4574,1,2,-0.07962784351369373,-0.37369923374922354,0.3020921200787349,0.7381195669310285,0.2638972985395426,0.6216494711171122,-0.2031158772944184
4575,2,0,0.39908327001985844,-0.13258416973378365,0.43845096926105276,-0.4249112098077137,-0.7520668857610653,-0.4121915941717338,0.11315981662830943
4576,1,1,0.03163022939466051,-0.11934357407832978,-0.5691930331620217,0.5131636648109836,0.5957469488384695,0.8179625169271875,0.115498593727534
4577,2,1,-0.4664765077545141,-0.7976268734091597,-0.260325060182107,0.010424463239812075,0.13990303822754724,-0.5270329802275007,0.308649709941804
4578,1,1,-0.29900488965565697,0.8051056201818599,0.45785759533694437,0.6446603796247081,0.8785522310981796,0.1876648879655543,0.2523744225732156
4579,1,2,-0.4421122908171521,0.26433130818570383,-0.2501398152566708,0.8364815317915277,0.6523921227661154,0.36268429524835655,0.3867418631388029
4580,2,1,-0.04094454193905433,0.10724888904242322,0.03214250992239344,-0.30874329293057007,1.1113427130968756,-0.2563714912063849,0.1199759476534353
4581,0,0,-0.2652551297284245,-0.29409620497586925,0.2797476127558499,0.019251539607336353,0.5519812781807516,0.06722204456577345,0.009220271274548296
4582,1,0,-0.7628374282639546,-0.3555980712286906,-0.3143196018350225,-0.08361990640377305,0.4233898242437521,-0.1265982686191813,0.10352841348258027
4583,0,1,-0.39598918410805506,0.9185724791512951,0.026866314844002967,0.692352282462996,-0.11572935728306587,-0.4437842957164738,0.05662982201462549
4584,2,1,0.24565982125501637,0.18692310283477445,0.24489271312205893,-0.16179804560713248,-0.16292384982143665,0.8284078852324224,-0.005784240673676691
4585,2,1,-0.6597806867925452,0.3978950914032757,0.18815699444922537,-0.19069757929843345,-0.20701146417834282,-0.6552069463677248,-0.4207885233695832
4586,2,1,-0.6076693933096069,-0.7639308382360706,-0.07460888475677659,0.4464903891268575,0.03408749742029736,-0.3898264273962858,-0.20146775927325147
4587,2,1,0.040483673458231006,-0.07157314180635846,0.4818774245387747,-0.1919631128981971,1.051973375511437,0.11807448473686341,-0.1300341393141283
4588,2,0,0.9103367652015973,-0.71652836330882,0.13554570146473258,0.23080290715070462,0.4046644019768709,0.6909535152915927,0.37615073553244255
4589,2,2,0.0524847534177966,-0.14121475988055296,-0.015201580763913104,0.13306137292451736,0.17922955790415707,0.053065823224572664,0.3418566732580162
4590,1,1,-0.5182590747112067,0.2867198389801803,0.14780739076381433,0.34877864674391934,-0.278570352112245,-0.33666879573703234,-0.3889459751330804
4591,3,2,-0.26042036665535895,-0.7700663806131062,0.07337172094260155,-0.5033463435364603,-0.028241155340936467,-0.09828160032995231,0.49230751014781393
4592,1,1,0.1378272362637326,-0.24833694466697856,0.4984658231862338,0.41868673331863737,0.29489384639607913,1.0358343225644946,-0.15210964052753317
4593,0,0,0.6385407035398152,0.48915859976302756,-0.12211813170922424,-0.14824193659026408,0.7016448476307315,-0.09601576252525704,-0.05873184452644814
4594,0,1,0.651276293741874,0.09647231547529192,-0.37003778353182126,0.539816910169444,-0.4947188266970761,0.11792678723427295,-0.30673688481637734
4595,0,0,-0.6097090254595967,0.14636422714476963,-0.2777018289086212,-0.3216690512582236,0.4334315442306672,0.11168367786879692,-0.23921954775843993
4596,0,1,-0.34838641562092054,-0.6051298189700005,0.7868118414743049,-0.13420753942243008,-0.2902544852436214,-0.42826264072240094,-0.2782445400078967
4597,2,0,-0.21890443064777443,-0.33276675186338783,-0.1403553985442144,-0.0862903786095914,-0.10088174121230555,0.258371694772796,0.087484902724418
4598,2,1,-0.09863541313633531,0.2918106362610706,0.4035156707477865,-0.4482713205419785,0.07741570901735687,0.3191454917822756,-0.08641523420817017
4599,0,0,0.20886881826165934,-1.1773929650029125,-0.030530932093951715,0.44218596364753915,-0.6682290893184709,0.11544062037529966,-0.48551257133784126
4600,0,1,0.06996120687777296,0.021371413411296475,-0.41201271074205253,0.9618409702438948,0.028815087998880416,0.023269785724014863,-0.0628812445985093
4601,0,0,-0.15574978674382445,-0.4741344609337227,-0.20073475922606399,0.5294252525880508,-0.8450061728683751,-0.7970945216567701,0.10978605810899499
4602,2,1,0.6451590070955647,-0.34804253982091365,-0.0327852773473858,0.00026606060679036403,0.270115307470553,-0.14671258591260924,0.05001202189560532
4603,0,1,-0.058712717675190186,0.9811055300439334,0.10037137537857059,0.48412591045457887,-0.17648103812753227,0.0035417309093989657,0.25453759051572383
4604,3,1,-0.8217096804980973,0.1355239155574747,-0.5559739821494313,-0.08302554696900444,0.3873333948611888,0.045238877682393736,-0.4745864754041586
4605,3,1,-0.09505707736423873,-0.27623919721849477,1.0111017657940653,-0.40079106775072476,0.7027008155758024,-0.1667938675727955,0.27079842251831865
4606,3,1,-0.33200204537250316,0.3637355922320077,-0.39007856531201635,-0.032841977828811306,-0.4538429735279807,0.12295961273853918,0.2619564024006124
4607,0,0,-0.19309789005204336,-0.5228208835250726,0.8473252181705345,-0.005258663807045159,0.5978792815144811,0.1857205136639646,0.0509718563055893
4608,2,1,0.8195061753950561,0.022701879192640967,0.10856905300075102,0.11247103747548451,0.02816775571319738,0.13003424702203684,-0.3922820935018869
4609,0,1,0.14886146848044524,0.2683806789319664,-0.2215711930404722,0.01360624885675934,0.37609664040295543,-0.3754292892913711,0.207229260384192
4610,3,0,-0.7452522126828981,-0.7141536767628164,0.11504497839337822,-0.01755426545774367,0.49564259330611005,1.09162128489802,0.6943617235482276
4611,1,0,-0.027061736454725704,0.1841688364595381,0.3422642341444868,-0.46550856771427884,0.743273065696119,-0.3544287362034716,0.15961952005658053
4612,1,1,0.13156187467598007,-0.7714599259834004,0.11916911160454881,-0.38199156572074333,0.46314939887609197,0.40417414647869665,0.2217612752079822
4613,3,1,-0.3143646005656228,-0.5726787011073868,0.26535298951486863,0.20343472922814004,-0.4443113058451223,-0.11897459604285801,-0.023368483762711067
4614,1,1,0.3308751738791704,0.49274145108723866,0.3274744403676104,-0.3089159384490988,0.5961157540189727,-0.3723590109586057,-0.037136567813933964
4615,3,0,-0.3384941389816859,-0.8968390904188285,0.2879123616186974,-0.0691453439483411,0.1463009237484029,-0.03590885491356938,-0.4727221880717428
4616,1,0,0.24237773447306435,0.14917324425583786,-0.12224018831017265,0.31266507112983344,0.6718610736537793,-0.825863326156924,0.09564395385287956
4617,2,0,-0.385386458246187,0.4067992180007983,0.3951887432806065,-0.36827114713632253,0.2869067803429974,0.47868512981551514,0.24938512983220584
4618,0,1,-0.49931245090720655,0.7802583737122427,-0.3953087388782331,0.3219945626191041,-0.014504576149900176,0.3331655278219653,-0.6647157388389054
4619,3,0,0.3240461246142803,0.13304452011024534,0.461996051630404,0.4960049350601717,0.31078313791098244,0.07853749528165935,-0.147009001607907
4620,1,1,-0.8366967764949442,0.5758939518287872,0.7534182441703722,0.5664523907505197,0.5389869725192594,-0.4892393919106339,0.24275450736021853
4621,0,0,0.9119485726657787,-0.6245328001205132,-0.6967570559219571,0.02280334461635578,-0.7166054696326826,0.2888615407137858,0.06815859509654837
4622,1,2,-0.17231384553661505,0.2890474904682995,0.7642953000648518,0.20570416809085285,0.3631027150890337,-0.8890498201371869,0.5920402722527347
4623,1,2,-1.1149011741626338,-0.34210005023110146,0.2459957317372713,0.2966407356012097,0.13007924877305277,0.17619497872885997,-0.3345783173211549
4624,1,1,-0.7078186689692575,0.17654963972302187,-0.07275447567487536,-0.0029920828610190795,-0.09952169928886796,0.43845646370246183,-0.24451963575869015
4625,1,2,-0.5454384631458999,-0.1903740732976821,0.019660222239804983,0.07568145353982333,-0.06392352588819367,0.4176765783184432,-0.12960273177213835
4626,0,2,-1.2008696429555288,-0.0187957632210993,-0.4232666192515093,0.07369044820902403,-0.8343022090998802,-0.07794667759722573,0.007484393140705391
4627,0,1,0.6559478561507479,-0.1663328952045221,0.37683703386821826,0.18098916691718542,-0.00047612654316201125,0.7607497680048423,-0.17999002267457834
4628,0,1,1.2192780791282682,-0.762800037258123,0.28038062763935406,-0.04882127802411621,-0.6624315033625703,-0.5151428709648591,-0.13389949495935824
4629,0,1,-0.4475723818799494,-0.675290933727379,0.8778739911926506,0.3055962682159883,-0.6220195964948431,0.5569148332044871,0.1586809439023528
4630,1,1,0.1443542790354867,-0.5185975203519947,0.13513454399359928,-0.10170896751588678,0.5950392503496835,-0.7765182943733497,-0.47408009258571704
4631,3,1,0.9049736331768151,-1.2336372419717305,-0.323677084505911,0.0874569600811831,0.10691678202072073,0.5823202753954014,-0.05765896339623852
4632,1,1,-0.32374199923367664,-1.2756473346382242,0.7154621645291721,-0.4349924760913348,0.0011462209736706089,0.15639224985674863,0.12375930426529144
4633,0,0,0.23219681631385822,0.912918077811801,0.6890011373008026,-0.21487975964926784,0.8267649321096968,-0.09858387131408977,-0.46056218514791436
4634,0,2,0.38773253139534214,-1.108205570156293,-0.34810546862002284,0.34522649264463395,-0.05908442501916114,-0.029833964797130852,0.19068227192416787
4635,2,1,-0.9077820960631993,-0.33185306392722025,0.1942767851324512,0.9864867925651835,0.12561923800582878,0.15442442179415924,0.0861616260894489
4636,1,2,0.05354082702286697,-0.09012202228639588,0.16210517245076494,0.7409245767257993,-0.00677391345806671,0.03761305308216377,0.1961425351703327
4637,1,1,0.45709663868079475,0.2131354997861287,0.21860326584557344,0.7215276934982944,0.5034515977128425,0.36682643113293745,0.33104729633613833
4638,1,1,-0.03722215285386342,0.41276431428481275,0.19497802387268226,0.4062931026473217,-0.2572025277179134,0.6124052374359144,0.18380143549579855
4639,3,2,-0.00039076328592542453,-0.08459464342009597,-0.1646868306277971,-0.2646942694271389,0.16129577848022877,0.0019811073300172732,0.0145204036065933
4640,0,1,0.5150655010337065,-0.5543771261024515,-0.16890133563504645,0.1633203865226061,-0.24131615980992063,0.07001611694464462,0.3970780820920267
4641,0,1,0.570740256537484,0.07485635645241148,0.5540409747382758,0.6447273344688623,0.5352483311877276,0.070979210691991,-0.11680306721050362
4642,3,0,-0.12933582904094737,0.7327770048106854,0.170476752209236,0.9667555998184029,0.18437400800091716,0.03644414282962982,-0.15622275043465061
4643,0,1,-1.0551721742817104,-0.167439394097051,0.1631240716259759,-0.5906955201039801,-0.4643371764944592,-0.0957968658446004,-0.10077373776735139
4644,2,1,-0.25929940484347,0.254343729229053,-0.3375666946939674,-0.08988427133859506,0.45817204633457764,-0.5254407785006695,-0.047427803369084885
4645,2,0,-0.12240805501075369,0.5037204270306714,0.2430909812896559,-0.5389979019131746,-0.11815566211600699,-0.3312164376352882,-0.38509505988162845
4646,3,1,-0.08253857494025245,-0.5781315204624079,0.6715657178542496,-0.11664049099923958,-0.5514026895791977,0.4852871940078761,0.4828752144571822
4647,2,1,-0.0058907123059273175,-0.22224573705416734,0.5155631106762657,0.0869128307727355,-0.1977431145930299,-0.40925901787797336,0.14021592516687925
4648,2,1,-0.4436468214558623,0.07943561518053402,-0.16719169667824718,-0.1241343468140822,-0.7157562992235598,-0.18154063816608182,0.02133962107956382
4649,2,1,-0.07958730326142029,0.5901740803080942,0.26467398671942344,-0.044161633871173056,0.06717820979713154,0.9358445630224201,0.6293483161742144
4650,2,2,-0.8171877074766889,-0.2703596444758461,-0.04624464831077209,0.060607199237171804,0.7493132308055396,-0.12137823576236836,0.050956475231835656
4651,2,0,1.0341303314085235,-0.2027776269720306,-0.2234221937703144,0.08585686938941453,0.5008860207616659,-0.9572634878917762,0.362645221027528
4652,1,1,-0.26623338983999256,-0.7475778249696547,0.267767769329974,0.5106557606925213,-0.12340065496110898,-0.2553637227623322,-0.1953782870335926
4653,2,1,-0.3219699609060002,-0.4865863305630932,0.4986789092180585,0.29728401580055297,0.15645537497658996,-0.027690977787521776,-0.3011018635820915
4654,3,2,0.5866033962366178,0.15480112394803744,0.45752215930397466,0.44550671333771696,0.44819047215199737,0.44140327233775833,0.5181351613625494
4655,3,1,-0.1731892486748448,0.06369511970678784,0.29594620977254754,-0.7578549770267347,0.15082917121838188,0.38054507357447825,0.12038217483534489
4656,1,0,0.002689520737413409,-0.7787043818110765,-0.32036688595088636,0.11501386226066462,1.0196261222083753,-0.028031910958343703,0.2740189084967248
4657,1,1,1.001573138726388,0.26117070694731503,-0.34580110467101177,-1.313593757896509,0.36402812099602194,-0.24528376852324899,-0.4836549730528825
4658,3,1,-0.546168007047278,-0.044319136116144214,0.27515941134592437,-0.8419443221932349,0.7402945799791613,0.0724457913197684,-0.1253466145597482
4659,0,1,-0.0779253721663211,-0.08708136929487573,0.15268032056299247,0.27260309487011863,0.0870829630175109,-0.4123447186087773,0.30080849924196046
4660,1,0,0.07288289708117462,-0.07983795484412008,-0.3744283936285533,0.0468289189059048,0.44545172359666707,-0.30044050973586334,0.46005902687619715
4661,0,1,0.35116868776622623,-0.2506068184333765,0.15807601180130998,0.09246679522602255,-0.035968562500723236,0.02042382583273286,-0.2849929882730954
4662,2,1,-0.46975025316548913,-0.2895377959113442,-0.27083756503345874,-0.4426045286447154,0.004576627476511661,0.7518523197190559,-0.19429745418584835
4663,0,0,-0.3406671686297256,0.33794211497532056,0.1493765531951902,0.07848886898342856,-0.2768213541847929,-0.08580504045653772,-0.2603020909053732
4664,2,2,-0.9475946061933797,0.36902633360309556,-0.11950599984505267,-0.16642628006855495,-0.8211082767246858,-0.4727658908067103,-0.05097279757140948
4665,3,1,0.33397807811475955,0.0728057082625595,0.18401424299548771,0.7643431557957223,0.12678592124326063,0.9479837987641697,0.13403267038679323
4666,1,1,-0.28162924163642133,0.008030930432052386,0.45778971239035926,-0.11741240479414183,0.13460260938459526,0.2585136012571152,0.4063839976026676
4667,0,1,-0.36803347074669623,0.1595553791982394,0.11728980585428923,0.8774183464730246,-0.08257627388344545,-0.3152804870666778,0.30046150615701545
4668,0,2,0.04796203836354637,-0.6629085601181864,-0.10181107431274879,-0.6882278222270902,-0.43755338427587986,0.04044450563488221,-0.028632170313630897
4669,2,0,0.45481495917854353,-0.6910304437914208,-0.6104282228370952,0.011267409906429517,-1.1723494172767355,0.6580445930700773,0.6442688345970695
4670,0,1,-0.47535451352088,-0.15159733245341153,-0.30396848139879434,0.3057201016000108,0.4506069750207083,0.8424103590795373,0.057426011898826915
4671,3,0,-1.055042746266852,-0.17973291440280406,0.057427582965671395,0.21216622246319022,0.8274023320158146,0.19623317009411537,-0.24825736110360075
4672,1,1,-0.5895233350670309,-1.073874586618461,0.17459691272818778,0.28748171960098384,0.08248695861163863,0.5460172973000754,-0.362688357047588
4673,3,1,0.16342058932053585,-0.32496146910297385,-0.256250591383822,0.07133191377394882,0.6532176872997004,-0.14125081890154376,-0.5373396423105447
4674,1,1,0.008119413237407253,-0.1277235572902065,-0.29017777729134,0.502311946313072,0.03837786816280462,0.1345169974039187,0.20824949663638376
4675,0,1,-0.5077015952556678,1.148966091826244,0.5786848238787105,0.3070510064484795,-0.15677012599006748,0.5178498150569563,-0.2200813755350626
4676,0,1,0.05948348240593537,-0.7714004197898563,-0.0702720423473192,0.22413500505473066,-0.3837924483440151,0.4914618189321406,0.30413283079354286
4677,2,2,-0.2952122686806669,-0.7933897580533068,-0.3964418743035319,-0.2829455261536207,-0.2780746801758079,-0.06925963196267135,-0.25791872235813174
4678,1,2,-0.09096895391938226,0.05853596320811519,-0.03661968651665529,0.327545186646663,-0.7758517124886583,0.12374510917226787,0.04635495784573476
4679,3,2,-0.5216315405962731,-0.43870953818974867,-0.11554221616920578,0.6530062364238942,-0.6892917223156486,0.410770068839476,0.7619826066669824
4680,1,0,-0.791308102088511,0.4466766922701175,0.5564086751639957,0.4138377421027535,0.4589744066866642,0.14726884752863215,-0.0016058196784759866
4681,0,2,-0.0033906241987028823,-0.9691237641676559,0.2623485758081047,-0.026593028407260917,-0.5466142164863725,0.21973040667190485,0.7163367291941348
4682,2,2,0.12624012554196085,0.009090696181976693,-0.35710917175733825,-0.13446271668718734,-0.14824081597593863,0.46624516332764643,-0.2774211224893465
4683,1,1,-0.10596724008279441,-0.4370174516207602,0.4885908748594435,0.027417735905314752,0.9841817598468917,0.8623351473234008,-0.13539213051665844
4684,0,1,-0.9110461910265639,-0.7567505987890477,0.04331393481441606,0.26381600245494313,0.6639248610598055,0.7347122491630713,-0.23018597603210028
4685,0,1,0.21519407262751541,0.18794696996948637,-0.04739685697724682,0.10708396272423282,-0.3022819206420196,0.23717536286255672,0.19945129638408418
4686,1,0,0.39589477008774676,0.2416307495777045,-0.019934867358386777,-0.22419164691197307,-0.020260413618644384,-0.14231669748465806,0.03350158820628138
4687,2,1,-0.40203314346250485,0.35522144363452446,0.04168398872120286,0.03104877902323968,0.39714783010057786,-0.3342213309643124,-0.16336773467587656
4688,2,0,-0.17165607000027222,0.22324753987312676,-0.2054209368623682,0.2832758571307379,-0.4173111647514237,0.26428453201268354,-0.17075709969563996
4689,3,0,-0.15603345225072246,-0.5474548002912814,-0.23808866277966906,-0.0026245073065122066,0.11854784408410725,0.09798458803431387,0.8219474514800473
4690,3,2,-0.2789358228052381,-0.18759849856616553,-0.3153735346352816,1.235210918102719,-0.33166082369601263,-0.6029954298588456,0.09997028015699604
4691,3,2,-0.1149180082027207,-0.13300207373363043,-0.20645434158202117,0.4270600338294278,0.8790329568459724,0.35510209830400286,0.06245392205972872
4692,2,1,0.3665139972463879,0.23294469892052985,-0.25438135685230884,-0.7655138557121404,-0.021561437518669825,-0.3314087706454124,0.08041964550879571
4693,0,0,0.17011377568023575,0.3976852942234991,-0.004304941064900126,0.39416911309049296,0.4306695595811512,0.32760069789212176,0.22705233057725355
4694,3,1,-1.00102644687697,0.1978216992270114,0.37054221234490314,0.2810330624205332,0.7828044225434903,-0.555732109379934,-0.2739207639990181
4695,1,2,-0.2629497899984182,0.07068748211242704,-0.6827783461987551,-0.16957940776381006,-0.3403311647659608,-0.0770194061983075,0.19535158793058946
4696,2,1,-0.2086395945912578,-1.1553729579842822,-0.33071095819836216,-0.12343994353931746,0.003527006564534574,-0.06832619537232132,0.353608310606105
4697,1,2,-0.6641646204749555,-0.24110082594855511,0.33417685755064863,0.6466593805479441,-0.9356122671661213,-0.24927201512098493,0.29113171185400133
4698,3,1,-1.3636967009152046,0.2142919580766595,0.117705582988321,-0.15540425928880922,0.07667585132255564,0.02222726077645476,-0.2112702897738255
4699,3,0,0.31387968016742496,-0.009461738646931811,-0.13611958533375715,0.6278902395308025,-0.34924151943634585,0.4285836752389741,0.38579761768420623
4700,0,1,0.084508358464334,-0.2031888740816299,-0.1728252681494795,0.37072074789636833,-0.6481541323817532,0.6597670445581092,0.07182938581524786
4701,1,1,0.09838286906070975,0.5915291145080982,0.26112921397983363,0.23172322420810273,0.01732993407316072,0.596327253852986,0.3792857406149763
4702,2,1,-0.25523696592268796,0.17357575500210196,-0.3257842992892013,-0.11587197465455357,-0.12252536412910973,0.29782624073595054,0.20105793322289078
4703,2,1,0.5112734885754828,-0.20522441185445786,0.043014350472386706,-0.967592690816861,-0.006692584938407566,-0.009769688726635806,-0.3603836729096413
4704,0,1,0.7328764719393577,0.8535730829397031,0.06535807037481366,0.49650770804483996,0.6869778945152717,-0.3939312762701378,0.012113850919928034
4705,2,1,0.4914203642913101,-0.723249511427169,-0.29874701908435924,-0.49088309496831073,-0.07543185322139087,0.11043678891610054,0.004942789076490192
4706,2,1,0.24316468139190714,0.04377882988884102,-0.5733670425193708,0.5418536301315464,0.5763052554899691,-0.47941358432576875,-0.5640205068778474
4707,1,2,0.7041425162418768,0.09777236704637163,0.1035337722692071,-0.038331343646754286,0.3211870272694324,0.40085781655892905,0.2146432634826456
4708,1,0,-0.0011619081304151263,-1.3113265443166304,-0.40498392068276107,-0.4493852939137324,1.2277757118908574,0.7207400220622605,0.32838440781921396
4709,0,1,0.1953631756082326,-0.13467803394633915,0.11047540910834218,0.31961359954103435,0.2446828082284353,0.2779307829334614,-0.1194750343399183
4710,3,0,-0.7146301004604773,-0.3899127597793688,-0.507893277379704,0.09953385890066382,-0.23227235024699647,-0.2206446957432396,0.10463155630878947
4711,0,2,-0.2821634376860992,-0.45679911733476875,0.2087240977967974,-0.1451681355238314,-0.3843459533565632,0.5025877167223549,0.5107287217800952
4712,0,2,0.4087314344463032,0.2831915708841638,-0.4183468631391376,0.4850455544707144,0.7599606798902211,0.09110755580034123,-0.13467620354198634
4713,2,0,0.3504535903429292,-0.4174853992486709,1.0816309290874127,-0.5094321704157847,-0.19422544762639019,-0.1664933555148411,0.1433019386459372
4714,0,2,0.22658083008162175,-0.14072125637394767,-0.3340305668832191,-0.02202622400027331,0.5568626445877793,0.11575382208922042,-0.49896645723842253
4715,1,1,-0.12818844066988827,-0.29152440089806025,0.6083159116475305,0.8851975479323151,0.12954908467933066,-0.526936626323594,-0.34853725049246853
4716,1,1,-0.9412752419113039,-1.0156880285238434,-0.429451523598376,0.3337066004329483,0.45357698117522594,0.8943683855066981,-0.03335485999874891
4717,1,2,-0.3585408949203194,0.7499432710579383,-0.897586555443983,-0.20737897041203437,0.7630564081674869,0.5127872136360047,-0.028654381820564907
4718,0,1,0.32136637118757005,-0.11305990174976319,0.29976897338097597,0.9370472606714622,0.05891203479898074,-0.5703445950729026,0.16106340443167297
4719,2,1,-0.9048761461553462,0.3392509533267597,-0.3498022352909635,0.6052029956729803,0.25606926570797095,0.22725149994321397,-0.11343826009706151
4720,2,2,0.06487361249236273,0.2836206258709898,0.286699817934572,0.8884523487408805,0.5915813955489568,0.7256556236169596,-0.05577091000740781
4721,2,1,-0.48112374314804873,0.09507472191064203,0.22254091458731415,0.004444859082653073,-0.30790584593597115,-0.023466527579765112,0.4417041884062654
4722,1,1,-0.3710558729371032,1.0239474025545467,-0.2452247245982025,0.2961509994481933,0.03695451509780006,0.5226229693190668,-0.1568025201627304
4723,3,1,-0.6774454545770985,-0.09910886568320823,-0.0981556677148755,0.08725694742173237,0.4217249009611695,-1.6939166726246486,-0.16677191665210825
4724,0,2,0.5548181947167934,-0.09038038627048034,-0.533263555401865,0.8092607748644418,0.5196602344283114,-0.6715923136594483,-0.11904775884786153
4725,3,1,-0.019515215404216746,-0.03824755489748817,-0.45082636665522824,0.27670079672629677,0.9053372662731712,-0.2550760268395148,-0.09641779377570074
4726,0,1,-0.1140320019217035,-0.7338495379424067,-0.3909600885720186,0.20975170004931398,-0.16387468103341618,-0.6027924295673707,-0.51647080000302
4727,2,1,1.1282704287441947,-0.27273035417261005,0.17299249158948785,0.21035841898113208,-0.42465678785693856,0.8989629934842376,0.3488337303728485
4728,0,1,-0.45047023812685594,0.029339344099793135,0.018991604007895152,-0.2778291099950496,-0.7536573390677979,-0.07226436153494925,-0.17699816864238424
4729,1,1,0.018932765829313913,-0.7713650654646261,-0.30272106391014447,-0.48088701925061966,-0.1942322015556327,-0.01256603845115431,0.29864575374136487
4730,0,1,0.25533738013655016,0.24864411794031324,-0.4699503273452676,0.2068731619488729,-0.10258240667703147,0.26415578328479306,0.26201799210127447
4731,1,1,0.006437091724329588,-0.19331028902009634,0.13556752790679646,0.02444902455603279,0.47640996621515136,0.4906784272420587,-0.3399599008204999
4732,3,1,-0.030409036988497368,-0.6686800475912468,-0.12580787007972005,-0.2664109687448558,-0.7850981162954939,-0.4694420844710693,0.28423300001130986
4733,2,1,-0.8117415935222336,-0.7030671515466979,0.008844237047008346,-0.07163826264479847,-0.02177410869137448,1.8621818415245308,0.279418809576736
4734,2,1,-0.4453553180710329,0.18788732138584477,-0.10446252199425904,0.5578341168199417,0.6829355788772073,-0.2901943409810336,-0.030608621839791874
4735,0,1,-0.48080535863178986,-0.2876481064753624,0.40772202312330197,-0.12370131644415235,0.5726723537055922,-0.24141650003686202,0.11371617882179
4736,3,0,-0.6576056029842439,0.6428573496467648,-0.6878299403675378,-0.18522736778278,-0.4984668083800819,0.27008519599847264,-0.13471914145119632
4737,0,1,0.048585875023058306,-0.818928997142675,-0.286131939344383,-0.3086870635377128,-0.06490793279338111,0.8496988382175803,-0.19144974949310256
4738,1,2,-0.8447175623491582,-0.47424425079744437,-0.3561436305067809,-0.4672895025875074,-0.57830506231229,0.03531791379388209,-0.030896991175705716
4739,0,1,0.3842081568246908,-0.07250961041096024,0.12188723848037064,0.7185873986031519,0.4216772673197802,0.10681386338707757,0.013541641923452441
4740,0,1,0.36082734375895686,-0.39672376104669804,-0.20697547607125083,0.13429283204102838,-0.12745752332488502,0.7887705226115431,-0.0895773898304954
4741,2,0,-0.20877907266909085,-0.008714129103704171,-0.18908517259098165,-0.4448906558436757,0.6320802522011453,0.39039487135433937,-0.2827874867300079
4742,1,2,-0.07116108024560303,-0.07901422922918215,-0.30225607130772486,-0.22374074864418622,0.8341813962142652,-0.2428908683582788,-0.07955859663241104
4743,2,1,0.08889974724343416,1.011386021592721,-0.06738461817609083,-0.10478928116720536,-0.3087985671741028,-0.1793151955858285,-0.024702388932476362
4744,2,1,-0.6589886488614153,0.5585918883046024,-0.4179293163893565,-0.5336898857622717,0.09288877420430963,0.39988566646378454,-0.353438522106574
4745,0,0,-0.2042760699362327,-0.036641394113576406,-0.35673711791484286,0.013775927176047325,0.11074576488729301,-0.5232414864558637,0.010102576597838623
4746,1,1,0.4603643475725654,-0.2229964774173908,-0.03468249392232834,-0.15062030558895112,-0.06955101002950129,0.050377092512601376,-0.25892493006292844
4747,1,1,-0.1826799035971179,-0.027621103128948873,0.05437326355643044,-0.14504945516864293,-0.061799078459053705,0.6631161769238041,-0.49413807686525957
4748,0,2,0.6121784395247839,-0.4201301760228847,0.5581195888568983,-0.25904912695676147,-0.015997240590172285,-0.5595941314453032,-0.27786679437132905
4749,0,1,0.2315364628108937,0.023971696026336392,0.006304966970673909,-0.3404102553631007,0.1156163260007126,-0.3603443332293764,0.307647200739195
4750,2,1,-0.25090213564796016,-0.3074045208055355,0.10895848009586906,0.5906375534561442,0.9783662563790622,0.7174500678744044,0.46038584647263514
4751,2,2,-0.2657568339749877,0.186089019677567,0.25567174498872314,0.7814261272023717,-0.37395625788807885,-0.07243312400459731,-0.2809468971478645
4752,2,2,0.35311292725789056,-0.3389542727779489,0.2824293998956155,-0.4631158427850824,0.8048937638852974,0.7321211250587605,-0.23287874154896993
4753,1,2,-0.1671620784867105,-0.6512452718270478,-0.018265074808846694,-0.09061452291396033,0.4198495215778793,0.2500741636460865,-0.5063589300353969
4754,2,1,0.339084063398042,0.19904818468508786,-0.052145191581192664,0.31272473903463566,-0.20875977270151883,0.9081763564449932,0.32149996823945237
4755,2,1,-1.204215403483875,-0.40008419850762744,0.0548637357394125,0.3973497272697685,0.1363765303561069,-0.1962922952061749,0.033251569455454114
4756,0,1,-0.3255968655620173,0.12252835355629302,0.8775080629453105,-0.1466801776611928,0.5710008908345795,0.4568987420641306,-0.30355831130678046
4757,3,1,-0.8865554726811441,0.25613109088501385,-0.15960167285983484,0.29486408938062847,0.22509918551956604,0.4156936005561074,0.17665012225942792
4758,3,1,0.1038289887782134,-0.06905915217716033,0.0984430685055827,-0.8086557022698149,0.3053009324922031,0.057746136136013385,0.12691102184574435
4759,0,0,-0.14539094216196796,-0.21763236372346145,0.3463608140155781,-0.24617228282424428,0.0792470462479431,-0.01600077810409503,0.16616611838199663
4760,1,2,0.5012144297819403,-0.46657595803305907,0.2101362905527201,0.41908951896850133,-0.3033377469051551,0.3350481328927888,0.13926725650460825
4761,3,1,-0.5469036942044985,-0.5174195261772953,0.44985060825587775,-0.10745523991284893,0.07433843530151377,0.15661257937931566,-0.2370218556257007
4762,1,0,0.5896655103152937,0.09501326487282838,-0.20939031511266704,-0.3346581251524027,-0.015201424884843615,0.43642771712456685,0.19759150223148622
4763,1,1,0.4283931310353053,-1.2741301157971991,-0.0727177132530391,-0.01409663248096876,0.02285302967728746,0.11881504162324746,-0.31765811306417674
4764,1,1,-0.44544534833997484,-0.2649247002834486,0.49196502926174346,-0.5071876773664586,0.1394321814933997,0.1636415341846337,0.3293667781814856
4765,3,1,0.6182934862192122,0.4562587205353378,-0.2057270685564465,-0.2657144375297645,0.3833126349660301,-0.058385424000372055,0.2681769850335378
4766,3,1,0.42348594777396387,0.367360112133835,0.45466836208254985,0.5546504994731118,0.09799786289228457,0.1920914282090528,0.08075177607334619
4767,2,0,-0.5833070867698245,0.2701730304807173,0.7328855489801046,0.5781463204863168,0.5206821045948024,-0.8933217915729809,0.1464096842348907
4768,1,0,0.07422597956299859,0.7354611677467864,-0.06630620099264883,0.4185908967851836,-0.17676947530333267,0.047789358988525765,-0.39885136019356277
4769,1,0,-0.04300602214002269,0.09073203212077938,0.24907687074043672,0.31703895925095293,0.39540929615981146,0.9434081516786822,0.1936422786368502
4770,1,0,0.08955446221361404,0.03479316675561153,-0.30922953681322474,0.1047905228615825,-0.16396438037623629,0.984514015404059,-0.14058782768544054
4771,0,0,-0.13026926367386257,-0.4323069212801214,-0.3896371505292752,-0.6355216191923221,0.1300065095718495,-0.2086472801571593,-0.0023778358071926543
4772,3,1,0.44562052075873093,0.4284518458815868,-0.14730063354199988,0.6376534298483156,-0.24757916638914396,0.0897894077140329,-0.16189954366491957
4773,1,1,-0.1905897305232979,-0.49400786288800846,-0.748716373567335,-0.12680613492933446,-0.6191085913425354,-0.4511750262846588,0.13560981692983332
4774,1,1,0.0891893600997721,0.007524679077553359,0.4826525688844212,-0.010751697079694035,-0.600616245056824,0.16476047961239518,-0.148863752469722
4775,3,1,-0.22035463104522907,0.40324888560720185,0.2002148367014953,-0.574993018606999,0.1444244782763884,0.19432688781067123,-0.07335142911510033
4776,0,2,-0.38033993589744175,0.1933729099995232,0.5853862851358568,0.4344443097747737,0.5640154025545228,0.14244660656888747,-0.24208709439109602
4777,3,0,-1.0270579986638235,0.5571503039411076,-0.00690188127089072,-0.07279702850163221,0.47287648631523843,-0.25834820120778446,-0.20272606528438156
4778,0,1,0.09680607321624723,-0.18698588365615476,-0.3991178667042157,-0.5781184293323812,0.18460584621348686,0.39613115445398983,-0.049370371074491284
4779,0,1,-0.1542742745695797,-1.237961319274382,-0.039713260695710656,0.35950033554550037,0.1687870551418738,0.4665109803286328,-0.1380967792219366
4780,3,2,0.015031952779701444,-0.33136577961413594,-0.3932379696418695,1.19292708856576,0.4877986943854748,0.35550624193604596,0.1454811210408317
4781,1,2,-0.09534953701760536,-0.03400447533295273,-0.18172556623623076,-0.3969014898922463,0.112391174686752,-0.7039872499414678,0.3558258975974416
4782,1,1,-0.4412757495120808,-0.13223463273919372,-0.3995386330752063,0.24385416731741746,-0.46455455989473454,0.9200773354443291,0.013845259448230224
4783,0,0,-0.6142870699913943,-0.48571421568587525,-0.13743526859401017,-0.2005832642608463,0.5726457549159424,1.2559646802350226,0.4432423552003199
4784,1,2,-0.12190559502051303,-0.31578934606329606,-0.05492110561728874,0.33234753263489597,0.1378635497611786,0.767240579505674,-0.315897290310921
4785,1,1,-0.8807929632163594,-0.42904898939092395,0.45086777176938053,-0.8185961033813258,0.44963773574906923,-0.07871128932688498,0.2566274133815511
4786,1,1,-0.514110614490079,0.2977778473003322,-0.4057414298601485,0.24355807697071058,-0.009181688237879836,0.5521934875366951,-0.23482438740923117
4787,3,2,-0.07604791367405621,-0.7567354171590097,-0.06724081373260396,1.3541085111086553,-0.016902069587991054,-0.39349000648368093,-0.5094606491321292
4788,3,2,-0.20827000808625867,-0.5729053472581851,-0.46520979906189625,-0.3634827338556903,-0.43337361162357063,0.09828288985482789,0.2098832062835842
4789,1,1,-0.10199771525757999,-0.8991212122044754,-0.3974674661189225,0.4761628586201947,0.5256650227483743,0.3049924615476605,-0.3219917635458165
4790,1,2,-0.7515792109594976,-0.430217375587548,0.1898070363123842,-0.06809848937734497,-0.29860317897698924,0.6753267591232587,-0.23816976031274859
4791,0,2,-0.3717257485624852,-0.38258005981748816,-0.32696789977421803,0.46371491581522767,0.27948528823951707,0.12093552535473429,-0.04178424525632555
4792,3,2,-0.6551273486731195,0.689574394209215,0.07970529567183675,0.05283744086731681,-0.4737064513925769,0.0012304285310930918,0.05377492978914479
4793,1,1,0.3972784865696545,-0.29336826471921584,0.5190760465525227,0.3201944444710944,0.3880543624836018,-0.6570895857860042,0.4756809902931617
4794,3,1,-0.13100417540017945,0.29023309248734874,-0.14049870655882954,0.17478481816943472,-0.21620844179189957,-0.246765707870001,0.07877635230107038
4795,3,1,-0.1517115179842083,0.5266215099694427,-0.10465325945675424,-0.45687183885562516,0.31539664444327414,0.06976389900423692,-0.5317601224548387
4796,3,1,0.21642346385554415,-1.092716324755363,0.21790278380356654,0.03500019333373908,0.29896862985681505,-0.04828460963355427,-0.01532728020195459
4797,1,1,0.5040005682011002,-0.7342500820766024,0.7384139425540326,-0.16517022040841875,0.3638387104429898,-0.16142456859347207,-0.22130534242292146
4798,3,1,-0.6823458041333346,-0.871310336760695,1.0320088473629887,-0.7050113584830968,-0.013636264017825622,-0.22227255241427993,0.9094222490854182
4799,3,0,0.05788147283734088,-0.010496248169602623,-0.10371078576467077,0.15922076591109802,0.7123871562910967,0.9422089427825026,0.31862376025409045
4800,1,0,-0.5824105059543531,-0.0820962545310897,0.006849234835447943,0.4673897817568082,0.050838863256321025,-0.23685021228958544,-0.44788679607948834
4801,2,0,-0.5312034425178778,-1.0546479756719627,0.0133043920493728,0.24079236674185678,0.17226661626717907,-0.5426148553452176,-0.34560236785254655
4802,3,2,-0.33306548118456847,-1.1915277831388051,0.3120365501864441,-0.06838136257605133,-0.4104317189510846,0.9047282224083331,-0.24131884195146372
4803,3,2,-0.47101441125526167,0.024200530698625405,0.3320905247770991,0.31914928826265976,0.3505122153502568,0.44562748947668196,-0.14492363637529587
4804,1,1,0.2692441557941505,-0.42993660901993846,0.08253109233140002,-0.2513590301312825,-0.33001655801840807,0.9664105362812341,0.21390921669747107
4805,2,2,-0.005583719584351082,-0.6812303291165391,0.3662203533253513,-0.01405379413184274,0.07565298597344373,-0.4024605408555,-0.20826038117078588
4806,0,2,-0.6793776835448063,-0.45131612903828555,-0.40116480659512005,0.8923790499736272,0.4482786650328724,-0.5393157425477545,-0.2680302609654813
4807,0,1,-0.42571950911513123,-0.22782485039728118,0.5214074665158374,0.02787338883379121,-0.39188239247535983,0.3346594422264571,0.11936321553943775
4808,1,2,-0.38629332898522706,0.02076387515750433,-0.18762137944645596,-0.1093503221845184,0.5167436005182785,-0.47111805263122997,-0.07290209470007132
4809,0,1,0.44525063642132834,1.0912691533529604,0.4012543734508698,0.7133854002155493,0.602339662494323,-0.33150657466741185,-0.043247029112715815
4810,2,1,0.521936385779135,-0.7588122866439608,0.30377940273504056,0.21347363126488234,0.47229415686134724,0.9349184534527227,0.09731894739234212
4811,1,2,1.038764861307181,-0.21531912246761625,-0.09756352550520174,-0.2037165695975577,-0.1304134654505541,0.46116977228490497,0.40645990924959446
4812,1,0,-0.9276232466068909,0.7449180129114755,0.6238960332064194,0.33532213297972596,-0.43630326175720147,-0.5039237211805282,-0.11038477938723312
4813,3,2,-0.22893267740281156,0.2737408258740811,0.021865001513288736,-0.09697006264529186,0.8754049586846363,0.7510364944093585,0.12959265979670362
4814,3,1,0.8874971625556713,0.2757071157652714,-0.1544930228182921,-0.44553373285122366,-0.3078157726231347,1.118853011111167,0.21286482384837183
4815,3,1,-0.03824685758826891,-0.5568111044589669,0.34571684451399876,0.6617775371164255,-0.36307982622764506,0.5327123228951541,-0.3670841260490513
4816,2,2,0.10453440356500271,-0.03127461293468678,-0.33647303223178854,0.30631519626942044,-0.0722284287057523,-0.4477104326267838,-0.21077354939812312
4817,1,1,-0.031100244020921097,-0.7090023076468968,0.7411854984389451,0.5070908076305486,-0.43228924592081175,0.1511630112494967,-0.27444362634666464
4818,2,1,-0.21466037432867974,0.15312615573592356,0.3233435511119816,-0.26283583086317497,0.2876667402467554,0.04400615600414595,-0.20584015369506192
4819,1,1,0.9143427989871616,-0.3492202955219622,0.11764274934902424,0.2734448179246371,-0.4569578891704773,0.05767866342506356,0.4613207246146571
4820,0,1,-0.6642493101178503,-0.06260571048688221,-0.028748498275028955,-0.16854088885603913,0.5049070153481724,0.09197846871455467,-0.11747267759185948
4821,3,0,0.9260445581090225,-0.2396146180777397,0.5448446140074624,-0.4355276424081951,0.6367943291819856,0.42282383886596486,0.031190479919224526
4822,0,2,-0.15432469862023968,-0.08782860884518268,-0.2294288431144499,0.2754212829765661,0.2597697050712451,-0.7289608212135775,-0.15376160728512864
4823,2,0,0.9010552302475433,0.4913022144987199,0.6215925111424304,0.20871088745848856,0.5030499700479502,0.3958328695049069,0.3393105076140938
4824,1,1,-0.4241934807183355,0.0779787622579671,0.5033462971916669,-0.6433372647159857,-0.30169084891060677,0.896384659946551,0.14010420293772802
4825,0,1,-0.14326323316851727,0.29345626766558863,0.008560505438403676,0.46324704175900056,0.3437661650977574,-0.39704128680154516,-0.08940307793020319
4826,1,1,-0.7512016726234725,1.1129129949241368,-0.8306941966732933,-0.5851989710361732,0.23791556803649647,-0.6069653270412657,-0.18232434530379615
4827,0,1,-0.14399997127344552,-0.027572032961073467,-0.2382107916709425,-0.5417105015986864,-0.29038480380695914,-0.0382847477985917,-0.2689243990402854
4828,3,0,0.173318470899494,0.08010961961488589,0.18687868840444455,-0.24569597503385399,0.39191857068952063,-0.3545218462732933,0.5409030021807734
4829,0,1,0.028300004548647784,-0.296197467479277,0.1486852320260473,1.4982823215679908,-0.32955449142448145,-0.1276799364813819,-0.2749189840186768
4830,0,0,0.027708465093946033,-0.3989315741214318,0.2913004051445879,0.18778441533149298,1.0438045555462176,0.21513020874903072,-0.3145432361994893
4831,3,1,-0.295245251380463,-1.3513435802089164,-0.15151649471553663,-0.12487766973878053,-0.1686381931466207,1.1677543650666975,-0.03902775248004789
4832,2,0,0.22429075620799407,0.1515010753699634,0.15609406430645195,0.31697753338023843,-4.762318917625016e-05,-0.7935585219379597,0.7316251572011658
4833,2,1,0.26610592156724144,0.20944629339294038,0.16603705135590396,0.1348516980821699,0.3527573367135158,0.6306792496005991,-0.47127100255989113
4834,2,2,1.206284931806431,-0.0654576948327594,-0.1987721387059339,0.17390192548350245,0.08879882742107482,0.2748552310529654,-0.10761457562780051
4835,1,0,-0.4223511747568581,-0.07645423296367587,0.47418498590173846,0.594231367829807,0.3532336912337623,0.4133666836593686,-0.09118325813546928
4836,0,1,0.43946761671015655,-0.09243993232724337,-0.044267163330209996,1.0668489231111862,-0.5488191558208249,-0.9938007066692077,-0.0792133633972875
4837,2,1,0.7087363207356537,-0.7258886626453047,-0.9207642081995264,0.31854340556797484,1.081425123819981,-0.5695728238260848,0.3690925670847118
4838,3,2,0.7248386803216044,0.976832742067378,-0.07267560159468689,-0.9903133536186048,0.8945935749857706,0.8868031351157335,0.41309663747368935
4839,0,2,0.06302755200212679,-0.37159483870318155,-0.005430564686059647,0.1440952734037987,-0.371776703102354,0.0854403720094727,0.14669343432843512
4840,1,1,-0.020935777759124363,-0.33077946854067175,-0.09743759256363496,-0.4557908417545461,0.29885763331635107,0.5794428807206867,-0.12814217952153065
4841,2,1,0.12344041228468361,-0.5528924869331985,-0.12102360685466479,0.43346150765466773,0.01142282590678175,0.35628082134725414,-0.3813992521697762
4842,3,2,0.31647734534429184,-0.4007794622173727,0.21852184897673588,-0.42564786789113807,-0.3755834845639849,0.0043491560228471615,-0.26329698195128076
4843,0,2,-0.23107789307471102,0.5136700177110592,0.13592042169610252,-0.34388846253983674,0.40595531003579305,0.50820597234548,0.2776065541989383
4844,1,2,0.028677267615439095,0.27721008063895614,-0.061528162343512396,0.08902178961799007,0.32571016152747484,0.4219835987624079,-0.38382801511875286
4845,1,2,0.4103649998600729,-0.7811219002096813,-0.2746071243810866,0.668170990450529,1.5355725792149053,-0.5528305333815038,-0.8386292679569345
4846,2,2,0.44025549551359133,-0.06013528085942378,-0.6153572081412296,0.32533804366845837,0.8614360432293527,-0.06483253659037039,-0.12111657784762785
4847,3,2,0.006964807276436169,-0.03711993118871572,0.2612858289103585,0.006167248970639397,0.2599162496879082,0.2989750353441085,-0.4453308894710328
4848,3,2,-0.5238476923062619,1.576315421088843,-0.32858210521765535,-0.2999986776399477,1.2285527719289513,0.801517627413595,-0.1421985328662103
4849,0,0,0.25024103750132354,-0.9285830560980861,-0.12887137961885717,-0.5518708376621922,-0.10137666106957446,0.4267669294493831,0.05438471953183834
4850,3,0,-0.20242430684495127,-0.3295418726570723,0.2629087718175036,0.8683802006258567,0.040671677161568595,-0.6999279152522633,-0.14986308686940394
4851,1,2,-0.4900873712146633,-0.006381872134052419,-0.3222072068221309,0.4477812652626658,0.3062471197289129,0.19980932343694682,0.17820086073384098
4852,1,2,0.126015537657419,-0.6212490239949727,0.16570097979676246,-0.2670990097741009,0.03673007982521493,-0.46740295373907315,-0.3882997319233168
4853,0,1,-0.35346425068540677,-0.26633283770603555,-0.37052111911451696,0.11467870341737368,0.6202249086472458,-0.4591918210903827,0.17319579277052535
4854,0,2,-0.499020669131091,-0.3618876508077222,0.6680458613027513,0.06780494380517833,0.49142772543717866,-0.20649925716447262,0.46849143645441577
4855,3,2,-0.16151171880176177,0.2828885477631067,0.04300584786217063,0.5805772725519605,-0.7308765235483329,-0.4625245320256428,-0.12313208340047457
4856,2,1,-1.016050077404995,-0.13027021155019747,-0.1377009761058553,0.06235567328937309,-0.21903731681048488,-0.08864662274880211,-0.34679110384147177
4857,0,2,-0.1335469433789984,0.35434815227009275,-0.8942919999177866,0.05601660143303216,0.09310536524616068,0.14187539782575928,-0.1626834904223072
4858,2,1,0.12212524642592609,-0.05112235524746073,-0.38473100826290757,0.35683328090385175,0.2384546094098652,0.3005822285440055,-0.10464481713541236
4859,0,1,-0.2418717289140443,-0.09784167385946532,0.3108307061829628,0.0384013967091544,0.017329542277359042,-0.22595534832594946,0.015525246873441496
4860,0,1,-0.2400609866171372,0.5739372064711686,0.523533591790564,-0.7120127819098331,0.7579929633026862,1.0341931297008427,-0.43085974883104605
4861,2,0,-0.2247318979992896,-0.54793181021698,0.46942807714451124,0.6757661852231036,-0.3438050252129679,-0.6871296437889274,0.02031687902324917
4862,2,0,0.44270154040494936,0.18933887358359666,-0.19064249255224208,0.43598998442222325,-0.09841066264970662,0.21249464483294023,0.46236828261242446
4863,2,2,1.04892438617634,-0.0652545543388266,-0.22966485997742409,1.0044704076427482,0.5259023417080313,0.6058063810094529,0.2924720281296424
4864,3,0,-0.5741271218817745,-0.9226841568126652,0.2660468227744163,-0.07194795796872416,0.30992023834744736,0.2503100417593439,-0.34224712657641665
4865,3,2,-0.7979527211644771,0.018929313474543907,0.204927576473676,-0.16494269994400912,0.32755842349824893,0.528077771633912,0.14867704851589433
4866,0,0,0.4088444440758472,0.20279650324271822,-0.15900394800107379,-0.49187622951294446,-0.5637913729430583,0.3057308788498704,-0.012957535287091532
4867,2,0,-0.7495622804578302,-0.15770768618439426,-0.1742675982206809,0.0006254150626420002,0.5684309861747547,0.6513431029854353,0.028568234723534418
4868,2,1,-0.5439578116763893,0.469161415003702,-0.3218228480216213,0.09507089541290502,-0.300792195689654,-0.058602079669505536,0.0890282645254457
4869,2,2,0.181403977839914,-0.9240177598817083,0.5691639525338452,0.12518838527873646,0.4722282118648337,-0.0672200379427633,-0.1494891769269562
4870,3,0,-0.16507794986052782,0.0457501721570692,-0.007235466389355716,0.7691542082729886,0.13512718273942365,0.41687085542941793,0.575135380639107
4871,0,0,-0.5403185035300987,0.020816854398010176,0.03562280214530908,-0.24648870439779272,0.6376662252465529,-0.007567407733448495,-0.1613818454766945
4872,1,2,0.28655812554777993,0.4250110781729539,0.6357610608691002,0.011928761812670486,-0.14693113393194793,1.3147324485723042,0.43104949406195936
4873,2,2,-0.8553385479028024,-0.5022387554125279,-0.35791468352555944,0.12245576831735071,-0.260061036256998,0.8283174815306853,0.020361234963434564
4874,3,1,0.6208348876466177,-0.6419409537755855,0.27053668131857306,0.2702360854444707,0.35541293422966275,0.33110310764087386,-0.12943360894066905
4875,1,1,-0.5370042735474007,-0.1692560135468409,-0.15701725594563143,-0.35085876696071117,-0.5585683588298724,0.2459391115392463,-0.026156245303711967
4876,3,1,-0.004626212193439755,-0.8718127471746562,0.6959310762664958,-0.1445191206231785,0.6263332753157488,-0.47170981508389553,-0.41276599733280867
4877,1,1,-0.2667464879200576,-0.11686933741527378,0.9495840027350492,-0.09339903672512483,-0.15442404701016957,-0.12302738466551302,-0.3205453083991633
4878,0,1,0.5568819385299248,0.37435481876816823,0.4523925942989926,0.06679295914782207,-0.6426037215081912,-0.3257644209562037,-0.1037315417927947
4879,0,1,-0.5775476401998756,0.3986631001771037,0.2866953201509091,0.37051110533851705,0.3204475232406647,0.06255634705195365,-0.18615514226924504
4880,1,1,-0.504471961801923,-0.05749724983156691,0.23097646483634207,-0.37517573644696156,-0.1197782493313535,-0.5224855438025758,0.03416710182431753
4881,3,1,0.23541923367308307,-0.6969330265857996,-0.05121900123420205,0.7343442604235548,0.02739545038591009,-0.3836277584011585,0.26457141740175205
4882,0,0,0.6547449817202087,-0.6612895580783049,-0.20908465876427207,0.32444059789575985,0.9312096443489786,0.25129304512463996,-0.30801620207034375
4883,1,2,-0.13881917929070742,0.4020409701672324,-0.0954003351397998,0.09821538483253427,-0.11244303117076335,-0.22152471478147454,-0.25970228492600367
4884,3,1,0.023958102098209935,0.19677147082370475,0.16156242558002923,0.23998517629793237,0.10389496172861608,0.24880877595366074,-0.6847040784852221
4885,0,1,0.3640193011152656,-0.28179606963953757,0.32708336811648336,-0.30531753441530735,-0.42452970668713685,1.3740205126442353,0.40860981924353434
4886,2,1,-0.12404961123663394,-0.27610705864303486,-0.6277833167448822,0.8634548250674766,-0.12058959076595416,-0.004674227152952015,0.6185760108323167
4887,3,2,0.24355610285124965,-0.7503171294653713,0.1476961607618056,0.7016244208686101,0.10392415060267231,-0.2274779763655921,-0.3305423383731945
4888,0,1,-0.8773094966507842,-0.4527288591713048,-0.663664675860672,-0.16041026517379234,0.5599182639462815,0.9992598456282497,-0.21223586257152757
4889,1,0,-0.5185323923186653,-0.7082540309915119,0.4459229114008012,0.7046129892779172,-0.20564636636627476,-0.32573036341535755,0.18942017215846088
4890,1,1,0.22856455643266096,0.9752213471611798,0.008510753005222044,0.2984481654191072,0.3528974231957101,0.4443783471531585,0.26663682331385924
4891,3,0,-0.030183749122652814,-0.40122098638464065,1.3515156261735806,-0.6541026525073435,-0.5955707338692944,0.27808991208280986,0.24099156286680856
4892,1,1,-0.5656996463632674,-0.04778060193801063,0.7937204689052942,-0.47161207077232586,-0.1764168393902895,-0.34143926936462066,0.4158817857550988
4893,0,1,-0.3943472143265708,-1.2123627654726548,-0.04175106226765507,-0.0931651639935759,-0.4095710168972229,-0.8168449546506903,-0.2511969491825504
4894,3,0,0.4615104948570732,0.36924055554274127,0.24726906419020903,0.6455817010161229,-0.2599512151359927,0.20054008310919663,-0.12056205788732975
4895,1,0,-0.8055983024044563,-0.3527001709882357,0.3517442130922723,-0.25352967266025783,-0.5270307222879611,0.6680845989652096,-0.05060561993043856
4896,3,1,-0.47752845315887005,-0.7699411954760083,0.2670871528388595,0.33526252895502745,0.04908670415289954,0.29978988962397135,0.17101389816466164
4897,0,1,0.5545341350145371,-0.47782480499125957,-0.4748607864656322,-0.18338135058265312,1.4913094360536971,0.1044240562617118,-0.37707062389346974
4898,3,1,0.22968472515588448,0.052507027864796996,-0.05182581950036411,-0.21609480144649798,-0.5179101507213659,0.32817201211795377,-0.09954055229060507
4899,1,0,-0.3236579740631701,0.11415617477274961,0.017614483017630727,-0.2944339009459737,-0.7161870094547841,1.1759165440287063,0.2724439202993943
4900,0,0,-0.21667065442047914,-0.6041074711116509,0.008482717385907824,0.27547078412633264,-0.1832480035381167,-0.11349774846304364,-0.316840425461983
4901,1,1,0.11538293317881237,-0.5492602933556395,0.07397150698217991,0.21483597963213366,-0.34046459728531064,-0.034187400899980874,-0.15997120931052994
4902,1,1,-0.882498747220341,-0.28284759599771847,-0.1578548993676031,0.4733381904472436,0.07496696348341922,-0.4786606046256472,0.003671344287128284
4903,1,0,0.6463390888616332,-0.45475088347198445,1.101637283711324,-0.13889175448916377,-0.29454092791868913,0.9196602229011344,0.08008452533223735
4904,1,1,-0.6301596369329284,-0.21743973122655808,-0.08376470210476783,0.9364524023200061,0.921227637201228,0.45273884546763254,-0.12531778830486262
4905,0,1,-0.21379600309860142,-0.13518800487055363,-0.038418956494245995,-0.016141034537240286,-0.28719891392327324,0.467015665579244,0.4142186955528185
4906,1,2,0.19380631642023913,-0.22191898226370999,-0.612997398982378,-0.7744232260694869,0.21782745875277967,0.5905222954333909,0.12372644992561864
4907,1,2,-0.3119395264483138,-1.6443381487606408,-0.10067654002684792,0.6596863046615471,0.5650993663659645,-0.2549739878588506,0.623450196287595
4908,3,0,0.6226920450459603,-0.24706423211881856,-0.3301999510989033,0.42506871715900296,-0.010518910085401668,-0.5456590945289743,0.44510449698981613
4909,3,0,-0.1690499076922829,-0.041629981634642446,0.1418852259349456,0.20253555727820613,0.3395890111437792,0.37517672051506185,0.23770866103309873
4910,1,1,-0.10042061690767236,-0.9256615905916562,-0.36192931452135596,0.47123018447386894,0.535019040662441,-0.016317679627771503,-0.15803329010494951
4911,1,2,0.7433428935535801,-0.390091353922076,0.48175304777220573,0.34572437212596463,-0.4543815827907975,0.3302915361276918,-0.2038178495017798
4912,3,2,-0.4444539405264789,-0.9945846694549638,-0.24693923533957426,0.20188767232409816,0.1442260268516558,-0.877294908744172,0.04942027850860495
4913,0,2,-0.35628939351159117,-0.4703378234696355,-0.3840791239825825,0.3304681784242773,0.08584618020830828,0.5578178858655515,-0.23417393466664344
4914,2,0,0.42037454114368855,-0.48293397338721644,-0.25878468853800823,-0.05487708336051663,-0.2823703961190941,-0.035689478833052346,0.37858628103930386
4915,2,1,-0.5978617425310697,0.7320032968646225,-0.5722464877976289,-0.15165374177531743,-0.18009393062193713,-0.8611730359671089,0.17097093874697428
4916,1,0,-0.125116731116832,0.491729676431097,-0.17216309797018714,0.37340748729784984,0.5963215770320459,0.23771941296398444,-0.1344056831082163
4917,1,1,0.20571351427400295,-0.35097211574857334,0.36332091525340915,-0.5405104580565645,0.864408565751569,-0.2109875773570943,-0.21442522216469997
4918,0,2,0.015855807025828755,-0.34091035515697155,-0.6645154335913427,0.6696782354838506,0.08161265484349493,-0.5352445218922078,-0.12558746817996827
4919,0,2,0.2930045797557884,-0.2832558148223509,-0.08646193812041388,-0.6957665591577922,-0.019320994953901806,0.9899634427036789,-0.26696733364332526
4920,3,1,-0.11112736412087026,-0.2415130322157134,0.00410977543140485,-0.38888719553600676,0.5310571834603456,-0.3289384193579731,-0.01988951440770467
4921,2,1,0.15983880182357754,0.9364357777565203,-0.9826775758784271,-1.003567540306781,0.08354195847415423,0.4475945462692308,-0.37009693658360504
4922,1,1,-0.6692023397966046,0.7736941004534643,-0.35348561779273047,0.39793777607972125,0.558612305502926,-0.5148428000369186,0.25876956887405644
4923,3,2,-0.8083561715673749,-1.26596949753688,-0.05087380192075333,-0.05739675819639885,-0.504398518932168,0.41730101941902653,-0.27127608642691
4924,0,1,0.9547604861533096,-0.23713262321610556,0.28930820503118865,0.27103000886448436,-0.5066768064860577,0.19814766534260916,0.3146491820827728
4925,2,1,-0.16991067695508394,-1.1598634256969245,0.432845993649865,0.5572117495224094,0.428150548813026,0.04191602682432742,-0.1726696467734641
4926,1,1,0.7451327872424067,0.45697181688252,-0.09207427736500935,-0.322897856718728,-0.6376234960993613,-0.006211701835316469,-0.14256793339328425
4927,0,1,-0.7237722767002553,-0.6813658071211125,-0.19119672453445766,0.5479520534813278,0.015303955513898309,0.16693200858171017,0.07834512893706354
4928,0,0,-0.17431388368754513,-0.16018723090457135,0.23273326065343336,-0.2589081211513613,-0.42572027364598986,0.005257005489957195,0.23009578778377476
4929,3,1,0.17145501923930376,-0.6953184744854983,0.7467932730177789,0.8686855918389054,0.27008130501687755,0.5981096827350292,-0.0014108708394231055
4930,1,2,0.9957614219524656,-0.182688271288213,-0.19964800343330036,0.145855425384127,0.23087652541397094,0.6336009419783285,-0.1041538124506556
4931,0,1,0.6541717248058915,-0.12175887024545495,0.352449493382279,0.22900350403281255,0.16810282901884946,0.21627632354146287,-0.19258941140549457
4932,3,1,-0.4513110839969726,-0.07519019106820764,-0.03937737811787426,0.6122244999380188,-0.2501891212985801,-0.06090278792971543,0.015615331934948753
4933,0,2,0.6180136039926846,-0.00202147786645665,-0.2446152972833316,0.11226797642247825,-0.02517332693815099,0.8279115432975074,-0.26996672473522987
4934,1,1,0.2861941664547558,-0.49729343439211104,0.8052073723700796,-0.08067237759554365,-0.05583073812298315,0.10661325837565885,-0.14911942138931075
4935,2,2,0.13196758546796133,-0.42175827846865777,-0.29862847108501905,0.3298808227626222,0.3609991944614452,-0.40828099697620124,0.16244412497150393
4936,1,2,0.876432378460602,0.3473411092870693,-0.06517506916357023,0.7340575295674178,0.08410964349113424,-7.758182218703391e-05,-0.5354607725042041
4937,0,1,-0.014026626625602015,-0.2917145165617253,-0.6568467583608034,-1.1032211098594134,0.33816185172457985,0.41673127917319874,0.31738703666281876
4938,1,0,-0.1303545514437124,-0.941243914466438,-0.23057389734602507,0.09331311176410055,0.11304390942892127,0.6788437624852383,0.025510142641712683
4939,0,1,-1.133589371688407,-0.010488846783674816,0.5394003044067407,-0.03545124135917817,-0.14915505528668274,0.5830018067743871,0.43113431205297387
4940,2,0,0.21362170499078745,-0.7276227496145501,-0.6236273949552442,-0.22898546360633734,-0.09818854245437472,0.0036241324046967782,-0.38078063172847776
4941,1,1,-0.8306552333856431,-0.4698883581375325,0.4260504077710093,-0.2732464299364068,-0.5819164200207936,-0.25602289578738924,0.30405443756851086
4942,1,1,0.37960346416076296,0.787175597166785,-0.03950933285640639,0.24897296166227534,-0.9958565371877914,0.7875685189461645,0.19489181757083504
4943,2,2,-0.9331344730864001,0.5945095767405572,-0.06892273324654577,0.18378845842386599,-0.41312988850079396,1.0307562925474694,0.5320440915452599
4944,1,0,-0.3910109194655703,-0.1912965194340928,-0.31441911056262484,0.37274927863314744,0.3046087413286102,0.4409412117345938,-0.4605084331533359
4945,3,1,0.7538635423593625,-0.5655137990273643,0.09157448218938086,-0.13096556510540727,0.6811364793788008,0.35654997239389397,0.33663940821528393
4946,3,1,-0.19478582718772158,0.7334379540638057,-0.4045668811610161,0.1783625603778844,0.4968055089383151,0.1308939190213763,-0.41412039730888905
4947,1,1,-0.3589015260714741,-1.4995703864968384,-0.36756726775410065,0.11160737999203278,-0.5614935354763804,-0.3613502838093322,0.3336407106544065
4948,1,1,0.3001076518521526,-0.858016993967139,0.5829228041514777,0.07201008371711418,-0.46993460073855936,0.36179097863355564,0.3122800788927851
4949,2,1,-0.9321913493120184,-0.4325580881801615,-0.28894514810076444,0.16684270075830918,0.9508660457307043,-0.2068741671290716,-0.5788917900950257
4950,3,1,0.34896042907675895,0.10438492164681976,-0.3434360683520877,0.5853952089143007,0.5926236612813144,-0.4618936213160082,0.2080288695023625
4951,3,1,0.04050178472880528,-1.332758262191384,-0.47253482768167415,0.22849942029831652,0.11471693979128383,0.41389267412586495,-0.18646144281204594
4952,1,1,0.2828514138839682,-0.4008545832906988,0.3950669374388278,0.03607742779546856,0.047275839660136196,0.8224676105420687,-0.25049015793566975
4953,1,0,-0.4688338740957243,-0.40650695301234285,-0.020102400811980704,0.22066750976271188,-0.31574867024716774,-0.4183457316295329,-0.04551523707916864
4954,1,0,-0.30304012469038977,0.5927088528664343,-0.4875372003288189,0.7612989733969222,-0.6917810648037418,0.6890006735306304,0.16751165158854595
4955,2,2,-0.9499994085490507,-0.77584394278439,0.10531457198476823,-0.8561791599558497,0.10852229080583048,0.5307239786373582,-0.4233568196353934
4956,0,1,0.8396609430526382,1.6076371642946743,0.08719002273899777,-0.3399244455693761,-0.1513479077630058,-0.9472156994892397,-0.5829938678801688
4957,1,1,-0.12533018036785476,0.7151280797474683,0.31169974933140826,0.3013636611208972,0.0493589422916851,-0.122500314166514,-0.2516497918941129
4958,0,1,-0.7965121464839295,-0.2814245272014026,0.8774092988664551,0.11714041239834183,-0.1673812590246417,-0.39277261110961914,0.005731713250134079
4959,2,1,-0.31810598436567655,0.03373768954571216,-0.004634649950889347,-0.7236949876735528,0.5374232388631789,0.06397586508508485,-0.417771908556069
4960,2,2,-0.856733188814907,-0.18112285706923076,-0.25936758195512727,0.5355606672839774,0.6815920847755961,0.37921131362664473,0.3370972376528604
4961,2,0,-0.8808186905655412,0.017238530094083132,1.1133913201660415,-0.3411836818456858,-0.2966270726658153,0.5675869458948306,-0.19948002728498873
4962,1,1,-0.2922064642716271,-0.7895801847928533,-0.09644064668098842,-0.10153816700759845,0.679460109668749,0.9671609942640904,-0.08641416792295335
4963,3,1,-0.29333512405248674,0.35386826718094144,0.7162602889586958,-0.08614857614140925,0.14654557332331306,0.15357758823622913,-0.12445832238612513
4964,0,0,-0.44595187089332133,0.28537119703860336,0.24127512684514751,-0.19308273935080136,0.06307538519932425,-0.8557952669656789,-0.27889486391007223
4965,3,1,0.6473097932106875,-0.011286700513514547,0.018982205899523232,-0.09797642210856392,0.3626660461751224,0.6786525851890206,0.17087561870144075
4966,2,1,-0.49839548619038254,0.6098614432916969,0.7733923221439968,0.71910097839746,-0.04112632072057081,0.37515607320099875,-0.14121242052574565
4967,2,0,0.17164676359012823,-0.7227742353056691,0.328421845140191,-0.3520070332159312,-0.44232783839547907,-0.3730106775392218,0.23888552560725462
4968,2,1,-0.4984727306981189,-0.5689020105274669,-0.025524577650237613,0.2331702819390712,0.13788354596834496,0.7671376966505546,0.01986101541205145
4969,2,2,-0.05501704022472526,0.5184966712525995,0.28423863639378094,0.18211041317342427,0.6504564825899873,0.11468660335025202,0.18021345973655475
4970,2,1,-1.080542408129128,-0.075809591481686,-0.056533227879124785,-0.11307160631408365,0.09204481107561305,-0.6289173808772565,-0.3028176051668456
4971,2,1,-0.4376730063331693,-0.6931437201974716,0.2500197467116051,0.27782995280993866,1.1592295462680657,-0.5209410000344826,-0.2602558579065261
4972,0,2,-0.7708912554293689,0.5035281894691556,0.21580628377828356,0.48962216861068053,-0.6313339117411023,0.33203668019341614,-0.32509066973778344
4973,1,1,0.5152971149610966,-0.6464232445279428,0.15586187821439035,-0.49873768436116533,-0.3685098373498728,-0.46579771490205424,0.2447741431424705
4974,1,2,-0.2349883431970386,0.6501015547782826,0.4476246537562615,0.30366512392370826,0.27458965059005114,0.20742849699344462,-0.21326510621950012
4975,0,0,-0.5595493624687856,0.29298986745968947,-1.022908715698075,0.22593094931830404,-0.8371914864459652,-0.17131144123735295,-0.12229722187389452
4976,2,2,0.4321865022082034,-0.1127517657150165,0.29224245794867476,-0.1877297925647671,0.0673121668779539,0.6602656066423972,-0.37814544705775516
4977,2,2,0.7371743431896736,0.3873646349515545,-0.05024567988050828,-0.11435022178556002,0.025064542229196008,1.2202580789284432,0.4703366541582261
4978,1,0,-0.13874489693590258,-0.5776390801077526,0.12239673066040493,0.8849349983156363,1.038969265088905,0.5309822968845823,0.13706419593089061
4979,3,1,-0.3321890322862985,-0.43952943168047764,0.27672886801423136,-0.44768902626308793,0.36514313835648804,0.04215428172056433,0.127234488696071
4980,1,1,0.1332445956937251,0.28907929162479784,-0.24049009825701045,0.726927752776329,-0.19036240958987946,0.5343244894818643,-0.732305691543143
4981,1,1,0.08372745832843981,-0.3768781912700787,-0.28743370081746156,0.08643815777517747,-0.7118324194741037,-1.1301639408038793,-0.035763100452886804
4982,3,1,-0.6200370007439278,0.2860736825838748,-0.0016732334695507057,0.08843953658708018,0.3165809065597032,0.14538784983863573,-0.39994451849305496
4983,0,1,-0.5824925449526109,0.17305104601093999,0.09199687523649444,-0.6987877512620447,-0.019777893855996678,-0.39315651786092287,0.1505800547610064
4984,0,1,1.4527898658261011,-0.35385986701745686,0.09147793573191083,-0.05990021380120194,0.6321178864280667,0.3714316182416459,0.10541739806097114
4985,3,2,-0.3974184581128454,-1.2746258169755234,-0.26880908238418216,0.058458955509418806,0.5331151474544275,0.5018737058806667,-0.08108339816932271
4986,0,1,0.1871176964683954,-0.20923764612809753,0.05617703644071647,-0.36238388608666733,-0.09087901921744365,0.9295003906092382,0.1687752876973387
4987,3,0,-0.2293866668906135,0.3837091647080717,-0.19311973919508507,-0.3231127028544959,0.1251129570332476,0.48097596095716,-0.3520700049637558
4988,3,2,-0.7953628300143759,-0.755598838356711,-0.47089483650721786,0.42588187518137094,0.2837632041541134,-0.18583614713112348,0.466278289302869
4989,0,1,0.06451442278761232,0.27505862794595337,-0.07465895107744476,0.019538519162242366,0.3637546142266215,-0.36888248931013246,0.16836318667366237
4990,3,1,-0.3528600925291038,-0.3121571462129362,-0.18703477001103852,-0.20560631601849672,-0.8767330491257103,0.3901445337870919,0.4457176083384009
4991,3,0,-0.38264744818273333,-0.6804549090358605,0.37390870483230604,-0.013049811679473356,-0.13448663174218142,0.46732768830159754,0.05053887805349455
4992,0,2,0.6278475170244047,-0.22723464055618517,-0.23447643645052746,1.044795323114921,-0.28630712694412014,0.317552065490044,0.20274210852026844
4993,0,1,-0.04657928768759961,-1.0222455134331925,-0.2629077567017654,-0.6038421434591389,-0.4711362728070387,0.9475758682713195,-0.43411226690675736
4994,0,1,-0.042974802256357664,0.17774245585578372,0.2583899507995104,-0.033845957759355144,-0.4127052012651302,-0.6991785173663647,-0.4418126220220189
4995,2,1,-1.2563238470178386,0.8996322232463586,-0.40535712125218376,0.018117464236924296,0.5522720216666108,-0.1526222654659337,-0.03299902142759837
4996,3,1,0.06093326843060293,0.16883652097270105,-0.22558944775200943,-0.45576492255015544,0.41826635104895965,-0.02653742654538152,-0.36156538376672737
4997,1,2,-0.10993118233831113,-0.14720094024381736,-0.08679214499924437,0.4045863238725148,0.09644461326987663,-0.9250258314586034,-0.6355789512673057
4998,2,2,-0.4663143828833859,-0.574378128186885,0.666627747247654,-0.43078569577228204,0.5148521373434929,-0.15269900229727015,0.44120879007164376
4999,0,0,-0.3175482459663955,-0.36025462522422863,0.3739510203453226,-0.10126255259975447,-0.4529596184263301,0.5105574109562016,-0.597463827018773
5000,0,0,0.15636746081023015,0.27858969323414784,0.12381297369006729,-0.0939851271407916,0.023338300302893012,-0.31478406933114345,-0.3909000969388495
