id,X,T,D,U,P,L,H,A,Y
1,3,0,1,0,0,0,0,1,1
2,3,1,2,1,1,0,1,0,1
3,3,0,1,0,0,0,0,1,1
4,3,2,2,2,2,1,2,2,2
5,3,2,2,2,1,2,2,1,2
6,3,1,1,1,1,1,1,1,1
7,3,2,2,2,1,2,2,1,2
8,3,1,1,2,1,1,1,1,2
9,3,0,1,0,0,0,0,0,1
10,3,1,1,2,1,1,1,1,2
11,3,0,1,1,0,0,0,1,0
12,3,1,1,2,1,1,1,1,1
13,3,0,0,1,0,0,0,0,1
14,3,1,1,1,1,1,1,0,1
15,3,1,1,2,1,1,1,1,2
16,3,2,2,2,2,2,2,2,2
17,3,0,2,0,0,1,0,0,1
18,3,1,1,1,1,1,1,1,1
19,3,2,1,2,2,2,2,2,2
20,3,0,1,2,0,0,0,0,1
21,3,1,1,2,0,1,0,1,2
22,3,1,1,1,1,2,1,1,1
23,3,1,2,2,1,1,1,2,2
24,3,2,2,2,2,2,2,1,2
25,3,1,1,1,1,0,0,0,1
26,3,1,2,1,1,0,1,1,1
27,3,0,1,1,0,0,0,0,0
28,3,1,2,2,0,1,1,1,1
29,3,2,1,2,2,1,2,1,1
30,3,2,2,2,2,1,2,2,2
31,3,0,1,1,0,0,0,0,2
32,3,0,1,0,0,0,0,1,1
33,3,0,0,1,0,0,1,0,1
34,3,2,2,2,1,1,2,2,2
35,3,1,2,1,1,1,1,0,2
36,3,1,1,2,1,1,0,0,2
37,3,1,1,1,0,1,0,1,1
38,3,1,1,2,1,1,1,1,1
39,3,1,1,1,0,1,1,1,1
40,3,1,2,2,1,0,0,1,2
41,3,2,2,2,2,2,1,2,2
42,3,0,1,1,0,0,0,1,1
43,3,0,1,1,1,0,0,1,2
44,3,0,1,1,0,0,0,1,1
45,3,2,2,2,2,2,2,2,2
46,3,1,1,1,0,1,1,1,1
47,3,2,1,2,2,2,1,2,2
48,3,0,1,1,0,0,0,0,0
49,3,2,2,2,2,1,2,2,2
50,3,1,2,2,1,1,1,1,2
51,3,1,1,2,1,1,1,0,1
52,3,0,0,0,0,0,0,0,0
53,3,1,1,2,1,1,1,1,1
54,3,2,2,2,2,2,1,2,2
55,3,0,0,2,0,0,1,0,1
56,3,2,1,2,2,2,1,2,2
57,3,2,2,2,1,2,2,2,2
58,3,1,1,2,1,1,1,2,1
59,3,2,2,2,2,1,2,1,2
60,3,1,2,1,1,1,1,1,1
61,3,0,0,1,0,0,1,0,0
62,3,1,2,2,1,1,1,0,2
63,3,0,0,1,0,0,0,1,0
64,3,1,1,1,1,1,1,0,1
65,3,2,2,2,2,2,1,2,2
66,3,0,0,1,0,1,1,1,1
67,3,0,1,1,0,1,0,0,1
68,3,2,2,2,2,2,2,1,2
69,3,2,1,2,1,2,2,1,1
70,3,1,2,1,1,1,1,1,1
71,3,0,1,1,0,0,1,0,1
72,3,2,2,1,1,2,2,1,2
73,3,0,1,2,0,1,0,0,1
74,3,1,2,2,1,1,0,0,1
75,3,2,2,2,2,1,1,2,2
76,3,1,2,2,1,1,1,1,2
77,3,2,2,2,2,2,1,2,2
78,3,1,1,1,1,1,1,1,1
79,3,1,1,1,1,1,1,1,2
80,3,1,2,2,1,0,1,1,2
81,3,2,2,2,2,2,2,1,2
82,3,2,2,2,2,2,2,2,2
83,3,2,2,2,2,2,1,1,2
84,3,2,2,2,2,1,1,2,2
85,3,1,1,2,1,0,1,0,1
86,3,0,1,1,0,0,0,0,0
87,3,1,1,2,1,1,1,0,2
88,3,0,0,1,0,0,0,1,0
89,3,2,2,2,2,1,2,1,2
90,3,2,2,2,2,2,1,2,2
91,3,1,2,1,0,0,0,2,1
92,3,2,1,2,1,1,2,2,2
93,3,2,2,1,2,2,2,2,2
94,3,1,2,1,1,1,1,1,2
95,3,1,2,2,1,1,1,1,2
96,3,0,0,1,1,0,0,0,0
97,3,0,0,1,0,0,1,0,1
98,3,2,2,2,1,2,2,2,2
99,3,0,1,1,0,0,0,0,1
100,3,1,2,1,1,1,0,1,1
101,3,1,1,1,1,1,1,1,2
102,3,2,2,1,2,1,2,1,2
103,3,2,2,2,2,2,2,2,2
104,3,1,1,2,1,2,0,0,2
105,3,2,2,2,1,1,2,2,2
106,3,0,1,1,1,0,0,2,1
107,3,0,1,1,0,0,0,0,1
108,3,1,1,1,1,1,1,2,1
109,3,1,0,2,1,1,2,1,1
110,3,1,1,1,1,1,1,0,2
111,3,2,2,2,2,2,1,2,2
112,3,1,1,2,1,1,1,0,1
113,3,1,2,2,1,1,0,1,2
114,3,1,2,2,1,1,1,1,2
115,3,1,2,1,1,1,1,1,1
116,3,0,1,2,0,0,1,0,1
117,3,0,1,1,0,1,0,0,1
118,3,1,2,2,0,0,1,1,1
119,3,1,1,1,1,1,0,1,1
120,3,0,0,1,0,0,1,0,1
121,3,1,2,1,0,1,1,1,2
122,3,2,2,2,2,2,2,1,2
123,3,2,2,2,2,2,2,1,2
124,3,1,2,1,2,0,1,0,1
125,3,0,1,1,0,0,1,0,2
126,3,0,1,1,0,1,0,0,1
127,3,0,1,0,0,0,0,0,1
128,3,1,1,1,0,0,1,0,1
129,3,0,0,1,0,0,0,0,1
130,3,1,2,1,1,0,1,1,1
131,3,0,1,1,1,1,0,0,1
132,3,1,2,1,1,0,1,1,2
133,3,1,0,2,1,1,1,0,2
134,3,2,2,2,2,1,2,1,2
135,3,2,2,2,1,2,2,1,2
136,3,0,1,1,1,0,1,0,1
137,3,1,2,2,1,0,1,1,2
138,3,1,2,2,0,0,1,1,1
139,3,0,1,0,0,0,0,0,0
140,3,1,1,2,1,0,2,0,1
141,3,2,2,2,2,1,1,2,2
142,3,0,1,1,0,0,0,1,1
143,3,0,1,1,0,1,0,0,0
144,3,0,1,1,0,0,0,0,1
145,3,1,1,2,2,1,1,1,1
146,3,1,2,2,0,1,1,0,2
147,3,1,1,2,2,1,2,0,1
148,3,1,1,1,2,1,1,1,1
149,3,2,2,2,2,2,1,2,2
150,3,0,0,1,1,0,0,0,0
151,3,0,1,1,0,0,0,0,1
152,3,2,2,1,2,2,2,1,2
153,3,0,0,2,1,0,0,0,0
154,3,2,2,2,2,2,2,1,2
155,3,0,0,0,0,1,0,0,0
156,3,0,0,1,1,0,1,0,1
157,3,1,0,2,1,1,0,0,1
158,3,2,2,2,2,2,2,2,2
159,3,1,2,2,1,1,1,1,2
160,3,2,2,2,2,1,2,1,2
161,3,2,2,2,2,2,0,1,2
162,3,0,2,2,0,0,1,0,1
163,3,1,2,2,1,1,1,2,2
164,3,1,1,2,0,1,1,0,2
165,3,0,1,1,0,0,0,1,1
166,3,1,2,2,1,1,1,1,1
167,3,2,2,2,2,2,1,2,2
168,3,1,2,1,1,1,1,1,1
169,3,2,2,2,2,2,1,1,2
170,3,1,1,2,1,1,1,1,2
171,3,1,1,1,1,1,1,1,1
172,3,0,1,0,0,0,1,1,1
173,3,2,1,1,2,2,2,1,1
174,3,2,1,2,2,2,2,2,2
175,3,1,1,2,1,1,1,1,2
176,3,1,2,1,1,1,0,1,2
177,3,1,1,1,1,1,1,0,1
178,3,2,2,1,2,2,1,2,2
179,3,0,0,2,0,0,1,1,0
180,3,2,1,2,1,2,2,2,2
181,3,2,2,1,2,2,1,1,2
182,3,0,1,1,0,1,0,0,1
183,3,1,0,1,1,1,1,1,1
184,3,1,1,1,2,0,1,0,1
185,3,1,1,1,1,0,1,1,1
186,3,1,1,2,1,1,1,1,1
187,3,1,1,1,0,1,1,1,1
188,3,1,1,1,1,1,2,1,1
189,3,1,1,1,1,0,1,0,1
190,3,1,2,1,2,1,1,1,2
191,3,1,1,2,0,1,1,0,1
192,3,2,2,2,2,2,2,2,1
193,3,2,2,2,2,1,2,1,2
194,3,1,1,1,1,1,1,1,1
195,3,0,1,1,0,0,0,0,2
196,3,1,1,1,1,1,1,1,1
197,3,2,2,2,1,1,2,1,2
198,3,2,2,2,2,2,1,1,2
199,3,1,2,1,1,1,1,1,2
200,3,1,2,1,1,1,1,2,1
201,3,0,0,0,0,0,1,1,0
202,3,1,1,2,1,1,1,1,1
203,3,1,1,1,1,0,1,1,1
204,3,1,2,2,1,1,2,1,2
205,3,1,2,1,1,1,1,0,2
206,3,2,2,1,2,2,1,2,2
207,3,0,1,1,0,0,0,0,1
208,3,1,0,2,1,0,1,1,1
209,3,1,2,1,1,1,1,0,2
210,3,1,1,1,1,2,1,0,2
211,3,1,1,2,1,1,1,1,1
212,3,1,2,2,1,1,1,1,2
213,3,0,1,1,0,0,0,0,1
214,3,0,0,1,0,0,1,0,1
215,3,1,0,2,1,1,1,0,1
216,3,1,2,1,1,1,1,1,1
217,3,1,1,2,1,1,1,1,2
218,3,1,1,1,1,1,0,2,1
219,3,1,1,2,1,1,1,1,1
220,3,2,2,2,2,1,2,2,2
221,3,2,2,1,2,1,2,2,2
222,3,0,1,0,0,1,0,0,1
223,3,1,2,2,0,1,1,1,2
224,3,1,1,1,1,0,1,0,1
225,3,0,1,2,0,1,0,0,1
226,3,0,1,1,0,0,0,0,0
227,3,2,2,2,2,2,2,1,2
228,3,1,2,2,1,2,0,1,2
229,3,0,1,1,0,1,0,0,1
230,3,1,2,1,1,1,1,1,1
231,3,2,2,1,1,2,2,1,2
232,3,1,2,1,1,2,1,2,2
233,3,1,2,2,1,1,0,1,1
234,3,1,2,1,1,2,1,1,1
235,3,1,1,1,0,1,1,2,1
236,3,2,2,1,1,1,2,2,2
237,3,1,2,1,1,1,1,1,2
238,3,0,0,1,0,0,0,1,1
239,3,0,1,1,0,0,0,0,1
240,3,1,1,2,1,1,1,1,1
241,3,1,2,1,1,1,0,1,2
242,3,1,2,2,2,1,1,2,1
243,3,0,1,0,0,1,0,0,0
244,3,1,1,2,0,1,1,0,1
245,3,1,2,2,1,1,1,0,2
246,3,1,2,1,1,1,0,0,1
247,3,2,2,1,1,2,1,1,2
248,3,1,2,2,1,1,1,1,2
249,3,1,1,1,1,1,1,0,2
250,3,2,2,2,2,2,2,1,2
251,3,2,1,2,1,2,2,1,2
252,3,1,2,1,1,0,0,1,2
253,3,0,0,1,1,0,0,0,1
254,3,1,2,1,1,1,1,1,2
255,3,1,1,1,1,0,0,0,1
256,3,0,0,0,0,0,0,0,1
257,3,1,2,2,1,1,0,1,1
258,3,0,0,1,0,1,0,0,1
259,3,1,0,2,1,0,1,1,1
260,3,2,2,2,2,2,1,1,2
261,3,0,1,1,0,1,0,0,1
262,3,0,2,1,0,0,1,0,1
263,3,2,2,2,1,1,1,1,2
264,3,0,0,1,0,0,0,0,1
265,3,2,2,2,2,2,2,2,2
266,3,1,1,1,0,0,1,1,1
267,3,1,1,1,0,1,2,1,1
268,3,0,0,0,0,0,0,0,1
269,3,2,2,2,2,1,2,2,2
270,3,0,1,0,0,0,0,0,1
271,3,2,2,2,2,2,2,1,2
272,3,1,2,1,1,1,1,1,1
273,3,1,1,2,1,1,1,1,1
274,3,0,0,1,0,0,0,0,1
275,3,0,1,1,0,0,0,0,1
276,3,0,0,0,0,0,1,0,0
277,3,0,1,0,0,0,0,0,1
278,3,0,1,1,0,0,0,0,0
279,3,1,0,1,1,1,0,1,1
280,3,2,2,2,2,1,2,2,2
281,3,1,1,1,1,1,1,0,1
282,3,2,2,2,2,1,2,1,2
283,3,2,2,2,2,2,2,2,2
284,3,0,1,1,0,0,0,0,1
285,3,1,2,1,0,0,0,1,2
286,3,1,1,1,1,0,1,0,2
287,3,0,0,1,0,0,0,0,1
288,3,1,1,2,1,0,0,1,1
289,3,1,1,1,1,1,1,1,1
290,3,0,1,1,0,0,1,0,1
291,3,2,2,2,1,2,1,2,2
292,3,0,1,0,0,0,0,1,1
293,3,0,1,0,0,0,0,1,1
294,3,2,1,2,2,2,1,2,2
295,3,1,1,2,1,1,1,1,1
296,3,1,2,1,1,1,2,1,2
297,3,0,2,1,0,0,0,0,1
298,3,0,1,1,0,1,0,0,1
299,3,1,1,1,1,1,1,1,1
300,3,1,2,1,1,1,0,1,2
301,3,1,2,2,1,1,0,1,2
302,3,1,1,1,0,1,1,1,1
303,3,0,1,1,0,0,0,1,0
304,3,2,2,2,2,1,2,2,2
305,3,0,1,1,0,1,0,0,1
306,3,1,1,1,1,1,0,1,1
307,3,0,1,1,0,0,0,0,1
308,3,2,2,2,1,1,1,2,2
309,3,1,2,2,1,0,1,2,1
310,3,1,1,1,1,1,1,2,1
311,3,1,2,1,1,1,1,1,2
312,3,1,1,1,1,1,1,1,1
313,3,2,2,2,2,2,2,2,2
314,3,1,2,2,1,1,1,0,2
315,3,1,2,1,1,0,1,1,1
316,3,0,1,0,0,0,0,0,1
317,3,1,2,1,2,1,0,0,1
318,3,2,1,2,2,1,2,1,2
319,3,1,1,2,1,1,2,1,2
320,3,1,1,1,1,1,0,1,2
321,3,1,1,2,0,1,1,1,1
322,3,0,0,1,0,0,0,0,1
323,3,1,2,1,2,2,1,1,1
324,3,0,1,1,0,1,0,0,1
325,3,0,0,1,0,1,0,0,1
326,3,1,1,1,1,1,1,1,1
327,3,0,1,1,1,0,0,0,1
328,3,0,0,0,0,0,1,0,0
329,3,1,2,1,1,2,1,1,1
330,3,1,2,1,1,1,1,1,2
331,3,1,1,1,0,1,1,1,1
332,3,0,1,1,0,1,0,1,1
333,3,0,1,1,0,0,0,1,1
334,3,0,0,1,1,0,0,1,0
335,3,0,0,2,0,1,0,1,1
336,3,1,2,2,1,0,1,2,1
337,3,0,1,2,0,0,1,0,1
338,3,1,0,1,1,1,1,1,1
339,3,2,2,2,2,1,1,1,2
340,3,2,2,2,2,2,2,2,2
341,3,2,2,2,2,2,2,2,2
342,3,2,2,2,2,1,2,1,2
343,3,1,1,2,1,1,1,1,1
344,3,1,0,2,0,1,1,1,1
345,3,0,1,1,0,0,0,0,1
346,3,1,2,1,2,1,0,0,1
347,3,0,0,0,1,0,0,0,0
348,3,1,1,1,1,0,1,1,1
349,3,1,1,2,1,1,1,1,2
350,3,2,2,2,2,1,2,2,2
351,3,2,2,2,2,2,2,2,2
352,3,1,2,1,1,1,0,0,2
353,3,1,1,2,1,1,1,1,2
354,3,1,2,2,2,1,0,1,2
355,3,0,1,2,0,1,0,0,1
356,3,0,1,2,0,0,0,0,1
357,3,1,1,1,1,0,1,1,1
358,3,1,2,1,1,1,1,0,1
359,3,1,1,1,1,1,1,1,1
360,3,2,1,2,2,1,2,1,2
361,3,0,1,1,1,0,1,0,1
362,3,2,1,2,1,2,1,1,2
363,3,0,0,1,0,1,0,0,0
364,3,2,2,2,2,2,2,1,2
365,3,0,1,1,0,1,0,1,1
366,3,1,1,1,0,0,1,1,1
367,3,1,1,2,1,1,1,0,2
368,3,0,1,0,1,0,0,0,0
369,3,0,1,1,0,0,0,0,0
370,3,1,1,1,1,0,1,1,2
371,3,1,1,1,2,1,1,1,1
372,3,2,2,2,2,2,2,1,2
373,3,1,1,2,1,1,1,1,1
374,3,1,1,2,1,0,1,1,2
375,3,2,2,2,2,2,2,1,2
376,3,0,1,1,0,0,0,0,1
377,3,1,1,0,1,1,1,1,1
378,3,2,1,2,2,2,2,2,2
379,3,1,2,2,1,1,0,2,2
380,3,0,1,1,0,0,1,0,1
381,3,1,1,2,1,1,1,1,2
382,3,1,2,2,1,2,1,1,2
383,3,2,2,1,1,1,2,2,2
384,3,2,2,2,2,2,2,2,2
385,3,1,2,2,1,1,2,0,2
386,3,2,2,2,1,1,1,1,2
387,3,0,0,2,0,0,1,0,1
388,3,2,1,2,2,1,1,2,2
389,3,0,1,1,0,0,0,0,1
390,3,1,1,2,1,2,1,1,1
391,3,1,1,2,1,1,0,0,1
392,3,2,1,2,2,2,1,1,2
393,3,1,2,2,1,1,1,1,1
394,3,1,1,1,1,1,1,1,1
395,3,1,2,1,1,2,1,1,2
396,3,1,1,1,1,1,0,1,1
397,3,1,0,1,1,1,0,1,1
398,3,2,2,2,2,1,2,1,2
399,3,1,2,1,1,1,1,1,1
400,3,1,1,1,1,0,1,1,1
401,3,2,2,2,2,2,2,2,2
402,3,2,2,2,1,2,2,2,2
403,3,1,2,2,0,1,1,1,1
404,3,1,2,1,0,1,1,2,1
405,3,0,0,1,0,0,1,0,1
406,3,1,2,2,1,1,0,0,2
407,3,1,1,2,1,1,1,2,1
408,3,0,1,1,0,0,0,0,1
409,3,2,2,2,1,2,2,2,2
410,3,1,2,1,1,1,1,0,2
411,3,0,0,1,0,0,0,0,1
412,3,0,1,1,0,0,0,1,1
413,3,0,1,1,0,0,0,0,1
414,3,0,1,1,0,0,1,0,1
415,3,1,1,2,1,0,0,0,1
416,3,0,1,1,0,0,0,0,1
417,3,1,2,1,2,1,1,1,1
418,3,1,2,2,1,2,1,1,1
419,3,1,0,1,1,1,1,1,1
420,3,1,0,2,0,1,1,0,2
421,3,1,0,2,1,1,2,1,2
422,3,1,1,2,1,1,1,0,2
423,3,1,1,1,2,1,1,1,1
424,3,2,2,2,2,2,2,1,2
425,3,1,1,2,1,0,0,0,2
426,3,0,1,1,0,0,0,0,1
427,3,0,1,1,0,0,0,0,1
428,3,1,1,1,1,1,1,1,1
429,3,2,2,2,2,2,2,1,2
430,3,1,0,1,1,0,1,1,1
431,3,1,1,1,1,1,1,1,1
432,3,2,2,2,2,1,2,1,2
433,3,0,0,1,0,0,0,1,0
434,3,2,2,1,1,2,2,2,2
435,3,0,0,2,1,0,0,0,1
436,3,1,1,1,1,0,1,1,2
437,3,1,1,1,1,1,1,1,2
438,3,0,1,1,0,1,0,0,1
439,3,1,2,2,1,2,1,0,2
440,3,0,0,1,0,0,0,0,1
441,3,0,0,1,0,0,0,0,1
442,3,1,2,2,1,1,1,0,2
443,3,2,2,2,2,2,2,2,2
444,3,1,2,1,1,1,2,0,1
445,3,2,2,2,2,2,2,2,2
446,3,2,2,2,2,2,2,2,2
447,3,1,1,2,1,1,0,1,2
448,3,1,2,0,1,1,2,1,1
449,3,2,2,2,1,1,1,2,2
450,3,0,1,1,0,0,0,0,1
451,3,0,1,1,0,0,0,0,1
452,3,1,1,2,1,0,1,1,2
453,3,2,2,2,2,2,2,2,2
454,3,1,0,2,1,1,1,2,1
455,3,1,1,2,1,1,0,1,2
456,3,0,1,2,1,0,1,0,1
457,3,0,1,0,0,0,1,0,0
458,3,1,1,2,1,1,1,1,1
459,3,0,1,0,0,0,0,0,1
460,3,0,0,0,1,1,0,0,0
461,3,2,2,2,2,2,1,1,2
462,3,2,2,1,1,2,2,1,2
463,3,0,0,1,0,1,0,0,0
464,3,1,1,2,1,1,1,0,2
465,3,0,1,1,0,0,0,0,0
466,3,1,2,1,1,1,1,1,2
467,3,0,1,0,0,1,0,0,1
468,3,1,1,1,2,1,1,0,1
469,3,1,1,1,1,1,1,1,1
470,3,1,1,2,1,0,1,1,2
471,3,0,1,1,1,0,1,0,1
472,3,2,2,2,2,2,2,1,2
473,3,2,2,2,2,1,2,2,2
474,3,1,2,2,2,1,1,0,1
475,3,2,2,1,2,2,2,2,2
476,3,1,2,1,1,1,1,2,1
477,3,1,1,1,1,1,1,1,1
478,3,0,1,1,0,0,0,0,1
479,3,2,1,2,1,2,2,2,2
480,3,2,2,1,2,2,2,2,2
481,3,2,2,2,2,1,1,2,2
482,3,1,1,1,2,1,1,2,1
483,3,0,0,2,1,1,0,0,1
484,3,2,2,2,2,2,2,2,2
485,3,2,2,2,2,2,1,2,2
486,3,1,1,2,0,1,1,1,1
487,3,0,0,1,0,0,1,1,1
488,3,0,1,1,0,0,0,0,1
489,3,1,2,1,1,1,0,1,1
490,3,0,1,0,1,0,0,0,1
491,3,2,2,2,2,2,2,1,2
492,3,2,2,1,2,2,2,1,1
493,3,2,1,2,1,1,2,2,1
494,3,2,2,1,2,2,2,2,2
495,3,0,1,1,0,0,1,0,0
496,3,0,1,1,0,0,0,0,1
497,3,2,2,1,2,2,1,2,2
498,3,1,1,2,0,0,0,2,2
499,3,0,1,1,0,0,0,0,1
500,3,0,0,1,0,1,0,0,1
501,3,0,0,0,0,0,1,0,1
502,3,2,2,2,2,2,2,1,2
503,3,1,2,1,1,1,1,1,1
504,3,1,2,1,0,1,0,1,2
505,3,2,2,2,2,2,1,2,2
506,3,1,1,2,1,1,1,1,2
507,3,2,2,1,2,2,1,2,2
508,3,2,2,2,2,1,2,2,2
509,3,0,2,0,0,1,0,0,1
510,3,0,1,1,0,0,0,0,1
511,3,2,2,1,2,1,2,2,2
512,3,2,2,1,2,2,2,2,2
513,3,2,2,2,1,2,1,2,2
514,3,1,2,2,1,0,0,1,2
515,3,2,2,1,1,2,1,2,2
516,3,1,2,1,1,1,0,0,1
517,3,2,2,2,1,2,2,1,2
518,3,2,2,2,2,2,1,2,1
519,3,1,1,2,1,0,2,1,1
520,3,1,1,0,1,1,1,1,1
521,3,0,1,1,0,1,0,0,1
522,3,2,2,2,1,2,1,1,2
523,3,2,2,2,2,1,2,2,2
524,3,1,1,2,1,1,1,0,2
525,3,1,1,2,0,1,2,1,1
526,3,2,2,2,2,2,1,2,2
527,3,0,1,1,0,1,0,0,1
528,3,1,1,2,1,0,1,0,2
529,3,0,0,0,0,0,0,0,0
530,3,1,1,1,1,0,1,0,1
531,3,1,2,1,1,0,1,1,1
532,3,1,0,1,1,0,1,1,1
533,3,2,2,2,2,2,2,2,2
534,3,2,2,2,2,2,1,1,2
535,3,2,2,2,2,2,2,1,2
536,3,0,2,2,0,0,0,0,2
537,3,1,1,1,1,1,1,1,1
538,3,1,1,1,1,1,1,2,1
539,3,2,1,2,2,2,2,2,2
540,3,0,2,1,0,1,0,0,1
541,3,1,1,2,0,1,2,0,2
542,3,2,2,1,1,2,2,2,2
543,3,2,1,2,2,2,2,2,2
544,3,2,2,1,2,1,2,1,2
545,3,0,1,1,0,0,0,0,1
546,3,1,2,2,1,0,0,1,2
547,3,2,2,2,2,1,1,2,2
548,3,2,1,2,2,1,1,2,2
549,3,2,2,1,2,2,2,2,2
550,3,1,1,1,0,1,1,2,1
551,3,1,2,1,1,2,1,1,1
552,3,1,1,1,0,1,1,1,1
553,3,1,1,1,1,1,0,1,1
554,3,1,2,2,1,1,1,1,1
555,3,2,2,2,2,2,2,2,2
556,3,1,2,1,0,1,1,1,1
557,3,1,2,1,1,1,2,0,1
558,3,0,1,1,0,0,1,0,0
559,3,0,1,1,1,0,0,0,0
560,3,0,1,0,0,0,1,0,0
561,3,2,1,1,2,1,2,2,2
562,3,1,2,2,1,1,0,1,2
563,3,1,2,2,2,1,1,1,2
564,3,0,1,1,0,0,0,1,1
565,3,2,2,1,2,2,2,1,2
566,3,2,2,2,2,2,0,2,2
567,3,1,1,2,0,1,1,0,1
568,3,2,2,2,1,2,1,2,2
569,3,2,2,2,2,2,2,2,2
570,3,1,1,1,1,0,0,1,1
571,3,0,1,2,0,0,0,0,1
572,3,1,1,1,2,1,1,1,1
573,3,0,1,1,1,0,0,0,1
574,3,2,1,2,2,2,1,1,2
575,3,2,2,2,2,2,2,1,2
576,3,0,1,1,1,0,0,0,1
577,3,1,2,1,1,1,1,2,1
578,3,1,1,2,1,1,1,1,1
579,3,0,1,1,0,1,0,0,2
580,3,2,2,2,2,2,1,0,2
581,3,1,2,2,1,1,1,2,2
582,3,1,1,2,1,1,1,1,1
583,3,1,1,1,1,2,2,1,1
584,3,2,1,1,2,2,2,1,2
585,3,2,2,2,1,1,1,0,2
586,3,2,2,2,2,1,1,2,2
587,3,1,1,1,1,1,1,1,1
588,3,1,1,2,1,1,1,1,2
589,3,0,1,1,0,0,1,0,1
590,3,2,2,2,2,2,1,1,1
591,3,0,1,1,0,0,1,0,1
592,3,1,1,2,0,1,1,1,2
593,3,0,0,0,0,0,0,0,1
594,3,1,2,1,1,1,1,1,2
595,3,2,2,2,2,2,1,1,2
596,3,1,1,1,1,1,1,0,2
597,3,0,1,1,0,1,0,0,1
598,3,1,2,1,0,1,2,0,1
599,3,1,2,0,1,1,2,1,1
600,3,0,0,1,0,1,0,0,1
601,3,1,1,0,1,1,0,2,1
602,3,1,1,1,2,1,2,1,1
603,3,0,0,1,0,0,0,0,1
604,3,2,1,2,2,2,1,1,2
605,3,1,1,1,2,1,1,0,1
606,3,0,1,1,0,0,0,0,1
607,3,1,1,1,1,1,1,1,1
608,3,1,1,0,1,1,2,1,2
609,3,1,1,1,1,1,1,2,1
610,3,0,2,1,0,0,0,0,1
611,3,2,2,2,2,1,0,1,2
612,3,1,2,1,1,1,1,1,2
613,3,1,2,1,1,1,1,2,2
614,3,1,1,2,1,1,1,0,2
615,3,1,1,1,2,1,2,0,1
616,3,2,2,2,1,2,2,1,2
617,3,2,1,2,2,2,2,2,2
618,3,1,2,1,2,1,1,1,1
619,3,2,1,2,2,1,1,2,2
620,3,1,1,1,1,1,1,0,1
621,3,1,2,1,1,0,2,1,1
622,3,2,2,2,2,2,2,2,2
623,3,1,2,2,1,0,0,1,2
624,3,0,1,0,0,0,0,0,1
625,3,1,1,1,0,1,1,1,2
626,3,2,2,2,2,1,1,1,2
627,3,0,1,1,0,1,1,1,1
628,3,0,1,1,0,0,0,0,1
629,3,1,1,2,1,1,1,1,2
630,3,1,1,2,1,0,1,0,1
631,3,2,2,2,2,1,2,1,2
632,3,0,1,1,1,0,1,0,1
633,3,0,1,1,0,0,0,0,1
634,3,1,1,2,0,0,1,0,1
635,3,0,1,2,0,0,0,0,1
636,3,1,2,1,1,1,1,0,1
637,3,1,1,1,1,1,1,0,2
638,3,1,1,1,1,1,1,1,2
639,3,1,2,1,1,1,1,1,2
640,3,1,1,2,1,1,1,1,1
641,3,1,1,1,2,1,1,1,1
642,3,1,1,2,0,2,1,1,2
643,3,1,1,2,1,1,1,1,1
644,3,1,2,0,1,1,1,1,1
645,3,0,0,1,0,0,0,1,1
646,3,1,2,1,1,1,1,2,1
647,3,1,1,2,1,1,1,0,2
648,3,1,2,1,0,2,1,1,1
649,3,1,1,2,2,0,2,1,1
650,3,2,2,2,1,1,2,2,2
651,3,2,2,2,2,1,1,1,2
652,3,0,1,1,0,0,0,0,1
653,3,1,2,1,0,2,1,0,1
654,3,1,1,1,1,1,0,2,1
655,3,0,1,2,0,0,0,1,1
656,3,1,1,2,1,1,1,1,2
657,3,1,2,1,1,1,1,2,1
658,3,0,0,1,0,0,0,0,0
659,3,1,2,2,0,1,1,1,2
660,3,0,1,1,0,0,1,0,1
661,3,1,2,2,1,1,1,1,1
662,3,0,0,1,0,0,1,0,1
663,3,0,1,0,1,0,0,1,1
664,3,0,0,0,0,0,0,1,1
665,3,1,1,1,1,1,1,0,1
666,3,0,1,0,0,0,0,0,1
667,3,1,1,2,1,1,1,1,2
668,3,0,1,1,0,1,0,1,1
669,3,1,1,1,1,1,1,1,2
670,3,1,1,2,2,1,0,1,1
671,3,0,1,1,0,0,1,1,0
672,3,1,2,2,1,1,1,1,1
673,3,1,1,1,1,1,0,2,1
674,3,0,1,0,1,0,1,0,0
675,3,2,2,2,2,2,1,1,2
676,3,1,2,1,1,2,1,1,2
677,3,2,2,2,2,2,2,1,2
678,3,1,2,1,1,0,2,2,1
679,3,0,0,1,1,0,0,0,0
680,3,1,1,1,1,1,0,0,1
681,3,1,1,2,1,1,1,1,2
682,3,1,2,2,1,0,1,2,2
683,3,1,1,1,2,0,1,1,1
684,3,1,0,1,1,1,1,1,1
685,3,1,0,1,1,1,1,1,1
686,3,0,1,0,1,0,0,0,1
687,3,2,1,2,2,1,1,1,2
688,3,1,2,1,1,1,1,0,2
689,3,1,1,1,1,1,1,1,1
690,3,2,2,2,2,1,2,1,2
691,3,1,2,2,0,1,1,1,2
692,3,2,1,2,2,2,1,2,2
693,3,0,1,1,0,0,0,0,1
694,3,1,2,2,1,1,1,1,1
695,3,1,2,1,1,1,1,1,1
696,3,0,0,1,0,0,0,0,0
697,3,1,1,2,1,1,1,1,1
698,3,1,2,1,1,1,0,1,1
699,3,1,2,2,1,1,1,1,2
700,3,2,2,2,1,2,2,2,2
701,3,0,0,0,0,1,0,0,1
702,3,2,1,2,2,1,2,1,1
703,3,0,1,1,0,1,1,0,1
704,3,2,2,1,1,2,2,1,2
705,3,0,2,1,0,1,0,1,1
706,3,0,1,0,1,1,1,0,1
707,3,1,2,2,1,1,1,1,2
708,3,1,1,2,0,1,1,1,2
709,3,1,1,2,1,1,1,1,1
710,3,2,2,1,2,2,2,2,2
711,3,1,1,1,1,2,1,1,1
712,3,1,2,2,1,0,1,2,2
713,3,1,2,0,1,1,1,0,1
714,3,1,1,1,1,1,1,1,1
715,3,2,2,2,2,2,2,2,2
716,3,2,2,2,2,2,2,2,2
717,3,0,1,0,0,0,0,0,1
718,3,1,2,2,1,2,0,1,1
719,3,0,1,2,0,0,0,0,1
720,3,1,2,2,1,0,1,1,2
721,3,1,1,2,1,1,1,2,1
722,3,1,2,2,1,2,1,1,2
723,3,1,2,2,1,1,1,1,2
724,3,0,1,0,0,0,0,0,0
725,3,2,2,2,2,2,2,1,2
726,3,0,1,1,0,0,0,0,1
727,3,0,1,1,0,0,0,0,1
728,3,0,0,0,0,0,0,1,1
729,3,1,2,1,0,0,1,1,2
730,3,2,2,1,2,1,2,1,2
731,3,1,1,1,1,1,1,1,1
732,3,0,1,1,1,1,0,1,1
733,3,2,2,2,2,1,2,2,2
734,3,1,1,1,1,1,1,1,1
735,3,1,2,2,1,1,2,2,2
736,3,0,1,2,0,0,0,0,1
737,3,0,1,1,0,0,0,1,1
738,3,0,1,0,0,0,0,1,1
739,3,1,1,1,1,1,1,1,1
740,3,0,0,1,0,1,0,1,1
741,3,1,2,1,1,1,1,1,2
742,3,1,1,1,1,1,1,0,1
743,3,1,1,1,1,1,1,0,1
744,3,1,0,1,1,1,1,0,1
745,3,0,1,1,0,0,0,0,1
746,3,0,0,0,0,0,0,0,0
747,3,2,2,2,1,1,2,1,2
748,3,2,2,2,2,1,2,2,2
749,3,0,1,1,0,0,0,0,1
750,3,1,2,2,1,0,1,2,1
751,3,1,2,1,1,1,1,2,1
752,3,2,2,2,2,2,2,1,2
753,3,1,2,1,1,1,1,0,1
754,3,1,1,1,1,1,0,0,1
755,3,0,1,1,1,0,0,1,1
756,3,0,1,1,0,0,0,0,1
757,3,1,1,1,1,1,0,0,1
758,3,1,2,1,1,1,1,0,2
759,3,0,1,2,0,0,0,1,1
760,3,1,1,1,1,1,1,1,1
761,3,0,1,1,0,0,0,1,0
762,3,2,2,1,2,2,2,2,2
763,3,2,2,2,2,2,1,1,2
764,3,2,2,2,2,2,2,1,2
765,3,0,1,1,0,0,0,1,1
766,3,1,1,2,1,0,1,0,1
767,3,2,2,2,2,2,1,2,2
768,3,1,1,2,1,1,1,0,1
769,3,0,1,0,0,0,0,0,0
770,3,1,2,1,1,0,1,1,1
771,3,1,2,1,1,1,1,0,2
772,3,1,2,1,0,0,0,0,1
773,3,0,0,1,0,1,0,1,1
774,3,1,1,1,1,1,1,1,1
775,3,2,2,2,1,2,2,2,2
776,3,1,2,1,0,1,1,0,2
777,3,1,2,2,0,1,1,1,2
778,3,0,1,1,0,1,1,1,1
779,3,0,1,2,0,0,1,1,1
780,3,1,2,2,1,0,1,0,1
781,3,1,2,1,1,1,1,1,2
782,3,2,2,1,1,1,1,1,2
783,3,1,2,1,1,1,1,1,2
784,3,1,1,2,1,1,1,0,2
785,3,2,2,2,2,2,2,1,2
786,3,1,1,1,1,1,2,2,1
787,3,2,2,2,2,2,2,2,2
788,3,2,2,2,2,2,2,2,2
789,3,0,1,2,0,0,0,1,1
790,3,1,2,1,2,1,1,1,2
791,3,2,2,2,2,1,2,2,2
792,3,0,2,1,0,0,0,0,1
793,3,0,0,0,0,1,0,0,1
794,3,1,1,1,1,1,0,1,1
795,3,1,1,2,0,0,1,1,1
796,3,2,2,2,2,2,2,2,2
797,3,1,1,2,1,0,1,1,1
798,3,2,2,2,2,2,2,1,2
799,3,1,2,1,1,1,1,2,1
800,3,1,2,2,1,0,0,1,1
801,3,2,2,2,1,2,2,2,2
802,3,1,2,1,1,2,1,0,1
803,3,1,1,1,0,0,0,2,2
804,3,1,2,1,1,1,0,2,1
805,3,0,1,1,0,0,0,0,1
806,3,1,2,2,1,0,0,1,2
807,3,0,1,1,0,1,0,1,1
808,3,1,1,1,1,2,0,1,1
809,3,0,1,1,0,0,0,1,1
810,3,0,1,0,0,0,0,0,1
811,3,1,2,1,1,1,1,1,1
812,3,1,1,1,0,1,1,0,1
813,3,1,2,1,1,2,1,1,2
814,3,1,2,2,1,1,1,1,2
815,3,1,1,1,0,2,1,1,2
816,3,2,2,2,2,2,2,2,2
817,3,0,1,1,0,0,0,1,1
818,3,2,2,1,2,1,1,2,2
819,3,0,0,0,0,0,0,0,0
820,3,0,2,1,0,0,0,0,1
821,3,2,2,2,1,1,2,2,2
822,3,0,0,1,0,0,0,1,1
823,3,1,2,1,2,1,1,0,2
824,3,1,1,1,1,1,1,2,1
825,3,1,1,1,2,1,0,0,1
826,3,1,1,2,1,1,1,1,1
827,3,2,2,2,2,1,1,1,2
828,3,1,2,1,1,1,1,2,2
829,3,1,1,1,1,1,1,1,1
830,3,2,1,2,2,2,2,2,2
831,3,1,2,0,1,1,1,0,1
832,3,1,2,1,1,1,1,0,2
833,3,1,1,2,1,1,1,1,1
834,3,2,2,2,1,1,1,1,2
835,3,1,1,2,0,1,0,0,1
836,3,2,2,2,2,2,2,1,2
837,3,1,1,1,2,1,1,1,2
838,3,2,2,1,2,1,2,2,2
839,3,1,2,1,1,1,1,1,2
840,3,0,2,1,0,1,0,0,1
841,3,1,2,1,2,0,1,2,2
842,3,2,2,2,2,1,2,1,2
843,3,0,1,1,1,0,1,0,1
844,3,2,2,1,2,2,2,1,2
845,3,2,2,1,1,2,2,1,2
846,3,1,1,1,0,1,1,1,2
847,3,2,2,2,2,1,2,2,2
848,3,1,2,2,1,1,1,1,2
849,3,1,1,2,0,1,1,1,1
850,3,1,1,0,1,1,1,1,1
851,3,0,1,0,0,0,0,0,1
852,3,1,2,2,1,1,1,2,1
853,3,1,1,2,1,0,1,1,1
854,3,0,0,1,0,0,1,0,0
855,3,2,2,2,2,2,2,2,2
856,3,1,1,1,1,1,0,2,2
857,3,1,2,1,2,1,1,1,1
858,3,2,2,2,2,2,2,1,2
859,3,1,2,1,1,1,1,1,2
860,3,1,1,1,1,0,0,2,1
861,3,2,2,2,2,2,2,1,2
862,3,1,2,1,0,1,1,1,1
863,3,2,1,1,2,2,1,2,2
864,3,1,1,0,1,1,1,1,1
865,3,1,2,2,1,1,1,1,2
866,3,1,1,2,1,1,2,1,2
867,3,1,1,1,1,1,1,1,2
868,3,2,2,1,2,2,1,2,2
869,3,1,2,1,1,1,1,1,2
870,3,0,0,1,1,0,0,0,1
871,3,0,1,1,0,0,0,0,1
872,3,2,2,2,2,2,2,2,2
873,3,2,2,2,2,2,2,1,2
874,3,2,1,2,2,2,2,1,2
875,3,0,1,0,0,0,0,1,0
876,3,1,2,1,1,1,1,2,2
877,3,2,2,2,2,2,2,1,2
878,3,2,2,2,2,1,1,1,2
879,3,2,2,2,2,2,1,1,2
880,3,0,1,1,0,0,0,0,1
881,3,2,2,1,2,2,2,2,2
882,3,1,1,2,1,1,1,1,1
883,3,2,2,2,2,1,2,1,2
884,3,1,2,1,1,1,1,0,1
885,3,1,2,2,0,1,0,1,1
886,3,0,0,1,0,0,0,1,1
887,3,1,1,2,1,1,0,0,1
888,3,0,1,1,1,0,0,0,1
889,3,2,2,2,2,1,2,1,2
890,3,1,1,2,0,2,1,2,1
891,3,1,2,1,1,0,1,1,1
892,3,0,1,2,0,0,0,1,1
893,3,1,1,2,2,1,0,0,2
894,3,1,2,2,1,2,1,1,2
895,3,2,2,2,2,2,2,2,1
896,3,2,2,2,2,1,2,1,2
897,3,1,1,2,1,2,1,1,1
898,3,1,1,1,1,1,0,1,1
899,3,0,0,1,0,0,1,0,0
900,3,1,2,1,1,1,1,0,2
901,3,1,1,2,0,0,0,2,2
902,3,0,1,1,0,0,1,0,1
903,3,1,2,2,1,1,1,2,2
904,3,1,2,1,1,1,1,1,1
905,3,2,2,1,1,2,2,1,1
906,3,0,1,1,0,0,0,0,1
907,3,0,1,1,0,0,0,0,1
908,3,0,0,0,0,0,0,0,0
909,3,1,2,2,1,1,1,1,2
910,3,1,2,1,0,0,0,0,1
911,3,1,1,1,1,1,1,1,1
912,3,1,1,2,1,0,0,1,1
913,3,1,1,1,1,1,1,1,1
914,3,1,2,1,1,1,1,1,2
915,3,1,1,1,1,1,1,1,1
916,3,0,1,2,0,1,0,0,1
917,3,1,1,1,1,0,1,0,1
918,3,1,1,2,1,0,1,1,2
919,3,1,1,1,1,1,1,1,1
920,3,1,2,1,1,1,1,1,1
921,3,0,1,1,0,0,0,0,0
922,3,2,1,2,1,2,2,2,2
923,3,1,2,2,1,1,0,2,2
924,3,1,1,2,0,1,1,1,1
925,3,2,2,2,2,2,2,1,2
926,3,0,0,1,0,0,0,1,1
927,3,0,1,0,0,0,0,0,1
928,3,1,2,2,1,1,0,0,1
929,3,0,0,1,0,0,0,0,1
930,3,0,1,0,0,0,0,0,0
931,3,2,2,2,2,1,2,2,2
932,3,0,1,1,0,0,0,0,1
933,3,2,2,2,2,2,2,2,2
934,3,2,2,2,2,1,2,2,2
935,3,1,2,2,1,1,2,1,2
936,3,1,1,2,1,1,0,2,1
937,3,0,0,2,0,0,0,0,1
938,3,2,1,1,2,2,1,2,1
939,3,2,2,2,2,2,2,1,2
940,3,1,1,1,1,1,1,1,2
941,3,0,1,2,0,0,0,0,1
942,3,2,2,2,2,2,2,1,2
943,3,2,2,1,1,1,2,2,1
944,3,0,1,1,0,0,0,0,1
945,3,2,2,2,2,2,2,1,2
946,3,2,2,1,2,2,2,2,2
947,3,0,0,1,0,0,0,1,0
948,3,0,1,0,0,1,0,0,0
949,3,0,1,0,0,0,0,0,1
950,3,1,1,2,1,0,1,2,1
951,3,1,1,2,1,1,1,0,1
952,3,0,0,1,0,0,0,1,1
953,3,1,2,1,2,1,1,2,2
954,3,1,1,1,1,1,0,1,1
955,3,1,1,1,1,1,1,2,1
956,3,2,2,2,2,2,1,2,2
957,3,0,1,1,0,0,0,0,1
958,3,2,2,2,2,2,2,0,2
959,3,0,1,0,0,0,0,0,1
960,3,0,1,1,0,1,0,0,1
961,3,2,2,2,2,2,1,1,2
962,3,1,2,1,1,0,1,0,2
963,3,1,1,2,1,1,0,1,1
964,3,2,2,2,2,2,1,1,2
965,3,2,2,1,2,1,2,2,2
966,3,2,1,1,2,1,2,1,2
967,3,1,2,1,0,0,0,1,1
968,3,1,1,1,1,1,1,1,1
969,3,1,1,1,1,0,1,1,1
970,3,1,1,2,1,1,2,0,2
971,3,0,0,0,0,0,0,1,0
972,3,1,2,2,1,1,1,1,2
973,3,2,2,2,2,2,2,2,2
974,3,2,1,2,2,2,1,2,2
975,3,1,1,2,1,1,0,0,2
976,3,1,2,1,1,0,1,1,2
977,3,1,1,1,1,0,0,1,1
978,3,1,1,1,0,1,1,1,1
979,3,2,1,2,2,2,2,1,1
980,3,1,2,1,0,0,0,1,2
981,3,0,1,1,0,0,1,1,1
982,3,1,2,1,1,0,1,1,1
983,3,2,1,2,2,2,1,2,2
984,3,2,2,1,2,2,2,1,2
985,3,1,1,0,1,1,1,1,1
986,3,2,2,1,2,2,1,2,2
987,3,2,2,2,2,1,1,1,2
988,3,1,1,2,1,1,0,1,1
989,3,2,2,2,2,1,2,1,2
990,3,0,1,1,0,0,1,0,1
991,3,2,2,2,2,2,2,1,2
992,3,2,1,1,1,1,2,2,2
993,3,1,2,2,1,1,1,1,1
994,3,2,2,2,2,2,2,2,2
995,3,1,1,1,1,1,1,0,1
996,3,2,2,2,2,2,1,2,2
997,3,1,1,2,1,1,1,1,2
998,3,1,1,2,1,1,1,0,2
999,3,0,1,1,0,0,0,0,1
1000,3,2,1,2,2,2,2,2,2
1001,3,1,1,1,1,1,2,1,1
1002,3,2,1,2,2,2,1,2,2
1003,3,1,2,2,2,1,1,1,1
1004,3,1,1,2,0,1,1,1,2
1005,3,2,2,2,2,2,2,2,2
1006,3,2,2,2,2,1,2,1,2
1007,3,1,2,1,1,1,1,1,2
1008,3,1,2,1,2,1,2,1,2
1009,3,2,2,2,2,1,1,2,2
1010,3,1,2,2,0,2,1,1,1
1011,3,2,2,2,2,2,2,2,2
1012,3,1,2,1,2,1,1,0,1
1013,3,0,1,1,0,0,0,0,1
1014,3,0,1,1,0,1,0,1,0
1015,3,2,2,2,1,1,2,2,2
1016,3,1,1,1,0,1,0,1,1
1017,3,1,1,1,1,0,1,0,1
1018,3,1,1,1,1,2,1,1,1
1019,3,0,1,1,0,0,0,0,2
1020,3,1,2,1,2,1,0,1,2
1021,3,1,1,2,1,1,0,1,1
1022,3,2,2,2,1,1,2,2,2
1023,3,1,1,2,1,0,1,0,2
1024,3,2,2,2,2,1,2,1,2
1025,3,1,2,1,1,0,1,2,1
1026,3,2,2,2,2,1,1,2,2
1027,3,1,1,1,1,1,1,1,1
1028,3,1,2,1,1,1,2,0,1
1029,3,2,2,1,2,2,2,1,2
1030,3,0,0,1,0,0,0,0,1
1031,3,2,2,2,2,2,2,2,2
1032,3,0,1,0,0,1,0,0,1
1033,3,0,1,1,0,0,0,0,1
1034,3,1,1,1,1,2,0,1,1
1035,3,1,1,0,1,1,1,0,1
1036,3,1,2,2,1,1,1,0,2
1037,3,1,1,1,1,2,1,0,1
1038,3,1,2,1,1,1,1,1,2
1039,3,1,1,2,1,1,1,1,1
1040,3,0,0,0,0,0,0,0,0
1041,3,2,2,2,2,2,1,1,2
1042,3,0,1,1,1,0,0,0,1
1043,3,1,1,1,1,0,1,0,1
1044,3,2,2,2,2,2,2,2,2
1045,3,1,1,2,1,0,0,1,2
1046,3,1,2,2,0,1,1,1,2
1047,3,1,2,2,1,1,1,1,2
1048,3,1,1,1,1,1,0,1,1
1049,3,1,1,1,1,1,1,1,1
1050,3,0,2,2,0,0,0,0,1
1051,3,1,1,1,0,1,2,1,1
1052,3,1,2,2,2,1,1,0,2
1053,3,1,2,2,1,1,1,0,2
1054,3,2,1,1,1,2,1,2,2
1055,3,1,2,1,1,1,1,1,1
1056,3,0,0,1,0,0,1,1,1
1057,3,1,1,2,1,1,1,1,1
1058,3,2,1,2,2,2,2,1,2
1059,3,1,1,2,1,1,1,2,1
1060,3,1,2,1,1,0,1,0,1
1061,3,2,1,2,2,1,2,2,2
1062,3,1,2,2,2,1,0,0,2
1063,3,1,1,2,1,1,1,1,1
1064,3,2,2,2,2,1,2,2,2
1065,3,2,2,2,2,2,1,2,2
1066,3,0,0,2,0,0,1,0,1
1067,3,1,1,2,1,1,1,1,2
1068,3,1,2,2,1,2,1,2,2
1069,3,0,1,1,0,0,0,0,1
1070,3,0,2,1,0,0,1,0,1
1071,3,2,2,2,2,2,2,1,2
1072,3,1,1,2,1,2,0,1,1
1073,3,2,1,2,1,2,2,2,2
1074,3,0,0,0,0,0,0,0,1
1075,3,0,1,1,0,0,1,1,1
1076,3,2,2,1,2,2,2,1,2
1077,3,1,2,1,1,1,2,0,1
1078,3,0,1,1,0,0,0,1,1
1079,3,1,1,1,1,0,1,1,1
1080,3,1,1,2,1,0,1,1,2
1081,3,1,2,2,1,1,1,1,1
1082,3,2,2,1,2,1,2,2,2
1083,3,1,1,1,1,1,1,0,1
1084,3,1,2,1,1,1,0,1,2
1085,3,1,2,0,1,0,1,1,1
1086,3,0,1,1,0,0,0,0,1
1087,3,2,2,2,2,2,1,1,2
1088,3,1,2,0,1,1,0,1,1
1089,3,1,2,1,0,1,1,1,1
1090,3,1,2,2,1,1,1,1,2
1091,3,1,2,1,1,1,1,1,2
1092,3,1,2,2,1,0,1,0,1
1093,3,2,2,2,2,2,2,1,2
1094,3,1,1,1,1,0,1,2,1
1095,3,1,1,2,1,1,0,0,1
1096,3,0,1,0,0,0,0,0,1
1097,3,0,1,0,0,0,0,0,1
1098,3,1,2,1,0,1,0,2,1
1099,3,1,1,2,1,1,1,1,2
1100,3,0,1,2,1,0,0,0,2
1101,3,2,2,2,2,2,2,1,2
1102,3,1,0,2,1,1,1,1,0
1103,3,1,2,1,2,0,1,1,1
1104,3,2,2,2,2,2,2,2,2
1105,3,0,0,1,0,1,0,1,1
1106,3,2,2,2,2,2,2,2,2
1107,3,1,1,1,1,1,1,0,1
1108,3,1,1,1,1,1,1,1,1
1109,3,1,1,1,1,1,1,1,1
1110,3,0,1,1,0,0,0,1,1
1111,3,1,1,2,1,1,1,1,2
1112,3,1,1,2,1,1,1,1,2
1113,3,0,2,2,0,0,1,1,2
1114,3,1,1,2,1,1,0,1,1
1115,3,1,2,0,1,1,1,2,2
1116,3,2,2,1,1,1,2,1,2
1117,3,0,1,1,0,1,0,0,1
1118,3,1,2,2,1,1,0,0,2
1119,3,0,1,1,1,0,0,0,1
1120,3,1,1,1,0,0,1,1,1
1121,3,1,1,1,1,0,1,1,1
1122,3,1,2,1,1,1,1,0,2
1123,3,1,1,1,0,1,1,1,1
1124,3,2,2,2,2,2,1,1,2
1125,3,1,1,1,1,1,1,0,1
1126,3,2,2,2,2,1,2,2,2
1127,3,1,2,2,1,1,1,2,2
1128,3,0,1,1,0,0,0,0,1
1129,3,1,1,1,1,1,1,1,2
1130,3,0,1,1,0,0,0,0,0
1131,3,2,2,1,2,1,2,2,2
1132,3,0,1,2,0,0,0,0,1
1133,3,2,2,1,2,2,2,2,2
1134,3,1,1,1,1,1,1,1,2
1135,3,1,2,2,1,1,1,0,1
1136,3,1,1,1,1,0,1,0,1
1137,3,1,2,1,1,1,1,2,1
1138,3,1,1,1,1,1,1,1,1
1139,3,1,1,1,1,1,1,2,1
1140,3,1,2,2,1,1,1,0,2
1141,3,2,2,2,2,2,1,2,2
1142,3,1,2,2,1,1,1,0,1
1143,3,2,2,2,2,2,2,2,2
1144,3,0,1,0,0,0,0,0,0
1145,3,2,2,2,2,2,2,2,2
1146,3,1,2,2,2,1,0,1,1
1147,3,1,1,2,1,1,1,1,1
1148,3,2,2,2,2,2,2,2,2
1149,3,0,2,1,0,0,0,0,1
1150,3,0,0,1,0,0,0,0,1
1151,3,1,2,1,1,2,1,1,1
1152,3,1,2,1,1,2,1,1,2
1153,3,0,0,1,0,0,0,0,1
1154,3,1,2,1,1,1,0,1,1
1155,3,1,1,2,1,1,1,1,1
1156,3,1,1,1,1,1,1,1,1
1157,3,0,1,1,0,1,0,0,1
1158,3,1,1,2,0,1,1,1,2
1159,3,2,2,2,2,2,2,2,2
1160,3,1,1,2,1,1,1,1,1
1161,3,1,1,1,1,1,1,0,1
1162,3,2,2,2,1,2,2,1,2
1163,3,1,1,0,1,1,0,1,1
1164,3,0,1,1,0,0,1,0,0
1165,3,1,2,2,1,1,1,0,2
1166,3,1,1,2,0,0,0,1,2
1167,3,1,0,2,1,2,1,0,1
1168,3,2,2,2,2,2,2,2,2
1169,3,1,1,1,1,1,1,1,1
1170,3,0,1,1,0,0,0,0,1
1171,3,1,1,2,1,1,1,2,2
1172,3,0,1,1,0,0,0,1,1
1173,3,1,1,2,1,1,1,1,1
1174,3,1,1,1,1,1,1,1,1
1175,3,0,1,0,0,0,0,0,1
1176,3,0,1,1,0,1,0,0,0
1177,3,1,1,2,0,1,1,0,1
1178,3,1,1,2,1,1,1,1,1
1179,3,0,1,0,0,0,0,1,1
1180,3,1,2,2,1,1,1,0,1
1181,3,2,1,2,2,1,2,1,1
1182,3,0,2,1,0,0,0,0,1
1183,3,2,2,2,2,2,1,1,1
1184,3,1,2,2,1,1,1,1,2
1185,3,1,1,1,1,1,0,1,1
1186,3,2,2,2,2,2,2,2,2
1187,3,2,2,2,2,2,1,2,2
1188,3,2,2,2,1,1,2,2,2
1189,3,2,2,2,2,2,2,2,2
1190,3,0,1,0,0,0,0,0,1
1191,3,0,1,0,0,0,0,0,0
1192,3,1,1,2,1,1,1,1,1
1193,3,2,2,2,2,2,2,1,2
1194,3,0,0,1,0,0,0,1,0
1195,3,1,2,1,1,1,1,1,1
1196,3,1,2,1,1,1,1,1,2
1197,3,1,1,1,1,1,1,1,2
1198,3,0,1,1,0,0,0,0,1
1199,3,1,2,2,1,0,0,0,2
1200,3,1,2,1,0,0,1,1,2
1201,3,0,1,0,0,0,0,0,0
1202,3,1,2,1,1,1,1,2,1
1203,3,0,1,1,0,0,0,0,0
1204,3,1,2,1,0,2,1,1,2
1205,3,1,2,2,0,1,1,1,1
1206,3,1,2,2,1,1,1,1,1
1207,3,1,1,1,1,1,0,1,1
1208,3,1,1,1,1,1,1,1,1
1209,3,0,0,0,0,0,0,0,0
1210,3,2,2,2,2,2,2,1,2
1211,3,2,2,2,2,2,1,2,2
1212,3,2,2,1,2,2,2,2,2
1213,3,1,2,2,0,1,1,1,2
1214,3,1,1,2,1,1,1,1,1
1215,3,2,2,2,2,1,2,1,2
1216,3,1,1,1,1,1,1,1,2
1217,3,1,1,1,0,0,1,1,1
1218,3,2,1,1,2,2,1,2,2
1219,3,1,2,1,1,1,1,1,1
1220,3,2,1,1,1,2,2,1,2
1221,3,1,2,1,1,1,0,0,1
1222,3,1,1,1,1,1,1,0,1
1223,3,0,1,2,0,0,1,0,1
1224,3,0,1,2,0,0,0,0,1
1225,3,1,1,0,1,1,1,1,1
1226,3,1,1,1,1,0,1,0,2
1227,3,2,2,2,1,1,2,2,2
1228,3,1,2,2,1,1,1,1,2
1229,3,1,2,2,1,1,1,2,2
1230,3,0,2,1,0,0,0,0,1
1231,3,1,2,2,1,1,1,0,2
1232,3,0,2,1,0,0,0,0,2
1233,3,1,1,2,1,1,1,1,1
1234,3,0,1,0,0,0,0,0,0
1235,3,1,2,1,1,1,1,1,1
1236,3,1,1,2,1,0,0,1,1
1237,3,2,2,1,2,2,2,2,2
1238,3,2,2,2,2,2,1,2,2
1239,3,1,2,1,1,1,1,1,2
1240,3,0,1,1,1,0,0,0,1
1241,3,1,1,1,1,0,1,1,2
1242,3,1,1,2,0,2,1,0,1
1243,3,1,2,1,1,1,1,1,1
1244,3,2,2,2,1,1,2,1,2
1245,3,2,2,2,1,2,1,1,2
1246,3,1,2,1,1,1,2,1,1
1247,3,1,2,1,1,1,2,1,2
1248,3,1,2,2,1,0,1,1,2
1249,3,2,2,2,1,2,2,2,2
1250,3,0,1,2,0,1,0,0,1
1251,3,2,2,1,2,2,2,1,1
1252,3,1,2,2,1,2,1,1,1
1253,3,0,0,1,0,0,0,0,0
1254,3,2,2,2,2,2,2,2,2
1255,3,1,2,2,0,0,1,1,2
1256,3,1,1,2,1,1,1,1,1
1257,3,1,2,2,1,1,1,0,2
1258,3,1,1,2,1,1,0,1,1
1259,3,1,1,1,1,1,2,0,1
1260,3,0,1,1,0,0,0,0,1
1261,3,0,1,1,0,0,1,0,1
1262,3,0,1,1,0,1,0,1,1
1263,3,1,1,2,1,1,1,2,1
1264,3,2,2,1,2,2,1,1,2
1265,3,0,1,2,1,0,0,1,1
1266,3,1,2,2,0,1,0,1,2
1267,3,2,2,2,2,2,2,2,2
1268,3,1,1,1,1,1,0,0,1
1269,3,0,1,0,0,0,1,0,1
1270,3,0,0,1,1,1,0,0,1
1271,3,0,1,1,0,1,0,0,0
1272,3,0,2,1,0,0,0,0,1
1273,3,0,1,1,0,0,0,0,1
1274,3,0,1,2,0,0,0,0,1
1275,3,1,1,1,1,0,1,0,1
1276,3,2,2,1,1,2,1,1,2
1277,3,1,1,2,1,0,0,1,1
1278,3,1,1,1,1,1,1,1,1
1279,3,2,2,2,2,2,2,2,2
1280,3,2,2,2,2,1,2,1,2
1281,3,0,1,0,0,0,0,1,1
1282,3,0,0,1,0,0,0,0,1
1283,3,2,2,2,2,1,2,1,2
1284,3,1,1,2,1,1,1,1,1
1285,3,2,2,1,2,2,1,2,2
1286,3,0,1,0,0,0,0,0,1
1287,3,2,2,2,2,1,2,2,2
1288,3,1,1,1,1,0,2,0,1
1289,3,0,1,2,0,1,0,0,1
1290,3,2,2,2,2,1,2,2,2
1291,3,0,1,1,0,0,0,0,1
1292,3,0,1,1,0,1,1,0,1
1293,3,2,2,2,2,2,2,1,2
1294,3,1,2,0,1,0,1,1,1
1295,3,0,2,0,0,0,0,0,1
1296,3,0,1,1,0,0,0,0,0
1297,3,1,1,1,1,1,1,0,1
1298,3,0,2,0,0,1,0,0,1
1299,3,1,2,1,1,2,2,0,2
1300,3,1,2,2,1,1,0,1,1
1301,3,2,1,2,2,2,1,1,2
1302,3,1,2,1,0,2,1,0,2
1303,3,1,2,1,1,1,2,1,2
1304,3,1,1,1,1,1,1,1,1
1305,3,2,1,1,2,2,1,2,2
1306,3,1,2,2,1,1,1,0,2
1307,3,2,2,2,2,2,1,1,2
1308,3,1,1,1,1,1,1,2,2
1309,3,1,2,1,1,1,1,1,1
1310,3,1,2,1,1,1,1,2,1
1311,3,1,1,1,1,1,1,1,1
1312,3,2,2,2,2,1,2,1,2
1313,3,1,2,1,1,1,1,1,2
1314,3,1,1,1,1,0,0,1,2
1315,3,1,2,2,1,2,1,1,2
1316,3,0,1,0,0,0,0,0,1
1317,3,1,1,1,1,1,0,0,2
1318,3,0,1,1,0,0,0,0,1
1319,3,2,1,2,2,2,2,2,1
1320,3,1,1,1,1,1,1,1,1
1321,3,2,1,2,1,1,1,1,2
1322,3,0,1,1,0,0,0,0,0
1323,3,1,1,1,1,1,1,2,1
1324,3,1,2,1,0,0,0,1,2
1325,3,1,1,1,1,0,1,1,1
1326,3,2,2,1,2,2,1,1,1
1327,3,0,0,1,0,0,0,0,1
1328,3,2,2,2,2,2,2,2,2
1329,3,1,2,1,1,0,1,1,1
1330,3,1,1,1,1,2,0,1,1
1331,3,1,1,2,1,1,0,0,1
1332,3,1,2,2,1,1,1,0,2
1333,3,0,2,1,0,0,0,1,1
1334,3,1,1,1,1,2,2,1,1
1335,3,2,2,2,2,2,1,1,2
1336,3,0,2,1,0,0,0,0,1
1337,3,1,0,2,1,0,1,1,1
1338,3,0,1,0,1,1,1,1,0
1339,3,1,1,2,1,1,1,1,2
1340,3,2,2,1,2,2,2,2,1
1341,3,0,1,2,0,1,0,0,1
1342,3,2,2,2,2,2,1,2,2
1343,3,1,2,2,1,1,0,1,2
1344,3,1,2,2,1,1,1,1,2
1345,3,0,0,1,0,0,1,0,0
1346,3,1,1,1,2,1,1,0,2
1347,3,1,1,1,0,1,1,1,1
1348,3,1,2,1,1,1,1,1,1
1349,3,1,1,1,1,1,0,1,1
1350,3,2,2,1,1,0,1,2,2
1351,3,2,2,1,2,2,2,1,2
1352,3,1,2,1,1,1,2,1,1
1353,3,0,0,1,0,0,0,0,1
1354,3,2,1,2,2,2,2,1,2
1355,3,1,0,2,1,1,1,1,2
1356,3,1,1,1,1,1,1,0,2
1357,3,1,0,1,1,1,1,1,1
1358,3,2,1,2,2,2,2,2,2
1359,3,1,1,2,0,2,0,1,1
1360,3,0,2,0,0,0,1,1,2
1361,3,1,1,2,1,0,2,1,2
1362,3,1,1,1,1,1,1,1,1
1363,3,1,0,1,2,2,1,0,1
1364,3,0,0,1,0,0,0,0,1
1365,3,2,2,2,1,1,2,1,2
1366,3,1,1,1,1,1,1,0,1
1367,3,1,2,1,1,1,1,1,1
1368,3,0,1,2,0,0,0,0,1
1369,3,1,1,1,1,1,0,1,1
1370,3,1,1,1,0,1,1,1,2
1371,3,1,1,2,1,1,1,1,2
1372,3,1,1,1,1,1,1,1,1
1373,3,1,1,2,1,1,1,0,2
1374,3,1,1,2,1,1,1,0,2
1375,3,2,2,2,2,2,2,2,2
1376,3,2,2,2,2,2,2,2,2
1377,3,2,1,2,2,2,2,2,2
1378,3,1,2,1,2,1,1,1,1
1379,3,1,2,0,1,0,1,0,1
1380,3,1,1,2,1,0,1,0,1
1381,3,0,1,1,0,0,1,0,1
1382,3,1,2,1,1,1,1,0,1
1383,3,1,2,2,1,0,0,0,2
1384,3,0,0,1,0,0,0,0,0
1385,3,2,2,2,2,2,1,1,2
1386,3,0,0,1,0,0,1,0,0
1387,3,0,1,1,0,0,0,0,0
1388,3,1,2,2,1,0,0,1,2
1389,3,2,2,2,2,2,1,2,2
1390,3,2,2,1,2,1,2,2,2
1391,3,1,1,1,1,1,0,2,1
1392,3,0,1,1,0,0,0,0,1
1393,3,1,2,1,1,1,1,0,2
1394,3,2,2,1,2,2,2,2,2
1395,3,1,0,0,1,1,1,2,1
1396,3,1,1,1,1,1,2,0,1
1397,3,1,0,2,1,1,0,1,1
1398,3,1,1,1,1,1,1,1,1
1399,3,1,1,2,0,0,1,0,1
1400,3,2,2,1,2,2,2,1,2
1401,3,2,2,2,2,2,1,1,2
1402,3,0,1,1,0,0,0,0,0
1403,3,0,1,1,0,0,0,0,1
1404,3,1,2,1,2,1,0,1,2
1405,3,0,1,1,1,0,0,0,1
1406,3,0,1,1,0,0,0,0,1
1407,3,2,2,2,2,2,2,1,2
1408,3,2,2,2,2,2,1,2,2
1409,3,2,2,1,2,2,2,2,2
1410,3,0,1,1,0,0,0,0,1
1411,3,2,2,2,2,1,2,2,2
1412,3,1,1,2,1,1,0,0,2
1413,3,2,2,1,2,2,2,2,2
1414,3,1,1,1,1,1,1,0,1
1415,3,2,2,1,1,2,2,1,2
1416,3,0,0,1,0,0,0,0,1
1417,3,0,0,0,1,0,0,0,0
1418,3,2,2,1,2,2,2,2,2
1419,3,1,1,1,1,1,1,2,1
1420,3,0,0,0,0,0,1,0,0
1421,3,1,2,1,0,0,1,0,2
1422,3,1,1,1,1,2,1,1,1
1423,3,1,2,1,0,1,1,0,1
1424,3,1,2,1,1,1,0,1,1
1425,3,0,1,0,0,0,0,0,1
1426,3,0,1,1,0,0,0,1,2
1427,3,2,2,1,2,2,2,0,2
1428,3,2,2,1,2,2,2,2,2
1429,3,1,2,1,1,1,1,2,1
1430,3,0,0,1,0,0,1,0,1
1431,3,0,1,2,0,0,0,1,1
1432,3,2,2,2,2,2,2,1,2
1433,3,1,1,1,2,0,1,1,1
1434,3,0,1,0,0,0,0,0,0
1435,3,1,1,1,1,1,1,1,1
1436,3,2,2,2,2,2,1,2,2
1437,3,1,2,2,1,0,1,0,2
1438,3,2,2,2,2,2,2,2,2
1439,3,0,1,1,0,1,0,0,1
1440,3,0,1,1,0,0,0,0,1
1441,3,1,2,1,1,1,0,1,2
1442,3,1,1,1,1,1,1,0,1
1443,3,1,1,1,2,1,0,1,1
1444,3,1,1,1,1,1,1,1,1
1445,3,2,0,2,2,1,2,2,2
1446,3,2,2,2,2,2,2,1,2
1447,3,1,1,1,1,2,1,1,1
1448,3,1,1,2,0,0,1,1,2
1449,3,1,2,1,1,0,1,1,1
1450,3,0,0,1,0,1,0,0,1
1451,3,2,2,2,2,1,1,1,2
1452,3,1,1,1,1,1,1,0,2
1453,3,1,1,1,1,1,0,1,1
1454,3,0,0,1,0,1,0,0,0
1455,3,2,2,1,2,2,2,2,2
1456,3,0,0,1,0,1,1,0,1
1457,3,1,2,2,0,1,1,1,2
1458,3,2,1,2,2,1,1,2,1
1459,3,1,2,2,1,1,1,0,1
1460,3,1,1,2,1,1,1,1,1
1461,3,2,2,2,2,2,1,2,2
1462,3,1,2,2,1,1,2,1,1
1463,3,1,1,1,0,1,1,1,1
1464,3,1,1,2,1,1,1,1,2
1465,3,1,0,1,1,1,1,0,1
1466,3,1,1,1,1,1,1,0,1
1467,3,2,1,2,2,1,2,1,2
1468,3,2,2,2,2,2,2,1,2
1469,3,0,2,1,0,1,0,0,1
1470,3,1,1,1,2,2,1,1,1
1471,3,0,1,1,0,0,0,0,1
1472,3,0,1,1,0,0,0,0,1
1473,3,1,1,1,1,2,1,1,1
1474,3,1,1,2,1,1,1,1,1
1475,3,0,0,1,0,0,0,2,1
1476,3,1,2,1,0,1,2,1,1
1477,3,1,2,1,1,1,1,1,1
1478,3,1,2,2,2,1,0,1,2
1479,3,1,0,1,1,1,2,0,1
1480,3,1,1,2,1,1,1,0,1
1481,3,2,1,2,2,1,2,1,2
1482,3,1,2,1,1,1,2,1,2
1483,3,0,1,0,0,0,1,1,1
1484,3,1,1,1,1,1,1,0,1
1485,3,0,1,1,1,0,0,1,1
1486,3,1,1,1,1,1,0,0,1
1487,3,1,1,1,1,2,1,2,1
1488,3,2,2,2,2,2,1,2,2
1489,3,1,2,1,1,2,0,1,1
1490,3,1,1,1,1,2,1,1,2
1491,3,0,1,0,0,0,0,0,1
1492,3,2,2,2,2,2,2,1,2
1493,3,0,0,1,0,0,0,0,1
1494,3,1,1,0,1,1,1,1,1
1495,3,1,0,2,1,1,1,1,1
1496,3,1,2,2,2,0,0,1,2
1497,3,1,1,2,1,1,1,0,2
1498,3,1,0,1,1,1,1,1,1
1499,3,1,1,2,2,1,1,0,1
1500,3,1,2,1,1,1,1,1,2
1501,3,1,1,1,0,1,1,1,1
1502,3,1,1,1,1,1,1,1,1
1503,3,1,2,1,0,1,1,1,2
1504,3,2,1,2,2,1,2,1,2
1505,3,1,2,2,1,2,0,1,2
1506,3,0,1,1,0,0,0,0,1
1507,3,2,2,2,2,2,2,1,2
1508,3,1,2,1,1,1,1,0,1
1509,3,2,2,2,2,1,1,1,2
1510,3,2,2,2,1,2,2,1,2
1511,3,0,0,1,0,1,1,0,1
1512,3,1,1,2,1,1,1,1,2
1513,3,1,1,2,1,0,1,1,2
1514,3,1,1,1,1,0,1,1,1
1515,3,1,1,2,1,1,1,1,2
1516,3,1,1,2,0,0,2,1,1
1517,3,2,2,2,2,2,2,2,2
1518,3,0,1,1,0,0,0,0,1
1519,3,0,2,0,0,0,1,0,0
1520,3,2,2,1,2,2,1,1,2
1521,3,2,2,2,2,1,1,0,2
1522,3,0,0,1,0,0,0,0,1
1523,3,1,1,1,1,1,1,1,1
1524,3,2,1,2,2,2,1,2,2
1525,3,1,1,2,2,0,0,0,2
1526,3,0,1,1,0,1,0,0,1
1527,3,0,2,1,0,0,0,0,2
1528,3,1,1,1,1,1,1,1,2
1529,3,1,2,1,1,1,1,2,2
1530,3,0,1,0,0,0,0,1,1
1531,3,1,1,1,1,0,1,1,1
1532,3,0,0,1,0,0,0,0,1
1533,3,0,2,0,0,0,0,0,1
1534,3,1,2,1,1,2,1,0,1
1535,3,2,2,1,2,2,1,2,1
1536,3,0,1,0,0,0,0,0,1
1537,3,0,0,1,0,0,0,0,1
1538,3,1,2,1,1,1,2,1,1
1539,3,2,2,2,2,1,1,2,2
1540,3,1,2,1,1,1,0,1,1
1541,3,0,2,1,0,1,0,0,1
1542,3,1,2,1,1,0,0,1,1
1543,3,1,1,1,1,1,1,0,1
1544,3,0,1,0,0,0,0,1,1
1545,3,1,1,0,1,1,1,1,1
1546,3,1,2,2,1,1,1,1,2
1547,3,2,1,2,2,1,2,2,1
1548,3,1,2,1,2,0,1,1,1
1549,3,0,0,1,1,0,0,0,1
1550,3,1,2,1,0,1,1,0,1
1551,3,1,1,2,0,1,2,1,2
1552,3,1,1,1,1,1,1,1,1
1553,3,1,2,1,1,0,1,1,1
1554,3,1,2,1,1,1,0,0,1
1555,3,2,2,1,2,1,2,2,2
1556,3,1,2,2,1,0,1,1,2
1557,3,1,2,2,1,1,1,1,2
1558,3,0,0,1,0,0,0,0,1
1559,3,1,1,2,0,1,1,1,1
1560,3,0,0,1,0,0,0,0,0
1561,3,1,1,1,1,1,1,1,2
1562,3,2,2,2,2,2,2,1,2
1563,3,2,2,2,2,1,2,1,2
1564,3,1,1,2,1,1,0,1,1
1565,3,1,2,1,1,1,1,1,1
1566,3,1,2,1,1,1,1,1,1
1567,3,2,2,2,2,2,2,2,2
1568,3,1,2,1,1,1,1,1,1
1569,3,1,1,2,1,1,1,1,1
1570,3,1,2,1,1,1,1,0,2
1571,3,1,1,1,1,1,1,1,1
1572,3,2,2,1,2,2,1,1,2
1573,3,2,1,2,2,2,1,2,2
1574,3,2,2,1,2,2,2,2,2
1575,3,2,2,2,2,1,2,1,2
1576,3,1,0,1,1,1,1,1,1
1577,3,1,1,1,1,1,1,1,1
1578,3,1,1,2,1,1,0,0,1
1579,3,2,2,2,1,1,2,1,2
1580,3,1,2,1,1,1,1,1,1
1581,3,1,1,1,2,1,0,2,2
1582,3,0,0,0,0,1,0,0,1
1583,3,1,1,1,1,2,1,1,2
1584,3,2,2,1,2,2,2,2,2
1585,3,1,2,1,1,1,0,1,1
1586,3,2,2,2,1,2,2,1,2
1587,3,1,2,1,1,0,1,0,1
1588,3,1,2,2,1,0,0,1,2
1589,3,2,2,1,2,1,2,2,2
1590,3,1,1,2,1,0,1,2,2
1591,3,2,2,2,1,2,2,1,2
1592,3,1,2,0,1,2,1,0,1
1593,3,1,2,2,1,1,1,1,2
1594,3,1,2,1,1,1,2,1,1
1595,3,1,1,2,2,1,1,1,1
1596,3,1,1,1,1,0,1,1,2
1597,3,1,2,1,2,1,0,1,2
1598,3,2,2,2,1,2,1,1,2
1599,3,1,0,1,1,1,1,1,2
1600,3,0,1,2,1,0,0,0,1
1601,3,1,2,2,1,0,1,1,2
1602,3,1,1,1,1,1,1,0,2
1603,3,2,1,2,2,1,1,2,2
1604,3,1,2,1,1,1,2,1,1
1605,3,0,1,1,0,0,1,0,1
1606,3,1,1,2,0,1,1,0,1
1607,3,2,2,2,1,2,1,2,2
1608,3,1,2,1,0,1,1,2,1
1609,3,2,2,2,2,1,1,2,2
1610,3,1,2,2,1,1,1,1,2
1611,3,0,0,1,0,0,0,0,1
1612,3,2,2,1,2,2,1,1,2
1613,3,0,1,0,0,0,1,1,1
1614,3,1,1,2,1,1,1,1,1
1615,3,1,1,2,1,1,1,1,1
1616,3,2,2,1,2,2,2,1,2
1617,3,0,0,0,0,1,0,0,1
1618,3,2,2,1,2,2,2,1,2
1619,3,1,2,2,1,1,1,1,2
1620,3,0,0,0,0,1,0,0,0
1621,3,1,2,2,1,1,1,2,1
1622,3,2,2,2,2,2,1,1,2
1623,3,1,1,1,1,1,1,1,1
1624,3,2,1,2,2,2,2,2,2
1625,3,0,1,1,0,0,0,0,1
1626,3,2,2,2,2,1,1,2,2
1627,3,1,2,1,1,1,1,1,1
1628,3,0,0,1,0,0,0,0,1
1629,3,0,0,0,0,0,0,0,1
1630,3,1,1,2,1,1,1,2,2
1631,3,2,2,2,1,2,2,2,2
1632,3,1,1,2,0,1,2,0,2
1633,3,1,1,2,0,1,1,1,2
1634,3,2,1,2,2,2,1,2,2
1635,3,2,2,2,2,2,2,2,2
1636,3,2,2,2,2,2,2,1,2
1637,3,0,1,1,1,1,0,0,1
1638,3,1,2,2,1,2,1,1,2
1639,3,0,1,1,0,0,0,0,1
1640,3,1,2,1,1,1,1,1,2
1641,3,1,1,1,0,1,1,2,2
1642,3,0,1,1,0,1,0,0,1
1643,3,0,0,2,1,0,0,1,0
1644,3,2,2,2,2,2,1,1,1
1645,3,2,2,2,2,1,2,2,2
1646,3,2,2,2,2,1,1,1,2
1647,3,2,1,2,1,2,1,2,1
1648,3,1,2,2,1,1,1,1,2
1649,3,1,1,1,1,1,1,2,1
1650,3,1,1,2,1,1,1,1,2
1651,3,2,2,2,1,1,2,1,2
1652,3,0,1,1,0,0,0,0,1
1653,3,1,2,2,1,1,1,1,2
1654,3,1,2,2,2,0,1,2,2
1655,3,2,1,2,2,2,2,1,2
1656,3,0,0,0,0,0,1,0,0
1657,3,1,1,2,1,1,1,1,2
1658,3,0,1,2,0,0,0,0,2
1659,3,1,0,1,1,1,1,0,1
1660,3,0,0,1,0,1,1,1,1
1661,3,2,2,2,2,1,2,2,1
1662,3,0,1,1,1,1,0,0,1
1663,3,1,2,2,0,1,1,1,1
1664,3,0,1,1,0,0,1,1,1
1665,3,1,2,1,1,1,1,1,2
1666,3,1,1,1,1,2,1,1,1
1667,3,0,1,1,0,1,0,0,2
1668,3,1,1,1,1,1,1,0,1
1669,3,1,1,2,0,0,1,1,1
1670,3,0,1,1,0,0,0,1,1
1671,3,2,2,2,2,2,2,2,2
1672,3,1,0,1,1,0,1,1,1
1673,3,0,1,1,0,0,0,0,1
1674,3,1,2,2,0,1,2,1,2
1675,3,1,1,1,2,1,1,1,1
1676,3,0,0,1,1,0,0,0,1
1677,3,2,2,2,2,2,2,2,2
1678,3,2,2,2,2,2,2,2,2
1679,3,1,2,1,1,1,1,1,1
1680,3,1,2,1,0,1,1,0,2
1681,3,2,2,2,2,2,2,2,2
1682,3,0,0,1,1,0,0,0,1
1683,3,0,2,1,0,0,0,0,1
1684,3,1,1,2,1,1,0,1,1
1685,3,0,1,1,0,0,0,0,1
1686,3,1,1,2,1,1,1,1,1
1687,3,1,2,1,1,1,1,0,1
1688,3,2,2,1,1,1,1,2,1
1689,3,2,2,2,2,2,2,1,2
1690,3,0,1,0,0,0,0,0,1
1691,3,1,1,1,1,1,0,0,1
1692,3,0,1,1,0,0,0,1,1
1693,3,1,1,2,1,1,1,1,1
1694,3,1,0,1,1,1,1,1,1
1695,3,1,2,1,0,1,0,1,1
1696,3,1,1,1,1,1,2,0,1
1697,3,0,1,0,1,0,0,0,1
1698,3,1,1,2,1,1,1,1,1
1699,3,2,2,2,1,2,2,2,2
1700,3,2,1,2,2,2,2,1,2
1701,3,1,1,1,1,1,1,1,1
1702,3,1,1,2,1,1,1,1,2
1703,3,0,1,1,0,0,1,0,1
1704,3,0,1,1,0,0,0,0,1
1705,3,2,2,2,2,2,2,2,2
1706,3,0,0,1,1,0,0,0,1
1707,3,2,2,2,1,2,2,1,2
1708,3,1,1,1,1,1,0,1,1
1709,3,1,2,1,0,1,0,1,1
1710,3,0,1,1,0,0,0,0,0
1711,3,0,0,1,0,0,0,0,0
1712,3,2,1,2,1,2,2,2,2
1713,3,1,1,2,0,0,0,0,2
1714,3,2,2,1,2,2,2,1,2
1715,3,1,1,2,1,1,1,1,1
1716,3,1,1,1,1,1,1,1,1
1717,3,0,0,1,0,0,0,0,0
1718,3,0,1,1,0,0,1,0,0
1719,3,0,0,1,0,0,0,0,1
1720,3,2,2,2,2,2,1,1,2
1721,3,0,1,1,0,0,0,0,1
1722,3,0,2,1,0,0,0,0,1
1723,3,0,1,0,0,0,0,0,1
1724,3,0,0,1,0,1,0,0,1
1725,3,1,1,2,1,2,1,1,2
1726,3,1,2,0,2,0,1,1,2
1727,3,2,2,2,1,2,2,2,2
1728,3,0,1,0,0,0,0,0,0
1729,3,0,1,1,0,0,0,0,1
1730,3,2,1,2,2,1,1,2,2
1731,3,0,1,1,0,0,1,0,0
1732,3,1,1,1,1,1,2,0,1
1733,3,2,2,2,2,1,2,2,2
1734,3,1,1,1,1,1,1,0,1
1735,3,2,2,1,2,2,2,2,2
1736,3,1,1,1,1,1,2,1,1
1737,3,0,1,0,0,0,1,1,0
1738,3,2,2,2,2,2,1,2,2
1739,3,1,2,2,1,2,1,1,2
1740,3,1,2,1,1,1,1,1,2
1741,3,0,0,1,0,1,0,0,1
1742,3,1,1,2,1,0,0,1,2
1743,3,1,1,1,1,0,1,1,2
1744,3,1,1,1,0,2,1,0,1
1745,3,1,2,2,1,1,0,1,2
1746,3,1,1,1,0,0,2,1,1
1747,3,1,1,1,1,1,1,0,1
1748,3,0,2,0,1,0,0,0,0
1749,3,1,1,1,1,1,0,0,2
1750,3,1,2,1,0,0,1,1,1
1751,3,2,2,2,2,2,1,2,2
1752,3,2,1,2,2,2,1,2,2
1753,3,1,1,2,0,1,2,1,1
1754,3,2,2,2,2,2,2,1,2
1755,3,1,2,2,1,1,1,1,2
1756,3,2,2,2,2,2,2,2,2
1757,3,0,1,1,1,0,0,0,1
1758,3,1,2,2,0,1,1,1,2
1759,3,1,2,1,1,1,1,2,2
1760,3,0,0,2,0,0,0,0,1
1761,3,1,1,1,1,2,2,0,1
1762,3,1,2,1,0,1,1,0,1
1763,3,1,1,2,1,1,0,1,1
1764,3,2,2,2,2,2,1,2,2
1765,3,0,2,0,1,0,0,0,1
1766,3,2,2,1,2,1,2,2,2
1767,3,2,2,2,2,2,2,2,2
1768,3,2,1,2,2,2,2,1,2
1769,3,0,1,1,0,0,0,0,1
1770,3,1,2,1,1,1,1,1,2
1771,3,2,1,2,2,2,2,2,2
1772,3,0,1,1,0,0,0,0,1
1773,3,0,1,1,0,0,0,0,1
1774,3,1,2,2,1,1,1,1,2
1775,3,0,1,0,0,1,0,0,1
1776,3,1,2,2,2,1,1,2,2
1777,3,1,1,1,0,1,1,2,1
1778,3,1,1,1,1,2,1,1,1
1779,3,2,2,2,2,2,1,1,2
1780,3,0,2,1,0,0,0,0,1
1781,3,2,2,2,2,2,2,1,2
1782,3,1,2,2,1,1,2,0,2
1783,3,2,2,1,2,1,2,1,2
1784,3,0,1,0,0,0,0,0,0
1785,3,0,1,2,0,1,0,1,1
1786,3,1,2,1,0,0,2,0,1
1787,3,0,1,1,0,0,0,0,1
1788,3,1,2,2,1,1,1,1,1
1789,3,1,1,2,0,1,2,1,2
1790,3,2,2,2,2,1,2,1,2
1791,3,1,1,1,2,1,1,1,1
1792,3,2,2,2,2,2,2,1,2
1793,3,1,1,2,1,0,2,1,0
1794,3,1,1,2,0,0,1,1,2
1795,3,0,1,0,0,0,0,0,1
1796,3,2,1,2,1,2,2,1,2
1797,3,1,0,2,1,1,0,1,1
1798,3,0,1,2,0,0,0,0,1
1799,3,1,2,2,0,1,1,0,2
1800,3,1,2,1,1,2,0,1,2
1801,3,1,2,1,1,1,1,1,1
1802,3,0,0,1,0,0,1,0,1
1803,3,1,1,2,1,1,1,1,1
1804,3,1,1,1,1,0,0,1,1
1805,3,2,2,2,1,2,2,1,2
1806,3,0,0,1,0,1,0,1,1
1807,3,0,1,1,0,0,0,1,0
1808,3,1,2,1,1,1,1,1,2
1809,3,1,1,2,1,1,0,1,1
1810,3,2,2,2,2,2,2,1,2
1811,3,1,0,1,1,1,1,1,1
1812,3,0,0,2,0,0,0,0,1
1813,3,1,1,2,1,1,1,1,2
1814,3,1,1,2,1,1,1,1,1
1815,3,1,1,1,1,1,1,1,2
1816,3,1,1,1,1,1,0,1,1
1817,3,2,2,2,2,1,2,1,2
1818,3,0,1,1,0,0,0,0,0
1819,3,1,0,1,1,1,1,1,1
1820,3,0,1,1,0,0,1,0,1
1821,3,1,2,2,1,0,1,1,1
1822,3,2,2,2,1,2,2,2,2
1823,3,1,2,1,1,1,1,1,1
1824,3,2,2,1,2,1,2,2,2
1825,3,1,2,1,1,1,0,1,2
1826,3,0,1,2,0,0,0,0,1
1827,3,0,2,1,0,1,0,1,1
1828,3,1,1,1,1,2,0,2,2
1829,3,0,1,1,0,0,0,0,1
1830,3,1,1,1,1,0,1,1,0
1831,3,1,2,1,1,1,1,0,1
1832,3,1,2,2,2,0,0,0,2
1833,3,1,2,1,2,1,1,0,1
1834,3,1,1,1,1,1,1,0,1
1835,3,2,2,2,2,1,1,1,2
1836,3,0,1,2,0,1,1,1,1
1837,3,2,0,2,2,2,2,1,2
1838,3,0,1,1,1,0,1,1,1
1839,3,0,1,1,0,0,0,0,1
1840,3,0,0,1,0,0,0,0,0
1841,3,2,2,2,2,1,1,2,2
1842,3,2,2,2,1,1,2,1,2
1843,3,0,2,1,0,1,0,0,1
1844,3,1,1,1,1,0,1,0,2
1845,3,1,2,1,2,1,1,0,1
1846,3,0,1,1,0,0,1,0,1
1847,3,1,2,1,1,1,1,0,1
1848,3,1,1,2,1,1,1,1,1
1849,3,0,1,0,0,0,0,0,1
1850,3,0,1,1,1,0,0,0,1
1851,3,1,2,2,1,1,1,1,1
1852,3,0,1,1,0,0,0,0,1
1853,3,2,2,2,2,2,2,2,2
1854,3,2,2,1,2,2,2,2,2
1855,3,1,1,0,1,1,1,0,1
1856,3,0,0,1,0,0,0,0,1
1857,3,1,1,1,1,1,1,1,1
1858,3,1,2,1,0,2,1,1,1
1859,3,0,1,2,0,0,0,0,1
1860,3,1,1,1,1,2,1,0,1
1861,3,1,1,0,1,0,0,1,1
1862,3,0,0,2,0,0,0,2,1
1863,3,2,2,1,2,1,2,1,2
1864,3,1,1,1,1,1,2,0,1
1865,3,2,2,2,2,1,1,1,2
1866,3,1,2,1,1,1,0,2,2
1867,3,1,1,1,1,1,1,1,1
1868,3,1,1,0,0,0,1,2,1
1869,3,1,2,1,1,1,1,1,1
1870,3,1,1,1,1,1,0,1,1
1871,3,0,1,1,0,0,0,0,1
1872,3,2,2,2,2,2,1,2,2
1873,3,1,1,1,1,2,1,0,2
1874,3,1,1,1,1,1,0,1,2
1875,3,1,1,2,1,0,0,1,2
1876,3,1,1,2,1,1,1,0,1
1877,3,2,2,2,2,2,1,2,2
1878,3,2,2,1,2,1,2,1,2
1879,3,1,1,1,1,1,1,1,1
1880,3,0,2,1,0,0,0,0,1
1881,3,1,2,1,1,1,1,0,1
1882,3,1,2,1,1,1,1,1,2
1883,3,1,2,1,1,1,1,2,2
1884,3,2,1,2,2,1,2,2,2
1885,3,1,1,2,1,1,1,0,2
1886,3,2,2,2,2,2,2,1,2
1887,3,1,1,1,1,1,1,1,1
1888,3,1,2,1,0,1,1,1,2
1889,3,1,2,1,1,1,1,2,2
1890,3,1,1,0,1,0,1,0,1
1891,3,0,0,1,1,0,0,0,1
1892,3,2,1,1,2,1,2,2,2
1893,3,1,1,1,1,1,1,0,1
1894,3,0,1,0,0,0,0,0,0
1895,3,2,2,2,1,2,1,2,2
1896,3,0,0,0,0,0,0,2,1
1897,3,1,2,1,0,0,1,1,2
1898,3,2,2,1,2,2,2,2,1
1899,3,1,2,1,1,1,1,1,1
1900,3,1,1,2,0,1,1,1,2
1901,3,1,1,1,1,0,1,0,1
1902,3,0,0,0,1,0,0,1,0
1903,3,1,1,2,1,1,2,0,1
1904,3,2,2,2,1,2,1,2,2
1905,3,0,1,1,0,0,0,0,1
1906,3,0,1,1,0,1,0,1,1
1907,3,0,1,1,0,0,1,0,1
1908,3,1,1,1,0,0,0,1,1
1909,3,1,2,1,1,1,1,1,1
1910,3,0,1,1,0,0,0,1,1
1911,3,0,0,1,0,0,0,0,1
1912,3,0,0,1,0,0,0,0,0
1913,3,1,1,2,1,1,0,1,1
1914,3,0,1,1,0,0,0,0,1
1915,3,2,2,2,2,2,1,1,2
1916,3,1,1,1,1,2,1,2,1
1917,3,1,1,1,1,1,0,0,1
1918,3,2,2,2,2,1,2,2,2
1919,3,2,2,2,2,2,2,2,2
1920,3,1,1,1,1,1,0,0,1
1921,3,1,1,1,1,0,1,1,1
1922,3,1,2,1,1,1,1,1,2
1923,3,2,1,1,1,2,1,1,2
1924,3,2,1,2,2,1,1,1,2
1925,3,1,2,2,1,1,1,1,2
1926,3,0,1,1,0,0,1,0,1
1927,3,1,2,1,1,1,1,1,1
1928,3,0,0,0,0,0,0,0,1
1929,3,1,2,2,1,1,2,1,2
1930,3,2,2,2,1,2,1,2,2
1931,3,2,2,1,1,1,2,2,2
1932,3,1,1,1,1,1,1,0,1
1933,3,1,2,2,1,2,1,1,2
1934,3,1,1,1,1,1,1,1,1
1935,3,2,2,1,2,2,2,1,1
1936,3,2,2,2,1,2,2,1,2
1937,3,1,2,1,2,2,1,1,1
1938,3,1,1,0,1,2,1,1,1
1939,3,1,2,2,1,1,1,1,1
1940,3,2,2,2,2,1,2,1,2
1941,3,1,1,1,1,1,2,1,1
1942,3,0,1,0,0,0,0,0,1
1943,3,1,1,2,0,1,1,1,1
1944,3,2,2,2,1,2,2,1,2
1945,3,1,1,1,1,1,2,1,1
1946,3,2,1,2,1,2,2,1,1
1947,3,2,2,2,2,2,2,1,2
1948,3,1,1,2,0,0,1,1,2
1949,3,0,0,1,0,0,0,0,1
1950,3,1,1,1,1,1,1,0,1
1951,3,2,2,2,1,2,2,1,2
1952,3,0,1,1,0,0,0,1,0
1953,3,1,2,2,2,2,1,1,1
1954,3,1,2,2,1,0,1,2,2
1955,3,2,2,2,2,2,2,1,2
1956,3,0,0,1,0,0,0,1,1
1957,3,0,0,2,0,0,0,0,1
1958,3,2,1,2,2,1,2,2,2
1959,3,2,2,2,1,1,2,2,2
1960,3,1,2,1,1,1,1,1,2
1961,3,2,2,2,1,2,1,1,2
1962,3,2,1,2,2,2,2,2,2
1963,3,2,2,1,2,2,2,1,2
1964,3,2,2,2,1,2,2,2,2
1965,3,1,1,1,1,1,1,1,1
1966,3,0,1,2,0,0,0,0,1
1967,3,1,1,2,1,0,1,1,1
1968,3,0,0,1,0,1,0,0,0
1969,3,1,1,2,1,2,1,1,1
1970,3,0,1,1,0,0,0,1,1
1971,3,1,1,2,1,2,1,0,1
1972,3,0,1,2,0,0,0,0,1
1973,3,1,2,1,1,1,1,0,2
1974,3,2,2,2,2,2,2,1,2
1975,3,0,1,1,0,0,0,0,1
1976,3,0,1,2,0,0,0,1,1
1977,3,1,1,1,1,1,2,1,1
1978,3,1,1,1,0,0,1,1,1
1979,3,2,2,2,1,2,2,2,1
1980,3,0,2,0,0,0,0,0,1
1981,3,1,1,1,1,1,1,0,2
1982,3,2,2,2,2,2,2,1,2
1983,3,2,1,2,1,1,2,2,2
1984,3,2,2,2,2,1,2,2,2
1985,3,0,1,0,0,1,0,0,1
1986,3,2,2,1,2,2,1,1,2
1987,3,1,1,1,1,1,1,1,2
1988,3,2,2,2,2,1,2,1,2
1989,3,2,2,1,2,2,1,1,2
1990,3,1,2,2,1,1,2,1,2
1991,3,1,2,2,1,1,1,1,2
1992,3,1,2,1,1,0,1,0,1
1993,3,2,2,2,2,2,2,1,2
1994,3,1,2,2,1,1,0,0,2
1995,3,1,2,1,1,0,0,1,2
1996,3,1,2,2,1,1,2,1,1
1997,3,1,1,1,1,1,0,1,2
1998,3,1,1,1,1,1,2,1,1
1999,3,1,1,0,1,1,1,0,1
2000,3,1,0,2,1,1,0,0,2
2001,3,1,1,1,1,1,0,1,1
2002,3,1,1,1,1,0,2,1,1
2003,3,1,2,1,1,1,1,1,1
2004,3,1,2,1,1,1,1,1,1
2005,3,1,1,1,1,0,1,1,1
2006,3,0,1,0,0,0,0,0,1
2007,3,0,0,2,0,0,0,0,1
2008,3,1,1,1,0,2,1,1,1
2009,3,1,1,2,1,1,0,2,2
2010,3,0,1,1,0,0,0,0,1
2011,3,2,2,2,2,2,2,2,2
2012,3,2,2,2,2,2,2,2,2
2013,3,2,2,1,2,2,2,1,2
2014,3,1,1,1,1,0,1,1,1
2015,3,0,0,0,0,0,0,0,1
2016,3,2,1,2,1,2,2,1,2
2017,3,1,1,1,1,2,1,1,2
2018,3,2,2,2,2,1,1,1,2
2019,3,1,2,2,1,1,1,0,2
2020,3,0,1,0,0,0,0,0,1
2021,3,0,0,1,0,0,1,0,1
2022,3,0,0,1,1,0,0,0,1
2023,3,2,1,1,2,2,2,2,2
2024,3,2,1,2,2,2,1,1,2
2025,3,0,0,1,0,0,0,1,1
2026,3,1,1,1,1,1,0,1,1
2027,3,1,1,1,1,1,2,0,2
2028,3,2,1,1,1,1,2,1,1
2029,3,2,2,2,2,2,2,2,2
2030,3,1,2,2,1,1,1,1,2
2031,3,1,2,1,1,1,1,1,1
2032,3,2,2,1,1,1,1,0,2
2033,3,1,1,1,1,1,1,0,1
2034,3,2,2,2,2,2,2,2,2
2035,3,2,1,2,1,2,1,2,2
2036,3,0,1,1,0,0,0,0,1
2037,3,1,2,1,1,1,2,1,2
2038,3,2,1,2,2,2,2,1,2
2039,3,0,1,1,0,0,0,0,1
2040,3,1,1,1,2,1,0,1,1
2041,3,1,1,2,1,1,0,2,1
2042,3,2,2,2,1,2,2,2,2
2043,3,2,1,2,2,1,2,1,1
2044,3,2,2,2,2,2,2,2,2
2045,3,1,1,1,1,1,1,0,2
2046,3,2,2,2,2,2,2,2,2
2047,3,1,2,2,1,1,1,1,1
2048,3,1,1,1,1,1,1,0,1
2049,3,0,0,1,1,0,0,0,1
2050,3,1,2,2,1,1,1,0,2
2051,3,1,1,1,1,1,1,1,1
2052,3,2,2,1,2,2,2,1,1
2053,3,0,1,1,0,0,0,0,1
2054,3,1,1,2,2,1,1,0,1
2055,3,0,1,0,0,0,0,0,1
2056,3,0,1,0,0,0,0,0,1
2057,3,1,2,2,1,1,1,2,1
2058,3,1,1,2,2,1,1,1,2
2059,3,0,1,1,0,0,0,0,0
2060,3,0,1,1,1,0,0,0,1
2061,3,1,2,1,0,1,0,1,1
2062,3,2,2,2,1,1,1,2,2
2063,3,0,0,1,0,0,1,0,1
2064,3,2,2,1,2,2,1,1,2
2065,3,1,2,2,1,1,1,0,2
2066,3,1,2,2,0,1,1,1,2
2067,3,2,1,2,2,2,1,1,2
2068,3,1,1,2,1,1,1,1,2
2069,3,0,0,1,0,0,0,0,0
2070,3,2,2,2,1,2,2,1,2
2071,3,0,1,1,0,1,0,0,1
2072,3,1,1,2,1,1,2,0,2
2073,3,1,1,1,1,1,1,1,1
2074,3,0,1,0,0,0,0,1,1
2075,3,2,2,1,2,2,2,2,2
2076,3,1,1,1,0,1,2,0,2
2077,3,0,1,0,0,1,0,0,1
2078,3,1,1,1,1,1,1,1,1
2079,3,1,1,1,1,1,1,1,2
2080,3,1,1,2,1,1,1,1,2
2081,3,1,2,0,2,1,1,0,1
2082,3,0,2,2,0,0,1,0,1
2083,3,2,2,2,2,2,2,2,2
2084,3,1,2,2,0,1,1,1,2
2085,3,1,1,0,1,1,1,1,1
2086,3,2,2,2,2,2,2,1,2
2087,3,2,2,2,2,1,1,2,2
2088,3,2,2,1,1,2,1,2,2
2089,3,1,2,1,1,1,1,0,2
2090,3,1,1,1,1,1,1,1,1
2091,3,1,2,0,2,1,1,1,1
2092,3,1,2,2,0,1,1,1,2
2093,3,2,2,2,2,2,2,1,2
2094,3,1,2,2,2,1,1,0,2
2095,3,1,2,2,1,1,1,1,2
2096,3,1,2,1,1,0,1,1,1
2097,3,0,0,1,1,1,0,0,1
2098,3,2,2,1,2,2,2,1,2
2099,3,1,2,1,1,0,2,1,1
2100,3,0,1,2,1,0,0,1,1
2101,3,0,1,1,0,0,0,1,1
2102,3,0,1,1,0,0,0,0,1
2103,3,1,1,1,1,1,1,0,1
2104,3,0,0,2,0,0,0,0,1
2105,3,2,1,1,2,2,2,2,2
2106,3,2,2,2,2,1,2,2,2
2107,3,1,2,2,0,2,1,1,2
2108,3,1,1,2,0,1,1,0,1
2109,3,1,2,1,1,1,1,1,2
2110,3,0,1,2,1,0,0,1,1
2111,3,1,2,2,1,1,1,1,2
2112,3,1,1,1,1,1,1,0,1
2113,3,1,2,1,1,0,2,1,1
2114,3,1,1,1,1,0,1,0,1
2115,3,1,1,1,1,1,1,0,1
2116,3,2,1,2,2,2,1,2,2
2117,3,2,1,2,2,2,2,2,2
2118,3,0,2,0,1,0,0,0,1
2119,3,0,0,0,0,0,1,1,1
2120,3,1,1,2,1,1,1,1,1
2121,3,2,0,2,2,2,1,2,2
2122,3,1,1,1,2,1,1,1,1
2123,3,0,1,1,0,0,0,0,1
2124,3,1,0,1,2,0,0,0,1
2125,3,1,1,1,1,1,1,1,2
2126,3,1,2,2,1,1,1,1,2
2127,3,1,1,2,1,1,1,0,1
2128,3,1,2,1,1,0,0,2,1
2129,3,1,1,2,1,0,0,1,1
2130,3,1,2,1,1,1,2,1,2
2131,3,1,1,1,1,1,2,1,1
2132,3,0,1,0,1,0,0,0,0
2133,3,1,2,2,1,0,1,1,2
2134,3,2,2,2,2,1,2,2,2
2135,3,2,2,2,1,2,1,1,2
2136,3,0,1,1,0,0,0,0,1
2137,3,1,2,2,1,1,1,1,1
2138,3,1,1,1,1,2,1,1,1
2139,3,1,1,1,1,0,1,1,1
2140,3,1,1,1,1,2,2,1,2
2141,3,2,1,2,2,1,1,2,2
2142,3,1,2,2,1,2,0,1,1
2143,3,0,0,2,0,0,0,0,1
2144,3,1,1,2,1,1,1,1,1
2145,3,1,2,0,1,0,2,1,1
2146,3,2,2,2,2,2,1,1,2
2147,3,1,1,2,1,1,1,0,1
2148,3,1,2,2,1,0,1,0,2
2149,3,1,2,1,1,1,1,0,2
2150,3,1,1,1,1,1,1,0,1
2151,3,1,1,2,1,1,2,1,1
2152,3,0,1,1,0,0,0,1,1
2153,3,2,1,1,2,1,2,2,2
2154,3,1,2,2,0,0,2,1,2
2155,3,0,1,1,0,0,0,0,1
2156,3,1,0,1,2,1,0,1,1
2157,3,1,1,1,1,1,1,1,1
2158,3,0,0,0,0,0,0,1,1
2159,3,1,1,2,1,1,1,1,2
2160,3,1,2,1,2,1,1,1,2
2161,3,1,1,1,2,1,1,0,1
2162,3,1,2,1,2,1,1,0,2
2163,3,0,1,1,0,0,0,0,1
2164,3,0,1,1,0,0,0,0,2
2165,3,1,1,2,1,1,1,1,1
2166,3,1,2,1,1,1,1,1,1
2167,3,1,2,1,1,1,1,0,1
2168,3,1,1,1,1,1,0,1,1
2169,3,2,2,2,2,1,1,2,2
2170,3,1,2,1,1,1,1,1,1
2171,3,2,2,1,1,1,1,2,1
2172,3,0,1,0,0,0,0,0,1
2173,3,2,2,2,1,1,2,2,2
2174,3,2,2,1,2,1,2,2,2
2175,3,1,1,1,1,1,1,1,1
2176,3,1,1,2,1,1,1,1,1
2177,3,2,2,2,2,2,1,2,2
2178,3,1,2,2,1,0,1,0,2
2179,3,1,0,1,1,1,2,1,2
2180,3,2,2,2,1,2,2,2,2
2181,3,2,2,1,2,2,2,2,2
2182,3,1,1,2,1,2,1,1,2
2183,3,1,1,2,1,0,1,1,1
2184,3,0,0,1,1,1,0,0,1
2185,3,1,2,1,1,1,1,1,2
2186,3,2,1,1,2,2,1,1,2
2187,3,1,2,1,1,1,1,1,1
2188,3,1,2,2,1,1,1,1,2
2189,3,2,2,2,2,2,1,1,2
2190,3,1,2,1,1,2,1,0,1
2191,3,1,1,1,1,0,1,1,1
2192,3,2,2,1,1,2,1,2,1
2193,3,1,1,0,0,0,1,1,1
2194,3,1,1,2,1,0,1,1,1
2195,3,1,2,2,1,1,1,1,2
2196,3,2,1,2,2,2,2,0,2
2197,3,1,1,1,2,0,1,0,2
2198,3,1,2,2,2,1,1,2,2
2199,3,0,2,1,0,1,0,0,1
2200,3,1,1,2,1,1,1,2,2
2201,3,1,1,1,0,1,1,0,1
2202,3,0,1,0,1,0,0,0,1
2203,3,1,1,2,0,1,1,1,2
2204,3,1,2,1,1,1,1,1,1
2205,3,1,2,1,0,1,1,1,2
2206,3,1,2,2,0,0,0,1,2
2207,3,1,2,1,1,1,0,0,1
2208,3,1,2,1,1,1,1,2,2
2209,3,1,1,2,1,1,1,1,1
2210,3,0,1,1,0,0,0,0,1
2211,3,1,1,2,1,1,1,1,1
2212,3,2,2,2,2,2,1,2,2
2213,3,0,1,1,0,0,0,0,1
2214,3,1,1,2,1,1,1,1,1
2215,3,2,2,2,2,2,2,2,2
2216,3,2,2,2,2,2,2,2,2
2217,3,1,1,2,1,1,0,1,2
2218,3,1,2,2,0,0,1,0,2
2219,3,1,1,2,1,0,1,0,2
2220,3,0,0,0,0,0,0,0,0
2221,3,1,1,2,1,0,0,0,1
2222,3,2,2,2,2,2,2,1,2
2223,3,2,2,1,2,2,2,2,2
2224,3,1,2,1,0,1,1,1,1
2225,3,1,2,2,1,0,1,2,2
2226,3,1,0,2,1,0,1,1,1
2227,3,1,1,1,1,1,1,1,1
2228,3,2,1,2,2,1,1,2,2
2229,3,1,2,2,0,1,1,1,2
2230,3,2,2,2,2,2,1,2,2
2231,3,2,1,2,2,2,2,2,2
2232,3,1,1,2,1,2,1,1,2
2233,3,2,1,2,1,1,1,1,2
2234,3,0,2,1,0,0,0,0,1
2235,3,1,2,1,2,1,1,1,2
2236,3,1,2,1,1,1,1,1,2
2237,3,1,2,2,1,2,0,0,2
2238,3,2,2,2,1,2,2,1,2
2239,3,0,1,0,0,0,0,0,1
2240,3,0,0,0,0,0,0,0,1
2241,3,1,1,2,0,1,1,1,1
2242,3,2,2,2,2,1,1,1,2
2243,3,1,1,2,1,1,1,0,2
2244,3,2,1,2,2,1,1,2,2
2245,3,1,2,2,2,1,1,2,2
2246,3,1,1,2,1,1,0,0,2
2247,3,1,0,1,1,2,1,2,1
2248,3,0,1,1,1,0,0,0,0
2249,3,1,2,2,0,1,1,1,2
2250,3,1,2,2,1,1,2,1,2
2251,3,1,2,1,1,0,2,1,2
2252,3,0,0,0,0,0,1,0,1
2253,3,2,2,2,2,2,2,1,2
2254,3,2,2,2,2,1,2,1,2
2255,3,1,1,1,0,1,1,1,2
2256,3,1,1,2,1,0,1,0,2
2257,3,2,2,2,2,1,2,2,2
2258,3,1,1,1,1,1,1,1,2
2259,3,1,1,1,1,0,1,1,1
2260,3,0,0,1,0,0,0,0,0
2261,3,0,1,1,0,0,0,0,1
2262,3,1,1,1,1,0,1,0,1
2263,3,1,2,1,1,0,0,1,1
2264,3,0,0,1,0,0,1,0,0
2265,3,1,2,1,1,1,1,1,1
2266,3,1,0,1,2,2,1,1,1
2267,3,1,1,2,0,1,0,1,1
2268,3,1,2,2,1,1,1,1,1
2269,3,0,1,1,1,0,0,0,1
2270,3,0,1,1,0,0,0,0,1
2271,3,0,2,1,1,0,0,1,1
2272,3,1,1,2,1,1,1,1,1
2273,3,0,0,1,0,0,0,0,1
2274,3,1,0,2,0,2,1,1,1
2275,3,2,2,2,2,2,1,2,2
2276,3,1,1,2,1,1,1,1,2
2277,3,1,1,2,1,1,1,2,1
2278,3,2,2,2,2,1,2,1,2
2279,3,1,2,2,1,1,1,1,2
2280,3,1,1,1,1,0,2,1,1
2281,3,1,1,2,1,2,2,1,2
2282,3,2,1,2,2,2,1,2,2
2283,3,2,2,2,2,1,1,1,2
2284,3,0,1,0,0,0,0,0,0
2285,3,1,1,1,1,1,0,1,2
2286,3,2,2,1,2,2,2,1,2
2287,3,0,0,1,0,0,1,1,1
2288,3,1,2,1,2,1,1,0,2
2289,3,1,1,1,1,1,1,1,1
2290,3,1,2,2,1,2,1,1,1
2291,3,1,1,1,1,2,1,1,2
2292,3,1,1,2,1,0,2,1,2
2293,3,1,2,2,1,1,1,1,1
2294,3,1,1,1,0,1,1,1,2
2295,3,1,1,1,1,1,1,1,1
2296,3,1,1,2,1,1,1,0,1
2297,3,0,0,2,0,0,0,0,1
2298,3,0,1,1,1,1,0,0,1
2299,3,0,0,0,0,0,0,1,0
2300,3,0,1,2,0,0,0,0,1
2301,3,1,2,1,1,1,1,0,2
2302,3,1,1,2,1,1,1,1,2
2303,3,0,1,1,0,0,0,0,1
2304,3,1,1,1,1,1,0,1,1
2305,3,2,2,1,2,2,2,1,2
2306,3,1,2,1,0,1,1,1,2
2307,3,1,1,1,1,1,1,1,1
2308,3,2,1,1,1,2,1,1,1
2309,3,1,1,2,1,0,1,0,2
2310,3,0,2,2,0,0,0,0,1
2311,3,0,1,1,0,0,0,0,1
2312,3,0,1,1,0,0,0,0,0
2313,3,1,1,2,1,1,0,1,1
2314,3,2,2,1,2,1,2,1,2
2315,3,1,1,1,1,1,1,1,1
2316,3,2,2,2,2,2,2,1,2
2317,3,2,2,1,2,2,1,2,2
2318,3,1,2,2,1,1,1,1,2
2319,3,1,2,2,1,1,2,0,2
2320,3,1,1,1,1,1,1,1,2
2321,3,1,1,2,1,1,1,2,1
2322,3,0,1,1,0,0,0,0,1
2323,3,1,2,1,1,1,1,0,1
2324,3,0,1,1,0,0,0,0,1
2325,3,1,1,1,1,1,1,2,1
2326,3,1,1,0,0,2,1,0,1
2327,3,2,1,2,2,2,1,1,2
2328,3,1,1,1,1,0,1,0,2
2329,3,2,1,2,2,2,2,1,1
2330,3,2,2,2,2,2,2,2,2
2331,3,1,1,1,1,0,1,1,1
2332,3,1,1,1,1,1,1,1,1
2333,3,1,1,1,1,1,1,1,1
2334,3,0,1,1,0,0,0,0,1
2335,3,1,1,1,1,0,1,1,1
2336,3,1,1,1,2,1,0,1,1
2337,3,2,1,1,1,2,2,2,2
2338,3,0,2,0,0,0,0,0,1
2339,3,0,1,1,0,0,0,0,1
2340,3,1,1,1,1,1,1,0,2
2341,3,1,1,0,1,1,1,0,1
2342,3,1,2,2,1,1,1,0,2
2343,3,2,1,2,2,1,2,2,2
2344,3,1,1,1,1,1,1,1,1
2345,3,2,2,2,2,1,1,2,2
2346,3,1,1,1,1,1,1,1,2
2347,3,0,0,1,0,0,0,0,1
2348,3,0,0,2,0,0,0,0,1
2349,3,1,2,1,1,2,1,1,1
2350,3,2,2,1,1,2,2,2,2
2351,3,0,1,1,0,0,0,0,1
2352,3,0,1,2,1,1,0,0,1
2353,3,2,2,2,1,1,1,1,2
2354,3,2,2,2,2,2,1,2,2
2355,3,2,2,2,2,2,1,1,2
2356,3,1,1,1,1,1,0,1,1
2357,3,2,2,1,2,2,2,2,2
2358,3,0,1,1,0,0,0,0,1
2359,3,1,1,2,1,2,1,1,2
2360,3,1,2,1,1,0,1,1,2
2361,3,1,1,2,1,1,1,0,2
2362,3,1,1,2,1,0,1,0,1
2363,3,0,1,1,0,0,0,1,1
2364,3,0,1,2,0,0,1,0,1
2365,3,0,1,1,0,0,0,0,1
2366,3,1,2,1,0,1,1,1,2
2367,3,2,2,2,2,2,2,2,2
2368,3,1,2,2,1,1,1,0,2
2369,3,1,1,2,1,1,1,1,2
2370,3,2,2,1,2,1,2,1,2
2371,3,1,1,1,1,1,0,0,2
2372,3,1,2,1,1,1,1,1,1
2373,3,2,2,2,2,2,2,1,2
2374,3,1,2,2,1,0,2,1,1
2375,3,1,1,1,0,1,1,0,1
2376,3,1,2,2,1,1,1,1,2
2377,3,1,2,2,1,1,1,2,2
2378,3,2,2,2,1,2,2,1,2
2379,3,2,2,2,2,1,1,2,2
2380,3,2,2,1,2,1,2,2,2
2381,3,1,2,1,1,1,1,1,1
2382,3,1,2,1,2,1,1,0,1
2383,3,1,1,2,1,1,2,1,2
2384,3,0,1,0,1,0,1,1,0
2385,3,2,2,1,2,2,2,2,2
2386,3,0,1,1,1,1,0,0,2
2387,3,1,1,1,2,1,2,1,1
2388,3,0,0,1,0,0,0,0,0
2389,3,1,2,2,1,1,0,1,2
2390,3,1,0,1,0,2,1,0,1
2391,3,1,2,1,1,0,1,1,2
2392,3,0,0,1,0,0,0,1,1
2393,3,0,0,2,0,0,0,0,1
2394,3,1,1,2,1,1,1,1,2
2395,3,1,1,1,1,1,0,0,1
2396,3,2,2,2,2,2,2,1,2
2397,3,2,1,2,2,2,1,2,2
2398,3,1,1,1,1,0,1,1,1
2399,3,0,2,1,0,0,1,0,1
2400,3,1,1,2,1,2,0,1,2
2401,3,1,2,1,1,0,1,1,1
2402,3,2,1,2,1,1,2,1,2
2403,3,1,2,1,1,1,2,1,1
2404,3,1,2,2,2,0,0,1,2
2405,3,2,2,2,1,2,2,1,2
2406,3,1,1,1,1,1,2,1,1
2407,3,1,2,1,0,1,1,1,1
2408,3,0,1,2,0,0,0,0,1
2409,3,0,1,1,0,0,0,0,0
2410,3,2,2,2,2,2,1,2,2
2411,3,1,1,2,1,1,1,1,2
2412,3,1,1,1,1,2,1,2,1
2413,3,2,2,2,2,2,2,2,2
2414,3,0,0,2,0,0,1,1,0
2415,3,2,2,2,2,1,2,2,2
2416,3,0,1,1,0,0,0,0,1
2417,3,2,1,2,2,2,1,1,2
2418,3,1,2,2,1,1,1,1,2
2419,3,2,1,1,2,2,2,1,2
2420,3,0,1,0,0,0,0,0,1
2421,3,0,1,1,0,0,0,0,1
2422,3,0,1,1,0,1,0,0,1
2423,3,1,1,2,1,1,1,0,1
2424,3,2,2,2,2,2,2,2,2
2425,3,0,1,1,0,1,0,0,1
2426,3,0,0,1,0,0,0,0,0
2427,3,1,2,1,1,1,1,2,1
2428,3,1,1,1,1,1,1,0,2
2429,3,0,1,0,0,1,0,0,0
2430,3,1,1,1,1,1,0,1,1
2431,3,2,2,2,1,1,2,1,2
2432,3,1,2,1,1,1,1,1,1
2433,3,2,2,2,2,1,2,2,2
2434,3,2,2,2,2,2,2,2,2
2435,3,1,2,1,1,1,1,2,2
2436,3,2,2,2,2,1,1,1,2
2437,3,0,1,1,1,0,0,0,1
2438,3,1,2,2,1,1,1,1,1
2439,3,2,2,2,1,2,2,1,2
2440,3,1,1,1,1,1,1,1,1
2441,3,1,2,2,1,1,1,2,2
2442,3,1,2,2,1,1,1,1,2
2443,3,0,1,1,0,0,1,0,0
2444,3,1,1,1,1,0,2,0,1
2445,3,1,1,1,1,1,1,0,2
2446,3,2,2,1,1,2,2,2,2
2447,3,1,2,2,1,1,1,2,2
2448,3,0,1,1,0,0,0,0,1
2449,3,2,2,2,2,2,2,2,2
2450,3,1,0,2,1,1,0,1,1
2451,3,2,1,2,2,2,2,1,2
2452,3,2,2,2,1,2,1,1,2
2453,3,1,2,2,0,1,1,1,2
2454,3,2,2,2,2,1,2,2,2
2455,3,0,0,1,0,0,1,0,1
2456,3,2,2,2,2,2,2,2,2
2457,3,2,2,2,2,1,2,1,2
2458,3,1,2,2,1,1,1,0,1
2459,3,0,1,0,0,0,1,0,0
2460,3,1,1,0,1,1,1,0,1
2461,3,1,2,1,1,2,1,1,2
2462,3,1,1,2,1,1,1,1,1
2463,3,2,2,2,2,1,1,2,2
2464,3,1,2,0,1,0,1,1,1
2465,3,2,2,1,2,2,1,2,2
2466,3,1,1,1,1,1,0,0,1
2467,3,0,1,0,0,0,0,1,1
2468,3,1,2,2,2,1,1,0,2
2469,3,1,2,1,0,1,2,0,2
2470,3,1,1,1,0,1,0,1,1
2471,3,0,1,1,0,0,0,0,1
2472,3,0,1,1,0,0,1,0,1
2473,3,2,2,1,2,1,2,2,2
2474,3,1,2,1,1,0,1,1,1
2475,3,1,1,1,1,1,1,1,1
2476,3,1,1,2,1,0,1,0,2
2477,3,0,0,1,0,0,0,0,1
2478,3,0,1,2,0,1,0,0,1
2479,3,2,2,2,2,1,2,1,2
2480,3,1,0,1,1,0,1,2,1
2481,3,0,1,1,0,0,0,0,2
2482,3,2,2,2,2,1,2,2,2
2483,3,1,2,2,0,1,1,1,1
2484,3,0,1,1,0,0,0,0,0
2485,3,1,1,0,1,0,0,1,1
2486,3,1,1,2,1,1,1,1,1
2487,3,0,1,1,0,0,1,0,1
2488,3,1,1,0,1,1,1,2,1
2489,3,1,0,1,1,1,1,1,1
2490,3,1,1,0,1,1,1,0,1
2491,3,0,1,2,0,0,0,0,1
2492,3,1,2,1,1,1,1,0,1
2493,3,1,1,1,2,1,1,1,2
2494,3,0,1,1,0,0,0,0,0
2495,3,1,1,1,0,1,1,0,1
2496,3,1,1,1,1,1,1,2,1
2497,3,1,1,1,1,1,0,2,1
2498,3,2,1,2,2,2,2,1,2
2499,3,1,2,1,1,2,1,1,2
2500,3,2,2,2,2,2,2,1,2
2501,3,0,2,0,0,0,1,1,1
2502,3,1,2,2,1,1,0,1,2
2503,3,0,1,1,0,0,0,0,1
2504,3,0,1,1,0,0,0,1,1
2505,3,1,1,1,0,1,0,1,2
2506,3,2,2,2,2,2,1,2,2
2507,3,1,1,1,1,1,0,1,1
2508,3,1,1,1,1,1,1,1,0
2509,3,2,2,2,1,1,2,2,2
2510,3,0,2,0,0,0,0,0,1
2511,3,1,2,2,1,0,0,1,2
2512,3,1,1,2,1,1,1,1,1
2513,3,2,2,1,2,2,2,1,2
2514,3,1,1,2,0,1,1,1,1
2515,3,0,1,1,0,0,0,0,1
2516,3,2,2,2,2,2,2,2,1
2517,3,2,2,1,2,1,1,2,2
2518,3,1,2,1,0,1,1,1,1
2519,3,1,1,1,1,1,2,1,1
2520,3,1,1,1,1,0,1,1,2
2521,3,1,1,1,1,1,1,1,1
2522,3,2,2,2,2,1,2,1,2
2523,3,2,2,1,2,2,1,1,2
2524,3,0,1,1,0,1,0,1,1
2525,3,1,2,1,1,0,2,0,2
2526,3,2,2,1,2,2,2,2,2
2527,3,0,0,1,0,0,0,0,1
2528,3,1,2,2,2,1,2,0,2
2529,3,0,1,0,0,0,0,0,1
2530,3,0,0,1,0,0,0,1,0
2531,3,1,1,1,1,1,0,1,1
2532,3,1,2,1,1,1,0,1,1
2533,3,1,2,2,1,1,1,1,2
2534,3,1,1,1,1,1,0,0,1
2535,3,2,2,2,2,1,2,2,2
2536,3,1,2,1,1,1,0,1,2
2537,3,1,2,1,1,1,1,1,2
2538,3,1,1,1,1,1,1,2,1
2539,3,1,0,1,1,1,1,1,1
2540,3,1,2,2,1,1,0,1,2
2541,3,1,1,1,1,1,1,0,1
2542,3,2,2,2,1,2,1,1,2
2543,3,1,1,2,1,1,1,2,2
2544,3,2,2,2,2,2,1,2,2
2545,3,2,2,1,2,1,2,2,2
2546,3,0,1,1,0,1,0,1,1
2547,3,1,1,1,1,1,0,2,1
2548,3,0,1,0,0,0,0,0,0
2549,3,2,1,1,2,1,2,2,1
2550,3,1,1,1,1,1,0,1,1
2551,3,0,0,0,1,0,0,1,0
2552,3,2,2,1,2,2,1,2,2
2553,3,0,2,1,0,0,0,1,1
2554,3,0,1,2,0,0,0,0,1
2555,3,1,1,1,1,0,1,0,1
2556,3,1,1,2,1,1,0,1,2
2557,3,1,2,2,1,1,0,1,2
2558,3,1,2,1,0,1,1,1,2
2559,3,0,1,2,0,0,1,0,0
2560,3,1,1,2,1,1,0,1,2
2561,3,1,0,2,1,2,1,1,1
2562,3,2,2,1,2,2,2,2,2
2563,3,1,2,1,1,1,2,1,1
2564,3,1,1,2,1,1,2,1,1
2565,3,1,1,1,2,1,1,1,2
2566,3,1,2,2,1,1,1,1,2
2567,3,2,2,2,2,1,2,2,2
2568,3,1,1,2,1,1,1,0,1
2569,3,1,1,2,0,1,1,1,2
2570,3,0,0,2,0,0,0,0,1
2571,3,0,0,1,0,1,1,0,1
2572,3,0,1,1,0,1,1,0,1
2573,3,1,1,1,1,1,1,1,1
2574,3,2,2,2,2,2,2,1,2
2575,3,2,2,1,2,2,2,2,2
2576,3,1,1,1,0,0,1,1,1
2577,3,1,1,2,1,1,1,1,1
2578,3,2,2,2,2,2,1,2,2
2579,3,2,2,2,2,1,2,1,2
2580,3,1,1,1,1,0,1,0,2
2581,3,0,0,1,0,0,0,1,0
2582,3,1,1,1,2,1,0,1,1
2583,3,0,1,0,0,1,0,1,1
2584,3,2,2,1,2,2,1,2,2
2585,3,2,2,1,2,2,2,1,2
2586,3,0,1,1,0,0,0,0,1
2587,3,1,2,1,1,1,1,2,1
2588,3,2,2,2,2,1,1,2,2
2589,3,1,2,1,1,1,0,1,2
2590,3,2,2,1,2,2,1,1,1
2591,3,2,2,2,2,2,2,2,2
2592,3,1,2,1,1,1,1,1,1
2593,3,1,1,1,1,1,1,2,1
2594,3,0,1,1,0,0,0,0,1
2595,3,1,1,1,0,1,0,1,1
2596,3,0,0,1,0,0,0,1,1
2597,3,2,2,2,2,2,2,1,2
2598,3,1,1,1,0,0,1,0,1
2599,3,2,2,2,2,2,2,1,2
2600,3,1,1,2,1,1,1,1,1
2601,3,1,1,1,1,1,1,1,1
2602,3,2,2,2,1,2,2,1,2
2603,3,0,0,2,0,0,0,1,0
2604,3,1,2,2,0,1,1,1,2
2605,3,1,1,1,2,0,1,1,1
2606,3,2,2,2,2,1,1,1,2
2607,3,2,2,2,1,2,2,1,2
2608,3,0,1,1,0,0,0,0,1
2609,3,2,2,2,2,2,2,1,2
2610,3,1,2,1,1,1,0,0,2
2611,3,0,1,0,0,0,0,0,0
2612,3,1,1,1,1,1,1,1,1
2613,3,2,2,1,2,2,2,2,1
2614,3,1,1,2,1,0,1,1,1
2615,3,1,2,1,0,1,1,1,1
2616,3,1,1,2,2,1,0,0,1
2617,3,1,2,1,1,1,1,1,1
2618,3,1,2,2,2,2,1,1,1
2619,3,2,2,2,1,2,1,2,2
2620,3,2,2,1,2,2,2,1,2
2621,3,0,0,1,0,0,0,0,1
2622,3,1,2,1,0,1,1,1,2
2623,3,1,1,1,1,0,1,0,2
2624,3,1,2,1,1,1,1,1,1
2625,3,2,1,2,1,2,2,1,2
2626,3,1,1,1,1,2,1,1,2
2627,3,2,2,2,2,2,2,2,2
2628,3,2,1,1,2,1,2,2,1
2629,3,2,1,2,2,2,2,2,2
2630,3,1,2,1,1,1,1,1,2
2631,3,1,1,1,1,1,1,1,2
2632,3,1,2,1,2,1,1,1,2
2633,3,1,2,2,1,2,1,0,2
2634,3,1,1,2,1,1,1,1,2
2635,3,0,1,1,0,0,1,0,1
2636,3,2,2,2,2,2,2,2,2
2637,3,1,1,2,1,1,1,1,1
2638,3,2,2,2,2,2,2,2,2
2639,3,1,1,2,1,1,1,0,1
2640,3,0,1,1,0,0,0,0,1
2641,3,2,2,2,1,2,2,1,2
2642,3,0,0,1,0,0,0,1,1
2643,3,0,1,2,0,0,0,0,1
2644,3,2,2,2,1,2,1,2,2
2645,3,1,2,1,1,1,1,0,1
2646,3,1,2,1,1,1,1,1,1
2647,3,2,2,1,2,1,2,2,2
2648,3,1,2,1,1,1,1,1,2
2649,3,1,1,2,1,2,0,1,2
2650,3,1,1,1,1,0,1,0,1
2651,3,1,1,2,0,0,0,1,1
2652,3,1,2,1,1,0,1,1,2
2653,3,0,1,0,0,0,0,1,1
2654,3,1,1,0,1,1,1,1,1
2655,3,0,0,1,0,0,1,1,1
2656,3,0,2,1,0,0,0,0,1
2657,3,2,2,1,2,2,2,1,2
2658,3,1,2,0,2,1,1,1,1
2659,3,0,0,2,1,0,0,0,1
2660,3,1,1,1,1,1,1,1,2
2661,3,1,1,1,1,1,1,1,1
2662,3,0,0,1,1,0,0,0,1
2663,3,2,2,2,2,2,0,2,2
2664,3,0,1,1,0,0,1,0,1
2665,3,0,0,2,0,0,0,0,1
2666,3,1,2,2,0,1,0,1,2
2667,3,0,1,0,0,0,0,0,1
2668,3,0,0,1,0,0,1,0,0
2669,3,1,1,2,1,1,1,1,2
2670,3,0,1,1,0,0,0,0,1
2671,3,1,1,2,1,1,1,0,2
2672,3,0,1,0,0,0,0,0,0
2673,3,2,2,2,1,2,1,2,2
2674,3,0,1,1,0,0,1,0,1
2675,3,1,1,2,1,1,1,1,1
2676,3,1,2,1,1,1,1,1,1
2677,3,1,2,2,1,0,1,0,2
2678,3,2,2,2,2,2,1,1,2
2679,3,1,1,2,1,0,1,0,1
2680,3,1,1,1,1,1,2,1,1
2681,3,1,2,1,1,1,1,1,2
2682,3,1,2,1,1,1,1,1,2
2683,3,1,2,1,1,0,0,2,1
2684,3,0,2,1,0,0,0,0,1
2685,3,1,1,2,1,1,1,1,1
2686,3,0,0,1,0,0,0,2,0
2687,3,1,2,2,1,1,1,2,2
2688,3,2,2,2,2,2,2,1,2
2689,3,1,1,2,2,1,2,1,2
2690,3,2,2,2,2,2,2,1,2
2691,3,2,2,2,2,1,2,2,2
2692,3,0,0,1,1,0,0,0,1
2693,3,0,0,2,0,0,0,0,0
2694,3,2,2,1,2,0,2,2,2
2695,3,0,1,0,0,0,0,0,0
2696,3,2,2,2,2,2,1,1,2
2697,3,0,1,2,1,0,1,1,0
2698,3,0,1,1,0,1,0,0,1
2699,3,1,1,1,1,0,1,2,1
2700,3,1,1,2,1,1,1,1,1
2701,3,2,2,2,2,2,2,1,2
2702,3,0,1,0,0,0,0,0,0
2703,3,0,0,0,0,0,0,0,0
2704,3,2,2,2,2,2,2,2,2
2705,3,1,1,1,1,1,2,0,1
2706,3,1,2,2,1,1,1,1,2
2707,3,1,1,1,1,1,2,2,0
2708,3,2,2,2,2,2,1,2,2
2709,3,2,2,2,2,1,2,1,2
2710,3,1,2,1,1,1,1,0,1
2711,3,1,2,1,1,0,1,0,1
2712,3,0,1,2,0,0,1,0,1
2713,3,0,1,1,0,0,0,1,1
2714,3,1,2,2,2,2,1,1,2
2715,3,1,1,2,1,1,1,1,1
2716,3,1,1,1,1,1,1,1,1
2717,3,1,2,2,1,1,1,0,1
2718,3,1,1,2,1,1,0,1,2
2719,3,1,1,1,1,1,1,1,1
2720,3,2,2,2,2,2,2,2,2
2721,3,1,2,2,1,1,1,0,1
2722,3,1,1,2,1,0,1,0,2
2723,3,0,1,1,0,0,0,0,1
2724,3,0,1,1,0,0,0,0,1
2725,3,0,1,1,0,0,0,1,0
2726,3,1,2,2,1,1,1,1,1
2727,3,1,1,2,1,0,1,1,2
2728,3,1,1,2,0,0,1,1,2
2729,3,0,1,1,0,1,0,0,1
2730,3,1,1,2,1,1,1,1,1
2731,3,0,1,1,0,0,0,0,1
2732,3,1,2,2,1,1,1,0,1
2733,3,2,1,2,2,1,2,1,1
2734,3,1,1,1,2,1,0,1,2
2735,3,1,1,2,1,1,1,2,1
2736,3,0,0,1,0,1,0,0,0
2737,3,1,1,1,1,1,0,1,1
2738,3,2,2,2,2,2,1,1,2
2739,3,1,1,1,1,1,0,2,1
2740,3,2,2,2,2,1,1,1,2
2741,3,2,2,1,2,1,2,1,1
2742,3,2,2,2,2,2,1,2,2
2743,3,1,1,1,1,1,1,0,1
2744,3,1,1,2,1,1,1,0,2
2745,3,0,0,0,0,1,0,0,0
2746,3,2,2,2,1,2,1,2,2
2747,3,0,2,1,0,0,0,0,1
2748,3,2,2,2,2,1,2,1,2
2749,3,2,2,1,2,1,2,2,2
2750,3,1,2,1,1,0,1,1,1
2751,3,2,2,1,2,2,1,1,2
2752,3,1,1,2,1,1,1,1,2
2753,3,2,2,2,1,1,1,2,2
2754,3,1,2,1,1,1,0,1,1
2755,3,0,1,0,1,0,0,0,1
2756,3,1,1,1,1,1,1,1,1
2757,3,0,1,2,0,0,0,0,1
2758,3,1,1,2,0,0,1,1,1
2759,3,2,2,2,2,2,2,1,2
2760,3,2,2,1,2,2,2,2,2
2761,3,1,2,2,1,1,1,1,2
2762,3,1,2,2,1,1,1,2,2
2763,3,1,1,1,1,1,1,1,1
2764,3,1,2,2,1,0,1,1,2
2765,3,1,0,2,0,1,1,1,1
2766,3,2,2,2,2,1,2,2,2
2767,3,1,2,1,1,0,1,1,1
2768,3,2,2,2,2,2,2,1,2
2769,3,1,2,2,0,1,1,0,2
2770,3,2,1,2,1,1,2,2,2
2771,3,1,1,1,1,1,1,1,1
2772,3,1,1,1,1,1,2,1,1
2773,3,1,1,2,1,1,1,1,2
2774,3,1,1,1,1,1,1,1,1
2775,3,2,2,1,1,2,2,2,2
2776,3,1,1,1,0,1,2,1,1
2777,3,1,2,1,1,2,1,2,1
2778,3,2,2,2,2,2,2,1,2
2779,3,1,1,1,1,1,1,0,1
2780,3,1,1,0,1,2,1,1,1
2781,3,0,0,2,0,0,0,0,1
2782,3,2,2,2,2,2,2,2,2
2783,3,1,1,1,1,1,1,0,1
2784,3,1,1,1,1,1,1,1,1
2785,3,1,1,0,0,1,0,0,1
2786,3,2,2,2,2,2,2,2,2
2787,3,0,1,1,0,0,0,0,1
2788,3,1,2,2,0,0,1,1,2
2789,3,1,2,2,1,0,1,1,2
2790,3,2,2,2,2,2,1,2,2
2791,3,1,2,2,1,1,1,2,2
2792,3,0,0,1,0,0,0,0,0
2793,3,2,2,2,2,1,1,2,2
2794,3,1,1,0,2,1,1,1,1
2795,3,0,1,2,0,0,0,0,1
2796,3,1,1,1,1,1,1,1,1
2797,3,2,2,1,2,1,1,2,2
2798,3,1,0,1,1,0,2,1,1
2799,3,1,1,1,1,1,1,0,1
2800,3,1,1,2,2,2,2,1,2
2801,3,1,1,1,1,0,1,0,1
2802,3,1,1,1,1,1,1,2,1
2803,3,1,2,2,1,1,1,1,2
2804,3,0,0,1,0,0,0,1,1
2805,3,1,2,1,0,1,1,1,2
2806,3,1,1,2,1,1,1,1,2
2807,3,1,1,1,1,1,0,1,0
2808,3,1,2,1,1,1,1,1,1
2809,3,1,1,2,1,2,0,1,1
2810,3,1,1,1,1,0,1,0,1
2811,3,1,2,2,2,2,0,1,2
2812,3,1,2,2,1,1,1,1,2
2813,3,1,1,1,0,1,1,1,1
2814,3,2,2,2,1,2,2,1,2
2815,3,0,1,1,0,0,0,1,1
2816,3,2,2,1,1,1,1,1,2
2817,3,2,2,2,2,2,1,1,2
2818,3,2,2,2,2,2,1,2,2
2819,3,1,2,2,1,0,2,1,1
2820,3,0,1,0,0,1,0,0,1
2821,3,2,2,2,2,2,2,1,2
2822,3,1,1,1,1,1,1,1,1
2823,3,0,1,0,0,0,0,0,1
2824,3,0,1,1,0,0,0,1,1
2825,3,1,1,1,1,1,1,1,1
2826,3,1,2,2,1,1,0,0,2
2827,3,1,1,1,1,0,2,1,1
2828,3,1,1,1,1,0,0,0,1
2829,3,2,2,1,2,2,1,2,2
2830,3,1,1,1,1,1,1,1,1
2831,3,0,2,1,0,0,0,0,1
2832,3,1,2,2,1,1,0,1,1
2833,3,0,1,1,0,0,0,0,1
2834,3,1,2,2,0,1,1,0,2
2835,3,1,2,1,2,2,0,1,1
2836,3,1,0,1,2,1,1,1,1
2837,3,2,2,2,2,2,2,1,2
2838,3,2,2,2,2,2,2,1,2
2839,3,1,1,1,1,1,0,0,1
2840,3,1,2,2,1,0,1,1,2
2841,3,2,2,1,2,2,2,1,2
2842,3,2,2,1,2,2,2,2,2
2843,3,2,1,2,1,2,2,1,2
2844,3,1,2,2,1,0,1,1,2
2845,3,2,2,2,1,2,1,2,2
2846,3,0,1,0,0,0,1,0,0
2847,3,1,1,2,1,1,1,1,2
2848,3,1,2,1,2,1,0,2,1
2849,3,0,1,1,0,0,0,0,1
2850,3,2,1,2,2,1,2,1,2
2851,3,1,1,1,1,1,1,1,1
2852,3,1,2,2,1,1,1,1,2
2853,3,1,2,2,1,1,1,1,2
2854,3,1,2,2,1,1,1,2,1
2855,3,1,1,1,1,1,1,1,1
2856,3,1,2,1,1,2,1,1,2
2857,3,1,1,1,0,0,1,1,1
2858,3,1,2,2,0,1,0,1,2
2859,3,0,1,1,0,0,0,0,0
2860,3,0,1,2,0,0,0,0,1
2861,3,0,0,1,0,0,0,0,0
2862,3,1,2,1,1,1,0,1,2
2863,3,1,1,1,1,2,0,0,2
2864,3,1,2,2,1,2,1,2,2
2865,3,1,1,1,1,1,0,1,1
2866,3,2,2,2,1,1,1,1,2
2867,3,1,1,2,1,2,1,0,2
2868,3,1,2,2,0,1,0,0,2
2869,3,1,1,2,1,1,1,0,2
2870,3,2,2,2,2,2,2,1,2
2871,3,1,2,2,1,1,1,1,2
2872,3,1,1,2,1,0,1,1,1
2873,3,1,1,2,1,0,1,1,2
2874,3,0,1,1,0,0,0,0,1
2875,3,1,1,1,2,1,1,1,2
2876,3,0,1,0,1,0,0,1,1
2877,3,2,1,2,2,2,2,2,2
2878,3,1,2,0,1,1,1,0,1
2879,3,2,2,1,2,1,2,1,2
2880,3,0,0,1,0,0,1,1,1
2881,3,1,2,2,1,0,1,0,2
2882,3,1,2,2,1,1,1,1,2
2883,3,1,2,1,1,1,1,1,2
2884,3,0,1,1,0,0,0,0,1
2885,3,0,1,1,0,0,0,0,0
2886,3,2,2,2,1,2,2,1,2
2887,3,0,1,0,0,0,0,0,1
2888,3,0,0,0,0,0,0,0,0
2889,3,1,2,1,1,0,1,1,2
2890,3,0,1,0,0,0,0,0,1
2891,3,1,1,1,1,1,0,1,1
2892,3,2,2,2,2,2,2,2,2
2893,3,1,1,1,1,0,1,0,1
2894,3,0,1,1,0,0,0,0,1
2895,3,0,1,1,0,0,0,1,1
2896,3,1,2,1,0,1,1,1,2
2897,3,2,1,2,2,2,2,2,2
2898,3,1,2,1,1,1,2,1,2
2899,3,1,1,1,1,1,1,1,1
2900,3,2,1,2,2,2,1,1,2
2901,3,0,0,1,0,1,0,1,0
2902,3,1,0,1,1,1,2,2,1
2903,3,2,1,2,2,2,1,2,2
2904,3,1,1,2,1,1,0,1,2
2905,3,1,2,1,1,1,0,1,1
2906,3,0,0,0,0,0,1,0,1
2907,3,1,2,2,1,2,2,1,1
2908,3,0,1,2,0,0,0,0,1
2909,3,1,1,1,1,0,2,1,1
2910,3,1,2,2,1,1,0,0,2
2911,3,0,0,1,0,0,1,0,1
2912,3,0,1,1,0,0,1,1,0
2913,3,1,1,0,1,1,1,2,0
2914,3,0,2,1,0,0,1,1,1
2915,3,1,2,2,1,0,1,1,1
2916,3,2,2,2,1,1,2,0,2
2917,3,0,1,1,0,0,0,0,1
2918,3,1,1,2,1,1,1,1,2
2919,3,0,1,1,0,0,0,1,1
2920,3,2,2,2,2,2,2,2,2
2921,3,2,2,2,2,2,2,1,2
2922,3,0,1,1,0,0,0,0,1
2923,3,0,1,1,0,0,0,1,1
2924,3,1,2,2,1,1,1,1,2
2925,3,0,0,1,0,0,1,0,1
2926,3,1,2,1,1,1,0,1,1
2927,3,2,2,2,2,2,2,1,2
2928,3,1,2,2,1,1,1,1,2
2929,3,1,1,1,2,2,1,1,2
2930,3,0,1,0,0,1,0,0,0
2931,3,0,1,1,0,0,0,0,1
2932,3,0,1,1,0,0,0,1,0
2933,3,1,2,2,1,1,1,1,1
2934,3,1,1,2,1,1,0,1,1
2935,3,1,1,1,1,1,1,1,1
2936,3,2,2,1,2,2,2,2,2
2937,3,0,1,1,0,1,1,0,1
2938,3,0,2,2,0,1,0,0,1
2939,3,0,1,1,0,0,0,1,1
2940,3,1,0,2,1,1,1,1,1
2941,3,0,0,2,1,0,1,1,1
2942,3,2,2,2,1,2,2,2,2
2943,3,0,1,1,0,0,0,0,0
2944,3,2,2,2,1,1,2,1,2
2945,3,0,1,1,0,1,0,0,1
2946,3,0,2,1,0,0,0,0,1
2947,3,1,2,1,1,0,1,0,1
2948,3,2,2,1,2,1,1,1,2
2949,3,2,2,1,2,2,1,2,1
2950,3,1,2,1,1,1,1,0,2
2951,3,1,2,2,1,1,1,0,1
2952,3,2,2,2,2,2,1,2,2
2953,3,1,1,1,1,2,1,1,1
2954,3,0,1,1,0,0,0,0,1
2955,3,1,1,1,1,1,0,0,1
2956,3,0,1,0,0,0,1,1,1
2957,3,2,2,2,2,2,2,1,2
2958,3,0,0,1,0,0,0,1,1
2959,3,1,2,1,1,1,1,1,1
2960,3,1,2,1,1,1,1,0,1
2961,3,1,0,2,1,1,1,0,2
2962,3,2,2,2,2,2,2,2,2
2963,3,2,2,2,2,2,1,1,2
2964,3,2,1,2,2,2,2,1,2
2965,3,1,1,2,0,1,1,1,2
2966,3,1,2,1,1,1,1,1,2
2967,3,0,0,2,0,0,0,2,1
2968,3,0,1,1,0,0,0,1,1
2969,3,0,1,1,0,0,0,0,2
2970,3,0,2,1,0,1,0,0,1
2971,3,0,1,2,0,0,0,0,0
2972,3,1,1,1,1,1,1,1,1
2973,3,0,1,1,0,0,0,0,1
2974,3,1,2,2,1,1,1,0,2
2975,3,1,2,1,1,1,1,1,1
2976,3,1,2,1,1,1,0,1,2
2977,3,1,1,1,1,1,0,0,1
2978,3,1,1,1,1,2,1,0,1
2979,3,0,1,1,0,0,0,0,1
2980,3,1,1,2,0,0,2,2,2
2981,3,0,1,1,1,0,1,1,1
2982,3,1,1,1,0,1,1,1,1
2983,3,0,0,1,0,0,1,0,0
2984,3,0,1,2,0,0,0,0,1
2985,3,2,2,2,1,1,1,2,2
2986,3,2,2,2,2,1,2,1,2
2987,3,2,2,2,2,2,2,1,2
2988,3,1,1,2,1,1,0,1,1
2989,3,2,2,2,2,2,2,1,2
2990,3,1,1,2,1,1,1,2,1
2991,3,1,0,2,0,2,0,1,2
2992,3,1,1,2,0,1,2,0,2
2993,3,0,1,1,1,1,0,0,1
2994,3,2,2,2,2,2,2,2,2
2995,3,2,2,1,2,2,1,2,1
2996,3,2,2,1,1,2,2,1,2
2997,3,2,1,1,2,2,2,2,1
2998,3,2,1,2,2,2,2,2,2
2999,3,2,2,2,2,1,2,2,2
3000,3,1,1,2,1,0,1,1,2
3001,3,0,1,1,0,0,0,0,1
3002,3,1,2,2,1,0,1,1,2
3003,3,2,1,2,2,2,1,2,2
3004,3,2,2,2,1,2,1,2,2
3005,3,1,1,2,1,0,1,1,1
3006,3,1,2,1,1,1,1,0,1
3007,3,2,2,2,2,1,2,2,2
3008,3,2,2,2,2,2,2,2,2
3009,3,0,1,2,0,0,0,1,1
3010,3,2,2,2,2,2,2,1,2
3011,3,0,2,1,0,0,0,0,1
3012,3,0,1,1,0,0,0,0,1
3013,3,0,1,1,0,0,0,0,1
3014,3,0,1,0,0,0,0,0,0
3015,3,1,1,1,1,1,1,2,2
3016,3,1,0,1,1,1,0,1,0
3017,3,2,2,2,2,1,1,1,2
3018,3,1,1,2,1,1,1,1,2
3019,3,0,1,0,0,0,0,0,0
3020,3,1,2,2,1,1,1,0,1
3021,3,0,1,2,0,1,0,0,1
3022,3,2,2,2,2,1,2,2,2
3023,3,1,2,2,1,1,1,1,1
3024,3,1,0,2,1,1,0,1,1
3025,3,2,2,2,2,2,2,1,2
3026,3,1,1,1,1,1,1,1,2
3027,3,1,1,1,1,1,1,1,1
3028,3,1,2,2,0,2,2,1,2
3029,3,2,2,2,2,2,2,1,2
3030,3,0,1,1,0,0,0,0,1
3031,3,1,1,2,1,0,1,1,1
3032,3,1,2,2,1,1,1,1,2
3033,3,0,0,0,0,0,0,0,1
3034,3,2,2,2,1,2,2,1,2
3035,3,2,2,2,2,1,1,0,2
3036,3,0,1,1,0,0,1,0,1
3037,3,1,2,1,1,1,0,1,2
3038,3,2,2,1,2,2,1,2,2
3039,3,1,2,2,0,1,1,1,2
3040,3,1,1,1,1,1,0,1,1
3041,3,0,0,1,1,1,0,1,1
3042,3,2,2,2,2,1,2,1,2
3043,3,1,1,1,1,0,1,0,1
3044,3,1,2,2,1,1,1,1,2
3045,3,1,2,2,1,0,1,1,2
3046,3,2,2,1,2,2,2,2,2
3047,3,1,2,2,2,1,1,0,2
3048,3,0,1,0,0,1,0,0,1
3049,3,1,2,1,1,1,1,1,2
3050,3,2,2,2,1,1,2,2,2
3051,3,1,1,1,1,1,0,0,1
3052,3,0,1,0,0,0,1,0,0
3053,3,1,1,2,1,1,1,1,1
3054,3,1,2,1,2,1,1,1,2
3055,3,1,2,2,1,2,1,1,2
3056,3,0,0,0,0,1,0,0,1
3057,3,1,1,2,0,1,0,0,1
3058,3,1,1,1,1,1,1,0,1
3059,3,0,1,1,1,1,0,0,1
3060,3,0,0,1,0,0,0,1,1
3061,3,0,1,0,0,0,0,0,1
3062,3,1,2,1,2,1,1,2,1
3063,3,0,0,1,0,1,0,1,1
3064,3,0,0,0,1,0,0,0,1
3065,3,1,1,1,1,2,0,1,1
3066,3,1,1,2,0,0,1,1,1
3067,3,1,2,2,1,2,1,1,2
3068,3,1,1,1,1,1,0,0,1
3069,3,0,1,0,0,0,0,0,1
3070,3,2,2,2,2,1,2,1,2
3071,3,2,1,1,2,2,1,2,2
3072,3,1,1,2,1,2,1,0,1
3073,3,2,1,2,2,2,2,2,2
3074,3,2,2,1,2,1,2,1,2
3075,3,2,2,1,2,2,2,2,2
3076,3,1,2,1,0,0,1,1,1
3077,3,1,1,1,1,1,1,1,1
3078,3,2,2,2,2,1,1,1,2
3079,3,1,2,1,1,1,1,1,1
3080,3,2,2,2,2,2,2,1,2
3081,3,1,1,2,1,0,1,0,1
3082,3,2,2,1,2,2,1,1,2
3083,3,1,1,1,1,1,2,1,2
3084,3,2,2,2,1,1,2,1,2
3085,3,0,1,1,0,0,0,0,1
3086,3,1,1,2,1,2,1,1,2
3087,3,0,0,0,0,1,0,0,0
3088,3,1,1,2,1,1,1,1,1
3089,3,1,1,2,1,1,2,1,1
3090,3,2,1,2,1,2,1,2,2
3091,3,0,1,1,1,1,0,0,1
3092,3,2,2,2,2,2,1,2,2
3093,3,2,2,1,2,2,2,1,2
3094,3,1,2,2,1,2,1,1,2
3095,3,0,1,2,0,0,0,1,1
3096,3,2,2,2,2,2,2,1,2
3097,3,1,1,1,0,1,0,1,2
3098,3,1,1,1,2,1,2,1,1
3099,3,1,2,1,1,1,1,1,1
3100,3,1,1,1,1,1,1,1,2
3101,3,0,1,1,0,0,1,1,1
3102,3,1,1,1,1,0,1,2,2
3103,3,0,2,1,1,0,0,1,1
3104,3,0,1,0,0,0,0,1,1
3105,3,2,2,2,1,1,2,2,1
3106,3,1,1,1,1,1,1,0,2
3107,3,2,1,1,2,2,2,2,2
3108,3,2,2,2,2,2,1,1,2
3109,3,0,1,1,0,0,0,1,1
3110,3,1,2,1,1,1,2,1,2
3111,3,2,2,2,2,2,2,1,2
3112,3,0,1,1,1,0,0,0,0
3113,3,1,1,1,1,1,1,0,1
3114,3,2,2,2,2,2,2,1,1
3115,3,1,1,2,1,1,1,1,1
3116,3,1,1,2,1,1,2,0,2
3117,3,1,1,1,1,1,1,1,1
3118,3,2,2,1,2,2,2,1,2
3119,3,1,2,2,2,1,1,1,1
3120,3,1,2,1,1,1,0,1,1
3121,3,2,2,1,2,1,2,1,2
3122,3,2,1,2,1,1,2,1,2
3123,3,1,1,1,1,1,1,2,1
3124,3,0,1,1,0,0,0,0,1
3125,3,1,1,1,1,1,1,1,1
3126,3,1,1,2,1,0,1,1,1
3127,3,1,1,1,0,0,2,1,2
3128,3,1,2,1,2,1,1,1,1
3129,3,2,2,2,1,2,2,1,2
3130,3,1,1,1,1,1,1,2,2
3131,3,1,2,0,1,1,1,1,2
3132,3,2,2,2,2,2,1,2,2
3133,3,1,1,2,1,1,0,2,1
3134,3,2,2,2,2,1,1,2,2
3135,3,1,0,1,1,1,1,1,2
3136,3,0,1,1,0,0,0,1,1
3137,3,2,1,1,2,2,1,2,2
3138,3,1,1,2,1,1,1,1,1
3139,3,0,1,1,0,0,0,0,1
3140,3,2,2,2,2,2,2,2,2
3141,3,1,1,2,1,1,1,1,2
3142,3,0,1,1,0,0,0,1,0
3143,3,1,1,2,1,1,1,1,1
3144,3,2,1,2,1,2,2,2,2
3145,3,1,1,2,1,2,1,1,2
3146,3,2,2,2,2,1,2,1,2
3147,3,1,1,1,1,1,1,1,2
3148,3,2,2,1,2,1,2,2,2
3149,3,2,1,2,2,2,2,2,2
3150,3,1,1,2,1,1,1,0,2
3151,3,1,1,2,1,2,0,1,2
3152,3,2,1,2,2,2,1,1,2
3153,3,1,1,2,1,1,1,1,1
3154,3,1,2,2,2,1,1,0,2
3155,3,1,2,1,0,0,1,1,2
3156,3,2,2,2,1,2,1,1,2
3157,3,2,2,2,2,2,1,1,2
3158,3,0,1,1,0,0,0,0,1
3159,3,2,2,2,2,1,2,1,1
3160,3,1,1,1,0,2,1,1,1
3161,3,1,2,2,1,1,2,0,2
3162,3,0,2,2,0,1,1,1,1
3163,3,1,2,1,1,1,1,1,1
3164,3,1,1,1,1,1,1,1,1
3165,3,1,2,1,1,0,1,1,1
3166,3,1,2,1,1,2,1,0,2
3167,3,2,2,1,2,2,2,2,2
3168,3,0,1,1,0,0,0,0,0
3169,3,1,1,1,1,1,1,1,2
3170,3,1,2,1,1,1,1,1,2
3171,3,2,2,2,2,2,1,2,2
3172,3,2,1,2,1,2,2,2,2
3173,3,1,2,2,1,0,1,1,2
3174,3,0,1,0,0,1,0,0,1
3175,3,0,1,1,0,0,1,0,1
3176,3,0,1,0,0,0,1,0,0
3177,3,1,2,1,1,1,0,0,2
3178,3,0,1,0,0,0,0,0,1
3179,3,0,1,0,0,0,0,0,1
3180,3,2,1,2,1,1,2,1,1
3181,3,2,2,2,2,1,2,0,2
3182,3,0,1,0,0,0,0,0,0
3183,3,1,1,1,2,1,2,1,1
3184,3,2,2,2,1,1,1,2,2
3185,3,2,2,2,2,2,2,2,2
3186,3,1,2,1,1,0,2,0,1
3187,3,1,1,2,1,1,0,1,2
3188,3,1,2,2,1,0,0,1,1
3189,3,2,2,2,2,1,2,1,2
3190,3,0,2,1,1,0,0,0,1
3191,3,0,2,0,0,1,1,0,1
3192,3,0,1,2,0,1,1,0,1
3193,3,1,1,2,1,1,1,1,2
3194,3,2,1,1,2,2,1,1,1
3195,3,0,1,1,0,0,1,0,1
3196,3,1,1,1,1,1,1,1,1
3197,3,2,2,2,1,2,2,2,2
3198,3,1,2,0,1,1,1,1,0
3199,3,2,2,2,1,2,2,1,2
3200,3,1,2,1,1,2,1,1,2
3201,3,2,1,2,2,2,2,2,2
3202,3,0,0,1,0,0,0,1,1
3203,3,1,2,1,1,1,0,1,2
3204,3,0,1,2,0,1,1,0,1
3205,3,1,2,2,1,1,1,1,1
3206,3,1,1,2,1,2,1,0,2
3207,3,1,1,1,2,1,1,1,1
3208,3,2,1,2,2,1,2,2,1
3209,3,2,1,1,2,1,1,1,2
3210,3,0,1,1,0,1,0,0,1
3211,3,1,2,2,2,1,1,1,1
3212,3,0,1,1,0,0,0,0,1
3213,3,1,2,2,1,0,1,1,2
3214,3,0,1,1,0,0,0,0,0
3215,3,0,0,1,0,0,1,1,0
3216,3,1,1,2,1,1,0,2,1
3217,3,1,2,2,0,0,1,0,1
3218,3,2,2,2,2,1,1,2,2
3219,3,1,1,1,1,0,1,1,2
3220,3,2,2,1,2,1,2,2,2
3221,3,2,2,2,1,2,2,1,1
3222,3,2,2,1,2,2,2,1,2
3223,3,1,1,1,1,1,1,2,1
3224,3,1,1,2,0,1,1,0,1
3225,3,0,1,2,1,0,0,1,1
3226,3,1,1,1,1,1,1,1,1
3227,3,1,2,2,1,1,1,0,2
3228,3,2,2,1,2,1,1,0,1
3229,3,1,2,2,1,1,1,1,2
3230,3,1,1,1,1,1,2,1,1
3231,3,2,2,2,2,1,2,1,2
3232,3,2,2,1,2,2,2,1,2
3233,3,1,2,2,1,1,1,0,1
3234,3,0,1,0,0,0,0,1,1
3235,3,1,2,1,0,1,1,1,1
3236,3,2,2,2,2,2,1,1,2
3237,3,1,1,1,1,1,1,0,1
3238,3,1,2,2,1,1,1,1,2
3239,3,0,0,1,1,0,0,0,0
3240,3,2,2,1,1,2,2,2,1
3241,3,0,0,2,1,1,1,0,0
3242,3,0,1,2,0,0,0,1,1
3243,3,0,1,0,1,0,0,1,0
3244,3,1,2,1,1,0,1,0,1
3245,3,1,2,2,1,1,1,1,2
3246,3,2,2,2,1,2,2,2,2
3247,3,1,2,2,0,1,1,1,2
3248,3,1,1,2,2,1,1,1,1
3249,3,0,1,1,1,0,1,1,1
3250,3,2,2,2,2,2,1,1,2
3251,3,1,1,1,0,1,0,0,1
3252,3,1,1,1,1,0,1,1,2
3253,3,1,1,0,1,2,2,1,1
3254,3,2,2,1,2,1,2,1,2
3255,3,2,1,1,2,2,2,2,2
3256,3,0,1,1,0,0,0,0,1
3257,3,1,2,2,1,0,1,1,2
3258,3,1,1,1,0,1,1,0,1
3259,3,0,1,1,0,0,1,0,1
3260,3,1,2,1,1,0,1,0,1
3261,3,0,1,0,0,0,1,0,0
3262,3,1,1,1,1,0,1,0,2
3263,3,1,1,1,1,1,1,1,1
3264,3,0,1,1,0,1,0,0,0
3265,3,0,1,1,0,0,0,0,1
3266,3,1,1,1,1,1,1,0,1
3267,3,1,2,2,1,1,1,1,1
3268,3,1,0,1,1,1,2,0,1
3269,3,1,1,2,1,0,1,0,1
3270,3,1,1,2,1,2,1,1,1
3271,3,1,1,1,1,1,1,1,1
3272,3,1,1,2,1,1,2,1,1
3273,3,1,1,1,0,1,1,0,1
3274,3,2,2,2,2,1,2,2,2
3275,3,0,2,1,0,0,0,0,1
3276,3,2,2,2,1,2,1,2,2
3277,3,1,1,1,1,1,1,1,1
3278,3,0,0,1,0,0,0,0,0
3279,3,1,1,1,1,1,1,0,1
3280,3,0,0,1,0,0,0,1,1
3281,3,1,2,1,1,2,1,1,1
3282,3,1,1,1,1,0,1,1,2
3283,3,2,2,1,2,1,2,1,2
3284,3,1,1,2,1,1,2,1,2
3285,3,2,2,2,2,1,2,1,2
3286,3,2,1,1,2,1,2,2,1
3287,3,1,2,2,1,0,1,1,2
3288,3,2,1,2,2,1,2,1,1
3289,3,0,1,1,1,0,0,0,1
3290,3,2,2,2,1,2,2,2,2
3291,3,1,1,1,2,2,1,1,1
3292,3,2,2,2,2,2,1,2,2
3293,3,1,1,1,1,1,1,1,2
3294,3,1,2,1,1,1,1,1,1
3295,3,1,1,1,1,1,1,0,2
3296,3,1,1,1,1,1,0,1,1
3297,3,1,1,2,1,1,1,1,1
3298,3,0,0,1,0,0,0,1,1
3299,3,0,0,0,0,0,0,0,0
3300,3,1,1,1,1,1,1,2,2
3301,3,1,0,1,1,2,1,0,1
3302,3,2,2,2,2,2,2,1,2
3303,3,2,2,2,2,2,2,2,2
3304,3,2,2,1,1,1,1,1,2
3305,3,1,2,1,2,1,1,1,1
3306,3,1,2,1,1,1,1,1,2
3307,3,0,0,1,0,0,0,1,0
3308,3,2,2,2,2,2,2,2,2
3309,3,1,1,1,1,2,2,1,1
3310,3,2,2,1,2,1,1,1,2
3311,3,1,1,1,1,1,1,1,2
3312,3,0,0,2,0,0,0,0,1
3313,3,0,0,1,0,0,0,0,1
3314,3,0,1,1,0,0,0,1,1
3315,3,1,2,1,1,1,1,0,1
3316,3,1,1,1,0,1,1,1,1
3317,3,0,1,0,0,0,0,1,1
3318,3,2,1,1,2,1,2,2,1
3319,3,0,0,0,0,0,0,0,1
3320,3,1,2,0,1,1,1,1,1
3321,3,1,1,1,0,1,0,2,1
3322,3,2,2,2,2,1,1,1,2
3323,3,1,2,2,0,1,1,1,2
3324,3,0,0,1,0,0,0,0,0
3325,3,1,2,1,0,2,0,0,2
3326,3,1,0,2,1,1,0,1,1
3327,3,2,2,1,2,2,2,2,2
3328,3,2,1,2,1,2,1,2,2
3329,3,1,1,1,1,1,1,1,1
3330,3,2,2,1,2,2,2,2,2
3331,3,2,2,2,2,2,1,2,2
3332,3,1,0,1,1,2,1,1,1
3333,3,1,2,2,0,1,1,2,1
3334,3,1,1,1,1,0,1,1,1
3335,3,1,2,1,2,1,1,2,2
3336,3,2,2,2,1,2,1,1,2
3337,3,1,2,2,2,1,1,0,2
3338,3,1,2,1,1,1,1,1,2
3339,3,1,1,2,2,1,1,0,2
3340,3,2,2,2,2,2,2,1,2
3341,3,1,1,2,1,1,1,1,2
3342,3,2,2,2,2,2,2,2,2
3343,3,1,1,2,1,1,1,1,2
3344,3,1,2,1,1,1,1,1,2
3345,3,2,2,2,2,2,1,1,2
3346,3,2,2,1,2,2,2,2,2
3347,3,1,1,1,1,1,1,1,1
3348,3,2,2,2,2,2,2,1,2
3349,3,1,1,1,1,1,2,1,1
3350,3,2,2,2,2,2,2,1,2
3351,3,0,1,1,0,0,0,1,1
3352,3,1,2,1,1,1,1,1,1
3353,3,2,2,2,2,2,2,1,2
3354,3,1,1,2,1,1,1,1,2
3355,3,0,0,0,0,1,0,1,0
3356,3,2,2,2,2,2,1,1,2
3357,3,1,1,1,2,1,0,1,1
3358,3,0,1,1,0,0,0,2,1
3359,3,0,1,1,1,1,0,0,1
3360,3,1,1,2,1,2,1,1,1
3361,3,1,1,1,1,1,1,1,2
3362,3,1,1,2,2,1,1,1,1
3363,3,1,0,0,1,1,1,0,1
3364,3,1,1,2,1,0,1,1,1
3365,3,2,2,2,2,1,2,2,2
3366,3,1,1,2,1,1,1,1,1
3367,3,1,1,2,1,1,1,1,1
3368,3,2,2,2,2,2,1,1,2
3369,3,0,0,2,0,0,0,0,1
3370,3,0,1,1,0,0,0,0,1
3371,3,1,1,1,2,1,1,1,1
3372,3,1,2,1,2,1,1,1,2
3373,3,2,2,2,2,2,1,1,2
3374,3,1,1,0,1,1,1,0,1
3375,3,2,2,2,2,2,2,1,2
3376,3,2,2,2,2,1,2,1,2
3377,3,0,1,1,0,0,0,0,0
3378,3,2,2,2,1,1,2,1,2
3379,3,2,2,2,1,1,2,2,2
3380,3,1,2,1,0,1,2,0,2
3381,3,1,1,1,1,0,1,0,1
3382,3,1,1,1,0,0,1,1,1
3383,3,0,0,0,0,0,0,0,1
3384,3,1,1,2,1,1,1,1,1
3385,3,1,1,1,1,2,2,1,1
3386,3,2,2,2,1,2,2,2,2
3387,3,2,2,2,2,2,2,2,2
3388,3,0,1,1,0,0,0,0,1
3389,3,2,2,2,2,2,2,2,2
3390,3,1,2,2,1,0,1,1,2
3391,3,1,2,1,0,2,1,1,1
3392,3,1,2,1,1,1,1,0,2
3393,3,2,1,2,2,2,1,2,2
3394,3,1,2,1,1,0,1,0,1
3395,3,1,2,1,1,1,1,0,1
3396,3,2,1,2,2,2,2,1,2
3397,3,1,1,1,1,2,2,0,1
3398,3,2,2,2,2,1,1,2,2
3399,3,1,2,2,1,1,1,1,1
3400,3,0,1,0,0,0,0,1,1
3401,3,1,1,1,1,2,1,0,1
3402,3,0,1,1,0,1,0,1,1
3403,3,2,2,1,2,2,2,1,2
3404,3,1,2,2,0,1,1,1,2
3405,3,1,1,1,1,1,1,1,1
3406,3,2,2,2,2,1,2,2,2
3407,3,2,2,2,1,1,1,2,2
3408,3,2,2,2,2,2,1,2,2
3409,3,2,1,2,2,2,2,1,2
3410,3,2,2,1,2,2,2,1,2
3411,3,2,2,2,2,2,1,2,2
3412,3,0,1,1,0,0,0,0,1
3413,3,0,1,1,1,0,0,1,1
3414,3,2,2,2,2,2,1,1,2
3415,3,1,1,2,1,1,1,1,1
3416,3,1,2,2,1,1,1,0,2
3417,3,1,1,2,1,0,1,1,2
3418,3,1,0,1,1,1,1,1,1
3419,3,2,2,2,1,2,2,1,2
3420,3,2,2,2,2,2,2,1,2
3421,3,1,1,2,1,1,1,2,1
3422,3,0,1,1,0,1,0,0,1
3423,3,1,1,1,1,2,1,1,2
3424,3,1,1,1,1,1,1,2,1
3425,3,2,1,1,2,1,1,2,2
3426,3,2,2,2,2,1,1,2,1
3427,3,1,2,2,1,0,1,1,2
3428,3,1,2,1,1,1,0,1,2
3429,3,1,1,2,1,1,1,1,1
3430,3,1,1,1,1,1,1,1,1
3431,3,0,1,1,0,0,0,0,1
3432,3,2,1,2,2,1,2,1,2
3433,3,1,2,1,1,1,2,1,2
3434,3,0,1,0,0,0,1,0,0
3435,3,1,2,2,1,1,2,0,1
3436,3,1,1,1,1,1,2,1,1
3437,3,1,1,2,1,0,1,1,1
3438,3,0,1,0,0,0,0,0,1
3439,3,1,2,2,1,1,2,1,2
3440,3,1,1,2,1,0,1,0,2
3441,3,2,2,2,2,2,2,1,2
3442,3,0,0,1,0,0,0,0,1
3443,3,1,1,0,0,1,0,1,1
3444,3,0,1,1,0,0,0,0,0
3445,3,1,1,1,1,0,1,1,1
3446,3,0,1,0,0,1,0,0,1
3447,3,1,1,2,1,1,1,2,2
3448,3,1,2,1,2,1,1,1,1
3449,3,0,1,1,0,0,1,0,1
3450,3,2,2,2,2,2,1,1,2
3451,3,0,0,1,0,0,0,0,0
3452,3,1,1,1,1,1,2,2,1
3453,3,1,2,0,1,1,0,2,1
3454,3,2,2,2,2,2,1,1,2
3455,3,1,1,2,1,1,1,0,1
3456,3,0,1,0,0,0,0,0,1
3457,3,2,2,2,2,2,1,1,2
3458,3,2,2,2,1,2,2,2,2
3459,3,1,1,1,0,2,1,1,1
3460,3,2,1,1,2,2,1,2,2
3461,3,2,2,2,2,1,2,1,2
3462,3,0,1,1,0,0,0,1,1
3463,3,2,1,2,1,0,2,2,1
3464,3,0,0,1,0,0,0,0,1
3465,3,1,1,1,1,1,0,1,1
3466,3,1,1,2,1,2,1,2,1
3467,3,2,2,2,2,2,2,1,2
3468,3,2,2,2,1,2,2,1,2
3469,3,2,2,2,2,2,1,2,2
3470,3,1,2,2,1,1,1,0,2
3471,3,2,2,2,2,2,2,1,2
3472,3,2,2,2,2,2,2,1,2
3473,3,0,1,1,0,1,0,1,1
3474,3,2,2,2,2,2,2,2,2
3475,3,1,1,2,1,1,1,1,2
3476,3,1,2,0,2,1,1,1,1
3477,3,0,1,2,0,0,0,0,1
3478,3,1,2,1,1,1,1,0,2
3479,3,1,1,1,1,1,1,0,1
3480,3,1,1,0,0,1,2,1,1
3481,3,1,1,2,0,1,0,1,2
3482,3,1,2,2,1,0,1,0,1
3483,3,0,1,1,0,0,0,0,1
3484,3,1,1,1,1,1,1,1,1
3485,3,1,2,1,1,1,1,0,1
3486,3,0,0,1,0,0,0,0,1
3487,3,0,1,1,0,0,0,0,1
3488,3,1,1,2,1,1,1,1,2
3489,3,1,0,2,1,0,1,1,2
3490,3,1,1,2,1,1,1,1,1
3491,3,2,1,2,2,2,2,1,2
3492,3,0,0,1,0,0,1,0,1
3493,3,1,2,1,1,1,1,1,2
3494,3,1,2,1,0,1,2,0,2
3495,3,1,1,2,0,2,1,1,2
3496,3,1,2,1,1,0,1,2,1
3497,3,2,2,2,2,2,2,2,2
3498,3,1,2,1,1,1,0,1,2
3499,3,1,2,2,1,0,1,1,2
3500,3,1,1,2,0,0,2,1,2
3501,3,1,1,2,0,1,1,1,1
3502,3,1,2,1,1,1,1,1,2
3503,3,2,2,2,1,1,1,1,2
3504,3,0,1,1,0,1,1,1,1
3505,3,1,2,0,2,1,0,1,1
3506,3,1,1,1,2,0,1,1,1
3507,3,1,2,2,1,1,1,0,2
3508,3,1,1,1,1,2,1,2,1
3509,3,0,0,1,0,0,0,1,1
3510,3,2,2,1,2,2,2,1,2
3511,3,1,1,2,1,1,1,1,1
3512,3,1,1,2,1,1,0,1,2
3513,3,0,1,1,0,0,0,0,1
3514,3,0,1,1,0,0,0,0,1
3515,3,2,2,2,2,2,2,2,2
3516,3,1,2,1,0,1,1,2,2
3517,3,1,1,2,1,0,1,1,2
3518,3,2,2,2,2,1,2,2,2
3519,3,1,1,1,1,1,2,1,1
3520,3,0,0,2,0,0,0,0,0
3521,3,1,1,2,1,1,0,0,1
3522,3,1,2,2,1,0,1,1,2
3523,3,1,2,1,1,1,1,0,1
3524,3,1,1,2,1,0,1,1,1
3525,3,0,0,0,0,1,1,1,1
3526,3,1,1,1,1,1,1,1,1
3527,3,2,2,2,2,1,2,2,2
3528,3,1,1,1,0,1,1,1,2
3529,3,1,1,2,0,0,2,1,1
3530,3,2,2,2,2,2,1,2,2
3531,3,2,2,2,1,1,1,2,2
3532,3,1,1,2,1,1,1,2,1
3533,3,1,1,1,1,1,1,0,1
3534,3,1,1,1,1,1,1,1,2
3535,3,1,1,2,1,0,0,1,1
3536,3,1,2,2,1,1,2,0,2
3537,3,2,1,2,2,2,2,2,2
3538,3,0,1,1,0,0,0,0,1
3539,3,1,1,1,1,1,1,1,2
3540,3,1,1,2,1,1,1,0,1
3541,3,1,2,1,1,0,1,1,2
3542,3,2,2,2,2,2,2,2,2
3543,3,1,2,1,1,1,1,0,1
3544,3,2,2,1,2,2,2,2,2
3545,3,2,2,2,1,1,1,2,2
3546,3,1,1,2,1,1,1,2,1
3547,3,1,2,2,0,0,1,1,2
3548,3,0,1,1,0,0,0,0,1
3549,3,2,2,1,1,2,2,2,2
3550,3,2,2,1,2,1,1,1,2
3551,3,2,2,2,1,1,2,2,2
3552,3,1,1,2,1,2,1,0,2
3553,3,2,2,2,2,2,1,1,2
3554,3,0,1,0,0,0,1,0,1
3555,3,1,1,1,1,1,1,1,1
3556,3,0,1,0,0,0,0,1,1
3557,3,1,2,1,1,1,1,1,1
3558,3,0,1,0,0,0,0,0,1
3559,3,1,1,1,1,1,1,1,0
3560,3,0,1,0,0,0,0,1,1
3561,3,2,2,2,2,1,1,1,2
3562,3,2,2,2,2,2,2,1,2
3563,3,1,1,1,1,0,1,0,1
3564,3,1,1,1,1,1,1,1,1
3565,3,1,2,2,0,1,1,1,2
3566,3,1,1,1,2,1,1,0,1
3567,3,2,2,2,2,1,1,1,2
3568,3,1,2,2,0,1,1,1,1
3569,3,1,1,2,1,1,1,0,1
3570,3,1,1,1,1,1,1,1,1
3571,3,0,1,0,0,0,0,0,1
3572,3,0,0,1,0,0,0,0,1
3573,3,1,1,1,1,2,0,1,1
3574,3,1,1,2,1,1,2,1,2
3575,3,1,1,1,1,1,1,0,1
3576,3,0,2,0,1,0,0,0,1
3577,3,2,2,2,2,2,1,2,2
3578,3,2,2,2,2,2,2,2,2
3579,3,1,1,1,1,1,1,2,1
3580,3,2,2,1,2,2,1,2,2
3581,3,0,1,2,0,0,0,1,1
3582,3,0,1,1,0,0,0,1,1
3583,3,0,1,1,0,0,0,1,0
3584,3,1,1,1,1,0,1,1,1
3585,3,2,2,1,2,2,2,2,2
3586,3,2,1,2,2,1,1,1,2
3587,3,1,2,2,1,1,0,0,2
3588,3,1,1,1,2,1,0,1,1
3589,3,0,1,2,0,0,0,0,1
3590,3,0,1,1,0,0,0,0,0
3591,3,1,0,2,1,1,1,0,1
3592,3,0,1,1,0,0,1,0,1
3593,3,2,2,2,2,2,2,1,2
3594,3,0,1,0,0,0,0,0,1
3595,3,0,1,0,0,0,0,0,1
3596,3,0,2,1,0,1,0,0,1
3597,3,0,1,1,0,0,0,0,1
3598,3,0,0,1,0,0,0,0,1
3599,3,0,1,0,0,0,0,0,1
3600,3,2,2,2,2,2,1,2,2
3601,3,1,1,2,1,1,0,0,1
3602,3,0,0,0,0,0,0,0,1
3603,3,1,1,2,1,1,1,1,1
3604,3,1,1,2,1,1,0,2,1
3605,3,2,2,2,2,2,1,1,2
3606,3,1,1,2,0,1,1,1,2
3607,3,2,1,2,2,2,1,2,2
3608,3,2,2,1,2,2,1,1,2
3609,3,1,1,2,1,1,1,1,2
3610,3,1,2,2,2,1,1,1,2
3611,3,2,2,2,1,2,2,1,2
3612,3,2,2,2,2,1,1,1,2
3613,3,1,1,2,1,1,2,1,2
3614,3,0,1,1,0,0,0,0,0
3615,3,1,1,2,1,2,1,1,1
3616,3,1,2,1,2,1,1,1,1
3617,3,1,1,1,2,0,1,0,2
3618,3,0,1,1,0,1,1,0,1
3619,3,1,1,2,1,1,1,1,1
3620,3,2,2,2,2,2,1,2,2
3621,3,1,2,2,1,1,1,1,2
3622,3,1,1,1,1,1,0,2,1
3623,3,2,2,2,2,2,2,2,2
3624,3,1,1,2,1,1,1,1,2
3625,3,2,2,2,2,2,1,1,2
3626,3,2,2,2,2,2,2,1,2
3627,3,1,2,1,1,1,0,1,1
3628,3,1,1,2,1,0,0,1,1
3629,3,1,1,1,1,2,2,1,1
3630,3,1,1,2,1,1,1,1,1
3631,3,1,2,2,1,1,1,1,1
3632,3,1,2,1,1,1,1,1,1
3633,3,1,1,1,1,1,0,1,1
3634,3,2,2,2,2,1,2,1,2
3635,3,1,2,1,1,2,0,1,2
3636,3,0,0,1,0,0,1,0,0
3637,3,0,1,0,0,0,1,0,0
3638,3,2,2,2,2,2,2,2,2
3639,3,1,1,1,1,1,1,1,1
3640,3,2,2,2,1,2,2,2,2
3641,3,1,2,1,1,1,1,0,2
3642,3,0,1,1,0,0,0,0,1
3643,3,2,2,2,2,1,2,2,2
3644,3,1,2,1,1,1,1,1,2
3645,3,1,1,2,0,1,1,1,2
3646,3,1,2,1,1,1,1,2,1
3647,3,1,1,1,0,2,1,1,2
3648,3,1,2,1,1,1,1,1,1
3649,3,2,1,2,2,1,2,2,2
3650,3,0,0,1,0,1,1,0,1
3651,3,2,2,2,2,1,2,2,2
3652,3,1,1,1,1,1,0,1,2
3653,3,0,2,1,0,1,0,0,1
3654,3,2,2,2,2,2,2,1,2
3655,3,2,2,2,2,2,2,1,2
3656,3,0,1,1,0,0,0,0,1
3657,3,1,1,2,1,1,1,1,1
3658,3,2,2,2,2,2,2,2,2
3659,3,1,1,1,1,1,1,1,1
3660,3,0,0,1,1,0,0,0,0
3661,3,0,1,1,1,1,0,1,1
3662,3,0,1,1,0,1,0,0,1
3663,3,2,2,2,2,2,2,2,2
3664,3,1,2,2,1,1,1,1,1
3665,3,0,0,2,0,0,0,1,1
3666,3,0,1,0,0,0,1,0,1
3667,3,1,2,1,1,1,1,1,2
3668,3,2,1,2,2,1,2,1,1
3669,3,2,1,2,2,2,2,1,2
3670,3,0,1,2,1,0,0,0,1
3671,3,1,2,1,1,1,2,1,1
3672,3,1,1,1,1,1,1,0,1
3673,3,2,2,2,2,1,2,2,2
3674,3,2,2,2,2,1,2,1,2
3675,3,0,1,1,1,1,0,0,1
3676,3,2,2,2,2,1,2,1,2
3677,3,1,2,2,1,1,0,1,2
3678,3,2,2,2,2,2,2,1,2
3679,3,0,1,1,0,0,0,0,1
3680,3,1,1,2,1,1,1,1,2
3681,3,0,1,0,0,0,0,1,0
3682,3,1,2,1,1,1,1,0,1
3683,3,1,2,2,1,1,1,1,2
3684,3,1,2,2,1,0,1,0,2
3685,3,1,1,2,1,1,1,1,1
3686,3,2,1,2,2,1,2,1,2
3687,3,2,2,2,2,2,2,1,2
3688,3,1,2,2,1,0,1,1,2
3689,3,1,2,1,1,1,1,1,1
3690,3,2,1,1,2,2,1,1,2
3691,3,2,2,2,2,2,2,0,2
3692,3,1,1,1,0,1,0,1,1
3693,3,1,0,2,2,1,2,1,2
3694,3,1,1,2,1,1,1,1,2
3695,3,1,1,2,1,1,1,0,1
3696,3,2,2,2,1,2,2,2,2
3697,3,1,1,1,2,1,2,1,1
3698,3,1,1,2,1,1,1,1,1
3699,3,1,2,2,1,1,0,1,2
3700,3,1,1,0,1,0,2,1,1
3701,3,1,1,2,1,1,2,1,1
3702,3,2,1,2,2,2,2,1,2
3703,3,0,1,1,0,0,0,0,1
3704,3,2,1,1,2,2,2,2,2
3705,3,2,2,2,1,2,1,2,2
3706,3,0,0,1,0,0,1,0,1
3707,3,1,1,1,1,1,1,1,1
3708,3,0,0,1,0,0,0,0,1
3709,3,1,1,2,1,2,2,1,1
3710,3,1,1,1,2,0,2,1,1
3711,3,1,1,1,1,2,1,0,1
3712,3,1,2,1,1,1,2,0,2
3713,3,2,2,2,2,1,2,2,2
3714,3,1,2,1,1,1,1,1,2
3715,3,2,2,2,2,2,2,2,2
3716,3,2,2,2,2,1,1,1,2
3717,3,2,1,1,1,2,2,1,2
3718,3,2,2,2,2,2,2,1,2
3719,3,2,2,2,2,2,2,2,2
3720,3,1,1,2,2,2,1,2,1
3721,3,2,2,2,2,2,1,2,2
3722,3,2,2,2,2,1,1,2,2
3723,3,1,1,1,1,1,1,2,1
3724,3,1,2,2,1,1,1,0,2
3725,3,0,1,1,0,0,0,0,1
3726,3,0,1,1,0,0,0,0,1
3727,3,2,2,2,2,2,2,2,2
3728,3,1,1,2,1,1,1,2,2
3729,3,2,2,2,2,2,1,2,2
3730,3,2,2,2,1,1,1,2,2
3731,3,1,1,1,2,1,1,2,1
3732,3,2,2,2,2,2,2,1,2
3733,3,1,0,2,1,1,1,0,1
3734,3,1,1,2,1,2,0,0,1
3735,3,2,2,2,2,2,2,2,2
3736,3,0,1,1,0,0,0,0,1
3737,3,0,1,1,0,0,0,0,1
3738,3,2,2,1,2,2,1,2,2
3739,3,0,1,1,0,1,0,1,1
3740,3,0,1,1,0,0,0,0,1
3741,3,1,1,2,1,1,1,1,2
3742,3,0,1,1,1,1,0,1,1
3743,3,2,2,2,2,2,2,2,2
3744,3,1,2,2,1,1,1,1,2
3745,3,1,1,1,1,1,0,1,1
3746,3,0,0,1,0,1,0,1,0
3747,3,1,2,1,1,1,0,2,1
3748,3,1,2,2,1,1,1,0,2
3749,3,1,1,1,2,1,1,1,1
3750,3,1,2,1,1,2,1,1,1
3751,3,1,2,2,1,1,1,1,1
3752,3,0,1,1,0,0,0,0,1
3753,3,2,2,2,1,2,2,2,2
3754,3,1,2,1,1,1,1,1,1
3755,3,1,1,1,1,1,0,0,1
3756,3,0,1,2,0,0,0,0,1
3757,3,0,1,1,0,0,0,1,1
3758,3,1,0,2,1,0,1,2,1
3759,3,1,1,1,1,0,1,1,1
3760,3,0,0,2,0,0,0,0,0
3761,3,1,2,2,1,0,1,1,1
3762,3,1,2,2,1,1,1,1,1
3763,3,0,2,1,0,0,0,0,1
3764,3,1,1,1,2,1,2,1,1
3765,3,0,1,1,0,0,1,0,1
3766,3,1,0,2,1,0,0,1,1
3767,3,2,1,2,2,2,1,1,2
3768,3,2,2,2,2,2,2,1,2
3769,3,2,2,2,2,2,2,2,2
3770,3,0,1,1,0,1,0,0,1
3771,3,1,1,2,2,0,1,1,2
3772,3,0,0,1,0,0,1,1,1
3773,3,1,2,1,1,1,0,1,1
3774,3,1,1,1,1,0,1,1,2
3775,3,0,1,1,1,0,0,0,1
3776,3,2,2,2,2,1,1,2,2
3777,3,1,2,1,2,1,1,1,2
3778,3,1,2,1,1,0,1,1,2
3779,3,1,2,1,1,1,1,2,2
3780,3,1,2,2,1,1,1,0,2
3781,3,1,1,1,1,1,1,0,1
3782,3,0,1,0,0,0,0,0,1
3783,3,1,1,1,1,1,0,1,1
3784,3,0,0,1,0,0,0,0,1
3785,3,1,1,1,0,1,1,1,1
3786,3,1,1,2,1,1,0,1,1
3787,3,1,1,1,1,0,1,1,1
3788,3,0,1,1,1,0,0,0,1
3789,3,0,0,0,0,1,0,0,0
3790,3,0,2,1,0,1,0,1,1
3791,3,1,1,1,2,1,1,0,1
3792,3,1,1,2,1,1,1,1,2
3793,3,2,2,2,2,1,1,2,2
3794,3,1,1,2,1,1,1,1,1
3795,3,0,1,1,0,0,0,0,1
3796,3,1,1,2,1,1,1,1,1
3797,3,0,1,1,0,1,0,0,1
3798,3,1,2,2,1,1,1,1,1
3799,3,1,0,1,1,1,1,1,1
3800,3,1,0,2,1,1,1,2,1
3801,3,0,2,1,0,1,0,0,1
3802,3,1,2,1,0,0,1,1,2
3803,3,2,1,2,1,2,2,1,2
3804,3,2,2,2,2,2,2,2,2
3805,3,1,1,2,1,1,1,1,1
3806,3,1,1,2,1,0,1,1,1
3807,3,2,2,1,2,2,1,1,2
3808,3,1,1,2,1,1,1,1,1
3809,3,1,1,2,1,0,1,1,1
3810,3,2,1,2,1,1,2,2,2
3811,3,2,2,2,1,2,2,1,2
3812,3,2,2,2,2,2,2,1,2
3813,3,1,2,1,1,0,1,1,2
3814,3,2,1,2,2,2,1,2,1
3815,3,2,2,1,2,1,2,2,2
3816,3,1,1,2,1,1,1,0,2
3817,3,2,2,2,2,1,2,2,2
3818,3,1,0,2,0,1,2,1,1
3819,3,1,1,1,1,1,1,1,1
3820,3,2,2,2,2,2,2,1,2
3821,3,1,1,1,1,1,1,1,1
3822,3,0,0,2,0,0,0,0,1
3823,3,0,1,1,0,0,1,1,1
3824,3,0,1,1,0,1,0,0,1
3825,3,0,1,0,0,0,1,0,1
3826,3,0,1,1,0,0,0,1,1
3827,3,0,2,0,0,0,0,0,0
3828,3,1,2,1,2,0,1,1,2
3829,3,0,1,1,0,1,1,1,2
3830,3,2,2,2,2,1,1,2,2
3831,3,1,1,1,2,0,0,0,1
3832,3,1,2,1,1,1,1,1,2
3833,3,2,2,1,1,1,1,1,2
3834,3,0,1,1,0,0,1,1,1
3835,3,0,1,1,1,0,1,0,1
3836,3,1,1,2,1,1,1,0,1
3837,3,2,1,2,1,1,2,2,2
3838,3,1,1,1,1,1,1,1,1
3839,3,1,2,2,1,2,1,1,2
3840,3,1,1,1,1,1,1,1,2
3841,3,2,2,2,1,2,2,1,2
3842,3,1,1,1,1,1,0,1,1
3843,3,2,2,2,2,1,2,1,2
3844,3,0,1,2,0,0,1,0,1
3845,3,0,1,1,0,0,0,0,1
3846,3,1,1,1,1,1,1,1,1
3847,3,1,2,2,0,1,2,0,2
3848,3,0,1,1,0,0,0,0,1
3849,3,2,2,2,2,2,1,2,2
3850,3,1,1,1,1,1,0,0,1
3851,3,1,2,1,1,0,1,0,1
3852,3,1,2,2,2,1,1,1,2
3853,3,0,0,1,1,1,0,0,1
3854,3,2,2,1,2,1,2,2,1
3855,3,1,1,1,1,1,0,1,2
3856,3,2,2,2,2,1,2,1,2
3857,3,1,2,1,2,1,1,1,2
3858,3,2,2,2,2,2,1,1,2
3859,3,2,2,2,2,1,1,1,2
3860,3,1,0,2,0,1,1,1,2
3861,3,2,2,2,2,2,1,2,2
3862,3,1,1,1,1,1,2,1,1
3863,3,1,2,1,0,2,1,0,2
3864,3,0,1,1,0,0,0,0,1
3865,3,2,1,2,2,0,1,2,2
3866,3,0,1,0,0,0,0,1,1
3867,3,0,2,1,1,0,0,0,1
3868,3,1,1,2,1,1,1,1,2
3869,3,0,1,0,0,0,0,0,1
3870,3,0,0,0,0,1,1,1,1
3871,3,1,1,1,1,1,1,0,1
3872,3,1,1,1,1,1,1,0,1
3873,3,0,1,0,0,0,0,0,1
3874,3,1,2,2,2,1,1,1,2
3875,3,1,1,2,1,1,1,1,2
3876,3,1,2,1,1,1,1,1,2
3877,3,1,1,2,1,1,1,1,1
3878,3,0,1,0,0,1,0,0,1
3879,3,2,2,2,2,2,2,2,2
3880,3,0,1,0,0,0,0,0,1
3881,3,1,2,1,1,1,1,1,2
3882,3,1,2,1,1,1,1,1,1
3883,3,1,2,1,1,1,1,1,1
3884,3,1,2,2,1,1,1,0,2
3885,3,2,2,2,2,1,2,1,2
3886,3,1,2,2,1,1,1,0,2
3887,3,1,1,2,2,0,0,0,1
3888,3,2,2,1,2,2,2,2,2
3889,3,0,1,1,0,0,0,0,1
3890,3,0,1,0,0,0,0,1,0
3891,3,1,1,1,1,1,1,1,1
3892,3,2,2,2,1,2,1,2,2
3893,3,1,1,2,1,1,1,1,2
3894,3,0,0,1,1,0,0,1,0
3895,3,1,1,2,1,1,0,1,2
3896,3,2,1,2,2,2,2,1,2
3897,3,2,2,2,2,2,2,2,2
3898,3,0,2,1,0,0,0,1,1
3899,3,1,1,1,1,1,1,0,1
3900,3,1,1,1,1,1,1,0,2
3901,3,0,0,0,0,1,1,0,0
3902,3,1,0,1,1,0,1,1,1
3903,3,1,1,1,1,0,1,1,2
3904,3,0,1,1,0,0,0,1,1
3905,3,1,1,2,1,1,1,1,1
3906,3,1,1,2,2,0,0,0,2
3907,3,1,1,1,1,1,1,1,1
3908,3,2,2,2,2,1,2,1,2
3909,3,1,2,0,0,2,1,1,1
3910,3,1,1,2,1,0,0,1,1
3911,3,0,1,0,0,0,0,0,0
3912,3,1,1,2,1,0,1,1,2
3913,3,0,1,1,0,0,0,0,1
3914,3,1,2,1,1,1,1,0,2
3915,3,0,1,1,1,0,0,0,1
3916,3,1,1,0,0,1,0,0,1
3917,3,2,2,2,2,1,2,2,2
3918,3,0,1,1,1,0,0,0,1
3919,3,0,1,0,0,0,0,0,1
3920,3,1,1,2,1,1,1,0,1
3921,3,1,1,2,1,0,0,1,1
3922,3,2,2,2,1,2,1,2,2
3923,3,0,1,1,0,1,0,1,1
3924,3,2,2,2,2,1,1,2,2
3925,3,1,2,0,1,1,1,0,1
3926,3,2,2,2,2,2,2,1,2
3927,3,0,1,1,1,0,0,0,1
3928,3,2,2,2,2,1,2,1,2
3929,3,1,2,2,1,1,1,1,2
3930,3,1,2,2,1,2,1,1,2
3931,3,2,2,1,2,2,2,1,1
3932,3,2,2,2,2,2,2,2,2
3933,3,2,2,2,2,2,1,1,2
3934,3,2,2,2,1,1,1,1,2
3935,3,1,1,1,0,1,1,0,1
3936,3,1,1,2,1,1,2,1,1
3937,3,2,2,1,2,2,1,1,2
3938,3,0,1,2,0,0,0,1,1
3939,3,0,0,2,0,0,0,0,0
3940,3,0,0,1,0,1,0,0,1
3941,3,1,2,2,0,1,0,1,1
3942,3,0,1,0,0,0,0,1,1
3943,3,1,2,2,1,1,0,1,2
3944,3,1,1,1,1,1,2,1,2
3945,3,0,1,1,0,1,0,1,2
3946,3,1,1,2,0,1,1,1,1
3947,3,0,2,1,0,0,0,0,1
3948,3,2,2,2,2,2,2,1,2
3949,3,1,2,2,1,1,1,0,2
3950,3,1,2,1,0,1,1,1,2
3951,3,0,1,2,0,0,0,0,1
3952,3,1,2,1,1,1,1,0,2
3953,3,1,1,1,2,1,1,0,1
3954,3,0,1,0,1,0,0,0,0
3955,3,2,2,2,2,2,1,2,2
3956,3,1,1,2,1,0,1,1,1
3957,3,2,2,2,2,2,1,2,2
3958,3,1,1,1,0,1,1,1,1
3959,3,2,2,2,1,1,2,2,2
3960,3,0,1,0,0,0,0,1,1
3961,3,1,2,2,0,1,1,1,2
3962,3,0,1,2,0,0,0,0,2
3963,3,1,1,1,1,1,1,1,1
3964,3,1,1,1,1,1,0,1,1
3965,3,1,2,1,0,1,1,1,2
3966,3,2,1,2,2,2,2,1,2
3967,3,1,1,2,1,1,0,1,1
3968,3,1,2,2,1,1,1,2,2
3969,3,2,1,2,2,2,1,2,2
3970,3,1,2,2,1,1,2,1,2
3971,3,2,2,2,2,2,1,1,2
3972,3,1,1,1,1,1,1,1,1
3973,3,0,0,2,0,0,0,0,1
3974,3,2,2,1,2,2,2,2,1
3975,3,1,2,2,0,0,1,2,2
3976,3,2,2,2,2,1,2,1,2
3977,3,1,2,2,1,1,1,1,2
3978,3,0,1,0,0,0,0,1,1
3979,3,1,2,2,1,2,1,1,2
3980,3,0,0,1,0,0,1,1,0
3981,3,1,2,2,1,0,0,2,1
3982,3,0,2,1,0,0,1,0,1
3983,3,1,1,1,1,1,1,1,1
3984,3,1,1,1,1,1,1,0,1
3985,3,0,1,1,0,1,0,0,1
3986,3,0,0,1,0,0,0,0,0
3987,3,1,2,1,2,1,1,1,2
3988,3,2,1,2,2,1,2,1,2
3989,3,2,2,2,2,2,2,1,2
3990,3,0,1,1,0,0,0,1,1
3991,3,2,1,2,2,2,2,1,2
3992,3,0,1,1,0,0,1,0,1
3993,3,1,2,1,1,0,1,1,2
3994,3,0,0,1,0,0,0,0,1
3995,3,2,2,2,2,2,2,1,2
3996,3,2,2,2,2,2,1,2,2
3997,3,1,1,2,1,1,0,1,2
3998,3,2,2,2,1,1,2,2,2
3999,3,1,2,2,2,1,2,1,2
4000,3,1,2,1,1,1,1,1,2
4001,3,2,2,2,1,2,2,1,2
4002,3,2,2,1,2,1,1,2,2
4003,3,1,2,1,1,1,1,2,1
4004,3,1,1,2,1,1,1,1,2
4005,3,1,2,2,1,1,1,1,2
4006,3,2,2,2,2,2,1,1,2
4007,3,2,2,2,2,1,2,2,2
4008,3,2,2,2,2,1,2,1,2
4009,3,1,2,2,1,1,1,1,2
4010,3,0,1,1,0,0,0,1,1
4011,3,1,1,1,1,0,1,0,1
4012,3,1,1,2,1,0,0,0,2
4013,3,0,0,1,0,0,0,0,1
4014,3,1,1,2,1,1,1,1,2
4015,3,2,2,2,1,2,1,2,2
4016,3,2,1,2,2,1,1,2,2
4017,3,1,1,1,1,1,2,0,2
4018,3,1,2,1,1,2,1,1,2
4019,3,1,1,2,1,1,1,1,2
4020,3,0,0,2,0,0,0,1,1
4021,3,2,2,2,2,2,2,2,2
4022,3,1,2,2,1,1,1,0,1
4023,3,0,1,1,0,0,0,0,1
4024,3,1,1,1,1,2,1,1,1
4025,3,2,2,1,2,1,2,2,2
4026,3,0,0,1,0,0,0,0,1
4027,3,2,2,2,2,1,1,1,2
4028,3,1,1,2,0,1,1,2,2
4029,3,1,2,1,1,0,0,1,2
4030,3,1,1,2,1,1,0,1,2
4031,3,1,1,2,0,1,1,1,1
4032,3,1,1,2,0,1,2,1,1
4033,3,1,2,1,1,1,1,0,2
4034,3,1,1,2,1,0,0,2,1
4035,3,1,2,1,1,1,2,1,1
4036,3,2,2,2,1,1,2,1,2
4037,3,1,1,2,1,1,0,1,1
4038,3,0,1,2,0,0,0,0,1
4039,3,1,1,1,1,2,1,1,1
4040,3,2,2,2,2,2,1,2,1
4041,3,2,2,2,2,1,2,2,2
4042,3,1,2,1,1,1,1,1,2
4043,3,1,1,1,1,0,1,1,1
4044,3,1,2,1,0,0,1,1,1
4045,3,1,1,2,0,0,0,1,1
4046,3,2,2,1,1,1,1,2,2
4047,3,1,1,2,1,1,1,0,1
4048,3,0,1,1,0,0,1,0,1
4049,3,2,2,2,2,2,2,2,2
4050,3,0,1,1,0,0,0,0,1
4051,3,1,1,2,1,1,1,0,1
4052,3,0,1,0,0,0,1,0,0
4053,3,2,2,2,2,2,2,2,2
4054,3,2,2,2,2,2,2,2,2
4055,3,2,2,2,2,2,2,1,2
4056,3,1,1,1,1,1,1,1,1
4057,3,2,2,2,2,2,1,2,2
4058,3,2,1,2,2,2,2,2,1
4059,3,1,1,1,2,0,1,1,1
4060,3,1,2,2,2,1,1,0,2
4061,3,2,2,2,1,2,2,2,2
4062,3,2,2,1,1,2,1,1,2
4063,3,1,2,0,1,1,1,1,1
4064,3,1,1,1,1,1,1,0,1
4065,3,1,2,1,1,1,2,1,1
4066,3,0,1,2,0,0,1,0,1
4067,3,1,2,2,1,1,1,1,2
4068,3,2,1,2,2,2,1,1,2
4069,3,2,2,2,2,2,2,1,2
4070,3,2,1,2,1,1,2,2,2
4071,3,2,2,2,2,1,2,2,2
4072,3,1,2,1,1,1,1,1,1
4073,3,2,2,2,2,1,1,1,2
4074,3,2,2,2,1,2,2,1,2
4075,3,2,2,2,2,1,2,1,2
4076,3,1,1,1,1,1,2,2,1
4077,3,1,1,2,1,0,1,1,1
4078,3,1,2,2,1,2,1,0,1
4079,3,2,2,2,2,2,1,2,2
4080,3,2,2,2,2,2,1,2,2
4081,3,0,1,0,1,0,0,0,1
4082,3,1,2,1,1,1,1,1,2
4083,3,1,2,2,1,1,0,1,2
4084,3,1,1,1,1,2,1,1,1
4085,3,0,0,1,0,0,0,0,0
4086,3,2,2,2,2,2,2,2,2
4087,3,0,0,1,0,0,0,0,1
4088,3,2,2,2,2,2,2,2,2
4089,3,1,2,1,2,0,1,1,1
4090,3,0,0,1,0,0,0,0,0
4091,3,2,2,2,1,2,2,2,2
4092,3,1,2,2,0,0,1,1,2
4093,3,1,1,1,2,0,1,1,2
4094,3,2,2,2,2,2,2,2,2
4095,3,2,2,1,2,2,1,2,2
4096,3,1,1,1,1,0,1,1,1
4097,3,1,2,2,1,0,1,1,2
4098,3,0,1,1,0,0,0,0,1
4099,3,1,2,1,0,2,1,1,2
4100,3,1,1,2,0,1,1,1,2
4101,3,0,1,1,0,0,1,0,1
4102,3,1,2,1,0,0,1,1,1
4103,3,1,1,1,1,1,1,0,1
4104,3,0,1,1,0,0,0,1,1
4105,3,1,2,2,2,1,1,2,2
4106,3,1,2,2,1,1,1,1,2
4107,3,0,1,0,0,0,0,1,0
4108,3,2,2,2,2,1,1,2,2
4109,3,1,2,2,1,0,1,0,2
4110,3,2,2,2,2,2,2,1,2
4111,3,1,2,2,1,2,1,1,2
4112,3,1,1,1,1,1,0,1,1
4113,3,2,2,2,2,2,2,1,2
4114,3,1,0,1,1,1,1,1,2
4115,3,1,1,2,1,1,1,2,1
4116,3,1,2,2,1,2,0,0,2
4117,3,0,1,0,0,0,0,0,1
4118,3,1,2,1,0,1,1,1,1
4119,3,1,1,1,1,0,1,1,1
4120,3,2,2,1,2,2,1,1,2
4121,3,1,2,1,1,1,0,1,2
4122,3,1,1,2,2,1,0,1,1
4123,3,0,1,1,0,0,0,1,1
4124,3,2,2,1,2,2,1,2,2
4125,3,1,1,2,1,1,1,1,1
4126,3,0,0,2,0,0,0,1,1
4127,3,1,1,1,1,0,0,1,1
4128,3,0,1,1,1,0,0,1,1
4129,3,2,1,2,2,2,2,2,2
4130,3,2,1,2,2,1,1,2,2
4131,3,2,2,2,2,1,1,1,2
4132,3,0,1,1,0,1,1,0,1
4133,3,0,1,1,1,0,0,0,0
4134,3,2,2,2,2,1,2,2,2
4135,3,2,2,2,2,2,1,2,2
4136,3,0,1,1,0,0,0,0,1
4137,3,0,0,1,0,0,0,0,1
4138,3,2,2,2,1,2,2,2,2
4139,3,1,2,2,1,1,1,2,2
4140,3,2,2,2,2,2,1,2,2
4141,3,1,2,1,1,1,2,0,1
4142,3,1,2,1,1,1,1,0,2
4143,3,1,1,1,1,0,1,1,1
4144,3,2,2,2,2,2,2,2,2
4145,3,2,2,2,2,2,2,2,2
4146,3,2,1,2,2,1,2,1,2
4147,3,1,1,1,1,1,1,0,1
4148,3,1,1,1,1,2,1,1,1
4149,3,0,0,1,0,0,1,0,0
4150,3,1,1,1,0,1,1,1,2
4151,3,1,1,1,0,0,1,1,1
4152,3,0,0,0,0,0,0,0,1
4153,3,1,1,1,1,1,1,1,1
4154,3,1,2,1,1,1,1,0,1
4155,3,1,1,1,1,1,1,0,1
4156,3,1,1,1,1,1,1,1,1
4157,3,1,1,2,1,1,0,2,2
4158,3,0,1,1,1,0,0,0,1
4159,3,1,2,1,1,1,0,0,1
4160,3,1,1,1,1,2,1,0,1
4161,3,1,1,1,1,1,1,1,1
4162,3,1,2,1,0,1,1,1,2
4163,3,0,1,1,0,0,0,0,1
4164,3,1,2,2,1,2,0,0,1
4165,3,1,0,1,1,1,1,0,1
4166,3,0,0,1,0,0,0,0,0
4167,3,0,2,0,0,0,0,0,1
4168,3,1,1,1,0,1,1,1,1
4169,3,2,2,2,1,2,2,2,2
4170,3,2,2,2,2,2,2,0,2
4171,3,1,2,2,1,2,1,1,1
4172,3,1,2,1,1,1,1,0,1
4173,3,1,1,1,1,1,1,2,1
4174,3,1,0,2,1,1,1,0,1
4175,3,2,2,2,2,2,1,2,2
4176,3,0,1,1,0,0,1,0,1
4177,3,1,1,1,0,2,0,1,1
4178,3,1,2,2,1,1,1,1,2
4179,3,0,1,2,0,0,0,0,1
4180,3,2,2,2,2,2,2,2,2
4181,3,2,2,2,2,2,2,2,2
4182,3,2,2,2,1,2,2,2,2
4183,3,2,2,1,2,2,2,2,2
4184,3,0,1,1,0,0,0,0,1
4185,3,2,2,2,2,2,1,2,2
4186,3,1,1,2,1,0,1,1,2
4187,3,1,2,1,0,1,1,1,1
4188,3,0,1,1,0,0,0,0,0
4189,3,2,2,2,2,1,2,1,2
4190,3,1,1,1,1,1,1,1,2
4191,3,2,2,2,2,1,2,2,2
4192,3,2,2,2,1,1,1,1,2
4193,3,1,2,1,2,1,1,1,2
4194,3,1,1,1,0,1,1,1,2
4195,3,1,2,1,1,2,1,1,2
4196,3,0,0,1,0,0,1,1,1
4197,3,1,2,2,1,1,2,1,1
4198,3,1,2,1,1,2,1,1,1
4199,3,1,2,2,1,1,2,1,2
4200,3,2,2,1,2,2,2,1,2
4201,3,1,1,2,0,1,1,1,1
4202,3,0,2,1,0,1,0,0,1
4203,3,0,0,1,0,0,1,1,1
4204,3,1,1,1,2,1,0,0,2
4205,3,1,2,1,1,1,1,0,2
4206,3,2,2,2,2,1,2,2,2
4207,3,1,1,1,0,1,1,1,1
4208,3,1,1,2,1,1,1,1,2
4209,3,0,1,0,1,0,1,0,0
4210,3,1,0,2,1,1,0,1,2
4211,3,1,0,1,1,1,1,1,1
4212,3,2,2,1,2,2,1,1,1
4213,3,0,1,1,0,1,0,1,1
4214,3,1,1,1,1,0,2,1,1
4215,3,1,0,1,0,0,0,1,1
4216,3,0,1,0,0,0,0,0,1
4217,3,1,1,1,1,2,1,0,1
4218,3,2,2,2,2,2,2,1,1
4219,3,1,1,1,1,0,0,1,1
4220,3,1,1,2,1,1,1,0,1
4221,3,1,2,2,0,2,1,0,2
4222,3,2,2,2,2,1,2,1,2
4223,3,2,2,2,1,2,1,1,2
4224,3,0,1,0,0,0,0,0,0
4225,3,1,2,1,1,0,1,1,2
4226,3,1,2,2,1,1,1,1,1
4227,3,2,1,2,2,2,1,2,2
4228,3,0,1,1,0,0,0,0,1
4229,3,2,2,2,1,1,2,2,2
4230,3,2,2,2,2,2,2,1,2
4231,3,1,1,2,1,1,1,1,2
4232,3,1,2,1,0,1,1,1,2
4233,3,1,1,2,0,2,0,1,2
4234,3,0,1,1,0,0,1,0,1
4235,3,1,1,2,2,1,1,0,2
4236,3,0,0,1,0,0,0,1,1
4237,3,0,1,1,0,0,0,0,1
4238,3,1,1,2,1,1,1,2,1
4239,3,1,1,1,1,1,1,0,1
4240,3,0,1,1,0,0,0,0,2
4241,3,1,2,1,1,1,1,1,2
4242,3,2,2,2,1,2,2,1,2
4243,3,2,2,2,2,2,2,2,2
4244,3,2,2,2,2,1,1,2,2
4245,3,0,1,1,0,0,1,0,1
4246,3,0,1,2,1,0,1,0,1
4247,3,1,1,1,1,1,1,1,1
4248,3,1,1,1,0,0,1,1,1
4249,3,0,0,0,1,1,0,0,1
4250,3,0,1,0,0,1,1,0,1
4251,3,0,1,1,0,0,0,0,1
4252,3,0,1,2,0,0,0,1,1
4253,3,0,2,1,0,1,0,1,1
4254,3,0,1,1,0,0,0,0,1
4255,3,0,1,1,0,0,0,0,1
4256,3,1,1,1,1,1,1,0,1
4257,3,0,1,2,1,0,0,0,1
4258,3,0,1,0,0,0,0,0,1
4259,3,1,1,2,1,2,1,1,2
4260,3,1,1,2,1,2,2,1,2
4261,3,2,1,1,2,2,2,1,2
4262,3,1,2,2,1,2,1,1,2
4263,3,1,1,1,1,1,1,1,2
4264,3,0,0,1,1,0,0,1,1
4265,3,0,0,1,0,0,0,0,1
4266,3,2,2,2,2,1,2,1,2
4267,3,1,1,1,1,1,1,1,0
4268,3,1,2,0,1,2,1,1,1
4269,3,2,1,1,2,1,1,2,2
4270,3,0,1,1,0,0,0,1,1
4271,3,0,0,1,1,0,0,0,1
4272,3,1,1,1,2,2,0,1,1
4273,3,2,2,2,2,1,2,2,2
4274,3,2,2,2,2,1,1,1,2
4275,3,1,1,2,1,1,1,1,1
4276,3,1,2,2,1,2,1,1,2
4277,3,0,1,1,0,0,0,2,1
4278,3,2,2,2,2,1,1,1,2
4279,3,1,0,1,2,1,2,1,1
4280,3,1,2,2,1,0,2,1,1
4281,3,2,1,2,1,2,1,2,2
4282,3,1,1,1,0,1,1,1,1
4283,3,2,2,2,2,2,2,2,2
4284,3,1,1,1,1,1,1,2,2
4285,3,1,2,1,1,1,1,2,2
4286,3,2,2,2,2,1,2,1,2
4287,3,0,0,1,0,0,0,0,0
4288,3,2,2,2,2,2,2,2,2
4289,3,1,1,1,0,1,2,0,1
4290,3,2,2,2,2,1,1,2,2
4291,3,1,1,1,0,1,1,0,1
4292,3,2,2,2,2,2,2,1,2
4293,3,1,1,2,1,1,0,2,2
4294,3,1,1,1,0,1,0,1,2
4295,3,2,2,2,2,1,2,1,2
4296,3,1,1,2,1,1,1,1,1
4297,3,2,2,1,2,1,2,1,2
4298,3,2,2,2,1,1,2,1,2
4299,3,1,2,2,1,1,1,2,2
4300,3,2,2,2,1,2,2,1,2
4301,3,1,1,1,1,0,1,1,1
4302,3,1,1,1,1,1,1,1,1
4303,3,0,1,0,0,0,0,0,1
4304,3,1,2,2,1,1,1,1,1
4305,3,2,2,2,2,1,1,2,2
4306,3,1,1,2,2,0,1,0,1
4307,3,1,1,1,1,1,1,1,1
4308,3,1,1,1,0,0,1,1,1
4309,3,0,1,2,0,1,0,0,1
4310,3,0,1,1,0,0,0,0,1
4311,3,1,1,2,1,1,1,2,2
4312,3,0,1,1,0,0,1,1,1
4313,3,1,2,2,1,1,1,2,1
4314,3,1,1,1,2,1,0,2,2
4315,3,1,1,1,0,1,1,1,1
4316,3,0,1,1,0,1,0,1,1
4317,3,0,0,1,0,0,0,1,1
4318,3,1,1,2,1,1,1,1,2
4319,3,2,2,1,2,2,1,1,2
4320,3,2,2,1,2,2,2,1,2
4321,3,1,2,1,1,1,0,0,2
4322,3,1,1,2,1,1,1,2,1
4323,3,1,2,1,1,2,0,1,1
4324,3,2,2,2,2,1,1,2,2
4325,3,0,1,1,0,0,0,1,1
4326,3,2,2,1,2,2,2,1,2
4327,3,2,2,2,2,2,1,1,2
4328,3,1,2,2,1,1,0,1,1
4329,3,0,1,0,0,0,0,1,1
4330,3,2,2,1,2,2,1,2,2
4331,3,0,1,1,0,1,0,0,1
4332,3,2,2,2,2,2,2,1,2
4333,3,0,1,1,0,0,0,0,1
4334,3,1,1,1,1,1,0,1,1
4335,3,0,1,1,0,0,0,0,1
4336,3,2,2,1,2,2,1,2,2
4337,3,0,1,0,0,0,0,0,1
4338,3,1,1,2,0,1,1,1,2
4339,3,1,2,2,1,2,1,2,2
4340,3,2,2,1,2,2,2,2,1
4341,3,1,1,2,1,1,1,0,2
4342,3,0,1,1,0,0,0,0,0
4343,3,1,2,1,0,1,1,1,1
4344,3,2,1,1,2,1,2,2,2
4345,3,0,1,1,0,1,0,0,1
4346,3,0,1,2,0,0,0,0,0
4347,3,1,1,1,0,1,1,1,1
4348,3,1,1,1,1,1,0,0,2
4349,3,2,2,2,2,1,1,2,2
4350,3,2,2,1,2,2,2,2,2
4351,3,1,2,2,1,2,1,1,2
4352,3,1,1,2,1,1,1,2,2
4353,3,1,2,2,1,2,1,0,2
4354,3,0,0,1,0,2,0,1,1
4355,3,1,2,1,1,1,1,1,1
4356,3,0,1,1,0,0,0,0,1
4357,3,1,1,2,1,0,0,1,1
4358,3,0,1,1,0,0,0,0,1
4359,3,1,1,2,1,0,1,1,2
4360,3,2,2,2,2,2,2,1,2
4361,3,1,1,0,1,0,1,1,1
4362,3,2,2,2,1,2,2,1,2
4363,3,1,1,2,1,1,1,1,1
4364,3,2,2,1,1,2,1,2,2
4365,3,1,1,0,1,1,0,1,0
4366,3,1,1,1,1,1,0,1,1
4367,3,0,0,1,0,0,0,0,0
4368,3,2,2,2,2,2,2,2,2
4369,3,0,0,1,0,1,0,0,1
4370,3,0,0,0,0,0,0,0,1
4371,3,1,1,2,1,1,0,1,1
4372,3,1,2,1,1,0,2,0,1
4373,3,1,2,1,0,1,0,1,1
4374,3,2,1,1,2,1,2,2,1
4375,3,0,0,2,0,0,0,0,1
4376,3,1,2,1,1,1,1,1,2
4377,3,1,2,1,1,0,1,0,1
4378,3,1,2,1,1,0,2,1,1
4379,3,1,2,2,1,0,1,0,2
4380,3,2,2,2,2,2,2,2,2
4381,3,2,2,2,2,2,2,1,2
4382,3,1,1,2,0,1,1,1,1
4383,3,1,1,1,1,1,0,1,1
4384,3,2,2,2,2,1,1,2,2
4385,3,1,2,1,1,1,1,0,1
4386,3,0,0,1,1,0,0,1,0
4387,3,0,1,1,1,1,0,0,1
4388,3,2,2,2,2,2,2,1,2
4389,3,1,2,2,1,1,1,1,1
4390,3,0,2,1,0,0,0,0,1
4391,3,1,2,1,1,0,1,1,1
4392,3,1,0,2,1,1,2,1,1
4393,3,0,0,1,0,0,1,0,1
4394,3,1,2,1,1,1,1,1,2
4395,3,0,2,1,0,0,0,0,2
4396,3,1,1,1,1,1,1,1,1
4397,3,1,2,2,0,1,1,0,1
4398,3,0,1,0,0,0,0,0,0
4399,3,0,1,2,1,0,0,1,1
4400,3,2,2,2,2,2,2,2,2
4401,3,1,1,1,2,1,0,0,1
4402,3,1,1,1,0,1,1,0,1
4403,3,2,2,1,2,2,0,2,2
4404,3,1,1,2,1,1,1,0,1
4405,3,1,1,1,2,1,1,1,1
4406,3,1,0,1,1,1,1,1,1
4407,3,0,2,0,0,1,0,0,1
4408,3,1,2,1,1,1,1,1,1
4409,3,0,0,1,0,0,0,1,0
4410,3,2,2,2,2,2,2,1,2
4411,3,0,1,1,0,0,0,0,1
4412,3,1,2,1,0,0,1,1,2
4413,3,1,2,1,0,1,1,1,1
4414,3,1,1,1,1,0,1,0,1
4415,3,1,2,1,1,1,0,2,2
4416,3,2,2,1,2,2,1,1,2
4417,3,2,2,2,2,2,2,2,2
4418,3,1,1,1,1,1,0,0,1
4419,3,0,1,1,0,1,0,1,1
4420,3,1,2,2,1,1,1,0,2
4421,3,2,2,2,2,2,2,2,2
4422,3,2,2,1,2,2,2,2,2
4423,3,1,2,2,1,1,1,0,2
4424,3,2,2,2,1,2,2,2,2
4425,3,2,2,2,2,1,1,2,2
4426,3,1,2,2,1,2,0,1,2
4427,3,1,2,2,2,0,1,1,2
4428,3,2,2,2,2,2,2,1,2
4429,3,1,1,1,1,1,1,1,2
4430,3,1,1,1,1,1,0,0,1
4431,3,2,2,2,1,1,2,2,2
4432,3,0,2,0,0,0,0,0,1
4433,3,1,1,1,1,0,0,1,0
4434,3,1,2,2,1,1,1,2,2
4435,3,1,1,1,2,1,1,1,1
4436,3,2,2,2,2,2,1,2,2
4437,3,1,2,1,2,1,1,1,2
4438,3,0,1,0,0,0,1,0,1
4439,3,2,2,2,2,2,2,2,2
4440,3,2,2,2,2,2,2,1,2
4441,3,1,0,1,2,1,1,0,1
4442,3,1,1,2,0,1,1,1,1
4443,3,2,2,2,2,2,2,2,2
4444,3,2,2,1,1,1,1,2,2
4445,3,0,1,0,1,0,0,0,0
4446,3,2,1,2,2,2,2,1,2
4447,3,1,1,2,2,1,1,2,2
4448,3,1,1,2,1,1,1,0,1
4449,3,1,1,1,1,1,1,1,1
4450,3,1,1,1,1,0,1,1,1
4451,3,1,1,2,0,1,0,0,1
4452,3,1,2,2,2,2,2,1,2
4453,3,1,1,2,2,1,2,2,1
4454,3,1,1,1,1,0,1,1,2
4455,3,1,2,2,1,1,1,1,2
4456,3,0,1,1,1,0,0,0,1
4457,3,0,1,1,1,0,0,0,2
4458,3,0,0,1,1,0,0,0,0
4459,3,1,2,2,0,1,1,0,2
4460,3,1,1,1,1,1,1,1,1
4461,3,0,1,1,0,0,0,0,1
4462,3,2,2,2,2,2,2,2,2
4463,3,1,2,1,1,0,1,1,2
4464,3,1,1,2,1,2,1,0,1
4465,3,0,1,0,0,0,1,0,0
4466,3,2,1,2,1,1,1,2,2
4467,3,0,0,1,1,0,0,0,1
4468,3,0,1,0,0,1,0,0,1
4469,3,1,1,1,1,1,0,1,1
4470,3,1,2,1,1,1,1,1,2
4471,3,1,2,2,1,1,0,1,1
4472,3,1,1,1,1,1,1,1,2
4473,3,1,1,1,0,1,1,0,1
4474,3,1,1,2,1,1,1,0,1
4475,3,2,2,2,2,2,2,1,2
4476,3,1,1,2,1,1,1,0,1
4477,3,2,2,1,1,2,2,1,2
4478,3,1,1,2,1,1,1,2,1
4479,3,1,1,1,2,2,1,1,2
4480,3,2,1,2,2,2,1,2,1
4481,3,2,2,2,2,2,2,1,2
4482,3,0,2,2,0,0,0,0,1
4483,3,1,1,1,1,0,1,1,1
4484,3,1,2,2,1,1,1,1,2
4485,3,1,2,1,1,0,1,1,1
4486,3,1,1,2,1,0,1,1,2
4487,3,1,2,2,1,1,1,1,2
4488,3,0,1,1,1,0,0,0,1
4489,3,1,1,1,0,1,1,0,1
4490,3,1,1,1,1,1,1,2,1
4491,3,1,2,1,1,2,0,1,1
4492,3,0,1,0,0,0,0,1,1
4493,3,2,2,2,2,1,2,1,2
4494,3,1,1,2,1,1,1,1,1
4495,3,1,1,1,1,1,1,0,1
4496,3,1,2,1,1,0,1,1,2
4497,3,0,1,1,0,0,0,0,0
4498,3,0,0,1,0,0,1,0,1
4499,3,2,2,1,1,1,2,0,2
4500,3,0,1,1,0,0,0,1,1
4501,3,1,2,2,1,1,1,2,1
4502,3,2,2,2,2,2,2,2,2
4503,3,0,1,1,0,0,0,0,1
4504,3,0,0,2,0,0,0,1,1
4505,3,0,1,0,0,1,0,0,1
4506,3,0,1,1,0,0,0,0,1
4507,3,1,2,1,1,2,1,1,2
4508,3,0,0,1,0,0,0,0,1
4509,3,1,2,2,1,1,1,1,2
4510,3,2,2,2,2,2,2,1,2
4511,3,0,0,1,0,1,0,0,1
4512,3,0,1,1,0,0,1,0,1
4513,3,0,1,0,0,0,0,0,0
4514,3,1,2,2,1,1,1,1,1
4515,3,1,2,1,1,1,1,0,2
4516,3,0,1,0,0,0,0,1,0
4517,3,1,2,2,0,1,0,0,2
4518,3,1,2,2,1,1,1,2,2
4519,3,0,1,0,0,0,0,1,1
4520,3,1,1,2,2,2,1,1,1
4521,3,1,0,1,1,1,1,1,1
4522,3,1,1,2,1,1,1,2,2
4523,3,1,2,1,1,1,1,2,1
4524,3,1,2,2,1,1,1,1,1
4525,3,0,1,1,0,0,0,0,1
4526,3,1,1,1,1,0,1,0,1
4527,3,0,0,1,1,0,0,0,1
4528,3,1,1,1,1,1,1,0,2
4529,3,0,0,1,0,0,0,1,0
4530,3,1,2,1,1,1,2,1,1
4531,3,0,1,1,0,0,0,1,1
4532,3,0,0,1,0,1,0,0,1
4533,3,1,2,2,1,1,1,1,2
4534,3,1,2,0,1,1,1,0,1
4535,3,0,1,1,0,0,0,0,0
4536,3,1,1,0,0,1,0,1,1
4537,3,2,2,2,2,1,2,2,2
4538,3,1,2,1,0,1,0,1,2
4539,3,0,1,1,1,1,0,0,1
4540,3,1,2,2,1,1,1,1,2
4541,3,2,2,2,1,1,2,2,2
4542,3,2,1,2,2,2,2,2,2
4543,3,2,2,2,2,2,2,1,2
4544,3,1,1,1,1,1,1,0,2
4545,3,1,1,1,1,0,1,1,1
4546,3,1,1,2,1,1,1,1,2
4547,3,0,0,1,0,0,0,1,1
4548,3,2,2,2,2,2,1,2,2
4549,3,1,1,1,0,0,0,1,1
4550,3,2,2,2,2,2,2,2,2
4551,3,0,1,1,0,1,0,0,1
4552,3,2,2,1,2,2,2,2,1
4553,3,1,1,1,1,0,1,2,1
4554,3,0,1,1,0,0,0,0,1
4555,3,2,2,1,2,1,2,1,2
4556,3,2,2,2,2,1,1,2,2
4557,3,1,1,2,1,1,1,1,2
4558,3,2,2,2,2,1,2,2,2
4559,3,1,1,2,1,1,1,1,2
4560,3,2,2,1,1,1,2,1,2
4561,3,2,2,2,2,2,1,0,2
4562,3,0,1,1,0,1,0,0,1
4563,3,1,2,1,1,1,0,0,2
4564,3,2,2,1,2,2,2,1,2
4565,3,1,1,1,1,1,1,0,1
4566,3,0,1,0,0,0,0,0,1
4567,3,2,1,2,2,1,2,1,2
4568,3,0,1,1,0,1,0,0,1
4569,3,2,2,2,1,2,2,1,2
4570,3,0,1,0,1,0,0,0,1
4571,3,1,1,2,1,1,1,0,2
4572,3,2,2,2,2,2,1,1,2
4573,3,0,1,1,0,0,0,0,1
4574,3,2,2,2,2,2,2,2,2
4575,3,0,1,1,0,0,0,0,1
4576,3,1,2,1,0,1,1,2,2
4577,3,1,1,1,1,1,1,0,2
4578,3,1,1,2,1,1,2,1,2
4579,3,2,2,2,2,2,2,2,2
4580,3,1,1,2,1,0,2,0,2
4581,3,0,1,1,0,0,1,0,1
4582,3,0,0,1,0,0,0,0,1
4583,3,1,1,2,1,1,1,0,2
4584,3,1,2,2,1,1,1,2,2
4585,3,1,1,2,1,1,1,0,1
4586,3,1,1,1,1,1,1,0,1
4587,3,1,2,1,1,1,2,1,1
4588,3,0,2,0,0,0,0,1,1
4589,3,2,2,2,2,2,2,1,2
4590,3,1,1,2,1,1,1,0,1
4591,3,2,2,1,2,1,2,1,2
4592,3,1,2,1,1,1,1,2,1
4593,3,0,2,2,0,0,1,0,1
4594,3,1,2,2,1,1,0,1,1
4595,3,0,0,1,0,0,0,0,0
4596,3,1,1,1,2,1,1,0,1
4597,3,0,1,1,0,0,0,0,1
4598,3,1,1,2,1,0,1,1,1
4599,3,0,1,0,0,0,0,0,0
4600,3,1,2,2,0,2,1,1,2
4601,3,0,1,1,0,1,0,0,1
4602,3,1,2,1,1,1,1,1,2
4603,3,1,1,2,1,1,1,1,2
4604,3,1,1,2,0,1,1,1,1
4605,3,1,1,1,2,0,2,1,2
4606,3,1,1,2,1,1,0,1,2
4607,3,0,1,1,1,0,1,0,1
4608,3,1,2,2,1,1,1,1,1
4609,3,1,2,2,1,1,1,0,2
4610,3,0,0,0,0,0,0,1,1
4611,3,0,1,1,0,0,1,0,1
4612,3,1,2,1,1,0,1,1,2
4613,3,1,1,1,1,1,0,1,1
4614,3,1,2,2,1,0,1,0,2
4615,3,0,1,0,0,0,0,0,0
4616,3,0,1,1,0,0,1,0,1
4617,3,0,1,1,0,0,0,0,1
4618,3,1,1,2,1,1,1,1,1
4619,3,0,1,1,0,0,0,0,1
4620,3,1,1,2,2,1,1,0,2
4621,3,0,2,0,0,0,0,0,1
4622,3,2,2,2,2,2,2,1,2
4623,3,2,1,2,2,2,2,2,2
4624,3,1,1,2,1,1,1,1,1
4625,3,2,2,2,2,2,2,2,2
4626,3,2,1,2,1,2,1,1,2
4627,3,1,2,1,1,1,1,1,1
4628,3,1,2,1,1,1,0,0,1
4629,3,1,1,1,2,1,0,1,1
4630,3,1,2,1,1,1,1,0,1
4631,3,1,2,0,1,1,1,1,1
4632,3,1,1,0,2,0,1,1,1
4633,3,0,1,2,1,0,1,0,1
4634,3,2,2,1,1,2,2,1,2
4635,3,1,1,1,1,2,1,1,1
4636,3,2,2,2,2,2,2,1,2
4637,3,1,2,2,1,2,1,1,2
4638,3,1,1,2,1,1,1,1,2
4639,3,2,2,2,2,1,2,1,2
4640,3,1,2,1,1,1,1,1,2
4641,3,1,2,2,1,1,1,1,2
4642,3,0,1,2,0,1,0,0,1
4643,3,1,0,1,1,0,0,1,1
4644,3,1,1,2,1,1,1,0,1
4645,3,0,1,2,0,0,0,0,1
4646,3,1,1,1,2,1,0,1,2
4647,3,1,1,1,1,1,1,0,1
4648,3,1,1,2,1,1,0,1,1
4649,3,1,1,2,1,1,1,2,2
4650,3,2,1,2,2,2,2,1,2
4651,3,0,2,1,0,0,1,0,1
4652,3,1,1,1,1,1,1,0,1
4653,3,1,1,1,1,1,1,1,1
4654,3,2,2,2,2,2,2,2,2
4655,3,1,1,2,1,0,1,1,2
4656,3,0,1,0,0,0,1,0,1
4657,3,1,2,2,1,0,1,0,1
4658,3,1,1,2,1,0,2,1,1
4659,3,1,1,1,1,1,1,0,2
4660,3,0,1,1,0,0,0,0,1
4661,3,1,2,1,1,1,1,1,1
4662,3,1,1,1,1,0,1,1,1
4663,3,0,1,1,0,0,0,0,1
4664,3,2,1,2,2,1,1,1,2
4665,3,1,2,2,1,2,1,2,2
4666,3,1,1,2,1,1,1,1,2
4667,3,1,1,2,1,2,1,0,2
4668,3,2,2,1,2,1,1,1,2
4669,3,0,1,0,0,0,0,1,1
4670,3,1,1,1,1,1,1,2,1
4671,3,0,0,1,0,0,1,0,0
4672,3,1,1,0,1,1,1,1,1
4673,3,1,2,1,1,1,1,1,1
4674,3,1,2,1,1,1,1,1,2
4675,3,1,1,2,1,1,1,1,1
4676,3,1,2,1,1,1,0,1,2
4677,3,2,2,1,1,1,1,1,2
4678,3,2,2,2,2,2,1,2,2
4679,3,2,2,2,2,2,1,2,2
4680,3,0,0,1,1,0,0,0,1
4681,3,2,2,1,2,2,1,2,2
4682,3,2,2,2,1,1,1,2,2
4683,3,1,1,1,1,1,2,2,1
4684,3,1,1,1,1,1,1,1,1
4685,3,1,2,2,1,1,0,1,2
4686,3,0,1,1,0,0,0,0,1
4687,3,1,1,2,1,1,1,0,1
4688,3,0,1,1,0,0,0,0,1
4689,3,0,1,1,0,0,0,0,2
4690,3,2,2,2,1,2,1,1,2
4691,3,2,2,2,2,2,2,2,2
4692,3,1,2,2,1,0,1,0,2
4693,3,0,1,1,0,0,0,0,1
4694,3,1,0,2,1,1,2,0,1
4695,3,2,2,2,1,1,1,1,2
4696,3,1,1,0,1,1,1,1,1
4697,3,2,1,2,2,2,1,1,2
4698,3,1,0,2,1,1,1,1,1
4699,3,0,1,1,0,1,0,0,1
4700,3,1,2,1,1,1,0,1,2
4701,3,1,2,2,1,1,1,1,2
4702,3,1,1,2,1,1,1,1,2
4703,3,1,2,1,1,0,1,1,1
4704,3,1,2,2,1,1,1,0,2
4705,3,1,2,1,1,0,1,1,1
4706,3,1,2,2,0,1,1,0,1
4707,3,2,2,2,2,2,2,2,2
4708,3,0,1,0,0,0,1,1,1
4709,3,1,2,1,1,1,1,1,1
4710,3,0,0,1,0,0,0,0,1
4711,3,2,2,2,2,1,1,2,2
4712,3,2,2,2,1,2,2,1,2
4713,3,0,1,1,1,0,0,0,1
4714,3,2,2,2,1,2,2,2,2
4715,3,1,1,1,2,2,1,0,1
4716,3,1,1,1,0,1,1,2,1
4717,3,2,2,2,1,1,2,2,2
4718,3,1,2,1,1,2,1,0,2
4719,3,1,1,2,1,1,1,1,1
4720,3,2,2,2,2,2,2,2,2
4721,3,1,1,2,1,1,0,1,2
4722,3,1,1,2,1,1,1,1,1
4723,3,1,1,1,1,1,1,0,1
4724,3,2,2,2,1,2,2,1,2
4725,3,1,1,2,0,1,2,0,1
4726,3,1,1,1,1,1,1,0,1
4727,3,1,2,1,1,1,0,2,2
4728,3,1,1,2,1,1,0,1,1
4729,3,1,2,1,1,0,1,1,2
4730,3,1,2,2,0,1,1,1,2
4731,3,1,2,1,1,1,1,1,1
4732,3,1,1,1,1,1,0,0,2
4733,3,1,1,1,1,1,1,2,2
4734,3,1,1,2,1,1,1,0,1
4735,3,1,1,1,1,1,1,0,1
4736,3,0,0,2,0,0,0,0,1
4737,3,1,2,1,1,0,1,2,1
4738,3,2,1,2,1,1,1,1,2
4739,3,1,2,1,1,2,1,1,1
4740,3,1,2,1,1,1,1,1,1
4741,3,0,1,1,0,0,1,0,1
4742,3,2,2,2,1,1,2,1,2
4743,3,1,2,2,1,1,0,1,2
4744,3,1,1,2,0,0,1,1,1
4745,3,0,1,1,0,0,0,0,1
4746,3,1,2,1,1,1,1,1,1
4747,3,1,1,2,1,1,1,1,1
4748,3,2,2,2,2,1,2,1,2
4749,3,1,2,2,1,0,1,0,2
4750,3,1,1,1,1,1,2,1,2
4751,3,2,2,2,2,2,1,1,2
4752,3,2,2,2,2,1,2,2,2
4753,3,2,2,1,2,2,2,2,1
4754,3,1,2,2,1,1,1,2,2
4755,3,1,0,1,1,1,1,1,1
4756,3,1,1,2,2,1,1,1,1
4757,3,1,1,2,1,1,1,1,2
4758,3,1,2,1,1,0,1,1,2
4759,3,0,1,1,0,0,0,0,1
4760,3,2,2,2,2,2,1,2,2
4761,3,1,1,1,1,1,1,1,1
4762,3,0,1,1,0,0,0,0,1
4763,3,1,2,0,1,1,1,1,1
4764,3,1,1,1,1,0,1,1,2
4765,3,1,2,2,1,1,1,1,2
4766,3,1,2,2,1,1,1,1,2
4767,3,0,0,1,1,1,1,0,1
4768,3,0,1,2,0,0,0,0,1
4769,3,0,1,1,0,0,0,1,1
4770,3,0,1,1,0,0,0,1,1
4771,3,0,1,1,0,0,0,0,1
4772,3,1,2,2,1,1,1,1,1
4773,3,1,1,1,0,1,0,0,1
4774,3,1,2,2,1,1,0,1,2
4775,3,1,1,2,1,0,1,1,1
4776,3,2,2,2,2,2,2,2,2
4777,3,0,0,2,0,0,0,0,1
4778,3,1,2,1,1,0,1,1,1
4779,3,1,1,0,1,1,1,1,1
4780,3,2,2,2,1,2,2,2,2
4781,3,2,2,2,2,1,2,1,2
4782,3,1,1,1,1,1,0,2,1
4783,3,0,0,1,0,0,1,1,1
4784,3,2,2,2,2,2,2,2,2
4785,3,1,1,1,1,0,1,1,2
4786,3,1,1,2,0,1,1,1,1
4787,3,2,2,1,2,2,2,1,1
4788,3,2,2,1,1,1,1,1,2
4789,3,1,1,1,1,1,1,1,1
4790,3,2,1,2,2,2,1,2,2
4791,3,2,2,2,1,2,2,2,2
4792,3,2,1,2,2,2,1,1,2
4793,3,1,2,1,1,1,1,0,2
4794,3,1,1,2,1,1,1,0,2
4795,3,1,1,2,1,0,1,1,1
4796,3,1,2,0,1,1,1,1,1
4797,3,1,2,1,2,1,1,1,1
4798,3,1,1,1,2,0,1,0,2
4799,3,0,1,1,0,0,1,1,1
4800,3,0,0,1,0,0,0,0,0
4801,3,0,0,0,0,0,0,0,0
4802,3,2,2,1,2,2,1,2,2
4803,3,2,2,2,2,2,2,2,2
4804,3,1,2,1,1,1,0,2,2
4805,3,2,2,1,2,2,2,1,2
4806,3,2,1,2,1,2,2,1,2
4807,3,1,1,1,1,1,0,1,1
4808,3,2,2,2,2,1,2,1,2
4809,3,1,2,2,1,2,1,0,2
4810,3,1,2,1,1,1,1,2,2
4811,3,2,2,2,2,1,1,2,2
4812,3,0,0,2,1,0,0,0,1
4813,3,2,2,2,2,2,2,2,2
4814,3,1,2,2,1,0,0,2,2
4815,3,1,1,1,1,1,0,1,1
4816,3,2,2,2,1,2,2,1,2
4817,3,1,1,1,2,1,0,1,1
4818,3,1,1,2,1,1,1,1,1
4819,3,1,2,1,1,1,0,1,2
4820,3,1,1,1,1,1,1,1,1
4821,3,0,2,1,1,0,1,0,1
4822,3,2,2,2,2,2,2,1,2
4823,3,0,2,2,1,0,1,0,2
4824,3,1,1,2,1,0,0,2,2
4825,3,1,1,2,1,1,1,0,1
4826,3,1,1,2,0,0,1,0,1
4827,3,1,1,2,1,0,1,1,1
4828,3,0,1,1,0,0,0,0,1
4829,3,1,2,1,1,2,0,1,1
4830,3,0,1,1,0,0,1,0,1
4831,3,1,1,0,1,1,1,2,1
4832,3,0,1,1,0,0,0,0,2
4833,3,1,2,2,1,1,1,1,1
4834,3,2,2,2,2,2,2,2,2
4835,3,0,0,1,0,1,0,0,1
4836,3,1,2,1,1,2,0,0,1
4837,3,1,2,1,0,1,2,0,2
4838,3,2,2,2,2,1,2,2,2
4839,3,2,2,2,2,2,1,1,2
4840,3,1,1,1,1,0,1,1,1
4841,3,1,2,1,1,1,1,1,1
4842,3,2,2,2,2,1,1,1,2
4843,3,2,2,2,2,1,2,2,2
4844,3,2,2,2,2,2,2,2,2
4845,3,2,2,1,2,2,2,1,1
4846,3,2,2,2,1,2,2,1,2
4847,3,2,2,2,2,2,2,2,2
4848,3,2,2,2,1,1,2,2,2
4849,3,0,1,0,0,0,0,0,1
4850,3,0,1,1,0,1,0,0,1
4851,3,2,2,2,1,2,2,2,2
4852,3,2,2,1,2,1,2,1,1
4853,3,1,1,1,1,1,1,0,1
4854,3,2,2,2,2,2,2,1,2
4855,3,2,2,2,2,2,1,1,2
4856,3,1,0,1,1,1,1,1,1
4857,3,2,2,2,1,2,2,2,2
4858,3,1,2,1,1,1,1,1,1
4859,3,1,1,1,1,1,1,0,1
4860,3,1,1,2,1,0,2,2,1
4861,3,0,1,1,0,1,0,0,1
4862,3,0,1,1,0,0,0,0,1
4863,3,2,2,2,2,2,2,2,2
4864,3,0,0,0,0,0,0,0,0
4865,3,2,1,2,2,1,2,2,2
4866,3,0,1,1,0,0,0,0,1
4867,3,0,0,1,0,0,1,1,1
4868,3,1,1,2,1,1,0,1,2
4869,3,2,2,1,2,2,2,1,2
4870,3,0,1,1,0,1,0,0,1
4871,3,0,0,1,0,0,1,0,0
4872,3,2,2,2,2,2,1,2,2
4873,3,2,1,2,1,2,1,2,2
4874,3,1,2,1,1,1,1,1,1
4875,3,1,1,1,1,0,0,1,1
4876,3,1,1,1,2,1,1,0,1
4877,3,1,1,1,2,1,1,1,1
4878,3,1,2,2,1,1,0,0,2
4879,3,1,1,2,1,1,1,1,1
4880,3,1,1,1,1,0,1,0,1
4881,3,1,2,1,1,2,1,0,2
4882,3,0,2,0,0,0,1,0,1
4883,3,2,2,2,2,2,1,1,2
4884,3,1,2,2,1,1,1,1,1
4885,3,1,2,1,1,0,0,2,2
4886,3,1,1,1,0,2,1,1,2
4887,3,2,2,1,2,2,2,1,2
4888,3,1,1,1,0,1,1,2,1
4889,3,0,0,0,0,1,0,0,1
4890,3,1,2,2,1,1,1,1,2
4891,3,0,1,1,1,0,0,0,1
4892,3,1,1,2,2,0,1,0,2
4893,3,1,1,0,1,1,0,0,1
4894,3,0,1,1,0,1,0,0,1
4895,3,0,0,1,0,0,0,1,1
4896,3,1,1,1,1,1,1,1,1
4897,3,1,2,1,0,1,2,1,1
4898,3,1,2,2,1,1,0,1,2
4899,3,0,1,1,0,0,0,1,1
4900,3,0,1,0,0,0,0,0,0
4901,3,1,2,1,1,1,0,1,1
4902,3,1,1,1,1,1,1,0,1
4903,3,0,2,1,1,0,0,1,1
4904,3,1,1,1,1,2,2,1,1
4905,3,1,1,1,1,1,1,1,2
4906,3,2,2,2,1,1,2,2,2
4907,3,2,2,0,2,2,2,1,2
4908,3,0,2,1,0,0,0,0,1
4909,3,0,1,1,0,0,0,0,1
4910,3,1,1,1,1,1,1,1,1
4911,3,2,2,2,2,2,1,2,2
4912,3,2,2,1,2,2,2,1,2
4913,3,2,2,2,1,2,2,2,2
4914,3,0,1,1,0,0,0,0,1
4915,3,1,1,2,0,1,1,0,2
4916,3,0,1,2,0,0,1,0,1
4917,3,1,2,1,1,0,2,0,1
4918,3,2,2,2,1,2,2,1,2
4919,3,2,2,2,2,1,2,2,2
4920,3,1,1,1,1,0,1,0,1
4921,3,1,2,2,0,0,1,1,1
4922,3,1,1,2,1,1,1,0,2
4923,3,2,1,1,2,2,1,2,1
4924,3,1,2,1,1,1,0,1,2
4925,3,1,1,0,1,1,1,1,1
4926,3,1,2,2,1,0,0,1,2
4927,3,1,1,1,1,1,1,1,1
4928,3,0,1,1,0,0,0,0,1
4929,3,1,2,1,2,2,1,1,1
4930,3,2,2,2,2,2,2,2,2
4931,3,1,2,1,1,1,1,1,1
4932,3,1,1,1,1,1,1,1,1
4933,3,2,2,2,2,2,2,2,2
4934,3,1,2,1,2,1,1,1,1
4935,3,2,2,2,2,2,2,1,2
4936,3,2,2,2,2,2,2,1,2
4937,3,1,1,1,0,0,1,1,2
4938,3,0,1,0,0,0,0,1,1
4939,3,1,0,2,1,1,1,1,2
4940,3,0,1,0,0,0,0,0,0
4941,3,1,1,1,1,1,0,0,2
4942,3,1,2,2,1,1,0,1,2
4943,3,2,1,2,2,2,1,2,2
4944,3,0,1,1,0,0,0,0,0
4945,3,1,2,1,1,1,1,1,2
4946,3,1,1,2,0,1,1,1,1
4947,3,1,1,0,1,1,0,0,1
4948,3,1,2,1,1,1,0,1,2
4949,3,1,1,1,1,1,2,0,1
4950,3,1,2,2,1,1,1,0,2
4951,3,1,2,0,0,1,1,1,1
4952,3,1,2,1,1,1,1,2,1
4953,3,0,0,1,0,0,0,0,1
4954,3,0,1,2,0,1,0,1,1
4955,3,2,1,1,2,1,2,2,1
4956,3,1,2,2,1,0,1,0,1
4957,3,1,1,2,1,1,1,1,1
4958,3,1,1,1,2,1,1,0,1
4959,3,1,1,2,1,0,1,1,1
4960,3,2,1,2,2,2,2,2,2
4961,3,0,0,1,1,0,0,1,0
4962,3,1,1,1,1,1,1,2,1
4963,3,1,1,2,2,1,1,1,1
4964,3,0,0,1,0,0,0,0,0
4965,3,1,2,2,1,1,1,1,2
4966,3,1,1,2,2,2,1,1,1
4967,3,0,1,0,0,0,0,0,1
4968,3,1,1,1,1,1,1,1,1
4969,3,2,2,2,2,2,2,2,2
4970,3,1,0,1,1,1,1,0,1
4971,3,1,1,1,1,1,2,0,1
4972,3,2,1,2,2,2,1,2,2
4973,3,1,2,1,1,0,0,0,2
4974,3,2,2,2,2,2,2,2,2
4975,3,0,0,1,0,0,0,0,1
4976,3,2,2,2,2,1,2,2,2
4977,3,2,2,2,2,1,2,2,2
4978,3,0,1,0,0,1,1,1,1
4979,3,1,1,1,1,0,1,1,1
4980,3,1,2,2,1,2,1,1,1
4981,3,1,2,1,1,1,0,0,1
4982,3,1,1,2,1,1,1,1,1
4983,3,1,1,2,1,0,1,0,2
4984,3,1,2,1,1,1,1,1,2
4985,3,2,2,1,2,2,2,2,2
4986,3,1,2,1,1,0,1,2,2
4987,3,0,1,1,0,0,0,0,0
4988,3,2,1,1,1,2,2,1,2
4989,3,1,2,2,1,1,1,0,2
4990,3,1,1,1,1,1,0,1,2
4991,3,0,1,0,0,0,0,0,1
4992,3,2,2,2,2,2,1,2,2
4993,3,1,1,1,1,0,0,2,1
4994,3,1,1,2,1,1,0,0,1
4995,3,1,0,2,0,1,1,1,1
4996,3,1,2,2,1,0,1,1,1
4997,3,2,2,2,2,2,2,0,1
4998,3,2,2,1,2,1,2,1,2
4999,3,0,1,1,0,0,0,1,0
5000,3,0,1,1,0,0,0,0,0
