id,X,T,D,U,P,L,H,A,Y
1,1,0,0,0,0,0,0,1,0
2,2,1,2,1,1,0,1,0,1
3,3,0,1,0,0,0,0,1,1
4,3,2,2,2,2,1,2,2,2
5,0,2,1,1,1,2,2,1,1
6,0,1,0,0,1,1,1,1,0
7,3,2,2,2,1,2,2,1,2
8,3,1,1,2,1,1,1,1,2
9,0,0,0,0,0,0,0,0,0
10,1,1,1,1,1,1,1,1,1
11,3,0,1,1,0,0,0,1,0
12,1,1,0,1,1,1,1,1,0
13,1,0,0,1,0,0,0,0,1
14,3,1,1,1,1,1,1,0,1
15,1,1,1,1,1,1,1,1,1
16,1,2,1,2,2,2,2,2,2
17,2,0,1,0,0,1,0,0,0
18,2,1,0,1,1,1,1,1,1
19,0,2,0,1,2,2,2,2,1
20,0,0,1,1,0,0,0,0,0
21,3,1,1,2,0,1,0,1,2
22,3,1,1,1,1,2,1,1,1
23,3,1,2,2,1,1,1,2,2
24,2,2,2,2,2,2,2,1,2
25,3,1,1,1,1,0,0,0,1
26,1,1,1,1,1,0,1,1,0
27,1,0,0,0,0,0,0,0,0
28,3,1,2,2,0,1,1,1,1
29,0,2,0,1,2,1,2,1,1
30,1,2,2,1,2,1,2,2,1
31,0,0,0,0,0,0,0,0,1
32,1,0,1,0,0,0,0,1,0
33,3,0,0,1,0,0,1,0,1
34,0,2,1,1,1,1,2,2,2
35,1,1,1,1,1,1,1,0,1
36,1,1,1,1,1,1,0,0,1
37,3,1,1,1,0,1,0,1,1
38,0,1,0,0,1,1,1,1,0
39,2,1,1,1,0,1,1,1,1
40,1,1,1,2,1,0,0,1,1
41,0,2,1,1,2,2,1,2,2
42,3,0,1,1,0,0,0,1,1
43,0,0,0,0,1,0,0,1,1
44,1,0,0,1,0,0,0,1,0
45,1,2,1,1,2,2,2,2,1
46,1,1,1,1,0,1,1,1,1
47,0,2,0,1,2,2,1,2,1
48,3,0,1,1,0,0,0,0,0
49,2,2,1,2,2,1,2,2,1
50,3,1,2,2,1,1,1,1,2
51,0,1,0,1,1,1,1,0,0
52,2,0,0,0,0,0,0,0,0
53,1,1,1,1,1,1,1,1,1
54,2,2,1,2,2,2,1,2,2
55,3,0,0,2,0,0,1,0,1
56,1,2,0,2,2,2,1,2,1
57,2,2,1,2,1,2,2,2,1
58,0,1,0,0,1,1,1,2,0
59,1,2,2,2,2,1,2,1,2
60,3,1,2,1,1,1,1,1,1
61,1,0,0,1,0,0,1,0,0
62,2,1,1,1,1,1,1,0,2
63,1,0,0,0,0,0,0,1,0
64,0,1,0,0,1,1,1,0,0
65,1,2,1,1,2,2,1,2,1
66,2,0,0,0,0,1,1,1,1
67,1,0,1,0,0,1,0,0,1
68,3,2,2,2,2,2,2,1,2
69,1,2,1,1,1,2,2,1,1
70,2,1,1,1,1,1,1,1,1
71,3,0,1,1,0,0,1,0,1
72,3,2,2,1,1,2,2,1,2
73,1,0,0,1,0,1,0,0,1
74,0,1,1,0,1,1,0,0,0
75,2,2,2,1,2,1,1,2,2
76,2,1,1,2,1,1,1,1,1
77,3,2,2,2,2,2,1,2,2
78,1,1,0,0,1,1,1,1,1
79,1,1,1,0,1,1,1,1,1
80,0,1,1,0,1,0,1,1,1
81,1,2,2,2,2,2,2,1,1
82,2,2,2,2,2,2,2,2,2
83,3,2,2,2,2,2,1,1,2
84,3,2,2,2,2,1,1,2,2
85,0,1,0,1,1,0,1,0,1
86,2,0,0,1,0,0,0,0,0
87,3,1,1,2,1,1,1,0,2
88,1,0,0,0,0,0,0,1,0
89,1,2,2,1,2,1,2,1,2
90,3,2,2,2,2,2,1,2,2
91,2,1,2,1,0,0,0,2,1
92,2,2,1,2,1,1,2,2,2
93,2,2,2,1,2,2,2,2,2
94,2,1,1,1,1,1,1,1,2
95,3,1,2,2,1,1,1,1,2
96,3,0,0,1,1,0,0,0,0
97,0,0,0,0,0,0,1,0,0
98,0,2,1,2,1,2,2,2,1
99,2,0,1,0,0,0,0,0,0
100,3,1,2,1,1,1,0,1,1
101,0,1,0,0,1,1,1,1,1
102,2,2,1,1,2,1,2,1,2
103,3,2,2,2,2,2,2,2,2
104,3,1,1,2,1,2,0,0,2
105,3,2,2,2,1,1,2,2,2
106,0,0,0,0,1,0,0,2,1
107,2,0,1,1,0,0,0,0,1
108,3,1,1,1,1,1,1,2,1
109,1,1,0,1,1,1,2,1,1
110,0,1,0,0,1,1,1,0,1
111,1,2,2,2,2,2,1,2,1
112,0,1,0,1,1,1,1,0,0
113,0,1,1,1,1,1,0,1,1
114,3,1,2,2,1,1,1,1,2
115,2,1,2,1,1,1,1,1,1
116,3,0,1,2,0,0,1,0,1
117,3,0,1,1,0,1,0,0,1
118,3,1,2,2,0,0,1,1,1
119,1,1,1,1,1,1,0,1,1
120,1,0,0,0,0,0,1,0,0
121,2,1,2,0,0,1,1,1,1
122,1,2,2,2,2,2,2,1,2
123,3,2,2,2,2,2,2,1,2
124,0,1,1,0,2,0,1,0,1
125,3,0,1,1,0,0,1,0,2
126,2,0,1,1,0,1,0,0,0
127,1,0,0,0,0,0,0,0,1
128,2,1,1,0,0,0,1,0,1
129,1,0,0,0,0,0,0,0,0
130,3,1,2,1,1,0,1,1,1
131,3,0,1,1,1,1,0,0,1
132,1,1,1,0,1,0,1,1,1
133,1,1,0,2,1,1,1,0,1
134,0,2,2,1,2,1,2,1,1
135,2,2,2,1,1,2,2,1,2
136,2,0,1,1,1,0,1,0,1
137,3,1,2,2,1,0,1,1,2
138,3,1,2,2,0,0,1,1,1
139,3,0,1,0,0,0,0,0,0
140,3,1,1,2,1,0,2,0,1
141,3,2,2,2,2,1,1,2,2
142,0,0,0,0,0,0,0,1,0
143,0,0,0,0,0,1,0,0,0
144,1,0,1,0,0,0,0,0,0
145,1,1,1,1,2,1,1,1,1
146,3,1,2,2,0,1,1,0,2
147,3,1,1,2,2,1,2,0,1
148,1,1,1,1,2,1,1,1,1
149,2,2,1,2,2,2,1,2,2
150,2,0,0,1,1,0,0,0,0
151,3,0,1,1,0,0,0,0,1
152,0,2,1,0,2,2,2,1,1
153,1,0,0,1,1,0,0,0,0
154,2,2,2,2,2,2,2,1,2
155,1,0,0,0,0,1,0,0,0
156,3,0,0,1,1,0,1,0,1
157,3,1,0,2,1,1,0,0,1
158,3,2,2,2,2,2,2,2,2
159,1,1,1,1,1,1,1,1,1
160,3,2,2,2,2,1,2,1,2
161,0,2,2,1,2,2,0,1,1
162,2,0,1,2,0,0,1,0,1
163,1,1,1,1,1,1,1,2,1
164,0,1,0,1,0,1,1,0,1
165,2,0,1,1,0,0,0,1,1
166,3,1,2,2,1,1,1,1,1
167,3,2,2,2,2,2,1,2,2
168,0,1,1,0,1,1,1,1,0
169,3,2,2,2,2,2,1,1,2
170,3,1,1,2,1,1,1,1,2
171,1,1,1,1,1,1,1,1,1
172,0,0,0,0,0,0,1,1,0
173,3,2,1,1,2,2,2,1,1
174,3,2,1,2,2,2,2,2,2
175,1,1,1,2,1,1,1,1,1
176,0,1,1,0,1,1,0,1,1
177,0,1,0,0,1,1,1,0,0
178,1,2,2,1,2,2,1,2,1
179,3,0,0,2,0,0,1,1,0
180,1,2,1,2,1,2,2,2,1
181,0,2,2,0,2,2,1,1,1
182,2,0,1,0,0,1,0,0,0
183,2,1,0,1,1,1,1,1,0
184,0,1,0,0,2,0,1,0,0
185,2,1,1,1,1,0,1,1,1
186,1,1,0,2,1,1,1,1,1
187,2,1,1,1,0,1,1,1,1
188,0,1,0,0,1,1,2,1,0
189,2,1,1,1,1,0,1,0,1
190,1,1,2,1,2,1,1,1,2
191,2,1,0,1,0,1,1,0,1
192,1,2,2,1,2,2,2,2,1
193,2,2,1,2,2,1,2,1,2
194,0,1,0,0,1,1,1,1,1
195,1,0,1,0,0,0,0,0,1
196,2,1,1,1,1,1,1,1,1
197,3,2,2,2,1,1,2,1,2
198,1,2,2,1,2,2,1,1,2
199,0,1,1,0,1,1,1,1,1
200,2,1,1,1,1,1,1,2,1
201,2,0,0,0,0,0,1,1,0
202,2,1,1,1,1,1,1,1,1
203,0,1,0,0,1,0,1,1,0
204,1,1,1,1,1,1,2,1,1
205,3,1,2,1,1,1,1,0,2
206,3,2,2,1,2,2,1,2,2
207,1,0,1,0,0,0,0,0,0
208,2,1,0,2,1,0,1,1,1
209,0,1,1,0,1,1,1,0,1
210,3,1,1,1,1,2,1,0,2
211,1,1,1,1,1,1,1,1,1
212,1,1,1,1,1,1,1,1,1
213,3,0,1,1,0,0,0,0,1
214,2,0,0,1,0,0,1,0,1
215,3,1,0,2,1,1,1,0,1
216,0,1,1,0,1,1,1,1,1
217,3,1,1,2,1,1,1,1,2
218,3,1,1,1,1,1,0,2,1
219,0,1,0,1,1,1,1,1,1
220,0,2,1,1,2,1,2,2,2
221,0,2,1,0,2,1,2,2,1
222,1,0,0,0,0,1,0,0,0
223,1,1,1,1,0,1,1,1,1
224,0,1,0,0,1,0,1,0,0
225,3,0,1,2,0,1,0,0,1
226,1,0,0,1,0,0,0,0,0
227,3,2,2,2,2,2,2,1,2
228,3,1,2,2,1,2,0,1,2
229,0,0,0,0,0,1,0,0,0
230,2,1,2,1,1,1,1,1,1
231,3,2,2,1,1,2,2,1,2
232,0,1,1,0,1,2,1,2,1
233,0,1,1,0,1,1,0,1,0
234,1,1,1,1,1,2,1,1,1
235,0,1,0,0,0,1,1,2,0
236,1,2,2,1,1,1,2,2,2
237,1,1,1,0,1,1,1,1,1
238,2,0,0,0,0,0,0,1,0
239,2,0,0,0,0,0,0,0,0
240,1,1,0,1,1,1,1,1,1
241,0,1,1,0,1,1,0,1,1
242,2,1,2,1,2,1,1,2,1
243,1,0,0,0,0,1,0,0,0
244,3,1,1,2,0,1,1,0,1
245,2,1,2,1,1,1,1,0,1
246,2,1,1,1,1,1,0,0,1
247,2,2,2,1,1,2,1,1,2
248,1,1,1,1,1,1,1,1,1
249,1,1,1,0,1,1,1,0,1
250,1,2,2,2,2,2,2,1,2
251,2,2,1,1,1,2,2,1,2
252,1,1,1,1,1,0,0,1,2
253,0,0,0,0,1,0,0,0,0
254,0,1,1,0,1,1,1,1,1
255,0,1,0,0,1,0,0,0,0
256,0,0,0,0,0,0,0,0,1
257,1,1,1,1,1,1,0,1,1
258,1,0,0,0,0,1,0,0,1
259,0,1,0,1,1,0,1,1,1
260,1,2,1,2,2,2,1,1,2
261,2,0,1,1,0,1,0,0,1
262,1,0,1,1,0,0,1,0,1
263,3,2,2,2,1,1,1,1,2
264,2,0,0,0,0,0,0,0,0
265,0,2,1,1,2,2,2,2,1
266,3,1,1,1,0,0,1,1,1
267,3,1,1,1,0,1,2,1,1
268,3,0,0,0,0,0,0,0,1
269,0,2,1,1,2,1,2,2,1
270,3,0,1,0,0,0,0,0,1
271,2,2,2,2,2,2,2,1,2
272,3,1,2,1,1,1,1,1,1
273,2,1,1,1,1,1,1,1,1
274,2,0,0,0,0,0,0,0,1
275,1,0,0,0,0,0,0,0,0
276,3,0,0,0,0,0,1,0,0
277,3,0,1,0,0,0,0,0,1
278,2,0,1,0,0,0,0,0,0
279,1,1,0,1,1,1,0,1,0
280,2,2,2,2,2,1,2,2,2
281,2,1,1,1,1,1,1,0,1
282,0,2,1,1,2,1,2,1,2
283,0,2,1,2,2,2,2,2,2
284,1,0,0,0,0,0,0,0,0
285,2,1,1,0,0,0,0,1,1
286,0,1,0,0,1,0,1,0,1
287,1,0,0,1,0,0,0,0,0
288,0,1,0,1,1,0,0,1,0
289,3,1,1,1,1,1,1,1,1
290,2,0,0,1,0,0,1,0,0
291,1,2,1,1,1,2,1,2,1
292,3,0,1,0,0,0,0,1,1
293,3,0,1,0,0,0,0,1,1
294,1,2,1,1,2,2,1,2,2
295,3,1,1,2,1,1,1,1,1
296,3,1,2,1,1,1,2,1,2
297,3,0,2,1,0,0,0,0,1
298,2,0,1,0,0,1,0,0,0
299,3,1,1,1,1,1,1,1,1
300,0,1,1,0,1,1,0,1,1
301,0,1,1,1,1,1,0,1,1
302,3,1,1,1,0,1,1,1,1
303,1,0,0,1,0,0,0,1,0
304,1,2,2,1,2,1,2,2,1
305,2,0,1,0,0,1,0,0,1
306,1,1,0,0,1,1,0,1,1
307,2,0,1,0,0,0,0,0,1
308,3,2,2,2,1,1,1,2,2
309,3,1,2,2,1,0,1,2,1
310,0,1,0,0,1,1,1,2,0
311,3,1,2,1,1,1,1,1,2
312,2,1,1,1,1,1,1,1,1
313,2,2,1,2,2,2,2,2,1
314,0,1,1,1,1,1,1,0,1
315,3,1,2,1,1,0,1,1,1
316,1,0,1,0,0,0,0,0,1
317,3,1,2,1,2,1,0,0,1
318,0,2,0,1,2,1,2,1,1
319,0,1,0,1,1,1,2,1,1
320,3,1,1,1,1,1,0,1,2
321,2,1,1,1,0,1,1,1,1
322,1,0,0,0,0,0,0,0,0
323,3,1,2,1,2,2,1,1,1
324,3,0,1,1,0,1,0,0,1
325,0,0,0,0,0,1,0,0,0
326,2,1,0,1,1,1,1,1,1
327,3,0,1,1,1,0,0,0,1
328,2,0,0,0,0,0,1,0,0
329,2,1,2,0,1,2,1,1,1
330,2,1,2,1,1,1,1,1,1
331,2,1,0,1,0,1,1,1,1
332,1,0,0,0,0,1,0,1,0
333,0,0,0,0,0,0,0,1,0
334,1,0,0,0,1,0,0,1,0
335,2,0,0,1,0,1,0,1,1
336,3,1,2,2,1,0,1,2,1
337,3,0,1,2,0,0,1,0,1
338,0,1,0,0,1,1,1,1,0
339,0,2,2,1,2,1,1,1,1
340,3,2,2,2,2,2,2,2,2
341,2,2,2,2,2,2,2,2,2
342,3,2,2,2,2,1,2,1,2
343,3,1,1,2,1,1,1,1,1
344,1,1,0,1,0,1,1,1,1
345,3,0,1,1,0,0,0,0,1
346,2,1,1,1,2,1,0,0,1
347,2,0,0,0,1,0,0,0,0
348,1,1,0,1,1,0,1,1,0
349,1,1,0,1,1,1,1,1,1
350,1,2,1,2,2,1,2,2,1
351,2,2,2,1,2,2,2,2,1
352,2,1,2,1,1,1,0,0,2
353,0,1,0,0,1,1,1,1,1
354,0,1,1,1,2,1,0,1,1
355,0,0,0,0,0,1,0,0,0
356,1,0,1,1,0,0,0,0,1
357,2,1,1,0,1,0,1,1,1
358,3,1,2,1,1,1,1,0,1
359,3,1,1,1,1,1,1,1,1
360,1,2,0,1,2,1,2,1,1
361,2,0,1,1,1,0,1,0,0
362,2,2,1,2,1,2,1,1,2
363,3,0,0,1,0,1,0,0,0
364,1,2,2,1,2,2,2,1,2
365,2,0,0,0,0,1,0,1,1
366,0,1,0,0,0,0,1,1,0
367,1,1,1,1,1,1,1,0,1
368,3,0,1,0,1,0,0,0,0
369,1,0,1,0,0,0,0,0,0
370,0,1,0,0,1,0,1,1,1
371,3,1,1,1,2,1,1,1,1
372,1,2,2,1,2,2,2,1,2
373,1,1,1,1,1,1,1,1,1
374,3,1,1,2,1,0,1,1,2
375,1,2,2,2,2,2,2,1,2
376,1,0,0,1,0,0,0,0,0
377,0,1,1,0,1,1,1,1,0
378,3,2,1,2,2,2,2,2,2
379,0,1,1,1,1,1,0,2,1
380,2,0,0,1,0,0,1,0,1
381,0,1,0,1,1,1,1,1,1
382,3,1,2,2,1,2,1,1,2
383,2,2,2,0,1,1,2,2,2
384,2,2,2,2,2,2,2,2,2
385,1,1,1,1,1,1,2,0,1
386,1,2,2,1,1,1,1,1,2
387,3,0,0,2,0,0,1,0,1
388,3,2,1,2,2,1,1,2,2
389,1,0,1,0,0,0,0,0,1
390,0,1,1,0,1,2,1,1,1
391,0,1,1,1,1,1,0,0,0
392,1,2,1,1,2,2,1,1,1
393,1,1,2,1,1,1,1,1,1
394,1,1,0,1,1,1,1,1,0
395,3,1,2,1,1,2,1,1,2
396,1,1,0,0,1,1,0,1,0
397,3,1,0,1,1,1,0,1,1
398,0,2,1,1,2,1,2,1,1
399,1,1,1,0,1,1,1,1,1
400,0,1,0,0,1,0,1,1,1
401,0,2,2,1,2,2,2,2,1
402,2,2,1,2,1,2,2,2,2
403,0,1,1,1,0,1,1,1,1
404,1,1,1,0,0,1,1,2,1
405,2,0,0,0,0,0,1,0,0
406,3,1,2,2,1,1,0,0,2
407,2,1,1,1,1,1,1,2,1
408,2,0,1,0,0,0,0,0,1
409,1,2,1,2,1,2,2,2,2
410,3,1,2,1,1,1,1,0,2
411,0,0,0,0,0,0,0,0,0
412,2,0,1,1,0,0,0,1,0
413,0,0,0,0,0,0,0,0,0
414,2,0,1,1,0,0,1,0,1
415,1,1,0,1,1,0,0,0,1
416,1,0,1,0,0,0,0,0,0
417,1,1,1,1,2,1,1,1,1
418,3,1,2,2,1,2,1,1,1
419,3,1,0,1,1,1,1,1,1
420,1,1,0,1,0,1,1,0,1
421,2,1,0,1,1,1,2,1,1
422,0,1,0,1,1,1,1,0,1
423,3,1,1,1,2,1,1,1,1
424,3,2,2,2,2,2,2,1,2
425,1,1,1,1,1,0,0,0,1
426,2,0,1,1,0,0,0,0,1
427,2,0,1,1,0,0,0,0,1
428,3,1,1,1,1,1,1,1,1
429,0,2,1,1,2,2,2,1,1
430,2,1,0,1,1,0,1,1,1
431,3,1,1,1,1,1,1,1,1
432,2,2,2,2,2,1,2,1,2
433,2,0,0,0,0,0,0,1,0
434,0,2,2,0,1,2,2,2,1
435,3,0,0,2,1,0,0,0,1
436,0,1,0,0,1,0,1,1,1
437,1,1,1,0,1,1,1,1,1
438,2,0,1,1,0,1,0,0,1
439,1,1,1,2,1,2,1,0,1
440,2,0,0,1,0,0,0,0,1
441,2,0,0,1,0,0,0,0,1
442,0,1,1,1,1,1,1,0,1
443,0,2,1,1,2,2,2,2,1
444,3,1,2,1,1,1,2,0,1
445,3,2,2,2,2,2,2,2,2
446,0,2,1,1,2,2,2,2,1
447,2,1,1,2,1,1,0,1,2
448,2,1,1,0,1,1,2,1,1
449,2,2,1,2,1,1,1,2,2
450,0,0,0,0,0,0,0,0,0
451,2,0,1,1,0,0,0,0,1
452,2,1,1,2,1,0,1,1,2
453,3,2,2,2,2,2,2,2,2
454,1,1,0,1,1,1,1,2,1
455,1,1,0,2,1,1,0,1,1
456,0,0,0,1,1,0,1,0,0
457,0,0,0,0,0,0,1,0,0
458,0,1,0,1,1,1,1,1,0
459,1,0,0,0,0,0,0,0,0
460,0,0,0,0,1,1,0,0,0
461,2,2,2,2,2,2,1,1,2
462,0,2,1,0,1,2,2,1,1
463,2,0,0,0,0,1,0,0,0
464,2,1,0,1,1,1,1,0,1
465,1,0,1,1,0,0,0,0,0
466,1,1,2,0,1,1,1,1,1
467,3,0,1,0,0,1,0,0,1
468,3,1,1,1,2,1,1,0,1
469,1,1,1,0,1,1,1,1,1
470,3,1,1,2,1,0,1,1,2
471,0,0,0,0,1,0,1,0,0
472,3,2,2,2,2,2,2,1,2
473,1,2,1,1,2,1,2,2,2
474,2,1,1,1,2,1,1,0,1
475,2,2,2,1,2,2,2,2,2
476,3,1,2,1,1,1,1,2,1
477,1,1,1,0,1,1,1,1,1
478,3,0,1,1,0,0,0,0,1
479,3,2,1,2,1,2,2,2,2
480,0,2,1,0,2,2,2,2,1
481,0,2,1,1,2,1,1,2,2
482,0,1,0,0,2,1,1,2,0
483,2,0,0,1,1,1,0,0,0
484,1,2,1,2,2,2,2,2,2
485,0,2,1,1,2,2,1,2,1
486,0,1,0,0,0,1,1,1,0
487,3,0,0,1,0,0,1,1,1
488,2,0,1,0,0,0,0,0,0
489,0,1,1,0,1,1,0,1,0
490,1,0,1,0,1,0,0,0,0
491,2,2,2,2,2,2,2,1,2
492,1,2,2,1,2,2,2,1,1
493,3,2,1,2,1,1,2,2,1
494,1,2,2,1,2,2,2,2,2
495,2,0,1,1,0,0,1,0,0
496,0,0,0,0,0,0,0,0,0
497,3,2,2,1,2,2,1,2,2
498,2,1,1,1,0,0,0,2,1
499,2,0,1,1,0,0,0,0,1
500,2,0,0,0,0,1,0,0,0
501,0,0,0,0,0,0,1,0,0
502,2,2,2,2,2,2,2,1,2
503,1,1,2,0,1,1,1,1,1
504,0,1,1,0,0,1,0,1,1
505,0,2,2,1,2,2,1,2,2
506,1,1,0,1,1,1,1,1,1
507,2,2,1,0,2,2,1,2,1
508,2,2,1,1,2,1,2,2,1
509,0,0,1,0,0,1,0,0,0
510,0,0,0,0,0,0,0,0,0
511,1,2,2,1,2,1,2,2,2
512,1,2,2,0,2,2,2,2,1
513,0,2,1,1,1,2,1,2,2
514,0,1,1,1,1,0,0,1,1
515,1,2,2,1,1,2,1,2,2
516,0,1,1,0,1,1,0,0,0
517,0,2,1,1,1,2,2,1,2
518,0,2,2,2,2,2,1,2,1
519,1,1,0,1,1,0,2,1,1
520,1,1,1,0,1,1,1,1,1
521,0,0,0,0,0,1,0,0,0
522,1,2,2,1,1,2,1,1,1
523,3,2,2,2,2,1,2,2,2
524,3,1,1,2,1,1,1,0,2
525,0,1,1,1,0,1,2,1,1
526,1,2,2,1,2,2,1,2,2
527,2,0,1,0,0,1,0,0,1
528,0,1,0,1,1,0,1,0,1
529,2,0,0,0,0,0,0,0,0
530,3,1,1,1,1,0,1,0,1
531,3,1,2,1,1,0,1,1,1
532,0,1,0,0,1,0,1,1,0
533,1,2,2,1,2,2,2,2,2
534,0,2,1,1,2,2,1,1,1
535,2,2,2,2,2,2,2,1,2
536,3,0,2,2,0,0,0,0,2
537,3,1,1,1,1,1,1,1,1
538,3,1,1,1,1,1,1,2,1
539,3,2,1,2,2,2,2,2,2
540,1,0,1,0,0,1,0,0,0
541,3,1,1,2,0,1,2,0,2
542,0,2,1,0,1,2,2,2,1
543,0,2,0,2,2,2,2,2,1
544,1,2,1,1,2,1,2,1,2
545,1,0,0,1,0,0,0,0,1
546,1,1,1,2,1,0,0,1,1
547,1,2,1,2,2,1,1,2,1
548,3,2,1,2,2,1,1,2,2
549,1,2,1,1,2,2,2,2,1
550,1,1,1,0,0,1,1,2,1
551,2,1,2,1,1,2,1,1,1
552,0,1,0,0,0,1,1,1,0
553,3,1,1,1,1,1,0,1,1
554,3,1,2,2,1,1,1,1,1
555,0,2,1,1,2,2,2,2,2
556,2,1,2,1,0,1,1,1,1
557,3,1,2,1,1,1,2,0,1
558,0,0,0,0,0,0,1,0,0
559,0,0,0,0,1,0,0,0,0
560,0,0,0,0,0,0,1,0,0
561,3,2,1,1,2,1,2,2,2
562,1,1,1,1,1,1,0,1,1
563,3,1,2,2,2,1,1,1,2
564,0,0,0,0,0,0,0,1,0
565,2,2,2,1,2,2,2,1,1
566,2,2,1,2,2,2,0,2,1
567,2,1,1,1,0,1,1,0,1
568,2,2,2,2,1,2,1,2,2
569,0,2,1,1,2,2,2,2,1
570,0,1,0,0,1,0,0,1,0
571,2,0,1,1,0,0,0,0,0
572,3,1,1,1,2,1,1,1,1
573,3,0,1,1,1,0,0,0,1
574,3,2,1,2,2,2,1,1,2
575,1,2,2,1,2,2,2,1,1
576,3,0,1,1,1,0,0,0,1
577,0,1,1,0,1,1,1,2,1
578,2,1,1,1,1,1,1,1,1
579,2,0,1,1,0,1,0,0,1
580,2,2,2,1,2,2,1,0,2
581,3,1,2,2,1,1,1,2,2
582,0,1,0,1,1,1,1,1,0
583,3,1,1,1,1,2,2,1,1
584,0,2,0,0,2,2,2,1,1
585,1,2,2,2,1,1,1,0,2
586,0,2,1,1,2,1,1,2,2
587,0,1,0,0,1,1,1,1,0
588,3,1,1,2,1,1,1,1,2
589,1,0,1,0,0,0,1,0,0
590,2,2,2,2,2,2,1,1,1
591,3,0,1,1,0,0,1,0,1
592,3,1,1,2,0,1,1,1,2
593,0,0,0,0,0,0,0,0,0
594,1,1,1,1,1,1,1,1,1
595,3,2,2,2,2,2,1,1,2
596,3,1,1,1,1,1,1,0,2
597,1,0,0,0,0,1,0,0,0
598,0,1,1,0,0,1,2,0,1
599,2,1,2,0,1,1,2,1,1
600,0,0,0,0,0,1,0,0,0
601,3,1,1,0,1,1,0,2,1
602,1,1,0,0,2,1,2,1,0
603,1,0,0,0,0,0,0,0,1
604,2,2,1,2,2,2,1,1,2
605,1,1,1,1,2,1,1,0,0
606,2,0,0,0,0,0,0,0,0
607,3,1,1,1,1,1,1,1,1
608,1,1,1,0,1,1,2,1,1
609,1,1,1,1,1,1,1,2,1
610,1,0,1,0,0,0,0,0,0
611,3,2,2,2,2,1,0,1,2
612,2,1,2,1,1,1,1,1,2
613,1,1,2,0,1,1,1,2,1
614,3,1,1,2,1,1,1,0,2
615,1,1,0,0,2,1,2,0,1
616,1,2,1,1,1,2,2,1,1
617,3,2,1,2,2,2,2,2,2
618,3,1,2,1,2,1,1,1,1
619,2,2,1,2,2,1,1,2,2
620,0,1,0,0,1,1,1,0,0
621,2,1,2,1,1,0,2,1,1
622,1,2,1,1,2,2,2,2,1
623,3,1,2,2,1,0,0,1,2
624,2,0,1,0,0,0,0,0,1
625,2,1,1,1,0,1,1,1,1
626,2,2,2,1,2,1,1,1,2
627,1,0,1,1,0,1,1,1,0
628,1,0,0,0,0,0,0,0,0
629,2,1,1,1,1,1,1,1,1
630,1,1,0,1,1,0,1,0,1
631,3,2,2,2,2,1,2,1,2
632,3,0,1,1,1,0,1,0,1
633,1,0,0,0,0,0,0,0,0
634,2,1,1,1,0,0,1,0,1
635,0,0,0,1,0,0,0,0,0
636,2,1,1,1,1,1,1,0,0
637,0,1,0,0,1,1,1,0,1
638,0,1,0,0,1,1,1,1,1
639,0,1,1,0,1,1,1,1,1
640,0,1,0,1,1,1,1,1,1
641,3,1,1,1,2,1,1,1,1
642,0,1,0,2,0,2,1,1,1
643,3,1,1,2,1,1,1,1,1
644,0,1,1,0,1,1,1,1,1
645,2,0,0,0,0,0,0,1,1
646,3,1,2,1,1,1,1,2,1
647,0,1,0,2,1,1,1,0,1
648,0,1,1,0,0,2,1,1,1
649,1,1,1,1,2,0,2,1,1
650,1,2,2,1,1,1,2,2,2
651,1,2,1,1,2,1,1,1,1
652,0,0,0,0,0,0,0,0,0
653,0,1,1,0,0,2,1,0,0
654,2,1,0,1,1,1,0,2,0
655,0,0,0,0,0,0,0,1,0
656,0,1,0,1,1,1,1,1,1
657,1,1,1,1,1,1,1,2,1
658,0,0,0,0,0,0,0,0,0
659,0,1,1,1,0,1,1,1,1
660,0,0,0,0,0,0,1,0,0
661,1,1,2,1,1,1,1,1,1
662,1,0,0,0,0,0,1,0,0
663,3,0,1,0,1,0,0,1,1
664,2,0,0,0,0,0,0,1,0
665,1,1,0,1,1,1,1,0,1
666,3,0,1,0,0,0,0,0,1
667,0,1,0,1,1,1,1,1,1
668,1,0,1,0,0,1,0,1,1
669,0,1,0,0,1,1,1,1,1
670,1,1,1,1,2,1,0,1,1
671,1,0,0,0,0,0,1,1,0
672,3,1,2,2,1,1,1,1,1
673,1,1,0,0,1,1,0,2,1
674,2,0,1,0,1,0,1,0,0
675,3,2,2,2,2,2,1,1,2
676,0,1,1,0,1,2,1,1,1
677,2,2,2,2,2,2,2,1,2
678,3,1,2,1,1,0,2,2,1
679,1,0,0,0,1,0,0,0,0
680,3,1,1,1,1,1,0,0,1
681,3,1,1,2,1,1,1,1,2
682,0,1,1,1,1,0,1,2,1
683,0,1,1,0,2,0,1,1,1
684,2,1,0,1,1,1,1,1,1
685,1,1,0,0,1,1,1,1,0
686,0,0,0,0,1,0,0,0,0
687,3,2,1,2,2,1,1,1,2
688,0,1,1,0,1,1,1,0,1
689,0,1,0,0,1,1,1,1,0
690,1,2,2,2,2,1,2,1,2
691,1,1,1,1,0,1,1,1,1
692,2,2,1,1,2,2,1,2,1
693,1,0,1,0,0,0,0,0,0
694,1,1,1,2,1,1,1,1,1
695,1,1,1,1,1,1,1,1,1
696,2,0,0,0,0,0,0,0,0
697,3,1,1,2,1,1,1,1,1
698,0,1,1,0,1,1,0,1,0
699,1,1,1,1,1,1,1,1,1
700,3,2,2,2,1,2,2,2,2
701,3,0,0,0,0,1,0,0,1
702,1,2,1,1,2,1,2,1,1
703,3,0,1,1,0,1,1,0,1
704,3,2,2,1,1,2,2,1,2
705,1,0,1,0,0,1,0,1,1
706,2,0,0,0,1,1,1,0,0
707,2,1,2,1,1,1,1,1,2
708,1,1,0,1,0,1,1,1,1
709,0,1,0,1,1,1,1,1,0
710,0,2,1,0,2,2,2,2,1
711,1,1,0,0,1,2,1,1,0
712,1,1,2,1,1,0,1,2,2
713,2,1,2,0,1,1,1,0,1
714,1,1,1,1,1,1,1,1,1
715,1,2,2,2,2,2,2,2,2
716,2,2,2,2,2,2,2,2,1
717,2,0,0,0,0,0,0,0,1
718,1,1,1,1,1,2,0,1,1
719,0,0,0,1,0,0,0,0,0
720,0,1,1,0,1,0,1,1,1
721,2,1,1,1,1,1,1,2,1
722,3,1,2,2,1,2,1,1,2
723,2,1,1,2,1,1,1,1,2
724,0,0,0,0,0,0,0,0,0
725,0,2,1,1,2,2,2,1,1
726,3,0,1,1,0,0,0,0,1
727,1,0,0,0,0,0,0,0,0
728,3,0,0,0,0,0,0,1,1
729,0,1,1,0,0,0,1,1,1
730,3,2,2,1,2,1,2,1,2
731,0,1,0,0,1,1,1,1,1
732,2,0,1,1,1,1,0,1,0
733,1,2,2,1,2,1,2,2,2
734,0,1,0,0,1,1,1,1,1
735,1,1,1,1,1,1,2,2,1
736,1,0,1,1,0,0,0,0,0
737,0,0,0,0,0,0,0,1,0
738,1,0,0,0,0,0,0,1,0
739,0,1,0,0,1,1,1,1,1
740,2,0,0,1,0,1,0,1,1
741,3,1,2,1,1,1,1,1,2
742,1,1,1,0,1,1,1,0,1
743,1,1,0,1,1,1,1,0,0
744,2,1,0,1,1,1,1,0,1
745,3,0,1,1,0,0,0,0,1
746,0,0,0,0,0,0,0,0,0
747,0,2,1,1,1,1,2,1,1
748,1,2,1,1,2,1,2,2,1
749,3,0,1,1,0,0,0,0,1
750,2,1,1,1,1,0,1,2,1
751,0,1,1,0,1,1,1,2,0
752,1,2,1,1,2,2,2,1,1
753,3,1,2,1,1,1,1,0,1
754,0,1,0,0,1,1,0,0,0
755,0,0,0,0,1,0,0,1,0
756,3,0,1,1,0,0,0,0,1
757,0,1,0,0,1,1,0,0,0
758,2,1,1,1,1,1,1,0,1
759,2,0,1,1,0,0,0,1,1
760,3,1,1,1,1,1,1,1,1
761,3,0,1,1,0,0,0,1,0
762,1,2,2,0,2,2,2,2,1
763,1,2,1,2,2,2,1,1,2
764,3,2,2,2,2,2,2,1,2
765,2,0,1,1,0,0,0,1,1
766,3,1,1,2,1,0,1,0,1
767,0,2,1,2,2,2,1,2,1
768,3,1,1,2,1,1,1,0,1
769,1,0,0,0,0,0,0,0,0
770,0,1,1,0,1,0,1,1,1
771,2,1,2,0,1,1,1,0,1
772,1,1,1,0,0,0,0,0,1
773,2,0,0,1,0,1,0,1,1
774,1,1,1,0,1,1,1,1,1
775,1,2,2,1,1,2,2,2,2
776,2,1,2,1,0,1,1,0,2
777,3,1,2,2,0,1,1,1,2
778,1,0,1,0,0,1,1,1,0
779,2,0,0,2,0,0,1,1,1
780,0,1,1,1,1,0,1,0,0
781,0,1,1,0,1,1,1,1,1
782,1,2,1,1,1,1,1,1,2
783,0,1,1,0,1,1,1,1,1
784,2,1,1,1,1,1,1,0,1
785,2,2,2,1,2,2,2,1,2
786,1,1,0,0,1,1,2,2,1
787,3,2,2,2,2,2,2,2,2
788,3,2,2,2,2,2,2,2,2
789,3,0,1,2,0,0,0,1,1
790,1,1,1,1,2,1,1,1,1
791,2,2,1,2,2,1,2,2,2
792,1,0,1,0,0,0,0,0,1
793,0,0,0,0,0,1,0,0,0
794,3,1,1,1,1,1,0,1,1
795,1,1,1,2,0,0,1,1,1
796,1,2,2,2,2,2,2,2,2
797,1,1,0,1,1,0,1,1,0
798,1,2,2,1,2,2,2,1,2
799,2,1,2,1,1,1,1,2,1
800,1,1,1,2,1,0,0,1,1
801,0,2,1,1,1,2,2,2,1
802,3,1,2,1,1,2,1,0,1
803,2,1,1,1,0,0,0,2,1
804,3,1,2,1,1,1,0,2,1
805,3,0,1,1,0,0,0,0,1
806,2,1,1,1,1,0,0,1,1
807,3,0,1,1,0,1,0,1,1
808,1,1,1,1,1,2,0,1,1
809,0,0,0,0,0,0,0,1,0
810,2,0,1,0,0,0,0,0,1
811,2,1,1,1,1,1,1,1,1
812,0,1,0,0,0,1,1,0,0
813,3,1,2,1,1,2,1,1,2
814,1,1,1,2,1,1,1,1,2
815,3,1,1,1,0,2,1,1,2
816,2,2,2,1,2,2,2,2,2
817,0,0,0,0,0,0,0,1,0
818,1,2,2,1,2,1,1,2,1
819,0,0,0,0,0,0,0,0,0
820,1,0,1,0,0,0,0,0,0
821,2,2,2,2,1,1,2,2,2
822,3,0,0,1,0,0,0,1,1
823,3,1,2,1,2,1,1,0,2
824,0,1,1,0,1,1,1,2,1
825,2,1,1,1,2,1,0,0,1
826,2,1,1,2,1,1,1,1,1
827,1,2,1,1,2,1,1,1,1
828,0,1,1,0,1,1,1,2,1
829,2,1,1,1,1,1,1,1,1
830,0,2,1,1,2,2,2,2,1
831,3,1,2,0,1,1,1,0,1
832,0,1,1,0,1,1,1,0,1
833,3,1,1,2,1,1,1,1,1
834,3,2,2,2,1,1,1,1,2
835,1,1,1,1,0,1,0,0,0
836,2,2,2,1,2,2,2,1,2
837,1,1,0,1,2,1,1,1,1
838,3,2,2,1,2,1,2,2,2
839,2,1,1,1,1,1,1,1,1
840,0,0,1,0,0,1,0,0,0
841,1,1,1,1,2,0,1,2,1
842,2,2,2,2,2,1,2,1,2
843,1,0,1,0,1,0,1,0,0
844,1,2,2,1,2,2,2,1,2
845,1,2,2,1,1,2,2,1,2
846,1,1,1,0,0,1,1,1,1
847,2,2,1,2,2,1,2,2,2
848,2,1,1,1,1,1,1,1,1
849,1,1,0,1,0,1,1,1,0
850,1,1,0,0,1,1,1,1,0
851,1,0,0,0,0,0,0,0,0
852,2,1,1,1,1,1,1,2,1
853,1,1,1,2,1,0,1,1,1
854,1,0,0,1,0,0,1,0,0
855,2,2,1,2,2,2,2,2,1
856,1,1,1,0,1,1,0,2,1
857,2,1,2,1,2,1,1,1,1
858,2,2,2,2,2,2,2,1,2
859,3,1,2,1,1,1,1,1,2
860,0,1,0,0,1,0,0,2,0
861,0,2,1,1,2,2,2,1,1
862,1,1,1,0,0,1,1,1,0
863,3,2,1,1,2,2,1,2,2
864,1,1,1,0,1,1,1,1,1
865,0,1,1,1,1,1,1,1,1
866,1,1,1,1,1,1,2,1,1
867,1,1,0,1,1,1,1,1,1
868,3,2,2,1,2,2,1,2,2
869,0,1,2,0,1,1,1,1,1
870,2,0,0,0,1,0,0,0,0
871,0,0,0,0,0,0,0,0,0
872,2,2,2,1,2,2,2,2,2
873,3,2,2,2,2,2,2,1,2
874,3,2,1,2,2,2,2,1,2
875,0,0,0,0,0,0,0,1,0
876,0,1,1,0,1,1,1,2,1
877,0,2,1,1,2,2,2,1,1
878,0,2,2,1,2,1,1,1,1
879,0,2,1,1,2,2,1,1,1
880,1,0,1,0,0,0,0,0,0
881,1,2,1,1,2,2,2,2,1
882,0,1,0,0,1,1,1,1,0
883,3,2,2,2,2,1,2,1,2
884,2,1,2,1,1,1,1,0,1
885,3,1,2,2,0,1,0,1,1
886,2,0,0,0,0,0,0,1,1
887,2,1,1,2,1,1,0,0,1
888,0,0,0,0,1,0,0,0,0
889,1,2,1,1,2,1,2,1,1
890,2,1,1,1,0,2,1,2,1
891,0,1,1,0,1,0,1,1,1
892,2,0,1,1,0,0,0,1,1
893,2,1,0,1,2,1,0,0,1
894,1,1,1,2,1,2,1,1,1
895,3,2,2,2,2,2,2,2,1
896,3,2,2,2,2,1,2,1,2
897,2,1,1,2,1,2,1,1,1
898,3,1,1,1,1,1,0,1,1
899,3,0,0,1,0,0,1,0,0
900,0,1,1,0,1,1,1,0,1
901,0,1,0,1,0,0,0,2,1
902,0,0,0,0,0,0,1,0,0
903,0,1,1,1,1,1,1,2,1
904,3,1,2,1,1,1,1,1,1
905,1,2,2,1,1,2,2,1,1
906,0,0,0,0,0,0,0,0,0
907,1,0,0,0,0,0,0,0,0
908,3,0,0,0,0,0,0,0,0
909,1,1,1,1,1,1,1,1,1
910,1,1,1,0,0,0,0,0,1
911,2,1,0,1,1,1,1,1,1
912,1,1,0,1,1,0,0,1,1
913,1,1,0,1,1,1,1,1,1
914,2,1,2,1,1,1,1,1,2
915,1,1,0,0,1,1,1,1,1
916,3,0,1,2,0,1,0,0,1
917,2,1,1,0,1,0,1,0,1
918,0,1,0,1,1,0,1,1,1
919,3,1,1,1,1,1,1,1,1
920,0,1,1,0,1,1,1,1,1
921,2,0,1,0,0,0,0,0,0
922,2,2,1,1,1,2,2,2,2
923,0,1,1,1,1,1,0,2,1
924,1,1,1,1,0,1,1,1,1
925,3,2,2,2,2,2,2,1,2
926,1,0,0,1,0,0,0,1,0
927,0,0,0,0,0,0,0,0,0
928,3,1,2,2,1,1,0,0,1
929,1,0,0,0,0,0,0,0,1
930,1,0,0,0,0,0,0,0,0
931,3,2,2,2,2,1,2,2,2
932,2,0,1,0,0,0,0,0,0
933,2,2,1,1,2,2,2,2,1
934,3,2,2,2,2,1,2,2,2
935,0,1,1,1,1,1,2,1,1
936,3,1,1,2,1,1,0,2,1
937,2,0,0,1,0,0,0,0,1
938,2,2,1,1,2,2,1,2,1
939,2,2,2,1,2,2,2,1,2
940,2,1,1,1,1,1,1,1,1
941,2,0,1,1,0,0,0,0,1
942,3,2,2,2,2,2,2,1,2
943,1,2,1,1,1,1,2,2,1
944,1,0,0,1,0,0,0,0,0
945,1,2,2,1,2,2,2,1,2
946,2,2,2,0,2,2,2,2,2
947,1,0,0,1,0,0,0,1,0
948,3,0,1,0,0,1,0,0,0
949,2,0,1,0,0,0,0,0,1
950,3,1,1,2,1,0,1,2,1
951,2,1,1,1,1,1,1,0,1
952,3,0,0,1,0,0,0,1,1
953,1,1,1,0,2,1,1,2,1
954,3,1,1,1,1,1,0,1,1
955,2,1,1,1,1,1,1,2,1
956,0,2,1,1,2,2,1,2,1
957,1,0,0,0,0,0,0,0,0
958,1,2,2,1,2,2,2,0,2
959,2,0,1,0,0,0,0,0,1
960,1,0,0,0,0,1,0,0,0
961,1,2,1,1,2,2,1,1,1
962,3,1,2,1,1,0,1,0,2
963,3,1,1,2,1,1,0,1,1
964,1,2,1,1,2,2,1,1,2
965,0,2,2,0,2,1,2,2,1
966,1,2,1,1,2,1,2,1,1
967,1,1,1,0,0,0,0,1,0
968,0,1,0,0,1,1,1,1,1
969,2,1,1,1,1,0,1,1,1
970,1,1,1,1,1,1,2,0,1
971,2,0,0,0,0,0,0,1,0
972,3,1,2,2,1,1,1,1,2
973,1,2,1,1,2,2,2,2,2
974,0,2,0,1,2,2,1,2,1
975,2,1,1,1,1,1,0,0,2
976,0,1,1,0,1,0,1,1,1
977,2,1,1,1,1,0,0,1,1
978,1,1,0,1,0,1,1,1,1
979,3,2,1,2,2,2,2,1,1
980,2,1,2,1,0,0,0,1,1
981,2,0,0,1,0,0,1,1,0
982,1,1,1,1,1,0,1,1,1
983,1,2,0,1,2,2,1,2,1
984,3,2,2,1,2,2,2,1,2
985,2,1,1,0,1,1,1,1,1
986,0,2,1,0,2,2,1,2,1
987,0,2,1,1,2,1,1,1,1
988,2,1,1,1,1,1,0,1,1
989,3,2,2,2,2,1,2,1,2
990,3,0,1,1,0,0,1,0,1
991,0,2,1,1,2,2,2,1,1
992,3,2,1,1,1,1,2,2,2
993,2,1,2,1,1,1,1,1,1
994,3,2,2,2,2,2,2,2,2
995,3,1,1,1,1,1,1,0,1
996,0,2,2,0,2,2,1,2,1
997,0,1,1,0,1,1,1,1,1
998,3,1,1,2,1,1,1,0,2
999,3,0,1,1,0,0,0,0,1
1000,2,2,1,2,2,2,2,2,2
1001,3,1,1,1,1,1,2,1,1
1002,1,2,1,1,2,2,1,2,1
1003,3,1,2,2,2,1,1,1,1
1004,0,1,0,1,0,1,1,1,1
1005,0,2,1,1,2,2,2,2,1
1006,0,2,2,1,2,1,2,1,1
1007,1,1,1,1,1,1,1,1,1
1008,2,1,1,1,2,1,2,1,1
1009,1,2,2,1,2,1,1,2,2
1010,0,1,1,2,0,2,1,1,1
1011,3,2,2,2,2,2,2,2,2
1012,1,1,1,1,2,1,1,0,1
1013,3,0,1,1,0,0,0,0,1
1014,1,0,0,1,0,1,0,1,0
1015,2,2,2,2,1,1,2,2,2
1016,2,1,0,1,0,1,0,1,1
1017,2,1,1,1,1,0,1,0,1
1018,1,1,1,0,1,2,1,1,1
1019,2,0,0,1,0,0,0,0,1
1020,0,1,1,0,2,1,0,1,1
1021,1,1,1,2,1,1,0,1,1
1022,1,2,1,1,1,1,2,2,1
1023,3,1,1,2,1,0,1,0,2
1024,1,2,1,2,2,1,2,1,2
1025,0,1,1,0,1,0,1,2,1
1026,2,2,1,2,2,1,1,2,2
1027,1,1,1,1,1,1,1,1,1
1028,1,1,1,0,1,1,2,0,0
1029,3,2,2,1,2,2,2,1,2
1030,2,0,0,1,0,0,0,0,1
1031,1,2,1,1,2,2,2,2,2
1032,2,0,1,0,0,1,0,0,0
1033,3,0,1,1,0,0,0,0,1
1034,3,1,1,1,1,2,0,1,1
1035,3,1,1,0,1,1,1,0,1
1036,2,1,2,2,1,1,1,0,1
1037,2,1,1,0,1,2,1,0,0
1038,1,1,2,0,1,1,1,1,2
1039,0,1,1,0,1,1,1,1,0
1040,1,0,0,0,0,0,0,0,0
1041,1,2,1,1,2,2,1,1,1
1042,1,0,0,0,1,0,0,0,0
1043,0,1,0,0,1,0,1,0,0
1044,3,2,2,2,2,2,2,2,2
1045,0,1,0,1,1,0,0,1,1
1046,0,1,1,1,0,1,1,1,1
1047,1,1,1,1,1,1,1,1,1
1048,1,1,0,0,1,1,0,1,0
1049,0,1,0,0,1,1,1,1,0
1050,2,0,1,1,0,0,0,0,1
1051,0,1,0,0,0,1,2,1,0
1052,1,1,1,2,2,1,1,0,2
1053,0,1,1,1,1,1,1,0,1
1054,2,2,1,1,1,2,1,2,1
1055,2,1,2,1,1,1,1,1,1
1056,1,0,0,0,0,0,1,1,0
1057,0,1,0,0,1,1,1,1,0
1058,1,2,1,1,2,2,2,1,2
1059,3,1,1,2,1,1,1,2,1
1060,2,1,2,0,1,0,1,0,1
1061,0,2,0,1,2,1,2,2,1
1062,1,1,2,1,2,1,0,0,1
1063,2,1,1,1,1,1,1,1,1
1064,2,2,2,2,2,1,2,2,2
1065,0,2,1,1,2,2,1,2,1
1066,2,0,0,1,0,0,1,0,0
1067,0,1,0,1,1,1,1,1,1
1068,0,1,1,1,1,2,1,2,1
1069,2,0,1,0,0,0,0,0,1
1070,1,0,1,0,0,0,1,0,0
1071,2,2,1,2,2,2,2,1,2
1072,3,1,1,2,1,2,0,1,1
1073,1,2,1,2,1,2,2,2,2
1074,3,0,0,0,0,0,0,0,1
1075,2,0,0,0,0,0,1,1,0
1076,3,2,2,1,2,2,2,1,2
1077,3,1,2,1,1,1,2,0,1
1078,0,0,0,0,0,0,0,1,0
1079,1,1,0,1,1,0,1,1,1
1080,3,1,1,2,1,0,1,1,2
1081,3,1,2,2,1,1,1,1,1
1082,3,2,2,1,2,1,2,2,2
1083,3,1,1,1,1,1,1,0,1
1084,3,1,2,1,1,1,0,1,2
1085,0,1,1,0,1,0,1,1,1
1086,2,0,1,1,0,0,0,0,1
1087,0,2,1,1,2,2,1,1,1
1088,2,1,2,0,1,1,0,1,0
1089,3,1,2,1,0,1,1,1,1
1090,2,1,2,1,1,1,1,1,1
1091,3,1,2,1,1,1,1,1,2
1092,2,1,1,1,1,0,1,0,1
1093,1,2,1,1,2,2,2,1,1
1094,3,1,1,1,1,0,1,2,1
1095,0,1,0,1,1,1,0,0,0
1096,2,0,0,0,0,0,0,0,1
1097,3,0,1,0,0,0,0,0,1
1098,0,1,1,0,0,1,0,2,0
1099,2,1,0,2,1,1,1,1,2
1100,0,0,1,1,1,0,0,0,1
1101,3,2,2,2,2,2,2,1,2
1102,3,1,0,2,1,1,1,1,0
1103,2,1,1,1,2,0,1,1,1
1104,3,2,2,2,2,2,2,2,2
1105,2,0,0,0,0,1,0,1,0
1106,0,2,1,1,2,2,2,2,1
1107,1,1,0,1,1,1,1,0,0
1108,3,1,1,1,1,1,1,1,1
1109,1,1,1,0,1,1,1,1,0
1110,1,0,1,0,0,0,0,1,0
1111,2,1,1,2,1,1,1,1,2
1112,2,1,0,1,1,1,1,1,1
1113,1,0,1,1,0,0,1,1,1
1114,1,1,0,2,1,1,0,1,1
1115,3,1,2,0,1,1,1,2,2
1116,0,2,1,0,1,1,2,1,1
1117,1,0,0,0,0,1,0,0,0
1118,0,1,2,1,1,1,0,0,1
1119,1,0,1,0,1,0,0,0,0
1120,0,1,0,0,0,0,1,1,0
1121,1,1,1,0,1,0,1,1,1
1122,0,1,1,0,1,1,1,0,1
1123,2,1,1,1,0,1,1,1,1
1124,0,2,1,2,2,2,1,1,2
1125,0,1,0,0,1,1,1,0,0
1126,0,2,1,1,2,1,2,2,1
1127,0,1,1,1,1,1,1,2,1
1128,3,0,1,1,0,0,0,0,1
1129,2,1,0,1,1,1,1,1,1
1130,2,0,1,1,0,0,0,0,0
1131,1,2,1,1,2,1,2,2,1
1132,0,0,0,1,0,0,0,0,0
1133,2,2,1,1,2,2,2,2,2
1134,2,1,1,0,1,1,1,1,1
1135,2,1,2,2,1,1,1,0,1
1136,2,1,0,0,1,0,1,0,1
1137,2,1,2,0,1,1,1,2,1
1138,1,1,0,0,1,1,1,1,1
1139,0,1,0,0,1,1,1,2,0
1140,0,1,1,1,1,1,1,0,1
1141,0,2,1,1,2,2,1,2,1
1142,1,1,1,1,1,1,1,0,1
1143,2,2,2,2,2,2,2,2,2
1144,3,0,1,0,0,0,0,0,0
1145,1,2,2,2,2,2,2,2,2
1146,1,1,1,2,2,1,0,1,1
1147,3,1,1,2,1,1,1,1,1
1148,2,2,2,2,2,2,2,2,2
1149,1,0,1,0,0,0,0,0,0
1150,3,0,0,1,0,0,0,0,1
1151,2,1,1,1,1,2,1,1,1
1152,0,1,1,0,1,2,1,1,1
1153,3,0,0,1,0,0,0,0,1
1154,2,1,1,1,1,1,0,1,1
1155,0,1,0,1,1,1,1,1,0
1156,1,1,0,0,1,1,1,1,0
1157,2,0,1,1,0,1,0,0,0
1158,3,1,1,2,0,1,1,1,2
1159,1,2,2,1,2,2,2,2,2
1160,1,1,0,1,1,1,1,1,1
1161,2,1,0,0,1,1,1,0,0
1162,2,2,1,2,1,2,2,1,1
1163,2,1,1,0,1,1,0,1,1
1164,1,0,1,0,0,0,1,0,0
1165,0,1,1,1,1,1,1,0,1
1166,3,1,1,2,0,0,0,1,2
1167,3,1,0,2,1,2,1,0,1
1168,3,2,2,2,2,2,2,2,2
1169,0,1,0,0,1,1,1,1,0
1170,2,0,1,1,0,0,0,0,1
1171,1,1,0,1,1,1,1,2,1
1172,3,0,1,1,0,0,0,1,1
1173,2,1,1,1,1,1,1,1,1
1174,2,1,1,1,1,1,1,1,1
1175,2,0,0,0,0,0,0,0,1
1176,3,0,1,1,0,1,0,0,0
1177,0,1,1,0,0,1,1,0,0
1178,3,1,1,2,1,1,1,1,1
1179,1,0,1,0,0,0,0,1,0
1180,1,1,1,1,1,1,1,0,1
1181,1,2,1,1,2,1,2,1,1
1182,3,0,2,1,0,0,0,0,1
1183,0,2,2,1,2,2,1,1,1
1184,1,1,1,1,1,1,1,1,2
1185,3,1,1,1,1,1,0,1,1
1186,1,2,2,1,2,2,2,2,2
1187,0,2,1,1,2,2,1,2,1
1188,0,2,1,1,1,1,2,2,2
1189,3,2,2,2,2,2,2,2,2
1190,3,0,1,0,0,0,0,0,1
1191,2,0,1,0,0,0,0,0,0
1192,1,1,1,2,1,1,1,1,1
1193,0,2,2,1,2,2,2,1,2
1194,2,0,0,1,0,0,0,1,0
1195,3,1,2,1,1,1,1,1,1
1196,0,1,1,0,1,1,1,1,1
1197,0,1,0,0,1,1,1,1,1
1198,1,0,0,1,0,0,0,0,1
1199,1,1,1,1,1,0,0,0,1
1200,1,1,1,0,0,0,1,1,1
1201,1,0,0,0,0,0,0,0,0
1202,0,1,1,0,1,1,1,2,0
1203,3,0,1,1,0,0,0,0,0
1204,0,1,1,0,0,2,1,1,1
1205,2,1,1,1,0,1,1,1,1
1206,3,1,2,2,1,1,1,1,1
1207,1,1,0,0,1,1,0,1,0
1208,3,1,1,1,1,1,1,1,1
1209,3,0,0,0,0,0,0,0,0
1210,0,2,1,1,2,2,2,1,1
1211,0,2,2,2,2,2,1,2,2
1212,0,2,1,0,2,2,2,2,1
1213,0,1,1,0,0,1,1,1,1
1214,1,1,1,1,1,1,1,1,0
1215,0,2,1,1,2,1,2,1,1
1216,0,1,0,0,1,1,1,1,1
1217,2,1,1,1,0,0,1,1,1
1218,2,2,1,1,2,2,1,2,2
1219,3,1,2,1,1,1,1,1,1
1220,1,2,1,0,1,2,2,1,1
1221,1,1,1,0,1,1,0,0,1
1222,2,1,1,1,1,1,1,0,1
1223,2,0,1,1,0,0,1,0,0
1224,3,0,1,2,0,0,0,0,1
1225,2,1,0,0,1,1,1,1,1
1226,3,1,1,1,1,0,1,0,2
1227,0,2,2,1,1,1,2,2,1
1228,3,1,2,2,1,1,1,1,2
1229,1,1,1,2,1,1,1,2,1
1230,3,0,2,1,0,0,0,0,1
1231,0,1,1,1,1,1,1,0,1
1232,2,0,1,1,0,0,0,0,1
1233,2,1,1,2,1,1,1,1,1
1234,2,0,0,0,0,0,0,0,0
1235,0,1,1,0,1,1,1,1,0
1236,0,1,1,1,1,0,0,1,1
1237,0,2,1,0,2,2,2,2,1
1238,0,2,2,1,2,2,1,2,1
1239,2,1,2,1,1,1,1,1,1
1240,2,0,1,1,1,0,0,0,1
1241,1,1,1,0,1,0,1,1,1
1242,3,1,1,2,0,2,1,0,1
1243,1,1,1,0,1,1,1,1,1
1244,1,2,2,1,1,1,2,1,1
1245,0,2,1,1,1,2,1,1,1
1246,0,1,1,0,1,1,2,1,0
1247,3,1,2,1,1,1,2,1,2
1248,0,1,1,0,1,0,1,1,1
1249,0,2,1,1,1,2,2,2,1
1250,3,0,1,2,0,1,0,0,1
1251,3,2,2,1,2,2,2,1,1
1252,0,1,1,1,1,2,1,1,0
1253,2,0,0,1,0,0,0,0,0
1254,0,2,1,1,2,2,2,2,1
1255,2,1,1,1,0,0,1,1,1
1256,1,1,1,1,1,1,1,1,1
1257,1,1,1,1,1,1,1,0,1
1258,2,1,1,2,1,1,0,1,1
1259,3,1,1,1,1,1,2,0,1
1260,3,0,1,1,0,0,0,0,1
1261,0,0,0,0,0,0,1,0,0
1262,0,0,0,0,0,1,0,1,0
1263,3,1,1,2,1,1,1,2,1
1264,2,2,2,1,2,2,1,1,2
1265,1,0,0,1,1,0,0,1,1
1266,2,1,1,1,0,1,0,1,1
1267,3,2,2,2,2,2,2,2,2
1268,1,1,0,1,1,1,0,0,1
1269,0,0,0,0,0,0,1,0,0
1270,2,0,0,1,1,1,0,0,1
1271,3,0,1,1,0,1,0,0,0
1272,3,0,2,1,0,0,0,0,1
1273,2,0,1,1,0,0,0,0,1
1274,0,0,0,1,0,0,0,0,1
1275,1,1,1,0,1,0,1,0,1
1276,1,2,1,0,1,2,1,1,1
1277,2,1,1,2,1,0,0,1,1
1278,0,1,0,0,1,1,1,1,0
1279,0,2,1,1,2,2,2,2,1
1280,2,2,2,2,2,1,2,1,2
1281,0,0,0,0,0,0,0,1,0
1282,3,0,0,1,0,0,0,0,1
1283,1,2,2,1,2,1,2,1,2
1284,3,1,1,2,1,1,1,1,1
1285,0,2,1,0,2,2,1,2,1
1286,1,0,0,0,0,0,0,0,1
1287,3,2,2,2,2,1,2,2,2
1288,1,1,0,0,1,0,2,0,1
1289,0,0,0,1,0,1,0,0,0
1290,2,2,2,2,2,1,2,2,2
1291,2,0,1,0,0,0,0,0,1
1292,1,0,0,0,0,1,1,0,0
1293,3,2,2,2,2,2,2,1,2
1294,0,1,1,0,1,0,1,1,0
1295,2,0,1,0,0,0,0,0,1
1296,2,0,0,1,0,0,0,0,0
1297,3,1,1,1,1,1,1,0,1
1298,3,0,2,0,0,1,0,0,1
1299,3,1,2,1,1,2,2,0,2
1300,3,1,2,2,1,1,0,1,1
1301,0,2,0,1,2,2,1,1,1
1302,3,1,2,1,0,2,1,0,2
1303,0,1,1,0,1,1,2,1,1
1304,1,1,0,1,1,1,1,1,1
1305,1,2,0,1,2,2,1,2,1
1306,1,1,2,1,1,1,1,0,1
1307,0,2,1,1,2,2,1,1,1
1308,0,1,1,0,1,1,1,2,1
1309,1,1,1,1,1,1,1,1,1
1310,1,1,1,1,1,1,1,2,1
1311,0,1,0,0,1,1,1,1,0
1312,3,2,2,2,2,1,2,1,2
1313,0,1,1,0,1,1,1,1,1
1314,0,1,0,0,1,0,0,1,1
1315,3,1,2,2,1,2,1,1,2
1316,3,0,1,0,0,0,0,0,1
1317,3,1,1,1,1,1,0,0,2
1318,2,0,0,0,0,0,0,0,0
1319,2,2,1,2,2,2,2,2,1
1320,0,1,0,0,1,1,1,1,0
1321,3,2,1,2,1,1,1,1,2
1322,2,0,1,1,0,0,0,0,0
1323,3,1,1,1,1,1,1,2,1
1324,3,1,2,1,0,0,0,1,2
1325,3,1,1,1,1,0,1,1,1
1326,3,2,2,1,2,2,1,1,1
1327,0,0,0,0,0,0,0,0,0
1328,0,2,1,2,2,2,2,2,2
1329,2,1,2,1,1,0,1,1,1
1330,3,1,1,1,1,2,0,1,1
1331,3,1,1,2,1,1,0,0,1
1332,3,1,2,2,1,1,1,0,2
1333,3,0,2,1,0,0,0,1,1
1334,0,1,0,0,1,2,2,1,0
1335,3,2,2,2,2,2,1,1,2
1336,1,0,1,0,0,0,0,0,1
1337,0,1,0,1,1,0,1,1,0
1338,3,0,1,0,1,1,1,1,0
1339,2,1,1,2,1,1,1,1,2
1340,1,2,2,1,2,2,2,2,1
1341,1,0,1,1,0,1,0,0,1
1342,1,2,2,1,2,2,1,2,2
1343,2,1,1,2,1,1,0,1,2
1344,2,1,2,1,1,1,1,1,2
1345,1,0,0,0,0,0,1,0,0
1346,0,1,1,0,2,1,1,0,1
1347,1,1,0,1,0,1,1,1,1
1348,1,1,1,1,1,1,1,1,0
1349,3,1,1,1,1,1,0,1,1
1350,1,2,1,1,1,0,1,2,1
1351,1,2,1,1,2,2,2,1,2
1352,2,1,2,0,1,1,2,1,1
1353,0,0,0,0,0,0,0,0,0
1354,2,2,1,2,2,2,2,1,2
1355,1,1,0,1,1,1,1,1,1
1356,2,1,0,1,1,1,1,0,1
1357,2,1,0,1,1,1,1,1,1
1358,1,2,1,1,2,2,2,2,1
1359,1,1,0,1,0,2,0,1,1
1360,3,0,2,0,0,0,1,1,2
1361,3,1,1,2,1,0,2,1,2
1362,3,1,1,1,1,1,1,1,1
1363,2,1,0,1,2,2,1,0,1
1364,3,0,0,1,0,0,0,0,1
1365,3,2,2,2,1,1,2,1,2
1366,1,1,1,0,1,1,1,0,1
1367,3,1,2,1,1,1,1,1,1
1368,2,0,1,2,0,0,0,0,1
1369,3,1,1,1,1,1,0,1,1
1370,1,1,1,0,0,1,1,1,1
1371,1,1,1,2,1,1,1,1,2
1372,1,1,1,1,1,1,1,1,1
1373,0,1,0,1,1,1,1,0,1
1374,2,1,1,1,1,1,1,0,1
1375,3,2,2,2,2,2,2,2,2
1376,3,2,2,2,2,2,2,2,2
1377,1,2,1,2,2,2,2,2,2
1378,3,1,2,1,2,1,1,1,1
1379,2,1,1,0,1,0,1,0,1
1380,1,1,0,2,1,0,1,0,1
1381,2,0,1,0,0,0,1,0,0
1382,0,1,1,0,1,1,1,0,0
1383,3,1,2,2,1,0,0,0,2
1384,3,0,0,1,0,0,0,0,0
1385,2,2,2,2,2,2,1,1,2
1386,2,0,0,1,0,0,1,0,0
1387,3,0,1,1,0,0,0,0,0
1388,3,1,2,2,1,0,0,1,2
1389,1,2,2,1,2,2,1,2,2
1390,0,2,1,0,2,1,2,2,1
1391,3,1,1,1,1,1,0,2,1
1392,3,0,1,1,0,0,0,0,1
1393,2,1,1,1,1,1,1,0,2
1394,1,2,2,0,2,2,2,2,2
1395,0,1,0,0,1,1,1,2,0
1396,1,1,1,1,1,1,2,0,1
1397,3,1,0,2,1,1,0,1,1
1398,1,1,1,0,1,1,1,1,1
1399,0,1,0,1,0,0,1,0,1
1400,3,2,2,1,2,2,2,1,2
1401,3,2,2,2,2,2,1,1,2
1402,3,0,1,1,0,0,0,0,0
1403,2,0,1,0,0,0,0,0,0
1404,0,1,1,0,2,1,0,1,1
1405,3,0,1,1,1,0,0,0,1
1406,1,0,0,0,0,0,0,0,1
1407,3,2,2,2,2,2,2,1,2
1408,2,2,2,2,2,2,1,2,2
1409,3,2,2,1,2,2,2,2,2
1410,0,0,0,0,0,0,0,0,0
1411,3,2,2,2,2,1,2,2,2
1412,0,1,0,1,1,1,0,0,1
1413,0,2,1,0,2,2,2,2,1
1414,0,1,0,0,1,1,1,0,0
1415,0,2,2,0,1,2,2,1,1
1416,3,0,0,1,0,0,0,0,1
1417,3,0,0,0,1,0,0,0,0
1418,1,2,1,0,2,2,2,2,2
1419,2,1,1,1,1,1,1,2,1
1420,1,0,0,0,0,0,1,0,0
1421,3,1,2,1,0,0,1,0,2
1422,3,1,1,1,1,2,1,1,1
1423,2,1,2,1,0,1,1,0,1
1424,1,1,1,1,1,1,0,1,1
1425,0,0,0,0,0,0,0,0,1
1426,2,0,0,0,0,0,0,1,1
1427,2,2,2,1,2,2,2,0,2
1428,1,2,2,1,2,2,2,2,2
1429,3,1,2,1,1,1,1,2,1
1430,1,0,0,0,0,0,1,0,0
1431,0,0,0,1,0,0,0,1,1
1432,1,2,2,2,2,2,2,1,2
1433,2,1,1,1,2,0,1,1,1
1434,0,0,0,0,0,0,0,0,0
1435,0,1,1,0,1,1,1,1,0
1436,0,2,1,2,2,2,1,2,1
1437,3,1,2,2,1,0,1,0,2
1438,3,2,2,2,2,2,2,2,2
1439,1,0,0,0,0,1,0,0,0
1440,3,0,1,1,0,0,0,0,1
1441,3,1,2,1,1,1,0,1,2
1442,1,1,1,0,1,1,1,0,1
1443,3,1,1,1,2,1,0,1,1
1444,2,1,1,1,1,1,1,1,1
1445,3,2,0,2,2,1,2,2,2
1446,3,2,2,2,2,2,2,1,2
1447,1,1,1,0,1,2,1,1,1
1448,1,1,1,1,0,0,1,1,1
1449,2,1,2,1,1,0,1,1,1
1450,2,0,0,1,0,1,0,0,1
1451,2,2,2,2,2,1,1,1,1
1452,3,1,1,1,1,1,1,0,2
1453,2,1,1,1,1,1,0,1,1
1454,0,0,0,0,0,1,0,0,0
1455,1,2,2,1,2,2,2,2,1
1456,0,0,0,0,0,1,1,0,0
1457,3,1,2,2,0,1,1,1,2
1458,3,2,1,2,2,1,1,2,1
1459,2,1,2,1,1,1,1,0,1
1460,2,1,1,2,1,1,1,1,1
1461,0,2,2,1,2,2,1,2,1
1462,0,1,1,1,1,1,2,1,0
1463,2,1,1,1,0,1,1,1,1
1464,3,1,1,2,1,1,1,1,2
1465,2,1,0,1,1,1,1,0,1
1466,3,1,1,1,1,1,1,0,1
1467,1,2,1,1,2,1,2,1,1
1468,1,2,1,1,2,2,2,1,2
1469,2,0,2,0,0,1,0,0,1
1470,1,1,0,1,2,2,1,1,1
1471,0,0,0,0,0,0,0,0,0
1472,0,0,0,0,0,0,0,0,0
1473,3,1,1,1,1,2,1,1,1
1474,1,1,1,1,1,1,1,1,1
1475,1,0,0,0,0,0,0,2,0
1476,0,1,1,0,0,1,2,1,0
1477,3,1,2,1,1,1,1,1,1
1478,2,1,2,1,2,1,0,1,2
1479,2,1,0,1,1,1,2,0,1
1480,2,1,1,1,1,1,1,0,1
1481,0,2,1,1,2,1,2,1,1
1482,2,1,2,1,1,1,2,1,1
1483,2,0,0,0,0,0,1,1,0
1484,0,1,0,0,1,1,1,0,1
1485,2,0,1,1,1,0,0,1,1
1486,2,1,1,1,1,1,0,0,1
1487,3,1,1,1,1,2,1,2,1
1488,3,2,2,2,2,2,1,2,2
1489,1,1,1,0,1,2,0,1,0
1490,0,1,1,0,1,2,1,1,1
1491,3,0,1,0,0,0,0,0,1
1492,2,2,2,2,2,2,2,1,2
1493,3,0,0,1,0,0,0,0,1
1494,3,1,1,0,1,1,1,1,1
1495,2,1,0,2,1,1,1,1,1
1496,0,1,1,1,2,0,0,1,1
1497,1,1,1,1,1,1,1,0,1
1498,3,1,0,1,1,1,1,1,1
1499,0,1,1,1,2,1,1,0,1
1500,3,1,2,1,1,1,1,1,2
1501,0,1,0,0,0,1,1,1,0
1502,2,1,1,1,1,1,1,1,1
1503,2,1,1,1,0,1,1,1,1
1504,3,2,1,2,2,1,2,1,2
1505,1,1,2,1,1,2,0,1,1
1506,1,0,0,0,0,0,0,0,1
1507,0,2,1,1,2,2,2,1,1
1508,2,1,2,1,1,1,1,0,1
1509,1,2,1,1,2,1,1,1,1
1510,3,2,2,2,1,2,2,1,2
1511,1,0,0,0,0,1,1,0,0
1512,0,1,0,1,1,1,1,1,1
1513,1,1,1,2,1,0,1,1,1
1514,3,1,1,1,1,0,1,1,1
1515,0,1,0,1,1,1,1,1,1
1516,0,1,0,1,0,0,2,1,1
1517,0,2,1,1,2,2,2,2,1
1518,3,0,1,1,0,0,0,0,1
1519,2,0,1,0,0,0,1,0,0
1520,2,2,2,1,2,2,1,1,2
1521,1,2,2,1,2,1,1,0,1
1522,3,0,0,1,0,0,0,0,1
1523,0,1,0,0,1,1,1,1,0
1524,1,2,1,1,2,2,1,2,1
1525,0,1,0,1,2,0,0,0,1
1526,1,0,0,1,0,1,0,0,0
1527,1,0,1,0,0,0,0,0,1
1528,3,1,1,1,1,1,1,1,2
1529,2,1,1,1,1,1,1,2,1
1530,0,0,0,0,0,0,0,1,0
1531,0,1,0,0,1,0,1,1,0
1532,0,0,0,0,0,0,0,0,0
1533,2,0,2,0,0,0,0,0,1
1534,3,1,2,1,1,2,1,0,1
1535,0,2,1,0,2,2,1,2,1
1536,3,0,1,0,0,0,0,0,1
1537,3,0,0,1,0,0,0,0,1
1538,0,1,1,0,1,1,2,1,1
1539,0,2,1,1,2,1,1,2,1
1540,3,1,2,1,1,1,0,1,1
1541,3,0,2,1,0,1,0,0,1
1542,1,1,1,0,1,0,0,1,0
1543,0,1,0,0,1,1,1,0,0
1544,3,0,1,0,0,0,0,1,1
1545,2,1,0,0,1,1,1,1,0
1546,3,1,2,2,1,1,1,1,2
1547,0,2,0,1,2,1,2,2,0
1548,0,1,1,0,2,0,1,1,1
1549,2,0,0,1,1,0,0,0,1
1550,0,1,1,0,0,1,1,0,0
1551,1,1,1,1,0,1,2,1,1
1552,1,1,0,1,1,1,1,1,1
1553,3,1,2,1,1,0,1,1,1
1554,3,1,2,1,1,1,0,0,1
1555,1,2,2,0,2,1,2,2,2
1556,3,1,2,2,1,0,1,1,2
1557,3,1,2,2,1,1,1,1,2
1558,1,0,0,0,0,0,0,0,1
1559,3,1,1,2,0,1,1,1,1
1560,3,0,0,1,0,0,0,0,0
1561,2,1,1,1,1,1,1,1,2
1562,1,2,1,2,2,2,2,1,2
1563,0,2,1,1,2,1,2,1,1
1564,1,1,1,1,1,1,0,1,0
1565,3,1,2,1,1,1,1,1,1
1566,0,1,1,0,1,1,1,1,1
1567,1,2,1,2,2,2,2,2,2
1568,3,1,2,1,1,1,1,1,1
1569,2,1,1,1,1,1,1,1,1
1570,3,1,2,1,1,1,1,0,2
1571,0,1,0,0,1,1,1,1,0
1572,1,2,1,0,2,2,1,1,1
1573,3,2,1,2,2,2,1,2,2
1574,1,2,1,1,2,2,2,2,2
1575,3,2,2,2,2,1,2,1,2
1576,3,1,0,1,1,1,1,1,1
1577,1,1,1,0,1,1,1,1,1
1578,1,1,0,1,1,1,0,0,1
1579,1,2,1,1,1,1,2,1,1
1580,0,1,1,0,1,1,1,1,0
1581,0,1,0,0,2,1,0,2,1
1582,1,0,0,0,0,1,0,0,1
1583,1,1,1,1,1,2,1,1,1
1584,2,2,2,1,2,2,2,2,2
1585,0,1,1,0,1,1,0,1,1
1586,3,2,2,2,1,2,2,1,2
1587,0,1,1,0,1,0,1,0,0
1588,0,1,1,1,1,0,0,1,1
1589,3,2,2,1,2,1,2,2,2
1590,3,1,1,2,1,0,1,2,2
1591,1,2,2,1,1,2,2,1,2
1592,2,1,1,0,1,2,1,0,0
1593,0,1,1,1,1,1,1,1,1
1594,0,1,1,0,1,1,2,1,0
1595,0,1,0,2,2,1,1,1,0
1596,3,1,1,1,1,0,1,1,2
1597,3,1,2,1,2,1,0,1,2
1598,3,2,2,2,1,2,1,1,2
1599,3,1,0,1,1,1,1,1,2
1600,3,0,1,2,1,0,0,0,1
1601,2,1,1,1,1,0,1,1,1
1602,0,1,0,0,1,1,1,0,1
1603,2,2,1,2,2,1,1,2,2
1604,1,1,1,0,1,1,2,1,0
1605,3,0,1,1,0,0,1,0,1
1606,2,1,0,2,0,1,1,0,1
1607,1,2,1,1,1,2,1,2,1
1608,3,1,2,1,0,1,1,2,1
1609,2,2,1,2,2,1,1,2,2
1610,2,1,2,2,1,1,1,1,2
1611,1,0,0,0,0,0,0,0,1
1612,0,2,2,0,2,2,1,1,2
1613,0,0,0,0,0,0,1,1,0
1614,3,1,1,2,1,1,1,1,1
1615,0,1,0,1,1,1,1,1,1
1616,3,2,2,1,2,2,2,1,2
1617,0,0,0,0,0,1,0,0,0
1618,1,2,2,0,2,2,2,1,2
1619,1,1,1,1,1,1,1,1,1
1620,0,0,0,0,0,1,0,0,0
1621,3,1,2,2,1,1,1,2,1
1622,3,2,2,2,2,2,1,1,2
1623,2,1,1,1,1,1,1,1,1
1624,2,2,0,2,2,2,2,2,1
1625,2,0,1,0,0,0,0,0,1
1626,3,2,2,2,2,1,1,2,2
1627,3,1,2,1,1,1,1,1,1
1628,0,0,0,0,0,0,0,0,0
1629,1,0,0,0,0,0,0,0,0
1630,1,1,0,1,1,1,1,2,1
1631,2,2,2,2,1,2,2,2,2
1632,1,1,0,1,0,1,2,0,1
1633,2,1,1,1,0,1,1,1,1
1634,0,2,0,1,2,2,1,2,1
1635,2,2,2,2,2,2,2,2,1
1636,2,2,2,2,2,2,2,1,2
1637,2,0,1,1,1,1,0,0,1
1638,1,1,2,2,1,2,1,1,2
1639,0,0,0,0,0,0,0,0,0
1640,0,1,1,0,1,1,1,1,1
1641,1,1,1,0,0,1,1,2,1
1642,0,0,0,0,0,1,0,0,0
1643,0,0,0,1,1,0,0,1,0
1644,3,2,2,2,2,2,1,1,1
1645,3,2,2,2,2,1,2,2,2
1646,2,2,2,1,2,1,1,1,2
1647,0,2,0,1,1,2,1,2,0
1648,0,1,1,1,1,1,1,1,1
1649,3,1,1,1,1,1,1,2,1
1650,2,1,1,2,1,1,1,1,2
1651,0,2,1,2,1,1,2,1,2
1652,0,0,0,0,0,0,0,0,0
1653,2,1,2,2,1,1,1,1,1
1654,2,1,1,1,2,0,1,2,1
1655,2,2,1,2,2,2,2,1,2
1656,2,0,0,0,0,0,1,0,0
1657,0,1,0,1,1,1,1,1,1
1658,0,0,0,0,0,0,0,0,0
1659,0,1,0,0,1,1,1,0,0
1660,2,0,0,1,0,1,1,1,1
1661,2,2,1,2,2,1,2,2,1
1662,2,0,1,1,1,1,0,0,0
1663,2,1,2,1,0,1,1,1,1
1664,3,0,1,1,0,0,1,1,1
1665,1,1,1,1,1,1,1,1,1
1666,2,1,1,1,1,2,1,1,1
1667,0,0,0,0,0,1,0,0,1
1668,3,1,1,1,1,1,1,0,1
1669,3,1,1,2,0,0,1,1,1
1670,3,0,1,1,0,0,0,1,1
1671,3,2,2,2,2,2,2,2,2
1672,3,1,0,1,1,0,1,1,1
1673,2,0,0,1,0,0,0,0,1
1674,1,1,1,1,0,1,2,1,2
1675,2,1,1,1,2,1,1,1,1
1676,0,0,0,0,1,0,0,0,0
1677,3,2,2,2,2,2,2,2,2
1678,0,2,1,1,2,2,2,2,1
1679,3,1,2,1,1,1,1,1,1
1680,1,1,1,0,0,1,1,0,1
1681,2,2,1,2,2,2,2,2,2
1682,0,0,0,0,1,0,0,0,0
1683,0,0,1,0,0,0,0,0,0
1684,0,1,0,1,1,1,0,1,0
1685,0,0,0,0,0,0,0,0,0
1686,2,1,1,1,1,1,1,1,0
1687,0,1,1,0,1,1,1,0,1
1688,1,2,2,0,1,1,1,2,1
1689,0,2,1,1,2,2,2,1,2
1690,1,0,1,0,0,0,0,0,1
1691,3,1,1,1,1,1,0,0,1
1692,2,0,0,1,0,0,0,1,0
1693,3,1,1,2,1,1,1,1,1
1694,3,1,0,1,1,1,1,1,1
1695,0,1,1,0,0,1,0,1,1
1696,3,1,1,1,1,1,2,0,1
1697,0,0,0,0,1,0,0,0,1
1698,1,1,0,1,1,1,1,1,0
1699,0,2,1,2,1,2,2,2,2
1700,2,2,1,2,2,2,2,1,2
1701,2,1,1,1,1,1,1,1,1
1702,3,1,1,2,1,1,1,1,2
1703,2,0,0,1,0,0,1,0,1
1704,0,0,0,0,0,0,0,0,1
1705,3,2,2,2,2,2,2,2,2
1706,0,0,0,0,1,0,0,0,0
1707,3,2,2,2,1,2,2,1,2
1708,2,1,1,0,1,1,0,1,1
1709,1,1,2,0,0,1,0,1,1
1710,1,0,0,0,0,0,0,0,0
1711,1,0,0,0,0,0,0,0,0
1712,0,2,0,1,1,2,2,2,1
1713,3,1,1,2,0,0,0,0,2
1714,1,2,2,1,2,2,2,1,1
1715,3,1,1,2,1,1,1,1,1
1716,0,1,1,0,1,1,1,1,1
1717,2,0,0,1,0,0,0,0,0
1718,1,0,1,0,0,0,1,0,0
1719,3,0,0,1,0,0,0,0,1
1720,0,2,2,1,2,2,1,1,1
1721,3,0,1,1,0,0,0,0,1
1722,0,0,1,0,0,0,0,0,0
1723,0,0,0,0,0,0,0,0,0
1724,0,0,0,0,0,1,0,0,0
1725,1,1,1,1,1,2,1,1,1
1726,1,1,1,0,2,0,1,1,2
1727,1,2,2,2,1,2,2,2,2
1728,0,0,0,0,0,0,0,0,0
1729,2,0,1,1,0,0,0,0,0
1730,1,2,0,1,2,1,1,2,1
1731,1,0,0,0,0,0,1,0,0
1732,2,1,1,0,1,1,2,0,1
1733,0,2,1,1,2,1,2,2,1
1734,1,1,1,0,1,1,1,0,1
1735,3,2,2,1,2,2,2,2,2
1736,3,1,1,1,1,1,2,1,1
1737,0,0,0,0,0,0,1,1,0
1738,3,2,2,2,2,2,1,2,2
1739,3,1,2,2,1,2,1,1,2
1740,1,1,1,1,1,1,1,1,1
1741,3,0,0,1,0,1,0,0,1
1742,0,1,0,1,1,0,0,1,1
1743,3,1,1,1,1,0,1,1,2
1744,3,1,1,1,0,2,1,0,1
1745,2,1,1,1,1,1,0,1,1
1746,0,1,0,0,0,0,2,1,1
1747,1,1,1,1,1,1,1,0,1
1748,1,0,1,0,1,0,0,0,0
1749,2,1,1,1,1,1,0,0,1
1750,2,1,2,0,0,0,1,1,1
1751,3,2,2,2,2,2,1,2,2
1752,3,2,1,2,2,2,1,2,2
1753,3,1,1,2,0,1,2,1,1
1754,1,2,1,1,2,2,2,1,1
1755,3,1,2,2,1,1,1,1,2
1756,1,2,2,1,2,2,2,2,1
1757,2,0,1,0,1,0,0,0,0
1758,2,1,1,1,0,1,1,1,1
1759,1,1,2,0,1,1,1,2,2
1760,2,0,0,1,0,0,0,0,1
1761,0,1,0,0,1,2,2,0,0
1762,0,1,1,0,0,1,1,0,0
1763,0,1,0,1,1,1,0,1,0
1764,2,2,2,2,2,2,1,2,2
1765,3,0,2,0,1,0,0,0,1
1766,2,2,2,1,2,1,2,2,2
1767,2,2,2,1,2,2,2,2,1
1768,2,2,0,2,2,2,2,1,2
1769,3,0,1,1,0,0,0,0,1
1770,0,1,1,0,1,1,1,1,1
1771,2,2,1,1,2,2,2,2,2
1772,0,0,0,0,0,0,0,0,0
1773,2,0,1,0,0,0,0,0,1
1774,3,1,2,2,1,1,1,1,2
1775,3,0,1,0,0,1,0,0,1
1776,3,1,2,2,2,1,1,2,2
1777,3,1,1,1,0,1,1,2,1
1778,3,1,1,1,1,2,1,1,1
1779,3,2,2,2,2,2,1,1,2
1780,3,0,2,1,0,0,0,0,1
1781,1,2,1,1,2,2,2,1,1
1782,3,1,2,2,1,1,2,0,2
1783,3,2,2,1,2,1,2,1,2
1784,1,0,0,0,0,0,0,0,0
1785,3,0,1,2,0,1,0,1,1
1786,3,1,2,1,0,0,2,0,1
1787,3,0,1,1,0,0,0,0,1
1788,2,1,2,2,1,1,1,1,1
1789,3,1,1,2,0,1,2,1,2
1790,2,2,2,1,2,1,2,1,1
1791,3,1,1,1,2,1,1,1,1
1792,2,2,2,2,2,2,2,1,2
1793,3,1,1,2,1,0,2,1,0
1794,1,1,0,1,0,0,1,1,1
1795,3,0,1,0,0,0,0,0,1
1796,3,2,1,2,1,2,2,1,2
1797,1,1,0,2,1,1,0,1,1
1798,1,0,0,1,0,0,0,0,0
1799,2,1,2,2,0,1,1,0,2
1800,0,1,1,0,1,2,0,1,1
1801,3,1,2,1,1,1,1,1,1
1802,0,0,0,0,0,0,1,0,0
1803,0,1,0,1,1,1,1,1,0
1804,2,1,1,1,1,0,0,1,1
1805,3,2,2,2,1,2,2,1,2
1806,0,0,0,0,0,1,0,1,0
1807,2,0,1,1,0,0,0,1,0
1808,3,1,2,1,1,1,1,1,2
1809,0,1,0,1,1,1,0,1,1
1810,0,2,1,1,2,2,2,1,2
1811,1,1,0,0,1,1,1,1,1
1812,1,0,0,1,0,0,0,0,1
1813,2,1,1,1,1,1,1,1,1
1814,3,1,1,2,1,1,1,1,1
1815,3,1,1,1,1,1,1,1,2
1816,2,1,1,0,1,1,0,1,1
1817,2,2,2,2,2,1,2,1,2
1818,3,0,1,1,0,0,0,0,0
1819,3,1,0,1,1,1,1,1,1
1820,3,0,1,1,0,0,1,0,1
1821,3,1,2,2,1,0,1,1,1
1822,0,2,2,1,1,2,2,2,1
1823,1,1,2,0,1,1,1,1,1
1824,0,2,2,0,2,1,2,2,2
1825,3,1,2,1,1,1,0,1,2
1826,1,0,0,2,0,0,0,0,0
1827,0,0,1,0,0,1,0,1,0
1828,3,1,1,1,1,2,0,2,2
1829,3,0,1,1,0,0,0,0,1
1830,1,1,1,1,1,0,1,1,0
1831,3,1,2,1,1,1,1,0,1
1832,1,1,1,1,2,0,0,0,1
1833,1,1,1,1,2,1,1,0,1
1834,1,1,1,0,1,1,1,0,0
1835,2,2,1,2,2,1,1,1,2
1836,1,0,1,1,0,1,1,1,0
1837,2,2,0,2,2,2,2,1,1
1838,3,0,1,1,1,0,1,1,1
1839,3,0,1,1,0,0,0,0,1
1840,0,0,0,0,0,0,0,0,0
1841,1,2,2,1,2,1,1,2,2
1842,0,2,1,1,1,1,2,1,1
1843,3,0,2,1,0,1,0,0,1
1844,3,1,1,1,1,0,1,0,2
1845,1,1,2,1,2,1,1,0,1
1846,2,0,0,0,0,0,1,0,0
1847,0,1,1,0,1,1,1,0,0
1848,2,1,1,1,1,1,1,1,1
1849,3,0,1,0,0,0,0,0,1
1850,1,0,0,1,1,0,0,0,0
1851,0,1,1,1,1,1,1,1,1
1852,0,0,0,0,0,0,0,0,0
1853,1,2,1,2,2,2,2,2,2
1854,1,2,1,1,2,2,2,2,2
1855,2,1,0,0,1,1,1,0,1
1856,3,0,0,1,0,0,0,0,1
1857,1,1,1,1,1,1,1,1,1
1858,2,1,2,0,0,2,1,1,1
1859,3,0,1,2,0,0,0,0,1
1860,2,1,1,0,1,2,1,0,0
1861,2,1,1,0,1,0,0,1,1
1862,3,0,0,2,0,0,0,2,1
1863,3,2,2,1,2,1,2,1,2
1864,3,1,1,1,1,1,2,0,1
1865,0,2,1,1,2,1,1,1,1
1866,3,1,2,1,1,1,0,2,2
1867,3,1,1,1,1,1,1,1,1
1868,3,1,1,0,0,0,1,2,1
1869,1,1,2,1,1,1,1,1,1
1870,2,1,1,1,1,1,0,1,1
1871,3,0,1,1,0,0,0,0,1
1872,1,2,1,1,2,2,1,2,2
1873,3,1,1,1,1,2,1,0,2
1874,2,1,1,0,1,1,0,1,1
1875,3,1,1,2,1,0,0,1,2
1876,1,1,0,1,1,1,1,0,1
1877,1,2,2,1,2,2,1,2,2
1878,3,2,2,1,2,1,2,1,2
1879,0,1,0,0,1,1,1,1,0
1880,0,0,1,0,0,0,0,0,0
1881,0,1,1,0,1,1,1,0,1
1882,1,1,1,0,1,1,1,1,1
1883,1,1,1,0,1,1,1,2,1
1884,3,2,1,2,2,1,2,2,2
1885,3,1,1,2,1,1,1,0,2
1886,1,2,1,2,2,2,2,1,2
1887,2,1,1,1,1,1,1,1,1
1888,2,1,2,1,0,1,1,1,1
1889,1,1,1,1,1,1,1,2,1
1890,0,1,0,0,1,0,1,0,0
1891,3,0,0,1,1,0,0,0,1
1892,1,2,1,1,2,1,2,2,2
1893,2,1,0,1,1,1,1,0,1
1894,3,0,1,0,0,0,0,0,0
1895,2,2,2,2,1,2,1,2,2
1896,2,0,0,0,0,0,0,2,1
1897,2,1,2,1,0,0,1,1,2
1898,1,2,1,1,2,2,2,2,1
1899,2,1,1,1,1,1,1,1,1
1900,2,1,0,1,0,1,1,1,1
1901,3,1,1,1,1,0,1,0,1
1902,3,0,0,0,1,0,0,1,0
1903,2,1,1,1,1,1,2,0,1
1904,3,2,2,2,1,2,1,2,2
1905,0,0,0,0,0,0,0,0,0
1906,3,0,1,1,0,1,0,1,1
1907,3,0,1,1,0,0,1,0,1
1908,1,1,1,1,0,0,0,1,1
1909,2,1,2,1,1,1,1,1,1
1910,0,0,0,0,0,0,0,1,0
1911,2,0,0,0,0,0,0,0,0
1912,2,0,0,1,0,0,0,0,0
1913,3,1,1,2,1,1,0,1,1
1914,2,0,1,0,0,0,0,0,1
1915,2,2,2,2,2,2,1,1,2
1916,2,1,0,1,1,2,1,2,1
1917,3,1,1,1,1,1,0,0,1
1918,0,2,2,1,2,1,2,2,1
1919,0,2,1,1,2,2,2,2,1
1920,1,1,1,0,1,1,0,0,1
1921,1,1,1,1,1,0,1,1,1
1922,3,1,2,1,1,1,1,1,2
1923,0,2,0,0,1,2,1,1,1
1924,1,2,1,1,2,1,1,1,1
1925,0,1,1,1,1,1,1,1,1
1926,3,0,1,1,0,0,1,0,1
1927,1,1,1,1,1,1,1,1,1
1928,0,0,0,0,0,0,0,0,0
1929,2,1,2,2,1,1,2,1,1
1930,3,2,2,2,1,2,1,2,2
1931,1,2,1,1,1,1,2,2,1
1932,0,1,0,0,1,1,1,0,0
1933,2,1,1,1,1,2,1,1,1
1934,1,1,0,0,1,1,1,1,0
1935,0,2,1,0,2,2,2,1,1
1936,3,2,2,2,1,2,2,1,2
1937,0,1,1,0,2,2,1,1,0
1938,1,1,1,0,1,2,1,1,1
1939,1,1,2,1,1,1,1,1,1
1940,0,2,1,1,2,1,2,1,1
1941,2,1,1,1,1,1,2,1,1
1942,3,0,1,0,0,0,0,0,1
1943,2,1,1,1,0,1,1,1,1
1944,3,2,2,2,1,2,2,1,2
1945,1,1,1,0,1,1,2,1,0
1946,2,2,1,2,1,2,2,1,1
1947,1,2,1,2,2,2,2,1,1
1948,0,1,1,1,0,0,1,1,1
1949,2,0,0,1,0,0,0,0,1
1950,2,1,1,0,1,1,1,0,1
1951,0,2,2,1,1,2,2,1,2
1952,1,0,1,0,0,0,0,1,0
1953,0,1,1,1,2,2,1,1,0
1954,0,1,1,1,1,0,1,2,1
1955,2,2,2,1,2,2,2,1,2
1956,3,0,0,1,0,0,0,1,1
1957,2,0,0,2,0,0,0,0,1
1958,2,2,1,2,2,1,2,2,2
1959,3,2,2,2,1,1,2,2,2
1960,1,1,1,1,1,1,1,1,1
1961,1,2,1,2,1,2,1,1,2
1962,0,2,0,1,2,2,2,2,1
1963,1,2,2,0,2,2,2,1,1
1964,1,2,2,2,1,2,2,2,2
1965,2,1,1,1,1,1,1,1,1
1966,3,0,1,2,0,0,0,0,1
1967,0,1,0,1,1,0,1,1,1
1968,1,0,0,0,0,1,0,0,0
1969,0,1,0,1,1,2,1,1,1
1970,1,0,1,0,0,0,0,1,1
1971,1,1,0,1,1,2,1,0,0
1972,2,0,1,1,0,0,0,0,1
1973,2,1,2,1,1,1,1,0,1
1974,1,2,1,2,2,2,2,1,2
1975,1,0,1,0,0,0,0,0,0
1976,2,0,1,1,0,0,0,1,0
1977,3,1,1,1,1,1,2,1,1
1978,3,1,1,1,0,0,1,1,1
1979,1,2,2,1,1,2,2,2,1
1980,1,0,1,0,0,0,0,0,0
1981,0,1,0,0,1,1,1,0,1
1982,1,2,1,1,2,2,2,1,1
1983,2,2,1,2,1,1,2,2,2
1984,2,2,1,1,2,1,2,2,2
1985,3,0,1,0,0,1,0,0,1
1986,1,2,1,0,2,2,1,1,1
1987,1,1,0,0,1,1,1,1,1
1988,0,2,1,1,2,1,2,1,2
1989,1,2,2,0,2,2,1,1,1
1990,0,1,1,1,1,1,2,1,1
1991,1,1,1,1,1,1,1,1,1
1992,2,1,1,1,1,0,1,0,1
1993,0,2,1,1,2,2,2,1,1
1994,3,1,2,2,1,1,0,0,2
1995,0,1,1,0,1,0,0,1,1
1996,0,1,2,1,1,1,2,1,0
1997,0,1,0,0,1,1,0,1,1
1998,3,1,1,1,1,1,2,1,1
1999,3,1,1,0,1,1,1,0,1
2000,3,1,0,2,1,1,0,0,2
2001,2,1,1,1,1,1,0,1,1
2002,2,1,0,1,1,0,2,1,1
2003,1,1,1,1,1,1,1,1,1
2004,3,1,2,1,1,1,1,1,1
2005,2,1,0,1,1,0,1,1,1
2006,2,0,0,0,0,0,0,0,0
2007,1,0,0,1,0,0,0,0,1
2008,2,1,1,1,0,2,1,1,1
2009,3,1,1,2,1,1,0,2,2
2010,1,0,0,0,0,0,0,0,0
2011,2,2,2,2,2,2,2,2,2
2012,1,2,2,2,2,2,2,2,2
2013,3,2,2,1,2,2,2,1,2
2014,2,1,1,1,1,0,1,1,1
2015,2,0,0,0,0,0,0,0,0
2016,0,2,0,2,1,2,2,1,1
2017,1,1,1,0,1,2,1,1,1
2018,2,2,2,1,2,1,1,1,2
2019,0,1,1,1,1,1,1,0,1
2020,1,0,0,0,0,0,0,0,1
2021,1,0,0,0,0,0,1,0,1
2022,2,0,0,0,1,0,0,0,0
2023,0,2,0,0,2,2,2,2,1
2024,3,2,1,2,2,2,1,1,2
2025,1,0,0,0,0,0,0,1,0
2026,0,1,0,0,1,1,0,1,0
2027,2,1,1,1,1,1,2,0,1
2028,1,2,1,1,1,1,2,1,1
2029,0,2,1,1,2,2,2,2,1
2030,1,1,1,1,1,1,1,1,1
2031,1,1,1,0,1,1,1,1,1
2032,0,2,1,0,1,1,1,0,1
2033,2,1,1,1,1,1,1,0,1
2034,2,2,2,2,2,2,2,2,2
2035,1,2,1,1,1,2,1,2,2
2036,2,0,0,1,0,0,0,0,0
2037,2,1,2,1,1,1,2,1,1
2038,3,2,1,2,2,2,2,1,2
2039,2,0,0,0,0,0,0,0,0
2040,2,1,1,1,2,1,0,1,1
2041,2,1,0,2,1,1,0,2,1
2042,1,2,2,1,1,2,2,2,1
2043,0,2,0,1,2,1,2,1,1
2044,3,2,2,2,2,2,2,2,2
2045,1,1,1,1,1,1,1,0,1
2046,0,2,2,1,2,2,2,2,2
2047,0,1,1,1,1,1,1,1,0
2048,1,1,0,0,1,1,1,0,1
2049,2,0,0,0,1,0,0,0,1
2050,3,1,2,2,1,1,1,0,2
2051,3,1,1,1,1,1,1,1,1
2052,0,2,1,0,2,2,2,1,0
2053,2,0,0,0,0,0,0,0,0
2054,1,1,1,1,2,1,1,0,1
2055,0,0,0,0,0,0,0,0,0
2056,3,0,1,0,0,0,0,0,1
2057,2,1,2,1,1,1,1,2,1
2058,1,1,0,1,2,1,1,1,1
2059,0,0,0,0,0,0,0,0,0
2060,0,0,0,0,1,0,0,0,0
2061,1,1,1,0,0,1,0,1,0
2062,3,2,2,2,1,1,1,2,2
2063,3,0,0,1,0,0,1,0,1
2064,0,2,1,0,2,2,1,1,1
2065,0,1,1,1,1,1,1,0,1
2066,3,1,2,2,0,1,1,1,2
2067,1,2,1,1,2,2,1,1,1
2068,1,1,1,1,1,1,1,1,1
2069,3,0,0,1,0,0,0,0,0
2070,0,2,2,1,1,2,2,1,1
2071,3,0,1,1,0,1,0,0,1
2072,1,1,0,1,1,1,2,0,1
2073,0,1,0,0,1,1,1,1,0
2074,1,0,0,0,0,0,0,1,0
2075,3,2,2,1,2,2,2,2,2
2076,3,1,1,1,0,1,2,0,2
2077,2,0,1,0,0,1,0,0,0
2078,3,1,1,1,1,1,1,1,1
2079,1,1,1,1,1,1,1,1,1
2080,1,1,0,1,1,1,1,1,1
2081,0,1,1,0,2,1,1,0,0
2082,2,0,1,1,0,0,1,0,1
2083,1,2,1,2,2,2,2,2,2
2084,1,1,1,1,0,1,1,1,1
2085,0,1,0,0,1,1,1,1,1
2086,3,2,2,2,2,2,2,1,2
2087,2,2,2,2,2,1,1,2,2
2088,1,2,1,0,1,2,1,2,2
2089,1,1,2,0,1,1,1,0,1
2090,3,1,1,1,1,1,1,1,1
2091,0,1,1,0,2,1,1,1,0
2092,2,1,2,1,0,1,1,1,1
2093,2,2,1,1,2,2,2,1,2
2094,3,1,2,2,2,1,1,0,2
2095,3,1,2,2,1,1,1,1,2
2096,1,1,1,0,1,0,1,1,1
2097,2,0,0,1,1,1,0,0,1
2098,1,2,1,1,2,2,2,1,1
2099,0,1,1,0,1,0,2,1,1
2100,1,0,1,1,1,0,0,1,1
2101,2,0,0,1,0,0,0,1,0
2102,3,0,1,1,0,0,0,0,1
2103,3,1,1,1,1,1,1,0,1
2104,3,0,0,2,0,0,0,0,1
2105,0,2,0,0,2,2,2,2,1
2106,3,2,2,2,2,1,2,2,2
2107,0,1,1,1,0,2,1,1,1
2108,1,1,1,2,0,1,1,0,1
2109,2,1,1,1,1,1,1,1,1
2110,3,0,1,2,1,0,0,1,1
2111,2,1,1,2,1,1,1,1,2
2112,2,1,1,1,1,1,1,0,1
2113,3,1,2,1,1,0,2,1,1
2114,2,1,1,1,1,0,1,0,1
2115,0,1,0,0,1,1,1,0,0
2116,0,2,1,1,2,2,1,2,1
2117,3,2,1,2,2,2,2,2,2
2118,0,0,1,0,1,0,0,0,1
2119,1,0,0,0,0,0,1,1,0
2120,2,1,1,2,1,1,1,1,1
2121,1,2,0,2,2,2,1,2,1
2122,0,1,0,0,2,1,1,1,0
2123,1,0,0,0,0,0,0,0,0
2124,2,1,0,1,2,0,0,0,1
2125,2,1,1,0,1,1,1,1,1
2126,3,1,2,2,1,1,1,1,2
2127,0,1,0,1,1,1,1,0,0
2128,2,1,2,1,1,0,0,2,1
2129,3,1,1,2,1,0,0,1,1
2130,2,1,1,1,1,1,2,1,1
2131,3,1,1,1,1,1,2,1,1
2132,1,0,0,0,1,0,0,0,0
2133,3,1,2,2,1,0,1,1,2
2134,0,2,1,1,2,1,2,2,1
2135,2,2,1,2,1,2,1,1,2
2136,0,0,0,0,0,0,0,0,0
2137,1,1,1,2,1,1,1,1,1
2138,0,1,0,0,1,2,1,1,0
2139,1,1,0,0,1,0,1,1,0
2140,0,1,0,0,1,2,2,1,1
2141,1,2,1,2,2,1,1,2,2
2142,2,1,2,2,1,2,0,1,1
2143,2,0,0,1,0,0,0,0,0
2144,1,1,0,1,1,1,1,1,1
2145,0,1,1,0,1,0,2,1,1
2146,0,2,1,2,2,2,1,1,2
2147,2,1,1,2,1,1,1,0,1
2148,1,1,1,1,1,0,1,0,1
2149,0,1,1,0,1,1,1,0,1
2150,1,1,1,0,1,1,1,0,1
2151,3,1,1,2,1,1,2,1,1
2152,3,0,1,1,0,0,0,1,1
2153,0,2,0,0,2,1,2,2,1
2154,2,1,2,1,0,0,2,1,2
2155,0,0,0,0,0,0,0,0,1
2156,0,1,0,0,2,1,0,1,1
2157,2,1,0,1,1,1,1,1,1
2158,1,0,0,0,0,0,0,1,0
2159,0,1,0,1,1,1,1,1,1
2160,0,1,1,0,2,1,1,1,1
2161,1,1,1,1,2,1,1,0,1
2162,3,1,2,1,2,1,1,0,2
2163,0,0,0,0,0,0,0,0,0
2164,3,0,1,1,0,0,0,0,2
2165,1,1,0,1,1,1,1,1,0
2166,2,1,2,1,1,1,1,1,1
2167,3,1,2,1,1,1,1,0,1
2168,2,1,0,1,1,1,0,1,1
2169,1,2,1,1,2,1,1,2,1
2170,2,1,2,1,1,1,1,1,1
2171,2,2,1,1,1,1,1,2,1
2172,3,0,1,0,0,0,0,0,1
2173,2,2,2,2,1,1,2,2,2
2174,1,2,2,0,2,1,2,2,1
2175,2,1,1,1,1,1,1,1,1
2176,0,1,1,1,1,1,1,1,0
2177,2,2,2,2,2,2,1,2,2
2178,2,1,1,1,1,0,1,0,1
2179,3,1,0,1,1,1,2,1,2
2180,3,2,2,2,1,2,2,2,2
2181,0,2,2,0,2,2,2,2,2
2182,0,1,0,1,1,2,1,1,1
2183,3,1,1,2,1,0,1,1,1
2184,2,0,0,0,1,1,0,0,0
2185,0,1,1,0,1,1,1,1,1
2186,2,2,1,1,2,2,1,1,1
2187,2,1,1,1,1,1,1,1,1
2188,1,1,1,1,1,1,1,1,2
2189,1,2,2,1,2,2,1,1,2
2190,3,1,2,1,1,2,1,0,1
2191,3,1,1,1,1,0,1,1,1
2192,0,2,1,0,1,2,1,2,1
2193,1,1,1,0,0,0,1,1,1
2194,1,1,1,1,1,0,1,1,1
2195,0,1,1,1,1,1,1,1,1
2196,1,2,0,2,2,2,2,0,1
2197,0,1,0,0,2,0,1,0,1
2198,3,1,2,2,2,1,1,2,2
2199,0,0,1,0,0,1,0,0,0
2200,2,1,1,1,1,1,1,2,1
2201,1,1,1,0,0,1,1,0,1
2202,2,0,0,0,1,0,0,0,1
2203,2,1,0,1,0,1,1,1,1
2204,3,1,2,1,1,1,1,1,1
2205,2,1,2,1,0,1,1,1,1
2206,0,1,1,1,0,0,0,1,1
2207,1,1,1,0,1,1,0,0,0
2208,2,1,2,1,1,1,1,2,2
2209,1,1,1,1,1,1,1,1,1
2210,0,0,0,0,0,0,0,0,0
2211,0,1,1,1,1,1,1,1,1
2212,0,2,1,1,2,2,1,2,1
2213,3,0,1,1,0,0,0,0,1
2214,2,1,1,1,1,1,1,1,1
2215,3,2,2,2,2,2,2,2,2
2216,3,2,2,2,2,2,2,2,2
2217,0,1,1,1,1,1,0,1,1
2218,2,1,2,2,0,0,1,0,1
2219,3,1,1,2,1,0,1,0,2
2220,2,0,0,0,0,0,0,0,0
2221,2,1,1,1,1,0,0,0,1
2222,3,2,2,2,2,2,2,1,2
2223,0,2,1,0,2,2,2,2,1
2224,3,1,2,1,0,1,1,1,1
2225,3,1,2,2,1,0,1,2,2
2226,3,1,0,2,1,0,1,1,1
2227,0,1,0,0,1,1,1,1,1
2228,3,2,1,2,2,1,1,2,2
2229,3,1,2,2,0,1,1,1,2
2230,1,2,2,1,2,2,1,2,2
2231,0,2,1,1,2,2,2,2,2
2232,3,1,1,2,1,2,1,1,2
2233,0,2,1,1,1,1,1,1,2
2234,0,0,1,0,0,0,0,0,0
2235,2,1,1,1,2,1,1,1,1
2236,3,1,2,1,1,1,1,1,2
2237,3,1,2,2,1,2,0,0,2
2238,1,2,1,1,1,2,2,1,1
2239,0,0,0,0,0,0,0,0,0
2240,3,0,0,0,0,0,0,0,1
2241,3,1,1,2,0,1,1,1,1
2242,1,2,1,1,2,1,1,1,1
2243,0,1,0,1,1,1,1,0,1
2244,1,2,1,1,2,1,1,2,1
2245,1,1,1,1,2,1,1,2,1
2246,1,1,0,1,1,1,0,0,1
2247,2,1,0,0,1,2,1,2,1
2248,1,0,0,0,1,0,0,0,0
2249,1,1,1,1,0,1,1,1,1
2250,0,1,1,1,1,1,2,1,1
2251,3,1,2,1,1,0,2,1,2
2252,1,0,0,0,0,0,1,0,0
2253,0,2,1,1,2,2,2,1,1
2254,3,2,2,2,2,1,2,1,2
2255,2,1,1,1,0,1,1,1,1
2256,3,1,1,2,1,0,1,0,2
2257,1,2,1,2,2,1,2,2,2
2258,0,1,0,0,1,1,1,1,1
2259,2,1,1,1,1,0,1,1,1
2260,1,0,0,1,0,0,0,0,0
2261,0,0,0,0,0,0,0,0,0
2262,1,1,1,1,1,0,1,0,1
2263,2,1,1,1,1,0,0,1,1
2264,3,0,0,1,0,0,1,0,0
2265,3,1,2,1,1,1,1,1,1
2266,2,1,0,1,2,2,1,1,1
2267,1,1,1,2,0,1,0,1,1
2268,1,1,1,1,1,1,1,1,1
2269,1,0,1,0,1,0,0,0,0
2270,3,0,1,1,0,0,0,0,1
2271,0,0,1,0,1,0,0,1,0
2272,2,1,1,1,1,1,1,1,1
2273,1,0,0,0,0,0,0,0,0
2274,0,1,0,1,0,2,1,1,1
2275,0,2,1,1,2,2,1,2,2
2276,3,1,1,2,1,1,1,1,2
2277,0,1,0,1,1,1,1,2,1
2278,1,2,2,1,2,1,2,1,2
2279,2,1,2,2,1,1,1,1,2
2280,3,1,1,1,1,0,2,1,1
2281,0,1,1,1,1,2,2,1,1
2282,2,2,1,2,2,2,1,2,2
2283,3,2,2,2,2,1,1,1,2
2284,0,0,0,0,0,0,0,0,0
2285,1,1,1,0,1,1,0,1,1
2286,3,2,2,1,2,2,2,1,2
2287,3,0,0,1,0,0,1,1,1
2288,2,1,1,1,2,1,1,0,1
2289,3,1,1,1,1,1,1,1,1
2290,2,1,1,2,1,2,1,1,1
2291,2,1,1,1,1,2,1,1,1
2292,1,1,1,1,1,0,2,1,1
2293,0,1,1,1,1,1,1,1,0
2294,2,1,1,1,0,1,1,1,2
2295,2,1,1,1,1,1,1,1,1
2296,0,1,0,1,1,1,1,0,0
2297,1,0,0,1,0,0,0,0,0
2298,2,0,1,0,1,1,0,0,0
2299,1,0,0,0,0,0,0,1,0
2300,3,0,1,2,0,0,0,0,1
2301,1,1,1,1,1,1,1,0,1
2302,0,1,0,1,1,1,1,1,1
2303,3,0,1,1,0,0,0,0,1
2304,0,1,0,0,1,1,0,1,0
2305,0,2,1,0,2,2,2,1,1
2306,1,1,1,0,0,1,1,1,1
2307,0,1,1,0,1,1,1,1,1
2308,2,2,1,1,1,2,1,1,1
2309,2,1,1,2,1,0,1,0,2
2310,1,0,1,1,0,0,0,0,1
2311,0,0,0,0,0,0,0,0,0
2312,1,0,0,0,0,0,0,0,0
2313,1,1,1,1,1,1,0,1,1
2314,2,2,2,1,2,1,2,1,2
2315,3,1,1,1,1,1,1,1,1
2316,3,2,2,2,2,2,2,1,2
2317,3,2,2,1,2,2,1,2,2
2318,0,1,1,1,1,1,1,1,1
2319,3,1,2,2,1,1,2,0,2
2320,1,1,1,0,1,1,1,1,1
2321,3,1,1,2,1,1,1,2,1
2322,2,0,0,1,0,0,0,0,1
2323,2,1,2,0,1,1,1,0,1
2324,0,0,0,0,0,0,0,0,0
2325,0,1,0,0,1,1,1,2,0
2326,3,1,1,0,0,2,1,0,1
2327,1,2,0,2,2,2,1,1,1
2328,2,1,1,1,1,0,1,0,1
2329,3,2,1,2,2,2,2,1,1
2330,1,2,2,1,2,2,2,2,2
2331,3,1,1,1,1,0,1,1,1
2332,1,1,0,1,1,1,1,1,0
2333,0,1,0,0,1,1,1,1,0
2334,0,0,0,0,0,0,0,0,0
2335,1,1,0,0,1,0,1,1,1
2336,0,1,1,0,2,1,0,1,1
2337,3,2,1,1,1,2,2,2,2
2338,2,0,2,0,0,0,0,0,1
2339,0,0,0,0,0,0,0,0,0
2340,3,1,1,1,1,1,1,0,2
2341,3,1,1,0,1,1,1,0,1
2342,3,1,2,2,1,1,1,0,2
2343,3,2,1,2,2,1,2,2,2
2344,0,1,1,0,1,1,1,1,0
2345,2,2,2,1,2,1,1,2,1
2346,0,1,0,0,1,1,1,1,1
2347,1,0,0,0,0,0,0,0,1
2348,2,0,0,2,0,0,0,0,1
2349,1,1,1,0,1,2,1,1,1
2350,2,2,1,1,1,2,2,2,2
2351,2,0,1,1,0,0,0,0,1
2352,2,0,1,1,1,1,0,0,0
2353,3,2,2,2,1,1,1,1,2
2354,3,2,2,2,2,2,1,2,2
2355,0,2,2,1,2,2,1,1,2
2356,3,1,1,1,1,1,0,1,1
2357,3,2,2,1,2,2,2,2,2
2358,3,0,1,1,0,0,0,0,1
2359,2,1,1,2,1,2,1,1,1
2360,1,1,2,1,1,0,1,1,1
2361,1,1,0,1,1,1,1,0,1
2362,1,1,0,1,1,0,1,0,1
2363,1,0,0,0,0,0,0,1,0
2364,3,0,1,2,0,0,1,0,1
2365,2,0,1,1,0,0,0,0,1
2366,2,1,1,1,0,1,1,1,1
2367,2,2,2,2,2,2,2,2,2
2368,0,1,1,1,1,1,1,0,1
2369,3,1,1,2,1,1,1,1,2
2370,3,2,2,1,2,1,2,1,2
2371,1,1,1,0,1,1,0,0,1
2372,2,1,2,1,1,1,1,1,1
2373,0,2,1,1,2,2,2,1,1
2374,0,1,1,1,1,0,2,1,0
2375,3,1,1,1,0,1,1,0,1
2376,1,1,1,1,1,1,1,1,1
2377,3,1,2,2,1,1,1,2,2
2378,2,2,1,1,1,2,2,1,2
2379,1,2,1,2,2,1,1,2,1
2380,2,2,2,1,2,1,2,2,2
2381,1,1,1,0,1,1,1,1,0
2382,1,1,1,0,2,1,1,0,1
2383,2,1,1,1,1,1,2,1,1
2384,2,0,1,0,1,0,1,1,0
2385,1,2,2,1,2,2,2,2,1
2386,2,0,0,1,1,1,0,0,1
2387,0,1,0,0,2,1,2,1,0
2388,3,0,0,1,0,0,0,0,0
2389,0,1,1,1,1,1,0,1,1
2390,3,1,0,1,0,2,1,0,1
2391,2,1,2,0,1,0,1,1,2
2392,0,0,0,0,0,0,0,1,0
2393,0,0,0,1,0,0,0,0,0
2394,0,1,0,1,1,1,1,1,1
2395,0,1,0,0,1,1,0,0,0
2396,3,2,2,2,2,2,2,1,2
2397,3,2,1,2,2,2,1,2,2
2398,2,1,1,1,1,0,1,1,1
2399,2,0,1,1,0,0,1,0,0
2400,3,1,1,2,1,2,0,1,2
2401,1,1,1,0,1,0,1,1,0
2402,1,2,1,1,1,1,2,1,1
2403,2,1,1,1,1,1,2,1,1
2404,0,1,1,1,2,0,0,1,1
2405,0,2,1,1,1,2,2,1,1
2406,0,1,0,0,1,1,2,1,0
2407,3,1,2,1,0,1,1,1,1
2408,3,0,1,2,0,0,0,0,1
2409,1,0,1,0,0,0,0,0,0
2410,0,2,1,1,2,2,1,2,2
2411,2,1,1,1,1,1,1,1,1
2412,2,1,1,1,1,2,1,2,1
2413,1,2,1,1,2,2,2,2,2
2414,2,0,0,1,0,0,1,1,0
2415,1,2,2,2,2,1,2,2,2
2416,2,0,0,1,0,0,0,0,1
2417,2,2,1,2,2,2,1,1,2
2418,3,1,2,2,1,1,1,1,2
2419,0,2,0,0,2,2,2,1,1
2420,0,0,0,0,0,0,0,0,0
2421,0,0,0,0,0,0,0,0,0
2422,1,0,1,0,0,1,0,0,0
2423,0,1,0,1,1,1,1,0,1
2424,3,2,2,2,2,2,2,2,2
2425,0,0,0,0,0,1,0,0,0
2426,0,0,0,0,0,0,0,0,0
2427,3,1,2,1,1,1,1,2,1
2428,0,1,0,0,1,1,1,0,1
2429,2,0,1,0,0,1,0,0,0
2430,0,1,1,0,1,1,0,1,0
2431,3,2,2,2,1,1,2,1,2
2432,3,1,2,1,1,1,1,1,1
2433,2,2,1,1,2,1,2,2,1
2434,3,2,2,2,2,2,2,2,2
2435,2,1,1,1,1,1,1,2,1
2436,0,2,1,1,2,1,1,1,1
2437,3,0,1,1,1,0,0,0,1
2438,0,1,1,1,1,1,1,1,0
2439,3,2,2,2,1,2,2,1,2
2440,2,1,1,1,1,1,1,1,1
2441,1,1,1,1,1,1,1,2,1
2442,1,1,1,1,1,1,1,1,1
2443,3,0,1,1,0,0,1,0,0
2444,0,1,1,0,1,0,2,0,1
2445,3,1,1,1,1,1,1,0,2
2446,0,2,1,0,1,2,2,2,1
2447,3,1,2,2,1,1,1,2,2
2448,1,0,1,0,0,0,0,0,1
2449,3,2,2,2,2,2,2,2,2
2450,1,1,0,1,1,1,0,1,1
2451,3,2,1,2,2,2,2,1,2
2452,3,2,2,2,1,2,1,1,2
2453,2,1,1,2,0,1,1,1,1
2454,2,2,2,2,2,1,2,2,2
2455,3,0,0,1,0,0,1,0,1
2456,3,2,2,2,2,2,2,2,2
2457,3,2,2,2,2,1,2,1,2
2458,3,1,2,2,1,1,1,0,1
2459,3,0,1,0,0,0,1,0,0
2460,3,1,1,0,1,1,1,0,1
2461,3,1,2,1,1,2,1,1,2
2462,1,1,0,2,1,1,1,1,1
2463,1,2,1,2,2,1,1,2,2
2464,2,1,1,0,1,0,1,1,1
2465,2,2,2,1,2,2,1,2,2
2466,2,1,0,1,1,1,0,0,1
2467,0,0,0,0,0,0,0,1,0
2468,0,1,1,1,2,1,1,0,1
2469,1,1,1,1,0,1,2,0,1
2470,3,1,1,1,0,1,0,1,1
2471,1,0,0,1,0,0,0,0,0
2472,0,0,0,0,0,0,1,0,0
2473,2,2,1,1,2,1,2,2,1
2474,2,1,1,1,1,0,1,1,1
2475,2,1,1,1,1,1,1,1,1
2476,2,1,1,1,1,0,1,0,1
2477,2,0,0,0,0,0,0,0,0
2478,3,0,1,2,0,1,0,0,1
2479,2,2,2,2,2,1,2,1,2
2480,2,1,0,1,1,0,1,2,1
2481,3,0,1,1,0,0,0,0,2
2482,2,2,2,2,2,1,2,2,2
2483,1,1,1,1,0,1,1,1,1
2484,3,0,1,1,0,0,0,0,0
2485,3,1,1,0,1,0,0,1,1
2486,2,1,0,2,1,1,1,1,1
2487,1,0,1,0,0,0,1,0,0
2488,2,1,1,0,1,1,1,2,1
2489,3,1,0,1,1,1,1,1,1
2490,3,1,1,0,1,1,1,0,1
2491,2,0,0,2,0,0,0,0,1
2492,0,1,1,0,1,1,1,0,0
2493,2,1,1,1,2,1,1,1,1
2494,2,0,1,1,0,0,0,0,0
2495,2,1,0,0,0,1,1,0,1
2496,0,1,0,0,1,1,1,2,0
2497,3,1,1,1,1,1,0,2,1
2498,0,2,1,1,2,2,2,1,1
2499,3,1,2,1,1,2,1,1,2
2500,0,2,1,1,2,2,2,1,2
2501,3,0,2,0,0,0,1,1,1
2502,3,1,2,2,1,1,0,1,2
2503,2,0,1,1,0,0,0,0,1
2504,1,0,1,1,0,0,0,1,1
2505,1,1,0,1,0,1,0,1,1
2506,2,2,1,1,2,2,1,2,1
2507,0,1,0,0,1,1,0,1,0
2508,3,1,1,1,1,1,1,1,0
2509,2,2,2,2,1,1,2,2,2
2510,2,0,1,0,0,0,0,0,1
2511,0,1,1,1,1,0,0,1,1
2512,3,1,1,2,1,1,1,1,1
2513,2,2,1,1,2,2,2,1,1
2514,1,1,1,1,0,1,1,1,1
2515,0,0,1,0,0,0,0,0,0
2516,2,2,2,2,2,2,2,2,1
2517,3,2,2,1,2,1,1,2,2
2518,3,1,2,1,0,1,1,1,1
2519,0,1,0,0,1,1,2,1,1
2520,0,1,0,0,1,0,1,1,1
2521,0,1,0,0,1,1,1,1,1
2522,1,2,1,1,2,1,2,1,1
2523,0,2,1,0,2,2,1,1,1
2524,0,0,0,0,0,1,0,1,0
2525,1,1,2,0,1,0,2,0,1
2526,2,2,2,1,2,2,2,2,2
2527,0,0,0,0,0,0,0,0,0
2528,1,1,1,2,2,1,2,0,1
2529,2,0,1,0,0,0,0,0,0
2530,3,0,0,1,0,0,0,1,0
2531,2,1,1,1,1,1,0,1,1
2532,1,1,1,0,1,1,0,1,0
2533,0,1,2,1,1,1,1,1,2
2534,0,1,0,0,1,1,0,0,0
2535,1,2,2,1,2,1,2,2,2
2536,3,1,2,1,1,1,0,1,2
2537,3,1,2,1,1,1,1,1,2
2538,1,1,1,1,1,1,1,2,0
2539,2,1,0,0,1,1,1,1,1
2540,0,1,1,1,1,1,0,1,1
2541,1,1,0,1,1,1,1,0,0
2542,1,2,2,2,1,2,1,1,2
2543,3,1,1,2,1,1,1,2,2
2544,1,2,2,1,2,2,1,2,1
2545,1,2,1,1,2,1,2,2,2
2546,0,0,0,0,0,1,0,1,0
2547,1,1,1,0,1,1,0,2,1
2548,0,0,0,0,0,0,0,0,0
2549,1,2,1,1,2,1,2,2,1
2550,1,1,0,0,1,1,0,1,1
2551,1,0,0,0,1,0,0,1,0
2552,1,2,1,1,2,2,1,2,1
2553,0,0,1,0,0,0,0,1,0
2554,1,0,0,1,0,0,0,0,1
2555,2,1,1,1,1,0,1,0,1
2556,1,1,0,1,1,1,0,1,1
2557,0,1,2,1,1,1,0,1,1
2558,1,1,2,1,0,1,1,1,1
2559,0,0,0,1,0,0,1,0,0
2560,1,1,0,1,1,1,0,1,1
2561,3,1,0,2,1,2,1,1,1
2562,1,2,2,1,2,2,2,2,1
2563,2,1,2,1,1,1,2,1,1
2564,2,1,1,2,1,1,2,1,1
2565,3,1,1,1,2,1,1,1,2
2566,3,1,2,2,1,1,1,1,2
2567,3,2,2,2,2,1,2,2,2
2568,0,1,0,1,1,1,1,0,0
2569,0,1,0,0,0,1,1,1,1
2570,0,0,0,0,0,0,0,0,0
2571,0,0,0,0,0,1,1,0,0
2572,0,0,0,0,0,1,1,0,0
2573,0,1,0,0,1,1,1,1,1
2574,1,2,2,2,2,2,2,1,2
2575,2,2,2,1,2,2,2,2,2
2576,1,1,1,1,0,0,1,1,1
2577,0,1,0,1,1,1,1,1,0
2578,2,2,1,2,2,2,1,2,1
2579,2,2,2,2,2,1,2,1,2
2580,2,1,1,1,1,0,1,0,1
2581,3,0,0,1,0,0,0,1,0
2582,3,1,1,1,2,1,0,1,1
2583,1,0,0,0,0,1,0,1,0
2584,2,2,1,1,2,2,1,2,2
2585,0,2,1,0,2,2,2,1,1
2586,2,0,1,0,0,0,0,0,1
2587,2,1,1,1,1,1,1,2,1
2588,3,2,2,2,2,1,1,2,2
2589,1,1,1,1,1,1,0,1,1
2590,2,2,1,1,2,2,1,1,1
2591,0,2,2,1,2,2,2,2,1
2592,1,1,1,0,1,1,1,1,0
2593,3,1,1,1,1,1,1,2,1
2594,1,0,0,1,0,0,0,0,1
2595,1,1,1,0,0,1,0,1,1
2596,0,0,0,0,0,0,0,1,0
2597,0,2,1,1,2,2,2,1,1
2598,3,1,1,1,0,0,1,0,1
2599,0,2,1,1,2,2,2,1,1
2600,3,1,1,2,1,1,1,1,1
2601,0,1,1,0,1,1,1,1,0
2602,1,2,1,2,1,2,2,1,1
2603,0,0,0,1,0,0,0,1,0
2604,3,1,2,2,0,1,1,1,2
2605,3,1,1,1,2,0,1,1,1
2606,3,2,2,2,2,1,1,1,2
2607,3,2,2,2,1,2,2,1,2
2608,1,0,1,0,0,0,0,0,0
2609,0,2,2,1,2,2,2,1,1
2610,3,1,2,1,1,1,0,0,2
2611,1,0,0,0,0,0,0,0,0
2612,3,1,1,1,1,1,1,1,1
2613,3,2,2,1,2,2,2,2,1
2614,1,1,1,1,1,0,1,1,1
2615,0,1,1,0,0,1,1,1,0
2616,1,1,0,1,2,1,0,0,1
2617,3,1,2,1,1,1,1,1,1
2618,0,1,1,1,2,2,1,1,1
2619,2,2,2,2,1,2,1,2,2
2620,0,2,1,0,2,2,2,1,1
2621,3,0,0,1,0,0,0,0,1
2622,1,1,1,1,0,1,1,1,1
2623,3,1,1,1,1,0,1,0,2
2624,0,1,1,0,1,1,1,1,0
2625,0,2,0,1,1,2,2,1,1
2626,0,1,1,0,1,2,1,1,1
2627,1,2,2,2,2,2,2,2,2
2628,2,2,0,1,2,1,2,2,1
2629,1,2,1,2,2,2,2,2,2
2630,3,1,2,1,1,1,1,1,2
2631,2,1,1,0,1,1,1,1,1
2632,2,1,2,1,2,1,1,1,2
2633,2,1,1,2,1,2,1,0,1
2634,3,1,1,2,1,1,1,1,2
2635,1,0,0,0,0,0,1,0,0
2636,3,2,2,2,2,2,2,2,2
2637,0,1,0,1,1,1,1,1,0
2638,2,2,2,1,2,2,2,2,2
2639,1,1,1,1,1,1,1,0,1
2640,2,0,1,0,0,0,0,0,1
2641,3,2,2,2,1,2,2,1,2
2642,1,0,0,0,0,0,0,1,0
2643,1,0,0,1,0,0,0,0,1
2644,1,2,1,1,1,2,1,2,1
2645,1,1,1,1,1,1,1,0,1
2646,1,1,1,0,1,1,1,1,0
2647,3,2,2,1,2,1,2,2,2
2648,0,1,1,0,1,1,1,1,1
2649,3,1,1,2,1,2,0,1,2
2650,1,1,1,0,1,0,1,0,1
2651,2,1,1,1,0,0,0,1,1
2652,2,1,2,1,1,0,1,1,2
2653,1,0,0,0,0,0,0,1,0
2654,2,1,1,0,1,1,1,1,1
2655,1,0,0,0,0,0,1,1,0
2656,2,0,1,1,0,0,0,0,0
2657,2,2,2,1,2,2,2,1,2
2658,1,1,1,0,2,1,1,1,1
2659,0,0,0,1,1,0,0,0,0
2660,0,1,1,0,1,1,1,1,1
2661,2,1,1,0,1,1,1,1,1
2662,0,0,0,0,1,0,0,0,0
2663,1,2,2,1,2,2,0,2,2
2664,1,0,1,1,0,0,1,0,0
2665,0,0,0,1,0,0,0,0,0
2666,2,1,2,1,0,1,0,1,1
2667,3,0,1,0,0,0,0,0,1
2668,1,0,0,0,0,0,1,0,0
2669,0,1,0,1,1,1,1,1,1
2670,2,0,1,0,0,0,0,0,1
2671,1,1,1,1,1,1,1,0,1
2672,0,0,0,0,0,0,0,0,0
2673,1,2,2,1,1,2,1,2,2
2674,1,0,1,0,0,0,1,0,0
2675,1,1,0,1,1,1,1,1,1
2676,0,1,1,0,1,1,1,1,0
2677,3,1,2,2,1,0,1,0,2
2678,2,2,1,2,2,2,1,1,2
2679,1,1,0,1,1,0,1,0,1
2680,3,1,1,1,1,1,2,1,1
2681,2,1,1,1,1,1,1,1,1
2682,3,1,2,1,1,1,1,1,2
2683,1,1,1,1,1,0,0,2,1
2684,3,0,2,1,0,0,0,0,1
2685,1,1,0,1,1,1,1,1,1
2686,0,0,0,0,0,0,0,2,0
2687,1,1,1,2,1,1,1,2,1
2688,3,2,2,2,2,2,2,1,2
2689,2,1,1,2,2,1,2,1,2
2690,2,2,2,2,2,2,2,1,2
2691,3,2,2,2,2,1,2,2,2
2692,0,0,0,0,1,0,0,0,0
2693,1,0,0,1,0,0,0,0,0
2694,0,2,1,0,2,0,2,2,1
2695,0,0,0,0,0,0,0,0,0
2696,0,2,2,1,2,2,1,1,1
2697,2,0,0,2,1,0,1,1,0
2698,2,0,0,1,0,1,0,0,0
2699,3,1,1,1,1,0,1,2,1
2700,2,1,1,2,1,1,1,1,1
2701,2,2,1,2,2,2,2,1,2
2702,3,0,1,0,0,0,0,0,0
2703,1,0,0,0,0,0,0,0,0
2704,2,2,2,2,2,2,2,2,2
2705,3,1,1,1,1,1,2,0,1
2706,2,1,1,1,1,1,1,1,1
2707,3,1,1,1,1,1,2,2,0
2708,0,2,1,1,2,2,1,2,1
2709,3,2,2,2,2,1,2,1,2
2710,2,1,2,1,1,1,1,0,1
2711,3,1,2,1,1,0,1,0,1
2712,0,0,0,0,0,0,1,0,0
2713,1,0,0,0,0,0,0,1,0
2714,2,1,1,1,2,2,1,1,1
2715,0,1,1,1,1,1,1,1,0
2716,0,1,0,0,1,1,1,1,1
2717,3,1,2,2,1,1,1,0,1
2718,0,1,0,1,1,1,0,1,1
2719,0,1,0,0,1,1,1,1,1
2720,3,2,2,2,2,2,2,2,2
2721,0,1,1,1,1,1,1,0,0
2722,3,1,1,2,1,0,1,0,2
2723,2,0,1,1,0,0,0,0,1
2724,2,0,1,0,0,0,0,0,1
2725,1,0,0,0,0,0,0,1,0
2726,0,1,1,1,1,1,1,1,0
2727,0,1,0,0,1,0,1,1,1
2728,1,1,0,1,0,0,1,1,1
2729,0,0,0,0,0,1,0,0,0
2730,1,1,1,1,1,1,1,1,1
2731,3,0,1,1,0,0,0,0,1
2732,0,1,1,1,1,1,1,0,0
2733,0,2,1,1,2,1,2,1,1
2734,0,1,0,0,2,1,0,1,1
2735,0,1,0,1,1,1,1,2,0
2736,0,0,0,0,0,1,0,0,0
2737,1,1,0,1,1,1,0,1,1
2738,3,2,2,2,2,2,1,1,2
2739,3,1,1,1,1,1,0,2,1
2740,0,2,1,1,2,1,1,1,1
2741,0,2,1,0,2,1,2,1,0
2742,1,2,1,1,2,2,1,2,1
2743,0,1,0,0,1,1,1,0,0
2744,0,1,0,1,1,1,1,0,1
2745,0,0,0,0,0,1,0,0,0
2746,2,2,2,2,1,2,1,2,2
2747,0,0,1,0,0,0,0,0,0
2748,2,2,2,2,2,1,2,1,2
2749,2,2,1,1,2,1,2,2,2
2750,3,1,2,1,1,0,1,1,1
2751,1,2,2,0,2,2,1,1,2
2752,0,1,0,0,1,1,1,1,1
2753,3,2,2,2,1,1,1,2,2
2754,0,1,1,0,1,1,0,1,0
2755,2,0,0,0,1,0,0,0,0
2756,2,1,1,1,1,1,1,1,1
2757,3,0,1,2,0,0,0,0,1
2758,2,1,1,1,0,0,1,1,1
2759,1,2,1,1,2,2,2,1,1
2760,3,2,2,1,2,2,2,2,2
2761,0,1,1,1,1,1,1,1,1
2762,0,1,1,1,1,1,1,2,1
2763,2,1,1,0,1,1,1,1,0
2764,1,1,1,1,1,0,1,1,1
2765,1,1,0,1,0,1,1,1,1
2766,1,2,1,2,2,1,2,2,1
2767,0,1,1,0,1,0,1,1,0
2768,2,2,2,2,2,2,2,1,2
2769,1,1,2,2,0,1,1,0,1
2770,1,2,1,2,1,1,2,2,2
2771,2,1,1,0,1,1,1,1,1
2772,2,1,1,1,1,1,2,1,0
2773,3,1,1,2,1,1,1,1,2
2774,0,1,0,0,1,1,1,1,0
2775,1,2,1,1,1,2,2,2,1
2776,0,1,0,0,0,1,2,1,0
2777,0,1,1,0,1,2,1,2,0
2778,1,2,1,1,2,2,2,1,1
2779,1,1,0,0,1,1,1,0,1
2780,0,1,0,0,1,2,1,1,0
2781,0,0,0,1,0,0,0,0,0
2782,1,2,2,1,2,2,2,2,1
2783,3,1,1,1,1,1,1,0,1
2784,2,1,1,1,1,1,1,1,1
2785,3,1,1,0,0,1,0,0,1
2786,0,2,1,1,2,2,2,2,1
2787,1,0,1,0,0,0,0,0,1
2788,1,1,1,1,0,0,1,1,1
2789,3,1,2,2,1,0,1,1,2
2790,2,2,2,1,2,2,1,2,2
2791,2,1,1,2,1,1,1,2,1
2792,2,0,0,0,0,0,0,0,0
2793,2,2,2,2,2,1,1,2,2
2794,0,1,1,0,2,1,1,1,0
2795,2,0,1,1,0,0,0,0,1
2796,3,1,1,1,1,1,1,1,1
2797,3,2,2,1,2,1,1,2,2
2798,2,1,0,1,1,0,2,1,1
2799,0,1,0,0,1,1,1,0,0
2800,1,1,1,2,2,2,2,1,1
2801,3,1,1,1,1,0,1,0,1
2802,1,1,1,0,1,1,1,2,1
2803,0,1,1,1,1,1,1,1,1
2804,2,0,0,0,0,0,0,1,1
2805,0,1,1,0,0,1,1,1,1
2806,3,1,1,2,1,1,1,1,2
2807,3,1,1,1,1,1,0,1,0
2808,0,1,1,0,1,1,1,1,0
2809,2,1,1,1,1,2,0,1,1
2810,3,1,1,1,1,0,1,0,1
2811,1,1,1,1,2,2,0,1,1
2812,1,1,1,1,1,1,1,1,1
2813,3,1,1,1,0,1,1,1,1
2814,3,2,2,2,1,2,2,1,2
2815,0,0,0,0,0,0,0,1,0
2816,3,2,2,1,1,1,1,1,2
2817,3,2,2,2,2,2,1,1,2
2818,1,2,1,1,2,2,1,2,1
2819,2,1,2,1,1,0,2,1,1
2820,1,0,1,0,0,1,0,0,1
2821,3,2,2,2,2,2,2,1,2
2822,1,1,1,1,1,1,1,1,1
2823,3,0,1,0,0,0,0,0,1
2824,3,0,1,1,0,0,0,1,1
2825,2,1,1,1,1,1,1,1,1
2826,0,1,1,1,1,1,0,0,1
2827,1,1,0,1,1,0,2,1,1
2828,2,1,1,1,1,0,0,0,1
2829,2,2,2,1,2,2,1,2,2
2830,2,1,1,1,1,1,1,1,1
2831,3,0,2,1,0,0,0,0,1
2832,2,1,1,2,1,1,0,1,1
2833,3,0,1,1,0,0,0,0,1
2834,0,1,1,1,0,1,1,0,1
2835,0,1,1,0,2,2,0,1,0
2836,2,1,0,1,2,1,1,1,1
2837,2,2,1,2,2,2,2,1,2
2838,1,2,1,1,2,2,2,1,2
2839,0,1,0,0,1,1,0,0,0
2840,1,1,1,1,1,0,1,1,1
2841,0,2,1,0,2,2,2,1,1
2842,3,2,2,1,2,2,2,2,2
2843,2,2,1,2,1,2,2,1,2
2844,0,1,1,1,1,0,1,1,1
2845,2,2,2,2,1,2,1,2,2
2846,2,0,1,0,0,0,1,0,0
2847,0,1,0,1,1,1,1,1,1
2848,0,1,1,0,2,1,0,2,0
2849,2,0,1,1,0,0,0,0,1
2850,3,2,1,2,2,1,2,1,2
2851,0,1,0,0,1,1,1,1,0
2852,2,1,1,2,1,1,1,1,1
2853,0,1,1,1,1,1,1,1,1
2854,1,1,1,1,1,1,1,2,1
2855,2,1,1,1,1,1,1,1,1
2856,0,1,1,0,1,2,1,1,1
2857,1,1,1,0,0,0,1,1,1
2858,2,1,1,1,0,1,0,1,1
2859,0,0,0,0,0,0,0,0,0
2860,3,0,1,2,0,0,0,0,1
2861,2,0,0,1,0,0,0,0,0
2862,0,1,1,0,1,1,0,1,1
2863,1,1,0,0,1,2,0,0,1
2864,2,1,1,1,1,2,1,2,1
2865,0,1,1,0,1,1,0,1,1
2866,0,2,2,1,1,1,1,1,2
2867,0,1,0,1,1,2,1,0,1
2868,0,1,2,1,0,1,0,0,1
2869,3,1,1,2,1,1,1,0,2
2870,3,2,2,2,2,2,2,1,2
2871,2,1,1,1,1,1,1,1,1
2872,0,1,0,1,1,0,1,1,1
2873,3,1,1,2,1,0,1,1,2
2874,2,0,1,0,0,0,0,0,1
2875,2,1,1,1,2,1,1,1,1
2876,0,0,1,0,1,0,0,1,0
2877,1,2,1,1,2,2,2,2,2
2878,2,1,1,0,1,1,1,0,1
2879,0,2,1,0,2,1,2,1,1
2880,2,0,0,1,0,0,1,1,0
2881,2,1,1,1,1,0,1,0,1
2882,0,1,1,1,1,1,1,1,1
2883,0,1,1,0,1,1,1,1,1
2884,3,0,1,1,0,0,0,0,1
2885,0,0,0,0,0,0,0,0,0
2886,0,2,1,2,1,2,2,1,1
2887,3,0,1,0,0,0,0,0,1
2888,1,0,0,0,0,0,0,0,0
2889,1,1,1,0,1,0,1,1,1
2890,0,0,1,0,0,0,0,0,0
2891,1,1,1,1,1,1,0,1,1
2892,3,2,2,2,2,2,2,2,2
2893,0,1,0,0,1,0,1,0,0
2894,1,0,0,0,0,0,0,0,0
2895,1,0,0,0,0,0,0,1,1
2896,1,1,1,1,0,1,1,1,1
2897,0,2,1,1,2,2,2,2,1
2898,0,1,1,0,1,1,2,1,1
2899,3,1,1,1,1,1,1,1,1
2900,3,2,1,2,2,2,1,1,2
2901,1,0,0,1,0,1,0,1,0
2902,0,1,0,0,1,1,2,2,0
2903,1,2,0,1,2,2,1,2,1
2904,1,1,0,2,1,1,0,1,1
2905,3,1,2,1,1,1,0,1,1
2906,2,0,0,0,0,0,1,0,1
2907,0,1,1,0,1,2,2,1,0
2908,1,0,0,1,0,0,0,0,0
2909,0,1,0,0,1,0,2,1,0
2910,2,1,1,1,1,1,0,0,1
2911,1,0,0,0,0,0,1,0,0
2912,1,0,1,0,0,0,1,1,0
2913,3,1,1,0,1,1,1,2,0
2914,3,0,2,1,0,0,1,1,1
2915,2,1,2,2,1,0,1,1,1
2916,0,2,1,1,1,1,2,0,2
2917,3,0,1,1,0,0,0,0,1
2918,0,1,0,1,1,1,1,1,1
2919,0,0,0,0,0,0,0,1,0
2920,0,2,1,1,2,2,2,2,1
2921,1,2,2,1,2,2,2,1,1
2922,2,0,1,1,0,0,0,0,1
2923,1,0,0,0,0,0,0,1,0
2924,2,1,1,2,1,1,1,1,1
2925,3,0,0,1,0,0,1,0,1
2926,3,1,2,1,1,1,0,1,1
2927,1,2,1,2,2,2,2,1,2
2928,3,1,2,2,1,1,1,1,2
2929,2,1,1,1,2,2,1,1,1
2930,1,0,0,0,0,1,0,0,0
2931,0,0,0,0,0,0,0,0,0
2932,3,0,1,1,0,0,0,1,0
2933,0,1,1,1,1,1,1,1,0
2934,1,1,1,1,1,1,0,1,1
2935,3,1,1,1,1,1,1,1,1
2936,1,2,1,1,2,2,2,2,1
2937,2,0,1,1,0,1,1,0,1
2938,0,0,1,0,0,1,0,0,0
2939,2,0,0,0,0,0,0,1,0
2940,3,1,0,2,1,1,1,1,1
2941,0,0,0,1,1,0,1,1,0
2942,1,2,2,1,1,2,2,2,1
2943,3,0,1,1,0,0,0,0,0
2944,2,2,2,2,1,1,2,1,2
2945,2,0,1,1,0,1,0,0,1
2946,2,0,1,1,0,0,0,0,1
2947,0,1,1,0,1,0,1,0,0
2948,3,2,2,1,2,1,1,1,2
2949,1,2,2,0,2,2,1,2,1
2950,1,1,1,0,1,1,1,0,1
2951,2,1,1,1,1,1,1,0,1
2952,2,2,2,2,2,2,1,2,2
2953,0,1,0,0,1,2,1,1,0
2954,3,0,1,1,0,0,0,0,1
2955,1,1,1,1,1,1,0,0,1
2956,0,0,0,0,0,0,1,1,0
2957,3,2,2,2,2,2,2,1,2
2958,3,0,0,1,0,0,0,1,1
2959,3,1,2,1,1,1,1,1,1
2960,2,1,1,1,1,1,1,0,1
2961,2,1,0,1,1,1,1,0,1
2962,0,2,1,1,2,2,2,2,1
2963,2,2,1,1,2,2,1,1,2
2964,3,2,1,2,2,2,2,1,2
2965,1,1,0,1,0,1,1,1,1
2966,1,1,2,0,1,1,1,1,2
2967,1,0,0,1,0,0,0,2,0
2968,1,0,1,0,0,0,0,1,0
2969,0,0,0,0,0,0,0,0,1
2970,3,0,2,1,0,1,0,0,1
2971,2,0,1,2,0,0,0,0,0
2972,3,1,1,1,1,1,1,1,1
2973,0,0,0,0,0,0,0,0,0
2974,0,1,1,1,1,1,1,0,1
2975,0,1,1,0,1,1,1,1,1
2976,0,1,1,0,1,1,0,1,1
2977,2,1,1,1,1,1,0,0,1
2978,2,1,0,1,1,2,1,0,1
2979,2,0,1,0,0,0,0,0,1
2980,2,1,1,1,0,0,2,2,1
2981,0,0,0,0,1,0,1,1,0
2982,1,1,1,0,0,1,1,1,1
2983,0,0,0,0,0,0,1,0,0
2984,2,0,0,1,0,0,0,0,1
2985,1,2,1,1,1,1,1,2,1
2986,3,2,2,2,2,1,2,1,2
2987,1,2,1,1,2,2,2,1,2
2988,3,1,1,2,1,1,0,1,1
2989,2,2,2,2,2,2,2,1,2
2990,2,1,1,1,1,1,1,2,1
2991,1,1,0,1,0,2,0,1,1
2992,3,1,1,2,0,1,2,0,2
2993,2,0,1,1,1,1,0,0,0
2994,3,2,2,2,2,2,2,2,2
2995,2,2,2,1,2,2,1,2,1
2996,3,2,2,1,1,2,2,1,2
2997,3,2,1,1,2,2,2,2,1
2998,0,2,0,1,2,2,2,2,1
2999,0,2,1,1,2,1,2,2,1
3000,2,1,1,1,1,0,1,1,2
3001,2,0,1,1,0,0,0,0,1
3002,2,1,2,2,1,0,1,1,2
3003,2,2,1,1,2,2,1,2,2
3004,3,2,2,2,1,2,1,2,2
3005,1,1,0,1,1,0,1,1,0
3006,2,1,1,1,1,1,1,0,1
3007,3,2,2,2,2,1,2,2,2
3008,2,2,2,1,2,2,2,2,2
3009,2,0,1,1,0,0,0,1,1
3010,2,2,1,2,2,2,2,1,1
3011,1,0,1,0,0,0,0,0,0
3012,0,0,0,0,0,0,0,0,0
3013,2,0,1,0,0,0,0,0,1
3014,0,0,0,0,0,0,0,0,0
3015,1,1,1,0,1,1,1,2,1
3016,0,1,0,0,1,1,0,1,0
3017,1,2,2,2,2,1,1,1,2
3018,0,1,0,1,1,1,1,1,1
3019,3,0,1,0,0,0,0,0,0
3020,1,1,2,1,1,1,1,0,1
3021,3,0,1,2,0,1,0,0,1
3022,0,2,1,1,2,1,2,2,1
3023,1,1,1,1,1,1,1,1,0
3024,2,1,0,1,1,1,0,1,1
3025,1,2,2,2,2,2,2,1,2
3026,2,1,0,1,1,1,1,1,2
3027,1,1,1,1,1,1,1,1,1
3028,1,1,2,1,0,2,2,1,2
3029,0,2,1,1,2,2,2,1,1
3030,0,0,0,0,0,0,0,0,0
3031,3,1,1,2,1,0,1,1,1
3032,2,1,1,2,1,1,1,1,1
3033,3,0,0,0,0,0,0,0,1
3034,0,2,1,1,1,2,2,1,1
3035,2,2,2,1,2,1,1,0,2
3036,0,0,0,0,0,0,1,0,0
3037,3,1,2,1,1,1,0,1,2
3038,3,2,2,1,2,2,1,2,2
3039,0,1,1,1,0,1,1,1,1
3040,3,1,1,1,1,1,0,1,1
3041,0,0,0,0,1,1,0,1,0
3042,0,2,1,1,2,1,2,1,1
3043,2,1,0,1,1,0,1,0,1
3044,2,1,1,2,1,1,1,1,1
3045,0,1,1,1,1,0,1,1,1
3046,0,2,1,0,2,2,2,2,2
3047,3,1,2,2,2,1,1,0,2
3048,2,0,1,0,0,1,0,0,1
3049,2,1,2,1,1,1,1,1,2
3050,2,2,2,2,1,1,2,2,2
3051,1,1,0,0,1,1,0,0,0
3052,2,0,1,0,0,0,1,0,0
3053,2,1,0,2,1,1,1,1,1
3054,3,1,2,1,2,1,1,1,2
3055,0,1,1,1,1,2,1,1,1
3056,2,0,0,0,0,1,0,0,0
3057,3,1,1,2,0,1,0,0,1
3058,0,1,0,0,1,1,1,0,0
3059,0,0,0,0,1,1,0,0,0
3060,3,0,0,1,0,0,0,1,1
3061,3,0,1,0,0,0,0,0,1
3062,1,1,1,0,2,1,1,2,1
3063,3,0,0,1,0,1,0,1,1
3064,2,0,0,0,1,0,0,0,1
3065,0,1,0,0,1,2,0,1,0
3066,1,1,0,1,0,0,1,1,1
3067,1,1,2,1,1,2,1,1,1
3068,3,1,1,1,1,1,0,0,1
3069,2,0,1,0,0,0,0,0,1
3070,0,2,1,2,2,1,2,1,1
3071,1,2,0,1,2,2,1,2,1
3072,1,1,1,1,1,2,1,0,1
3073,3,2,1,2,2,2,2,2,2
3074,1,2,2,0,2,1,2,1,2
3075,3,2,2,1,2,2,2,2,2
3076,2,1,2,1,0,0,1,1,1
3077,1,1,1,0,1,1,1,1,1
3078,3,2,2,2,2,1,1,1,2
3079,2,1,2,1,1,1,1,1,1
3080,1,2,2,1,2,2,2,1,2
3081,0,1,1,1,1,0,1,0,0
3082,1,2,1,0,2,2,1,1,1
3083,0,1,0,0,1,1,2,1,1
3084,2,2,1,1,1,1,2,1,2
3085,0,0,0,0,0,0,0,0,1
3086,0,1,0,1,1,2,1,1,1
3087,2,0,0,0,0,1,0,0,0
3088,2,1,1,1,1,1,1,1,1
3089,3,1,1,2,1,1,2,1,1
3090,1,2,1,1,1,2,1,2,1
3091,1,0,0,0,1,1,0,0,0
3092,2,2,2,1,2,2,1,2,2
3093,3,2,2,1,2,2,2,1,2
3094,2,1,1,2,1,2,1,1,2
3095,3,0,1,2,0,0,0,1,1
3096,2,2,1,2,2,2,2,1,2
3097,0,1,1,0,0,1,0,1,1
3098,1,1,0,0,2,1,2,1,1
3099,0,1,1,0,1,1,1,1,0
3100,0,1,0,0,1,1,1,1,1
3101,1,0,0,0,0,0,1,1,0
3102,0,1,1,0,1,0,1,2,1
3103,3,0,2,1,1,0,0,1,1
3104,2,0,0,0,0,0,0,1,1
3105,1,2,2,2,1,1,2,2,1
3106,0,1,0,0,1,1,1,0,1
3107,0,2,1,0,2,2,2,2,1
3108,0,2,1,1,2,2,1,1,2
3109,3,0,1,1,0,0,0,1,1
3110,1,1,1,0,1,1,2,1,1
3111,2,2,2,1,2,2,2,1,2
3112,1,0,1,0,1,0,0,0,0
3113,3,1,1,1,1,1,1,0,1
3114,2,2,2,2,2,2,2,1,1
3115,2,1,1,2,1,1,1,1,1
3116,1,1,1,1,1,1,2,0,1
3117,2,1,1,1,1,1,1,1,1
3118,1,2,1,1,2,2,2,1,2
3119,3,1,2,2,2,1,1,1,1
3120,2,1,1,1,1,1,0,1,1
3121,2,2,1,1,2,1,2,1,2
3122,2,2,1,2,1,1,2,1,2
3123,2,1,1,1,1,1,1,2,1
3124,0,0,0,0,0,0,0,0,0
3125,3,1,1,1,1,1,1,1,1
3126,2,1,1,2,1,0,1,1,1
3127,0,1,0,0,0,0,2,1,1
3128,3,1,2,1,2,1,1,1,1
3129,1,2,1,1,1,2,2,1,2
3130,3,1,1,1,1,1,1,2,2
3131,1,1,1,0,1,1,1,1,1
3132,3,2,2,2,2,2,1,2,2
3133,2,1,1,2,1,1,0,2,1
3134,1,2,2,2,2,1,1,2,2
3135,1,1,0,0,1,1,1,1,1
3136,3,0,1,1,0,0,0,1,1
3137,2,2,1,1,2,2,1,2,1
3138,0,1,1,1,1,1,1,1,1
3139,2,0,0,0,0,0,0,0,0
3140,1,2,1,1,2,2,2,2,1
3141,2,1,1,1,1,1,1,1,1
3142,0,0,0,0,0,0,0,1,0
3143,3,1,1,2,1,1,1,1,1
3144,2,2,1,2,1,2,2,2,1
3145,3,1,1,2,1,2,1,1,2
3146,2,2,2,2,2,1,2,1,1
3147,1,1,0,0,1,1,1,1,1
3148,2,2,2,1,2,1,2,2,2
3149,1,2,1,1,2,2,2,2,1
3150,0,1,0,1,1,1,1,0,1
3151,3,1,1,2,1,2,0,1,2
3152,3,2,1,2,2,2,1,1,2
3153,3,1,1,2,1,1,1,1,1
3154,1,1,1,1,2,1,1,0,1
3155,0,1,1,0,0,0,1,1,1
3156,2,2,1,2,1,2,1,1,2
3157,0,2,2,1,2,2,1,1,1
3158,3,0,1,1,0,0,0,0,1
3159,2,2,2,1,2,1,2,1,1
3160,3,1,1,1,0,2,1,1,1
3161,3,1,2,2,1,1,2,0,2
3162,2,0,1,2,0,1,1,1,1
3163,1,1,1,0,1,1,1,1,0
3164,2,1,1,1,1,1,1,1,1
3165,3,1,2,1,1,0,1,1,1
3166,0,1,1,0,1,2,1,0,1
3167,1,2,1,0,2,2,2,2,1
3168,1,0,0,1,0,0,0,0,0
3169,2,1,1,1,1,1,1,1,1
3170,3,1,2,1,1,1,1,1,2
3171,1,2,1,1,2,2,1,2,1
3172,2,2,1,2,1,2,2,2,2
3173,1,1,1,1,1,0,1,1,1
3174,2,0,1,0,0,1,0,0,1
3175,3,0,1,1,0,0,1,0,1
3176,2,0,0,0,0,0,1,0,0
3177,1,1,1,0,1,1,0,0,1
3178,1,0,1,0,0,0,0,0,0
3179,3,0,1,0,0,0,0,0,1
3180,3,2,1,2,1,1,2,1,1
3181,3,2,2,2,2,1,2,0,2
3182,1,0,1,0,0,0,0,0,0
3183,1,1,0,1,2,1,2,1,0
3184,0,2,1,1,1,1,1,2,1
3185,1,2,1,1,2,2,2,2,1
3186,2,1,1,0,1,0,2,0,1
3187,0,1,1,1,1,1,0,1,1
3188,0,1,1,1,1,0,0,1,0
3189,3,2,2,2,2,1,2,1,2
3190,3,0,2,1,1,0,0,0,1
3191,3,0,2,0,0,1,1,0,1
3192,2,0,1,1,0,1,1,0,0
3193,0,1,0,0,1,1,1,1,1
3194,0,2,0,0,2,2,1,1,0
3195,2,0,1,1,0,0,1,0,1
3196,0,1,0,0,1,1,1,1,0
3197,0,2,2,1,1,2,2,2,1
3198,2,1,2,0,1,1,1,1,0
3199,1,2,2,1,1,2,2,1,2
3200,0,1,1,0,1,2,1,1,1
3201,3,2,1,2,2,2,2,2,2
3202,0,0,0,0,0,0,0,1,0
3203,0,1,1,0,1,1,0,1,1
3204,1,0,0,1,0,1,1,0,1
3205,2,1,1,1,1,1,1,1,1
3206,1,1,0,1,1,2,1,0,1
3207,0,1,0,0,2,1,1,1,0
3208,3,2,1,2,2,1,2,2,1
3209,3,2,1,1,2,1,1,1,2
3210,0,0,0,0,0,1,0,0,0
3211,3,1,2,2,2,1,1,1,1
3212,3,0,1,1,0,0,0,0,1
3213,0,1,1,1,1,0,1,1,1
3214,1,0,0,1,0,0,0,0,0
3215,2,0,0,0,0,0,1,1,0
3216,3,1,1,2,1,1,0,2,1
3217,1,1,1,1,0,0,1,0,1
3218,0,2,2,2,2,1,1,2,2
3219,2,1,1,1,1,0,1,1,2
3220,0,2,1,0,2,1,2,2,1
3221,0,2,2,1,1,2,2,1,1
3222,1,2,1,1,2,2,2,1,1
3223,3,1,1,1,1,1,1,2,1
3224,0,1,0,0,0,1,1,0,0
3225,2,0,1,2,1,0,0,1,1
3226,1,1,0,1,1,1,1,1,0
3227,2,1,1,1,1,1,1,0,1
3228,3,2,2,1,2,1,1,0,1
3229,2,1,1,1,1,1,1,1,1
3230,3,1,1,1,1,1,2,1,1
3231,1,2,1,1,2,1,2,1,1
3232,0,2,1,0,2,2,2,1,1
3233,3,1,2,2,1,1,1,0,1
3234,1,0,1,0,0,0,0,1,1
3235,2,1,2,1,0,1,1,1,1
3236,1,2,2,1,2,2,1,1,1
3237,0,1,0,0,1,1,1,0,0
3238,0,1,1,1,1,1,1,1,1
3239,2,0,0,1,1,0,0,0,0
3240,1,2,1,1,1,2,2,2,1
3241,2,0,0,1,1,1,1,0,0
3242,0,0,0,1,0,0,0,1,0
3243,0,0,0,0,1,0,0,1,0
3244,0,1,1,0,1,0,1,0,1
3245,3,1,2,2,1,1,1,1,2
3246,0,2,1,1,1,2,2,2,1
3247,3,1,2,2,0,1,1,1,2
3248,1,1,0,1,2,1,1,1,1
3249,2,0,1,1,1,0,1,1,1
3250,3,2,2,2,2,2,1,1,2
3251,1,1,1,0,0,1,0,0,1
3252,0,1,0,0,1,0,1,1,1
3253,2,1,1,0,1,2,2,1,1
3254,3,2,2,1,2,1,2,1,2
3255,3,2,1,1,2,2,2,2,2
3256,1,0,1,0,0,0,0,0,0
3257,2,1,2,1,1,0,1,1,2
3258,2,1,1,1,0,1,1,0,1
3259,0,0,0,0,0,0,1,0,0
3260,3,1,2,1,1,0,1,0,1
3261,0,0,0,0,0,0,1,0,0
3262,2,1,1,1,1,0,1,0,1
3263,2,1,1,1,1,1,1,1,1
3264,2,0,1,0,0,1,0,0,0
3265,1,0,0,1,0,0,0,0,0
3266,2,1,1,1,1,1,1,0,1
3267,3,1,2,2,1,1,1,1,1
3268,3,1,0,1,1,1,2,0,1
3269,0,1,0,1,1,0,1,0,0
3270,3,1,1,2,1,2,1,1,1
3271,2,1,1,1,1,1,1,1,1
3272,1,1,0,1,1,1,2,1,1
3273,3,1,1,1,0,1,1,0,1
3274,1,2,2,1,2,1,2,2,1
3275,1,0,1,0,0,0,0,0,0
3276,0,2,1,1,1,2,1,2,1
3277,1,1,0,0,1,1,1,1,0
3278,2,0,0,1,0,0,0,0,0
3279,1,1,1,0,1,1,1,0,1
3280,0,0,0,0,0,0,0,1,0
3281,3,1,2,1,1,2,1,1,1
3282,0,1,0,0,1,0,1,1,1
3283,0,2,2,0,2,1,2,1,1
3284,3,1,1,2,1,1,2,1,2
3285,3,2,2,2,2,1,2,1,2
3286,2,2,1,0,2,1,2,2,1
3287,2,1,2,1,1,0,1,1,2
3288,2,2,1,1,2,1,2,1,1
3289,1,0,0,0,1,0,0,0,0
3290,3,2,2,2,1,2,2,2,2
3291,0,1,0,0,2,2,1,1,1
3292,2,2,2,2,2,2,1,2,2
3293,2,1,1,1,1,1,1,1,2
3294,1,1,1,0,1,1,1,1,1
3295,2,1,1,1,1,1,1,0,1
3296,2,1,1,0,1,1,0,1,1
3297,3,1,1,2,1,1,1,1,1
3298,2,0,0,1,0,0,0,1,1
3299,3,0,0,0,0,0,0,0,0
3300,0,1,0,0,1,1,1,2,1
3301,2,1,0,1,1,2,1,0,1
3302,1,2,1,1,2,2,2,1,1
3303,1,2,1,1,2,2,2,2,2
3304,2,2,2,1,1,1,1,1,1
3305,1,1,1,1,2,1,1,1,1
3306,0,1,1,0,1,1,1,1,1
3307,2,0,0,0,0,0,0,1,0
3308,3,2,2,2,2,2,2,2,2
3309,0,1,0,0,1,2,2,1,1
3310,0,2,2,0,2,1,1,1,1
3311,1,1,1,0,1,1,1,1,1
3312,3,0,0,2,0,0,0,0,1
3313,0,0,0,0,0,0,0,0,0
3314,3,0,1,1,0,0,0,1,1
3315,1,1,1,0,1,1,1,0,0
3316,2,1,1,1,0,1,1,1,1
3317,1,0,0,0,0,0,0,1,1
3318,0,2,0,0,2,1,2,2,1
3319,2,0,0,0,0,0,0,0,0
3320,3,1,2,0,1,1,1,1,1
3321,0,1,0,0,0,1,0,2,1
3322,1,2,1,2,2,1,1,1,2
3323,2,1,1,1,0,1,1,1,1
3324,2,0,0,1,0,0,0,0,0
3325,3,1,2,1,0,2,0,0,2
3326,1,1,0,1,1,1,0,1,1
3327,3,2,2,1,2,2,2,2,2
3328,0,2,1,1,1,2,1,2,2
3329,1,1,0,1,1,1,1,1,0
3330,3,2,2,1,2,2,2,2,2
3331,3,2,2,2,2,2,1,2,2
3332,0,1,0,0,1,2,1,1,0
3333,1,1,1,1,0,1,1,2,1
3334,0,1,0,0,1,0,1,1,0
3335,1,1,2,0,2,1,1,2,1
3336,3,2,2,2,1,2,1,1,2
3337,0,1,1,1,2,1,1,0,1
3338,3,1,2,1,1,1,1,1,2
3339,3,1,1,2,2,1,1,0,2
3340,1,2,2,1,2,2,2,1,2
3341,0,1,0,1,1,1,1,1,1
3342,1,2,2,1,2,2,2,2,2
3343,1,1,0,1,1,1,1,1,1
3344,2,1,1,1,1,1,1,1,1
3345,3,2,2,2,2,2,1,1,2
3346,2,2,2,1,2,2,2,2,2
3347,1,1,0,0,1,1,1,1,0
3348,2,2,2,1,2,2,2,1,2
3349,0,1,0,0,1,1,2,1,0
3350,1,2,2,1,2,2,2,1,1
3351,1,0,0,1,0,0,0,1,0
3352,3,1,2,1,1,1,1,1,1
3353,0,2,2,1,2,2,2,1,2
3354,0,1,0,1,1,1,1,1,1
3355,2,0,0,0,0,1,0,1,0
3356,2,2,1,2,2,2,1,1,1
3357,0,1,0,0,2,1,0,1,0
3358,0,0,0,0,0,0,0,2,0
3359,1,0,0,0,1,1,0,0,0
3360,1,1,1,1,1,2,1,1,1
3361,0,1,0,0,1,1,1,1,1
3362,1,1,0,2,2,1,1,1,0
3363,1,1,0,0,1,1,1,0,1
3364,3,1,1,2,1,0,1,1,1
3365,2,2,2,2,2,1,2,2,2
3366,2,1,0,2,1,1,1,1,1
3367,2,1,1,2,1,1,1,1,1
3368,1,2,1,2,2,2,1,1,1
3369,2,0,0,1,0,0,0,0,1
3370,2,0,0,0,0,0,0,0,0
3371,3,1,1,1,2,1,1,1,1
3372,1,1,1,1,2,1,1,1,1
3373,0,2,2,1,2,2,1,1,2
3374,2,1,0,0,1,1,1,0,0
3375,3,2,2,2,2,2,2,1,2
3376,0,2,1,1,2,1,2,1,2
3377,0,0,0,0,0,0,0,0,0
3378,1,2,2,2,1,1,2,1,2
3379,3,2,2,2,1,1,2,2,2
3380,1,1,1,1,0,1,2,0,1
3381,3,1,1,1,1,0,1,0,1
3382,0,1,0,0,0,0,1,1,0
3383,3,0,0,0,0,0,0,0,1
3384,0,1,0,1,1,1,1,1,1
3385,3,1,1,1,1,2,2,1,1
3386,2,2,1,2,1,2,2,2,2
3387,2,2,2,2,2,2,2,2,2
3388,0,0,0,0,0,0,0,0,0
3389,3,2,2,2,2,2,2,2,2
3390,3,1,2,2,1,0,1,1,2
3391,0,1,1,0,0,2,1,1,1
3392,0,1,1,0,1,1,1,0,1
3393,3,2,1,2,2,2,1,2,2
3394,0,1,1,0,1,0,1,0,1
3395,0,1,1,0,1,1,1,0,0
3396,2,2,1,2,2,2,2,1,2
3397,1,1,1,0,1,2,2,0,1
3398,0,2,1,2,2,1,1,2,2
3399,3,1,2,2,1,1,1,1,1
3400,1,0,0,0,0,0,0,1,0
3401,1,1,1,1,1,2,1,0,1
3402,1,0,0,0,0,1,0,1,0
3403,1,2,1,1,2,2,2,1,2
3404,1,1,1,1,0,1,1,1,1
3405,0,1,0,0,1,1,1,1,1
3406,0,2,1,1,2,1,2,2,1
3407,0,2,1,1,1,1,1,2,1
3408,3,2,2,2,2,2,1,2,2
3409,3,2,1,2,2,2,2,1,2
3410,1,2,1,1,2,2,2,1,1
3411,2,2,2,2,2,2,1,2,2
3412,0,0,0,0,0,0,0,0,0
3413,3,0,1,1,1,0,0,1,1
3414,3,2,2,2,2,2,1,1,2
3415,2,1,1,1,1,1,1,1,1
3416,0,1,1,0,1,1,1,0,0
3417,1,1,1,1,1,0,1,1,1
3418,2,1,0,1,1,1,1,1,0
3419,1,2,2,1,1,2,2,1,2
3420,2,2,2,2,2,2,2,1,2
3421,3,1,1,2,1,1,1,2,1
3422,2,0,1,1,0,1,0,0,1
3423,0,1,0,0,1,2,1,1,1
3424,3,1,1,1,1,1,1,2,1
3425,1,2,1,0,2,1,1,2,1
3426,0,2,1,1,2,1,1,2,1
3427,3,1,2,2,1,0,1,1,2
3428,0,1,1,0,1,1,0,1,1
3429,1,1,1,1,1,1,1,1,1
3430,1,1,0,1,1,1,1,1,1
3431,0,0,0,0,0,0,0,0,0
3432,1,2,1,2,2,1,2,1,2
3433,3,1,2,1,1,1,2,1,2
3434,0,0,0,0,0,0,1,0,0
3435,0,1,1,1,1,1,2,0,0
3436,3,1,1,1,1,1,2,1,1
3437,1,1,0,1,1,0,1,1,0
3438,0,0,0,0,0,0,0,0,0
3439,2,1,2,1,1,1,2,1,1
3440,1,1,1,1,1,0,1,0,1
3441,3,2,2,2,2,2,2,1,2
3442,2,0,0,0,0,0,0,0,0
3443,3,1,1,0,0,1,0,1,1
3444,0,0,0,0,0,0,0,0,0
3445,2,1,0,1,1,0,1,1,1
3446,3,0,1,0,0,1,0,0,1
3447,2,1,0,2,1,1,1,2,1
3448,1,1,1,0,2,1,1,1,1
3449,2,0,1,1,0,0,1,0,1
3450,1,2,1,1,2,2,1,1,1
3451,0,0,0,0,0,0,0,0,0
3452,0,1,0,0,1,1,2,2,0
3453,2,1,2,0,1,1,0,2,1
3454,1,2,1,1,2,2,1,1,2
3455,3,1,1,2,1,1,1,0,1
3456,1,0,0,0,0,0,0,0,0
3457,3,2,2,2,2,2,1,1,2
3458,2,2,2,2,1,2,2,2,2
3459,3,1,1,1,0,2,1,1,1
3460,0,2,0,0,2,2,1,2,1
3461,2,2,2,2,2,1,2,1,2
3462,1,0,1,0,0,0,0,1,1
3463,2,2,1,2,1,0,2,2,1
3464,1,0,0,0,0,0,0,0,0
3465,0,1,0,0,1,1,0,1,1
3466,3,1,1,2,1,2,1,2,1
3467,1,2,2,2,2,2,2,1,1
3468,2,2,2,2,1,2,2,1,2
3469,0,2,2,2,2,2,1,2,2
3470,2,1,2,1,1,1,1,0,1
3471,3,2,2,2,2,2,2,1,2
3472,1,2,1,1,2,2,2,1,1
3473,3,0,1,1,0,1,0,1,1
3474,1,2,1,1,2,2,2,2,1
3475,3,1,1,2,1,1,1,1,2
3476,3,1,2,0,2,1,1,1,1
3477,1,0,0,1,0,0,0,0,0
3478,1,1,2,0,1,1,1,0,1
3479,0,1,0,0,1,1,1,0,0
3480,3,1,1,0,0,1,2,1,1
3481,1,1,0,1,0,1,0,1,1
3482,2,1,2,1,1,0,1,0,1
3483,1,0,1,0,0,0,0,0,1
3484,3,1,1,1,1,1,1,1,1
3485,3,1,2,1,1,1,1,0,1
3486,2,0,0,0,0,0,0,0,0
3487,2,0,0,0,0,0,0,0,0
3488,3,1,1,2,1,1,1,1,2
3489,2,1,0,1,1,0,1,1,1
3490,3,1,1,2,1,1,1,1,1
3491,2,2,1,2,2,2,2,1,2
3492,1,0,0,0,0,0,1,0,0
3493,3,1,2,1,1,1,1,1,2
3494,1,1,1,1,0,1,2,0,1
3495,1,1,1,1,0,2,1,1,1
3496,3,1,2,1,1,0,1,2,1
3497,0,2,1,1,2,2,2,2,1
3498,1,1,1,1,1,1,0,1,1
3499,1,1,1,1,1,0,1,1,1
3500,3,1,1,2,0,0,2,1,2
3501,3,1,1,2,0,1,1,1,1
3502,0,1,1,0,1,1,1,1,1
3503,3,2,2,2,1,1,1,1,2
3504,1,0,0,0,0,1,1,1,0
3505,0,1,1,0,2,1,0,1,0
3506,1,1,1,0,2,0,1,1,1
3507,1,1,2,1,1,1,1,0,2
3508,1,1,1,0,1,2,1,2,0
3509,1,0,0,0,0,0,0,1,0
3510,0,2,2,0,2,2,2,1,1
3511,3,1,1,2,1,1,1,1,1
3512,3,1,1,2,1,1,0,1,2
3513,1,0,0,1,0,0,0,0,1
3514,2,0,0,0,0,0,0,0,1
3515,1,2,1,1,2,2,2,2,1
3516,1,1,2,1,0,1,1,2,1
3517,0,1,0,1,1,0,1,1,1
3518,2,2,1,2,2,1,2,2,1
3519,2,1,1,1,1,1,2,1,1
3520,3,0,0,2,0,0,0,0,0
3521,3,1,1,2,1,1,0,0,1
3522,2,1,1,2,1,0,1,1,1
3523,2,1,1,1,1,1,1,0,0
3524,0,1,1,1,1,0,1,1,1
3525,1,0,0,0,0,1,1,1,0
3526,0,1,1,0,1,1,1,1,0
3527,3,2,2,2,2,1,2,2,2
3528,3,1,1,1,0,1,1,1,2
3529,1,1,1,1,0,0,2,1,1
3530,2,2,2,2,2,2,1,2,2
3531,3,2,2,2,1,1,1,2,2
3532,2,1,1,2,1,1,1,2,1
3533,2,1,1,1,1,1,1,0,0
3534,0,1,0,0,1,1,1,1,1
3535,3,1,1,2,1,0,0,1,1
3536,0,1,1,1,1,1,2,0,1
3537,0,2,0,1,2,2,2,2,1
3538,0,0,0,0,0,0,0,0,0
3539,0,1,1,0,1,1,1,1,1
3540,1,1,0,2,1,1,1,0,1
3541,0,1,1,0,1,0,1,1,1
3542,2,2,2,2,2,2,2,2,2
3543,1,1,1,0,1,1,1,0,0
3544,1,2,2,1,2,2,2,2,2
3545,3,2,2,2,1,1,1,2,2
3546,2,1,1,1,1,1,1,2,1
3547,2,1,2,2,0,0,1,1,1
3548,1,0,0,0,0,0,0,0,0
3549,3,2,2,1,1,2,2,2,2
3550,2,2,2,1,2,1,1,1,2
3551,3,2,2,2,1,1,2,2,2
3552,3,1,1,2,1,2,1,0,2
3553,0,2,2,1,2,2,1,1,2
3554,0,0,0,0,0,0,1,0,0
3555,3,1,1,1,1,1,1,1,1
3556,2,0,1,0,0,0,0,1,1
3557,1,1,1,0,1,1,1,1,1
3558,2,0,1,0,0,0,0,0,0
3559,1,1,1,0,1,1,1,1,0
3560,0,0,0,0,0,0,0,1,0
3561,0,2,1,1,2,1,1,1,1
3562,3,2,2,2,2,2,2,1,2
3563,1,1,0,1,1,0,1,0,0
3564,0,1,0,0,1,1,1,1,0
3565,0,1,1,0,0,1,1,1,1
3566,3,1,1,1,2,1,1,0,1
3567,1,2,2,1,2,1,1,1,2
3568,0,1,1,1,0,1,1,1,1
3569,1,1,0,1,1,1,1,0,1
3570,1,1,1,1,1,1,1,1,1
3571,1,0,0,0,0,0,0,0,0
3572,1,0,0,1,0,0,0,0,0
3573,2,1,1,1,1,2,0,1,1
3574,2,1,1,1,1,1,2,1,1
3575,1,1,1,0,1,1,1,0,1
3576,2,0,1,0,1,0,0,0,1
3577,3,2,2,2,2,2,1,2,2
3578,0,2,2,1,2,2,2,2,1
3579,0,1,0,0,1,1,1,2,0
3580,3,2,2,1,2,2,1,2,2
3581,0,0,0,0,0,0,0,1,0
3582,2,0,1,0,0,0,0,1,1
3583,0,0,0,0,0,0,0,1,0
3584,3,1,1,1,1,0,1,1,1
3585,1,2,2,1,2,2,2,2,2
3586,0,2,0,1,2,1,1,1,1
3587,1,1,1,2,1,1,0,0,1
3588,1,1,0,0,2,1,0,1,1
3589,3,0,1,2,0,0,0,0,1
3590,3,0,1,1,0,0,0,0,0
3591,1,1,0,1,1,1,1,0,1
3592,2,0,1,0,0,0,1,0,0
3593,2,2,2,2,2,2,2,1,2
3594,2,0,1,0,0,0,0,0,0
3595,0,0,0,0,0,0,0,0,0
3596,1,0,1,0,0,1,0,0,0
3597,2,0,1,1,0,0,0,0,1
3598,3,0,0,1,0,0,0,0,1
3599,1,0,0,0,0,0,0,0,1
3600,0,2,1,1,2,2,1,2,2
3601,3,1,1,2,1,1,0,0,1
3602,3,0,0,0,0,0,0,0,1
3603,0,1,0,1,1,1,1,1,0
3604,1,1,0,1,1,1,0,2,1
3605,0,2,1,2,2,2,1,1,1
3606,3,1,1,2,0,1,1,1,2
3607,3,2,1,2,2,2,1,2,2
3608,1,2,1,1,2,2,1,1,2
3609,3,1,1,2,1,1,1,1,2
3610,3,1,2,2,2,1,1,1,2
3611,2,2,1,2,1,2,2,1,2
3612,0,2,1,2,2,1,1,1,1
3613,2,1,0,2,1,1,2,1,2
3614,1,0,1,0,0,0,0,0,0
3615,1,1,1,1,1,2,1,1,1
3616,3,1,2,1,2,1,1,1,1
3617,1,1,0,1,2,0,1,0,1
3618,3,0,1,1,0,1,1,0,1
3619,1,1,0,1,1,1,1,1,1
3620,2,2,2,2,2,2,1,2,2
3621,1,1,2,1,1,1,1,1,1
3622,0,1,0,0,1,1,0,2,0
3623,0,2,1,1,2,2,2,2,1
3624,2,1,1,1,1,1,1,1,2
3625,0,2,2,1,2,2,1,1,2
3626,2,2,2,2,2,2,2,1,2
3627,2,1,1,0,1,1,0,1,0
3628,0,1,0,1,1,0,0,1,1
3629,1,1,1,0,1,2,2,1,1
3630,0,1,0,1,1,1,1,1,1
3631,0,1,1,1,1,1,1,1,1
3632,2,1,1,1,1,1,1,1,1
3633,3,1,1,1,1,1,0,1,1
3634,0,2,1,1,2,1,2,1,1
3635,1,1,1,0,1,2,0,1,1
3636,3,0,0,1,0,0,1,0,0
3637,3,0,1,0,0,0,1,0,0
3638,3,2,2,2,2,2,2,2,2
3639,0,1,0,0,1,1,1,1,0
3640,3,2,2,2,1,2,2,2,2
3641,0,1,1,0,1,1,1,0,1
3642,3,0,1,1,0,0,0,0,1
3643,3,2,2,2,2,1,2,2,2
3644,1,1,2,1,1,1,1,1,1
3645,3,1,1,2,0,1,1,1,2
3646,0,1,1,0,1,1,1,2,0
3647,2,1,0,1,0,2,1,1,1
3648,2,1,1,1,1,1,1,1,1
3649,3,2,1,2,2,1,2,2,2
3650,3,0,0,1,0,1,1,0,1
3651,1,2,1,1,2,1,2,2,1
3652,2,1,1,1,1,1,0,1,1
3653,0,0,1,0,0,1,0,0,0
3654,0,2,1,1,2,2,2,1,1
3655,2,2,2,2,2,2,2,1,2
3656,0,0,0,0,0,0,0,0,0
3657,1,1,1,1,1,1,1,1,0
3658,2,2,2,1,2,2,2,2,2
3659,3,1,1,1,1,1,1,1,1
3660,0,0,0,0,1,0,0,0,0
3661,1,0,0,1,1,1,0,1,0
3662,1,0,1,1,0,1,0,0,1
3663,0,2,1,1,2,2,2,2,1
3664,1,1,1,1,1,1,1,1,1
3665,2,0,0,1,0,0,0,1,1
3666,1,0,0,0,0,0,1,0,0
3667,1,1,1,0,1,1,1,1,1
3668,3,2,1,2,2,1,2,1,1
3669,1,2,1,1,2,2,2,1,2
3670,1,0,1,1,1,0,0,0,1
3671,3,1,2,1,1,1,2,1,1
3672,2,1,0,1,1,1,1,0,1
3673,1,2,1,1,2,1,2,2,2
3674,3,2,2,2,2,1,2,1,2
3675,3,0,1,1,1,1,0,0,1
3676,2,2,2,2,2,1,2,1,1
3677,2,1,2,2,1,1,0,1,2
3678,1,2,2,2,2,2,2,1,2
3679,3,0,1,1,0,0,0,0,1
3680,3,1,1,2,1,1,1,1,2
3681,0,0,0,0,0,0,0,1,0
3682,0,1,1,0,1,1,1,0,1
3683,1,1,2,1,1,1,1,1,1
3684,0,1,1,1,1,0,1,0,1
3685,2,1,1,1,1,1,1,1,1
3686,0,2,0,1,2,1,2,1,1
3687,1,2,2,1,2,2,2,1,2
3688,2,1,2,2,1,0,1,1,2
3689,2,1,2,1,1,1,1,1,1
3690,2,2,1,1,2,2,1,1,2
3691,0,2,1,0,2,2,2,0,1
3692,2,1,0,0,0,1,0,1,1
3693,3,1,0,2,2,1,2,1,2
3694,2,1,1,2,1,1,1,1,1
3695,3,1,1,2,1,1,1,0,1
3696,2,2,1,2,1,2,2,2,2
3697,3,1,1,1,2,1,2,1,1
3698,3,1,1,2,1,1,1,1,1
3699,1,1,2,1,1,1,0,1,1
3700,1,1,0,0,1,0,2,1,1
3701,2,1,0,2,1,1,2,1,1
3702,0,2,0,1,2,2,2,1,1
3703,3,0,1,1,0,0,0,0,1
3704,0,2,0,0,2,2,2,2,1
3705,1,2,2,2,1,2,1,2,2
3706,1,0,0,1,0,0,1,0,1
3707,3,1,1,1,1,1,1,1,1
3708,2,0,0,0,0,0,0,0,0
3709,1,1,1,2,1,2,2,1,1
3710,1,1,0,0,2,0,2,1,1
3711,1,1,1,1,1,2,1,0,1
3712,1,1,1,0,1,1,2,0,1
3713,0,2,2,1,2,1,2,2,1
3714,1,1,1,0,1,1,1,1,1
3715,2,2,1,2,2,2,2,2,2
3716,2,2,2,2,2,1,1,1,2
3717,2,2,1,1,1,2,2,1,1
3718,3,2,2,2,2,2,2,1,2
3719,2,2,2,2,2,2,2,2,2
3720,1,1,1,1,2,2,1,2,1
3721,0,2,2,1,2,2,1,2,2
3722,3,2,2,2,2,1,1,2,2
3723,3,1,1,1,1,1,1,2,1
3724,0,1,1,1,1,1,1,0,1
3725,2,0,0,1,0,0,0,0,1
3726,3,0,1,1,0,0,0,0,1
3727,0,2,1,1,2,2,2,2,1
3728,1,1,1,1,1,1,1,2,1
3729,0,2,2,1,2,2,1,2,1
3730,2,2,2,2,1,1,1,2,2
3731,1,1,0,0,2,1,1,2,0
3732,2,2,2,1,2,2,2,1,2
3733,3,1,0,2,1,1,1,0,1
3734,0,1,0,1,1,2,0,0,0
3735,0,2,1,1,2,2,2,2,1
3736,2,0,0,1,0,0,0,0,1
3737,0,0,0,0,0,0,0,0,0
3738,0,2,1,0,2,2,1,2,1
3739,0,0,0,0,0,1,0,1,0
3740,1,0,0,0,0,0,0,0,0
3741,1,1,1,1,1,1,1,1,1
3742,2,0,1,0,1,1,0,1,0
3743,1,2,1,2,2,2,2,2,2
3744,3,1,2,2,1,1,1,1,2
3745,3,1,1,1,1,1,0,1,1
3746,0,0,0,0,0,1,0,1,0
3747,3,1,2,1,1,1,0,2,1
3748,0,1,1,1,1,1,1,0,1
3749,1,1,0,0,2,1,1,1,0
3750,2,1,1,1,1,2,1,1,1
3751,1,1,1,1,1,1,1,1,0
3752,1,0,0,0,0,0,0,0,0
3753,2,2,2,2,1,2,2,2,2
3754,2,1,2,1,1,1,1,1,1
3755,0,1,0,0,1,1,0,0,0
3756,1,0,0,1,0,0,0,0,0
3757,0,0,0,0,0,0,0,1,0
3758,2,1,0,1,1,0,1,2,0
3759,1,1,1,1,1,0,1,1,0
3760,0,0,0,1,0,0,0,0,0
3761,3,1,2,2,1,0,1,1,1
3762,2,1,1,2,1,1,1,1,1
3763,2,0,1,1,0,0,0,0,1
3764,3,1,1,1,2,1,2,1,1
3765,1,0,1,1,0,0,1,0,1
3766,3,1,0,2,1,0,0,1,1
3767,0,2,0,2,2,2,1,1,2
3768,1,2,2,2,2,2,2,1,2
3769,0,2,1,1,2,2,2,2,1
3770,2,0,1,0,0,1,0,0,0
3771,0,1,0,0,2,0,1,1,1
3772,3,0,0,1,0,0,1,1,1
3773,3,1,2,1,1,1,0,1,1
3774,0,1,0,0,1,0,1,1,1
3775,3,0,1,1,1,0,0,0,1
3776,3,2,2,2,2,1,1,2,2
3777,0,1,1,0,2,1,1,1,1
3778,2,1,2,1,1,0,1,1,2
3779,0,1,1,0,1,1,1,2,1
3780,3,1,2,2,1,1,1,0,2
3781,2,1,0,1,1,1,1,0,1
3782,1,0,1,0,0,0,0,0,1
3783,0,1,0,0,1,1,0,1,1
3784,1,0,0,0,0,0,0,0,0
3785,1,1,0,0,0,1,1,1,1
3786,2,1,1,1,1,1,0,1,1
3787,3,1,1,1,1,0,1,1,1
3788,1,0,1,0,1,0,0,0,0
3789,0,0,0,0,0,1,0,0,0
3790,0,0,1,0,0,1,0,1,0
3791,1,1,1,1,2,1,1,0,1
3792,2,1,1,2,1,1,1,1,1
3793,2,2,2,1,2,1,1,2,2
3794,1,1,1,1,1,1,1,1,1
3795,3,0,1,1,0,0,0,0,1
3796,2,1,0,1,1,1,1,1,1
3797,3,0,1,1,0,1,0,0,1
3798,2,1,2,2,1,1,1,1,1
3799,0,1,0,0,1,1,1,1,1
3800,1,1,0,1,1,1,1,2,1
3801,0,0,1,0,0,1,0,0,0
3802,0,1,1,0,0,0,1,1,1
3803,1,2,1,2,1,2,2,1,2
3804,3,2,2,2,2,2,2,2,2
3805,1,1,0,1,1,1,1,1,0
3806,3,1,1,2,1,0,1,1,1
3807,1,2,2,1,2,2,1,1,1
3808,0,1,0,1,1,1,1,1,0
3809,2,1,1,2,1,0,1,1,1
3810,2,2,1,2,1,1,2,2,2
3811,1,2,1,2,1,2,2,1,1
3812,1,2,2,1,2,2,2,1,2
3813,0,1,1,0,1,0,1,1,1
3814,2,2,1,2,2,2,1,2,1
3815,0,2,1,0,2,1,2,2,1
3816,0,1,0,1,1,1,1,0,1
3817,0,2,2,2,2,1,2,2,1
3818,3,1,0,2,0,1,2,1,1
3819,2,1,1,1,1,1,1,1,1
3820,3,2,2,2,2,2,2,1,2
3821,3,1,1,1,1,1,1,1,1
3822,0,0,0,0,0,0,0,0,0
3823,2,0,1,1,0,0,1,1,1
3824,2,0,1,1,0,1,0,0,1
3825,3,0,1,0,0,0,1,0,1
3826,1,0,0,1,0,0,0,1,1
3827,3,0,2,0,0,0,0,0,0
3828,0,1,1,0,2,0,1,1,1
3829,3,0,1,1,0,1,1,1,2
3830,3,2,2,2,2,1,1,2,2
3831,1,1,1,0,2,0,0,0,0
3832,3,1,2,1,1,1,1,1,2
3833,3,2,2,1,1,1,1,1,2
3834,2,0,0,0,0,0,1,1,0
3835,3,0,1,1,1,0,1,0,1
3836,2,1,1,2,1,1,1,0,1
3837,1,2,0,1,1,1,2,2,1
3838,3,1,1,1,1,1,1,1,1
3839,2,1,2,1,1,2,1,1,2
3840,1,1,1,1,1,1,1,1,1
3841,2,2,2,2,1,2,2,1,2
3842,1,1,0,0,1,1,0,1,1
3843,2,2,2,2,2,1,2,1,1
3844,0,0,0,0,0,0,1,0,0
3845,1,0,0,0,0,0,0,0,0
3846,1,1,0,0,1,1,1,1,1
3847,2,1,2,2,0,1,2,0,2
3848,0,0,0,0,0,0,0,0,0
3849,3,2,2,2,2,2,1,2,2
3850,1,1,1,0,1,1,0,0,1
3851,3,1,2,1,1,0,1,0,1
3852,2,1,1,2,2,1,1,1,1
3853,3,0,0,1,1,1,0,0,1
3854,1,2,1,0,2,1,2,2,1
3855,1,1,1,0,1,1,0,1,1
3856,2,2,2,1,2,1,2,1,2
3857,1,1,1,0,2,1,1,1,1
3858,3,2,2,2,2,2,1,1,2
3859,0,2,1,1,2,1,1,1,1
3860,2,1,0,1,0,1,1,1,1
3861,1,2,2,2,2,2,1,2,2
3862,1,1,1,0,1,1,2,1,1
3863,2,1,2,1,0,2,1,0,1
3864,1,0,0,0,0,0,0,0,0
3865,1,2,1,1,2,0,1,2,2
3866,0,0,0,0,0,0,0,1,0
3867,2,0,2,0,1,0,0,0,0
3868,3,1,1,2,1,1,1,1,2
3869,0,0,0,0,0,0,0,0,0
3870,3,0,0,0,0,1,1,1,1
3871,2,1,1,1,1,1,1,0,1
3872,0,1,0,0,1,1,1,0,0
3873,1,0,1,0,0,0,0,0,0
3874,2,1,2,2,2,1,1,1,2
3875,0,1,0,1,1,1,1,1,1
3876,2,1,1,1,1,1,1,1,1
3877,3,1,1,2,1,1,1,1,1
3878,3,0,1,0,0,1,0,0,1
3879,3,2,2,2,2,2,2,2,2
3880,2,0,1,0,0,0,0,0,0
3881,1,1,2,0,1,1,1,1,1
3882,0,1,1,0,1,1,1,1,0
3883,3,1,2,1,1,1,1,1,1
3884,0,1,2,0,1,1,1,0,1
3885,1,2,2,1,2,1,2,1,1
3886,1,1,1,2,1,1,1,0,1
3887,3,1,1,2,2,0,0,0,1
3888,0,2,1,0,2,2,2,2,1
3889,2,0,1,0,0,0,0,0,0
3890,2,0,1,0,0,0,0,1,0
3891,1,1,1,1,1,1,1,1,1
3892,0,2,1,1,1,2,1,2,2
3893,0,1,1,1,1,1,1,1,1
3894,2,0,0,1,1,0,0,1,0
3895,0,1,0,1,1,1,0,1,1
3896,3,2,1,2,2,2,2,1,2
3897,1,2,1,1,2,2,2,2,1
3898,0,0,1,0,0,0,0,1,0
3899,0,1,1,0,1,1,1,0,0
3900,3,1,1,1,1,1,1,0,2
3901,1,0,0,0,0,1,1,0,0
3902,3,1,0,1,1,0,1,1,1
3903,0,1,1,0,1,0,1,1,1
3904,0,0,0,0,0,0,0,1,0
3905,0,1,0,1,1,1,1,1,0
3906,2,1,1,2,2,0,0,0,1
3907,0,1,0,0,1,1,1,1,0
3908,0,2,1,1,2,1,2,1,1
3909,0,1,1,0,0,2,1,1,1
3910,1,1,1,1,1,0,0,1,1
3911,3,0,1,0,0,0,0,0,0
3912,0,1,0,1,1,0,1,1,1
3913,0,0,0,0,0,0,0,0,0
3914,2,1,2,1,1,1,1,0,1
3915,2,0,0,1,1,0,0,0,1
3916,0,1,0,0,0,1,0,0,0
3917,3,2,2,2,2,1,2,2,2
3918,0,0,0,0,1,0,0,0,0
3919,2,0,1,0,0,0,0,0,1
3920,3,1,1,2,1,1,1,0,1
3921,3,1,1,2,1,0,0,1,1
3922,3,2,2,2,1,2,1,2,2
3923,3,0,1,1,0,1,0,1,1
3924,2,2,2,2,2,1,1,2,1
3925,0,1,1,0,1,1,1,0,1
3926,3,2,2,2,2,2,2,1,2
3927,0,0,0,0,1,0,0,0,0
3928,0,2,1,1,2,1,2,1,1
3929,3,1,2,2,1,1,1,1,2
3930,0,1,1,1,1,2,1,1,1
3931,0,2,1,0,2,2,2,1,0
3932,1,2,1,1,2,2,2,2,1
3933,2,2,2,1,2,2,1,1,1
3934,3,2,2,2,1,1,1,1,2
3935,2,1,1,1,0,1,1,0,0
3936,3,1,1,2,1,1,2,1,1
3937,1,2,1,1,2,2,1,1,1
3938,2,0,1,1,0,0,0,1,0
3939,0,0,0,1,0,0,0,0,0
3940,1,0,0,0,0,1,0,0,0
3941,0,1,1,0,0,1,0,1,0
3942,2,0,0,0,0,0,0,1,0
3943,2,1,1,1,1,1,0,1,1
3944,2,1,1,1,1,1,2,1,2
3945,1,0,1,0,0,1,0,1,1
3946,2,1,1,1,0,1,1,1,1
3947,3,0,2,1,0,0,0,0,1
3948,0,2,1,1,2,2,2,1,1
3949,1,1,2,1,1,1,1,0,1
3950,1,1,1,1,0,1,1,1,1
3951,1,0,0,1,0,0,0,0,0
3952,3,1,2,1,1,1,1,0,2
3953,3,1,1,1,2,1,1,0,1
3954,3,0,1,0,1,0,0,0,0
3955,3,2,2,2,2,2,1,2,2
3956,0,1,0,1,1,0,1,1,0
3957,1,2,2,2,2,2,1,2,2
3958,0,1,0,0,0,1,1,1,0
3959,1,2,2,1,1,1,2,2,1
3960,0,0,0,0,0,0,0,1,0
3961,2,1,1,2,0,1,1,1,1
3962,2,0,0,2,0,0,0,0,1
3963,0,1,0,0,1,1,1,1,1
3964,3,1,1,1,1,1,0,1,1
3965,2,1,2,1,0,1,1,1,1
3966,2,2,1,1,2,2,2,1,2
3967,1,1,0,1,1,1,0,1,0
3968,1,1,1,1,1,1,1,2,1
3969,1,2,1,1,2,2,1,2,1
3970,3,1,2,2,1,1,2,1,2
3971,2,2,1,2,2,2,1,1,2
3972,0,1,0,0,1,1,1,1,0
3973,2,0,0,1,0,0,0,0,1
3974,2,2,1,1,2,2,2,2,1
3975,1,1,1,1,0,0,1,2,1
3976,3,2,2,2,2,1,2,1,2
3977,1,1,1,1,1,1,1,1,1
3978,3,0,1,0,0,0,0,1,1
3979,1,1,1,1,1,2,1,1,1
3980,0,0,0,0,0,0,1,1,0
3981,1,1,1,1,1,0,0,2,1
3982,1,0,1,0,0,0,1,0,1
3983,1,1,1,1,1,1,1,1,1
3984,1,1,0,0,1,1,1,0,1
3985,3,0,1,1,0,1,0,0,1
3986,3,0,0,1,0,0,0,0,0
3987,1,1,1,0,2,1,1,1,1
3988,2,2,1,2,2,1,2,1,2
3989,1,2,1,2,2,2,2,1,1
3990,2,0,1,0,0,0,0,1,0
3991,1,2,1,1,2,2,2,1,2
3992,1,0,0,0,0,0,1,0,0
3993,1,1,1,0,1,0,1,1,1
3994,1,0,0,0,0,0,0,0,0
3995,2,2,1,2,2,2,2,1,1
3996,2,2,2,2,2,2,1,2,2
3997,0,1,0,1,1,1,0,1,1
3998,3,2,2,2,1,1,2,2,2
3999,1,1,1,1,2,1,2,1,1
4000,1,1,1,1,1,1,1,1,1
4001,1,2,1,2,1,2,2,1,2
4002,1,2,2,0,2,1,1,2,2
4003,1,1,1,0,1,1,1,2,1
4004,0,1,0,1,1,1,1,1,1
4005,1,1,1,1,1,1,1,1,1
4006,0,2,1,1,2,2,1,1,1
4007,1,2,1,1,2,1,2,2,2
4008,0,2,2,1,2,1,2,1,1
4009,3,1,2,2,1,1,1,1,2
4010,1,0,1,0,0,0,0,1,0
4011,0,1,0,0,1,0,1,0,0
4012,3,1,1,2,1,0,0,0,2
4013,0,0,0,0,0,0,0,0,0
4014,1,1,1,1,1,1,1,1,1
4015,2,2,2,2,1,2,1,2,2
4016,0,2,0,1,2,1,1,2,1
4017,0,1,0,0,1,1,2,0,1
4018,0,1,1,0,1,2,1,1,1
4019,3,1,1,2,1,1,1,1,2
4020,3,0,0,2,0,0,0,1,1
4021,2,2,2,1,2,2,2,2,1
4022,2,1,2,2,1,1,1,0,1
4023,2,0,1,1,0,0,0,0,1
4024,1,1,0,0,1,2,1,1,0
4025,3,2,2,1,2,1,2,2,2
4026,3,0,0,1,0,0,0,0,1
4027,2,2,2,1,2,1,1,1,2
4028,3,1,1,2,0,1,1,2,2
4029,0,1,1,0,1,0,0,1,1
4030,2,1,1,1,1,1,0,1,2
4031,3,1,1,2,0,1,1,1,1
4032,1,1,1,1,0,1,2,1,1
4033,0,1,1,0,1,1,1,0,1
4034,1,1,0,1,1,0,0,2,0
4035,1,1,1,0,1,1,2,1,1
4036,1,2,1,1,1,1,2,1,2
4037,1,1,0,1,1,1,0,1,0
4038,3,0,1,2,0,0,0,0,1
4039,1,1,1,1,1,2,1,1,1
4040,2,2,2,2,2,2,1,2,1
4041,1,2,2,1,2,1,2,2,2
4042,3,1,2,1,1,1,1,1,2
4043,0,1,0,0,1,0,1,1,0
4044,0,1,1,0,0,0,1,1,0
4045,1,1,1,1,0,0,0,1,1
4046,0,2,1,0,1,1,1,2,1
4047,1,1,0,1,1,1,1,0,0
4048,2,0,0,0,0,0,1,0,1
4049,2,2,2,1,2,2,2,2,2
4050,2,0,1,0,0,0,0,0,1
4051,3,1,1,2,1,1,1,0,1
4052,1,0,1,0,0,0,1,0,0
4053,2,2,1,2,2,2,2,2,1
4054,2,2,1,2,2,2,2,2,2
4055,3,2,2,2,2,2,2,1,2
4056,3,1,1,1,1,1,1,1,1
4057,1,2,1,2,2,2,1,2,2
4058,2,2,1,1,2,2,2,2,1
4059,0,1,0,0,2,0,1,1,0
4060,1,1,1,1,2,1,1,0,1
4061,0,2,1,1,1,2,2,2,1
4062,1,2,2,0,1,2,1,1,1
4063,1,1,2,0,1,1,1,1,1
4064,1,1,1,0,1,1,1,0,1
4065,2,1,2,1,1,1,2,1,1
4066,2,0,0,1,0,0,1,0,1
4067,0,1,2,1,1,1,1,1,1
4068,2,2,1,1,2,2,1,1,2
4069,3,2,2,2,2,2,2,1,2
4070,2,2,1,2,1,1,2,2,2
4071,1,2,2,1,2,1,2,2,1
4072,3,1,2,1,1,1,1,1,1
4073,3,2,2,2,2,1,1,1,2
4074,1,2,1,1,1,2,2,1,1
4075,2,2,2,2,2,1,2,1,2
4076,0,1,0,0,1,1,2,2,0
4077,1,1,1,1,1,0,1,1,1
4078,1,1,1,1,1,2,1,0,1
4079,2,2,2,2,2,2,1,2,2
4080,2,2,2,1,2,2,1,2,2
4081,0,0,0,0,1,0,0,0,0
4082,3,1,2,1,1,1,1,1,2
4083,0,1,1,1,1,1,0,1,1
4084,3,1,1,1,1,2,1,1,1
4085,3,0,0,1,0,0,0,0,0
4086,0,2,2,1,2,2,2,2,2
4087,2,0,0,1,0,0,0,0,1
4088,3,2,2,2,2,2,2,2,2
4089,0,1,1,0,2,0,1,1,0
4090,0,0,0,0,0,0,0,0,0
4091,3,2,2,2,1,2,2,2,2
4092,2,1,1,1,0,0,1,1,1
4093,3,1,1,1,2,0,1,1,2
4094,0,2,1,1,2,2,2,2,1
4095,1,2,2,0,2,2,1,2,1
4096,3,1,1,1,1,0,1,1,1
4097,1,1,1,2,1,0,1,1,1
4098,1,0,0,0,0,0,0,0,0
4099,0,1,1,0,0,2,1,1,1
4100,0,1,1,1,0,1,1,1,1
4101,0,0,0,0,0,0,1,0,0
4102,3,1,2,1,0,0,1,1,1
4103,1,1,1,0,1,1,1,0,0
4104,0,0,1,0,0,0,0,1,0
4105,3,1,2,2,2,1,1,2,2
4106,1,1,1,1,1,1,1,1,1
4107,1,0,1,0,0,0,0,1,0
4108,1,2,1,2,2,1,1,2,1
4109,2,1,1,1,1,0,1,0,1
4110,1,2,1,1,2,2,2,1,1
4111,1,1,1,1,1,2,1,1,1
4112,1,1,0,0,1,1,0,1,1
4113,3,2,2,2,2,2,2,1,2
4114,3,1,0,1,1,1,1,1,2
4115,2,1,1,1,1,1,1,2,1
4116,0,1,1,1,1,2,0,0,1
4117,2,0,1,0,0,0,0,0,1
4118,2,1,2,1,0,1,1,1,1
4119,0,1,0,0,1,0,1,1,0
4120,0,2,1,0,2,2,1,1,1
4121,1,1,1,1,1,1,0,1,1
4122,2,1,1,2,2,1,0,1,1
4123,0,0,0,0,0,0,0,1,0
4124,1,2,2,1,2,2,1,2,1
4125,3,1,1,2,1,1,1,1,1
4126,1,0,0,1,0,0,0,1,1
4127,3,1,1,1,1,0,0,1,1
4128,2,0,0,1,1,0,0,1,0
4129,0,2,1,1,2,2,2,2,1
4130,1,2,1,1,2,1,1,2,1
4131,1,2,2,1,2,1,1,1,2
4132,2,0,1,0,0,1,1,0,1
4133,0,0,0,0,1,0,0,0,0
4134,0,2,2,1,2,1,2,2,1
4135,0,2,2,1,2,2,1,2,1
4136,3,0,1,1,0,0,0,0,1
4137,1,0,0,0,0,0,0,0,0
4138,2,2,2,2,1,2,2,2,2
4139,1,1,2,1,1,1,1,2,1
4140,0,2,1,1,2,2,1,2,1
4141,1,1,1,0,1,1,2,0,0
4142,2,1,1,1,1,1,1,0,1
4143,2,1,1,1,1,0,1,1,1
4144,0,2,1,1,2,2,2,2,1
4145,0,2,1,1,2,2,2,2,1
4146,0,2,0,1,2,1,2,1,1
4147,2,1,1,1,1,1,1,0,1
4148,1,1,1,1,1,2,1,1,1
4149,2,0,0,0,0,0,1,0,0
4150,2,1,1,0,0,1,1,1,1
4151,2,1,0,1,0,0,1,1,1
4152,2,0,0,0,0,0,0,0,1
4153,1,1,0,0,1,1,1,1,1
4154,2,1,2,1,1,1,1,0,1
4155,0,1,0,0,1,1,1,0,0
4156,0,1,1,0,1,1,1,1,0
4157,3,1,1,2,1,1,0,2,2
4158,1,0,0,1,1,0,0,0,0
4159,0,1,1,0,1,1,0,0,1
4160,2,1,1,1,1,2,1,0,1
4161,3,1,1,1,1,1,1,1,1
4162,1,1,1,0,0,1,1,1,1
4163,2,0,1,1,0,0,0,0,1
4164,1,1,1,1,1,2,0,0,1
4165,1,1,0,0,1,1,1,0,1
4166,0,0,0,0,0,0,0,0,0
4167,0,0,1,0,0,0,0,0,0
4168,0,1,0,0,0,1,1,1,0
4169,0,2,1,1,1,2,2,2,1
4170,3,2,2,2,2,2,2,0,2
4171,3,1,2,2,1,2,1,1,1
4172,1,1,1,0,1,1,1,0,1
4173,2,1,1,1,1,1,1,2,1
4174,3,1,0,2,1,1,1,0,1
4175,2,2,2,2,2,2,1,2,2
4176,0,0,0,0,0,0,1,0,0
4177,2,1,1,1,0,2,0,1,1
4178,2,1,1,2,1,1,1,1,1
4179,1,0,0,1,0,0,0,0,0
4180,1,2,1,1,2,2,2,2,1
4181,3,2,2,2,2,2,2,2,2
4182,3,2,2,2,1,2,2,2,2
4183,0,2,2,0,2,2,2,2,1
4184,0,0,0,0,0,0,0,0,1
4185,2,2,2,2,2,2,1,2,2
4186,2,1,1,1,1,0,1,1,1
4187,0,1,1,0,0,1,1,1,0
4188,3,0,1,1,0,0,0,0,0
4189,0,2,1,1,2,1,2,1,1
4190,2,1,1,1,1,1,1,1,1
4191,3,2,2,2,2,1,2,2,2
4192,2,2,2,1,1,1,1,1,2
4193,2,1,2,1,2,1,1,1,1
4194,1,1,0,1,0,1,1,1,1
4195,0,1,1,0,1,2,1,1,1
4196,2,0,0,0,0,0,1,1,0
4197,1,1,2,1,1,1,2,1,1
4198,0,1,1,0,1,2,1,1,0
4199,3,1,2,2,1,1,2,1,2
4200,0,2,1,0,2,2,2,1,1
4201,3,1,1,2,0,1,1,1,1
4202,1,0,1,1,0,1,0,0,0
4203,0,0,0,0,0,0,1,1,0
4204,0,1,0,0,2,1,0,0,1
4205,3,1,2,1,1,1,1,0,2
4206,0,2,1,1,2,1,2,2,1
4207,3,1,1,1,0,1,1,1,1
4208,1,1,0,1,1,1,1,1,1
4209,3,0,1,0,1,0,1,0,0
4210,3,1,0,2,1,1,0,1,2
4211,3,1,0,1,1,1,1,1,1
4212,3,2,2,1,2,2,1,1,1
4213,0,0,0,0,0,1,0,1,0
4214,0,1,0,0,1,0,2,1,0
4215,0,1,0,0,0,0,0,1,0
4216,1,0,0,0,0,0,0,0,0
4217,3,1,1,1,1,2,1,0,1
4218,2,2,2,1,2,2,2,1,1
4219,1,1,0,1,1,0,0,1,1
4220,3,1,1,2,1,1,1,0,1
4221,1,1,1,1,0,2,1,0,1
4222,0,2,2,1,2,1,2,1,1
4223,2,2,2,2,1,2,1,1,2
4224,0,0,0,0,0,0,0,0,0
4225,2,1,1,1,1,0,1,1,1
4226,0,1,1,1,1,1,1,1,0
4227,3,2,1,2,2,2,1,2,2
4228,1,0,1,0,0,0,0,0,0
4229,2,2,2,2,1,1,2,2,2
4230,0,2,1,1,2,2,2,1,1
4231,3,1,1,2,1,1,1,1,2
4232,0,1,1,0,0,1,1,1,1
4233,2,1,1,1,0,2,0,1,1
4234,2,0,1,1,0,0,1,0,1
4235,3,1,1,2,2,1,1,0,2
4236,0,0,0,0,0,0,0,1,0
4237,1,0,0,0,0,0,0,0,0
4238,0,1,0,0,1,1,1,2,0
4239,3,1,1,1,1,1,1,0,1
4240,1,0,0,0,0,0,0,0,1
4241,2,1,1,1,1,1,1,1,1
4242,1,2,1,1,1,2,2,1,1
4243,3,2,2,2,2,2,2,2,2
4244,0,2,1,1,2,1,1,2,1
4245,1,0,0,0,0,0,1,0,1
4246,1,0,1,1,1,0,1,0,0
4247,0,1,0,0,1,1,1,1,0
4248,3,1,1,1,0,0,1,1,1
4249,1,0,0,0,1,1,0,0,0
4250,3,0,1,0,0,1,1,0,1
4251,2,0,0,0,0,0,0,0,0
4252,3,0,1,2,0,0,0,1,1
4253,2,0,1,0,0,1,0,1,1
4254,3,0,1,1,0,0,0,0,1
4255,0,0,0,0,0,0,0,0,0
4256,3,1,1,1,1,1,1,0,1
4257,3,0,1,2,1,0,0,0,1
4258,2,0,1,0,0,0,0,0,1
4259,2,1,1,1,1,2,1,1,1
4260,2,1,1,1,1,2,2,1,1
4261,2,2,1,1,2,2,2,1,2
4262,1,1,1,1,1,2,1,1,1
4263,2,1,1,1,1,1,1,1,1
4264,2,0,0,1,1,0,0,1,1
4265,2,0,0,1,0,0,0,0,1
4266,3,2,2,2,2,1,2,1,2
4267,0,1,0,0,1,1,1,1,0
4268,2,1,2,0,1,2,1,1,1
4269,0,2,0,0,2,1,1,2,1
4270,1,0,0,0,0,0,0,1,0
4271,0,0,0,0,1,0,0,0,0
4272,2,1,1,0,2,2,0,1,1
4273,1,2,2,1,2,1,2,2,1
4274,1,2,1,2,2,1,1,1,2
4275,3,1,1,2,1,1,1,1,1
4276,0,1,1,2,1,2,1,1,1
4277,2,0,1,1,0,0,0,2,0
4278,1,2,1,2,2,1,1,1,2
4279,1,1,0,1,2,1,2,1,1
4280,0,1,1,1,1,0,2,1,0
4281,0,2,1,1,1,2,1,2,1
4282,3,1,1,1,0,1,1,1,1
4283,0,2,2,1,2,2,2,2,1
4284,2,1,1,1,1,1,1,2,1
4285,1,1,1,1,1,1,1,2,1
4286,1,2,2,1,2,1,2,1,1
4287,2,0,0,0,0,0,0,0,0
4288,0,2,2,1,2,2,2,2,1
4289,0,1,0,0,0,1,2,0,0
4290,0,2,1,1,2,1,1,2,1
4291,0,1,0,0,0,1,1,0,1
4292,1,2,2,1,2,2,2,1,2
4293,1,1,0,1,1,1,0,2,2
4294,2,1,1,0,0,1,0,1,1
4295,1,2,2,2,2,1,2,1,2
4296,0,1,0,1,1,1,1,1,0
4297,1,2,2,0,2,1,2,1,1
4298,1,2,2,1,1,1,2,1,1
4299,0,1,1,1,1,1,1,2,1
4300,0,2,1,1,1,2,2,1,1
4301,1,1,1,1,1,0,1,1,1
4302,0,1,0,0,1,1,1,1,0
4303,0,0,0,0,0,0,0,0,0
4304,0,1,1,1,1,1,1,1,0
4305,2,2,2,2,2,1,1,2,2
4306,0,1,0,0,2,0,1,0,0
4307,1,1,0,1,1,1,1,1,1
4308,3,1,1,1,0,0,1,1,1
4309,3,0,1,2,0,1,0,0,1
4310,0,0,0,0,0,0,0,0,0
4311,3,1,1,2,1,1,1,2,2
4312,0,0,0,0,0,0,1,1,0
4313,2,1,1,2,1,1,1,2,1
4314,3,1,1,1,2,1,0,2,2
4315,1,1,0,0,0,1,1,1,0
4316,3,0,1,1,0,1,0,1,1
4317,1,0,0,0,0,0,0,1,0
4318,2,1,1,2,1,1,1,1,2
4319,3,2,2,1,2,2,1,1,2
4320,0,2,1,0,2,2,2,1,1
4321,0,1,1,0,1,1,0,0,1
4322,0,1,0,1,1,1,1,2,0
4323,1,1,1,0,1,2,0,1,0
4324,0,2,1,1,2,1,1,2,2
4325,2,0,0,1,0,0,0,1,1
4326,0,2,1,0,2,2,2,1,1
4327,2,2,1,2,2,2,1,1,2
4328,1,1,1,1,1,1,0,1,1
4329,3,0,1,0,0,0,0,1,1
4330,0,2,1,0,2,2,1,2,1
4331,1,0,0,0,0,1,0,0,0
4332,3,2,2,2,2,2,2,1,2
4333,3,0,1,1,0,0,0,0,1
4334,1,1,0,1,1,1,0,1,1
4335,2,0,1,1,0,0,0,0,1
4336,0,2,1,0,2,2,1,2,1
4337,2,0,1,0,0,0,0,0,0
4338,0,1,0,1,0,1,1,1,1
4339,0,1,1,0,1,2,1,2,1
4340,2,2,2,1,2,2,2,2,1
4341,1,1,0,2,1,1,1,0,1
4342,3,0,1,1,0,0,0,0,0
4343,0,1,2,0,0,1,1,1,1
4344,2,2,1,1,2,1,2,2,2
4345,2,0,1,1,0,1,0,0,1
4346,0,0,0,1,0,0,0,0,0
4347,2,1,1,1,0,1,1,1,1
4348,3,1,1,1,1,1,0,0,2
4349,0,2,1,1,2,1,1,2,2
4350,2,2,2,0,2,2,2,2,1
4351,2,1,2,1,1,2,1,1,2
4352,2,1,0,1,1,1,1,2,1
4353,2,1,2,2,1,2,1,0,2
4354,3,0,0,1,0,2,0,1,1
4355,3,1,2,1,1,1,1,1,1
4356,2,0,0,1,0,0,0,0,1
4357,3,1,1,2,1,0,0,1,1
4358,0,0,0,0,0,0,0,0,0
4359,3,1,1,2,1,0,1,1,2
4360,2,2,2,2,2,2,2,1,2
4361,0,1,0,0,1,0,1,1,0
4362,1,2,1,2,1,2,2,1,1
4363,3,1,1,2,1,1,1,1,1
4364,3,2,2,1,1,2,1,2,2
4365,0,1,0,0,1,1,0,1,0
4366,2,1,1,1,1,1,0,1,1
4367,1,0,0,0,0,0,0,0,0
4368,2,2,2,2,2,2,2,2,2
4369,3,0,0,1,0,1,0,0,1
4370,0,0,0,0,0,0,0,0,0
4371,3,1,1,2,1,1,0,1,1
4372,0,1,1,0,1,0,2,0,0
4373,3,1,2,1,0,1,0,1,1
4374,3,2,1,1,2,1,2,2,1
4375,1,0,0,1,0,0,0,0,1
4376,0,1,1,0,1,1,1,1,1
4377,3,1,2,1,1,0,1,0,1
4378,0,1,1,0,1,0,2,1,1
4379,0,1,1,1,1,0,1,0,1
4380,1,2,2,1,2,2,2,2,1
4381,0,2,1,1,2,2,2,1,1
4382,3,1,1,2,0,1,1,1,1
4383,3,1,1,1,1,1,0,1,1
4384,2,2,1,1,2,1,1,2,1
4385,3,1,2,1,1,1,1,0,1
4386,3,0,0,1,1,0,0,1,0
4387,3,0,1,1,1,1,0,0,1
4388,2,2,2,1,2,2,2,1,2
4389,3,1,2,2,1,1,1,1,1
4390,3,0,2,1,0,0,0,0,1
4391,2,1,2,0,1,0,1,1,1
4392,3,1,0,2,1,1,2,1,1
4393,0,0,0,0,0,0,1,0,0
4394,3,1,2,1,1,1,1,1,2
4395,3,0,2,1,0,0,0,0,2
4396,3,1,1,1,1,1,1,1,1
4397,0,1,1,1,0,1,1,0,1
4398,1,0,0,0,0,0,0,0,0
4399,1,0,0,1,1,0,0,1,0
4400,2,2,2,2,2,2,2,2,2
4401,0,1,0,0,2,1,0,0,1
4402,2,1,1,1,0,1,1,0,1
4403,3,2,2,1,2,2,0,2,2
4404,3,1,1,2,1,1,1,0,1
4405,1,1,0,1,2,1,1,1,1
4406,2,1,0,1,1,1,1,1,1
4407,3,0,2,0,0,1,0,0,1
4408,1,1,1,0,1,1,1,1,1
4409,2,0,0,0,0,0,0,1,0
4410,0,2,1,1,2,2,2,1,1
4411,2,0,0,1,0,0,0,0,1
4412,2,1,2,1,0,0,1,1,2
4413,2,1,1,1,0,1,1,1,1
4414,0,1,0,0,1,0,1,0,0
4415,0,1,1,0,1,1,0,2,1
4416,2,2,2,1,2,2,1,1,2
4417,2,2,2,1,2,2,2,2,2
4418,1,1,0,1,1,1,0,0,0
4419,3,0,1,1,0,1,0,1,1
4420,2,1,1,1,1,1,1,0,1
4421,0,2,1,1,2,2,2,2,1
4422,3,2,2,1,2,2,2,2,2
4423,0,1,1,1,1,1,1,0,1
4424,1,2,1,2,1,2,2,2,2
4425,3,2,2,2,2,1,1,2,2
4426,2,1,2,1,1,2,0,1,2
4427,0,1,1,1,2,0,1,1,1
4428,2,2,1,2,2,2,2,1,2
4429,1,1,1,0,1,1,1,1,1
4430,0,1,0,0,1,1,0,0,1
4431,0,2,1,1,1,1,2,2,1
4432,2,0,1,0,0,0,0,0,1
4433,0,1,0,0,1,0,0,1,0
4434,2,1,2,1,1,1,1,2,1
4435,0,1,0,0,2,1,1,1,0
4436,3,2,2,2,2,2,1,2,2
4437,1,1,1,0,2,1,1,1,1
4438,0,0,0,0,0,0,1,0,0
4439,3,2,2,2,2,2,2,2,2
4440,0,2,1,1,2,2,2,1,1
4441,2,1,0,1,2,1,1,0,1
4442,1,1,0,1,0,1,1,1,0
4443,0,2,2,1,2,2,2,2,1
4444,0,2,1,0,1,1,1,2,1
4445,3,0,1,0,1,0,0,0,0
4446,1,2,0,1,2,2,2,1,1
4447,2,1,1,1,2,1,1,2,1
4448,0,1,0,1,1,1,1,0,0
4449,2,1,1,1,1,1,1,1,1
4450,1,1,0,0,1,0,1,1,1
4451,0,1,0,1,0,1,0,0,1
4452,1,1,2,1,2,2,2,1,1
4453,0,1,0,1,2,1,2,2,0
4454,1,1,1,0,1,0,1,1,1
4455,1,1,1,1,1,1,1,1,1
4456,1,0,1,0,1,0,0,0,1
4457,0,0,0,0,1,0,0,0,1
4458,0,0,0,0,1,0,0,0,0
4459,3,1,2,2,0,1,1,0,2
4460,1,1,1,0,1,1,1,1,1
4461,3,0,1,1,0,0,0,0,1
4462,2,2,2,2,2,2,2,2,2
4463,3,1,2,1,1,0,1,1,2
4464,1,1,1,1,1,2,1,0,1
4465,0,0,0,0,0,0,1,0,0
4466,2,2,1,2,1,1,1,2,2
4467,0,0,0,0,1,0,0,0,0
4468,3,0,1,0,0,1,0,0,1
4469,3,1,1,1,1,1,0,1,1
4470,2,1,1,1,1,1,1,1,1
4471,3,1,2,2,1,1,0,1,1
4472,3,1,1,1,1,1,1,1,2
4473,2,1,1,1,0,1,1,0,1
4474,3,1,1,2,1,1,1,0,1
4475,3,2,2,2,2,2,2,1,2
4476,2,1,1,1,1,1,1,0,1
4477,0,2,1,0,1,2,2,1,1
4478,0,1,0,1,1,1,1,2,0
4479,1,1,1,0,2,2,1,1,1
4480,1,2,1,1,2,2,1,2,1
4481,3,2,2,2,2,2,2,1,2
4482,0,0,1,1,0,0,0,0,0
4483,1,1,1,1,1,0,1,1,1
4484,3,1,2,2,1,1,1,1,2
4485,1,1,1,0,1,0,1,1,1
4486,0,1,0,1,1,0,1,1,1
4487,2,1,2,1,1,1,1,1,1
4488,0,0,0,0,1,0,0,0,0
4489,0,1,1,0,0,1,1,0,1
4490,0,1,1,0,1,1,1,2,1
4491,2,1,1,0,1,2,0,1,1
4492,3,0,1,0,0,0,0,1,1
4493,2,2,2,2,2,1,2,1,2
4494,3,1,1,2,1,1,1,1,1
4495,3,1,1,1,1,1,1,0,1
4496,2,1,2,1,1,0,1,1,1
4497,0,0,0,0,0,0,0,0,0
4498,3,0,0,1,0,0,1,0,1
4499,0,2,1,0,1,1,2,0,1
4500,1,0,0,0,0,0,0,1,0
4501,3,1,2,2,1,1,1,2,1
4502,3,2,2,2,2,2,2,2,2
4503,0,0,0,0,0,0,0,0,0
4504,0,0,0,1,0,0,0,1,0
4505,3,0,1,0,0,1,0,0,1
4506,1,0,1,0,0,0,0,0,0
4507,1,1,2,0,1,2,1,1,1
4508,3,0,0,1,0,0,0,0,1
4509,3,1,2,2,1,1,1,1,2
4510,2,2,2,1,2,2,2,1,2
4511,1,0,0,0,0,1,0,0,0
4512,3,0,1,1,0,0,1,0,1
4513,3,0,1,0,0,0,0,0,0
4514,3,1,2,2,1,1,1,1,1
4515,3,1,2,1,1,1,1,0,2
4516,0,0,0,0,0,0,0,1,0
4517,2,1,1,1,0,1,0,0,1
4518,1,1,1,2,1,1,1,2,1
4519,3,0,1,0,0,0,0,1,1
4520,3,1,1,2,2,2,1,1,1
4521,3,1,0,1,1,1,1,1,1
4522,2,1,0,2,1,1,1,2,1
4523,3,1,2,1,1,1,1,2,1
4524,3,1,2,2,1,1,1,1,1
4525,2,0,1,1,0,0,0,0,1
4526,0,1,0,0,1,0,1,0,0
4527,1,0,0,1,1,0,0,0,1
4528,3,1,1,1,1,1,1,0,2
4529,0,0,0,0,0,0,0,1,0
4530,2,1,1,0,1,1,2,1,1
4531,2,0,1,0,0,0,0,1,1
4532,0,0,0,0,0,1,0,0,0
4533,3,1,2,2,1,1,1,1,2
4534,2,1,1,0,1,1,1,0,1
4535,2,0,1,0,0,0,0,0,0
4536,3,1,1,0,0,1,0,1,1
4537,2,2,1,2,2,1,2,2,2
4538,2,1,2,1,0,1,0,1,2
4539,0,0,0,0,1,1,0,0,1
4540,3,1,2,2,1,1,1,1,2
4541,0,2,1,1,1,1,2,2,1
4542,3,2,1,2,2,2,2,2,2
4543,3,2,2,2,2,2,2,1,2
4544,1,1,0,1,1,1,1,0,1
4545,0,1,0,0,1,0,1,1,0
4546,3,1,1,2,1,1,1,1,2
4547,1,0,0,0,0,0,0,1,1
4548,3,2,2,2,2,2,1,2,2
4549,1,1,0,0,0,0,0,1,0
4550,1,2,1,1,2,2,2,2,1
4551,2,0,1,1,0,1,0,0,1
4552,0,2,2,0,2,2,2,2,1
4553,0,1,1,0,1,0,1,2,0
4554,0,0,0,0,0,0,0,0,0
4555,3,2,2,1,2,1,2,1,2
4556,2,2,1,1,2,1,1,2,1
4557,1,1,0,1,1,1,1,1,1
4558,3,2,2,2,2,1,2,2,2
4559,1,1,1,1,1,1,1,1,1
4560,0,2,1,0,1,1,2,1,1
4561,2,2,2,2,2,2,1,0,2
4562,0,0,1,0,0,1,0,0,0
4563,2,1,2,0,1,1,0,0,1
4564,3,2,2,1,2,2,2,1,2
4565,1,1,1,1,1,1,1,0,1
4566,3,0,1,0,0,0,0,0,1
4567,2,2,1,1,2,1,2,1,1
4568,1,0,0,1,0,1,0,0,1
4569,0,2,1,1,1,2,2,1,2
4570,3,0,1,0,1,0,0,0,1
4571,2,1,1,2,1,1,1,0,2
4572,1,2,1,2,2,2,1,1,2
4573,2,0,0,0,0,0,0,0,1
4574,1,2,1,1,2,2,2,2,1
4575,2,0,1,1,0,0,0,0,1
4576,1,1,1,1,0,1,1,2,1
4577,2,1,1,0,1,1,1,0,1
4578,1,1,1,2,1,1,2,1,1
4579,1,2,1,2,2,2,2,2,2
4580,2,1,1,1,1,0,2,0,1
4581,0,0,0,0,0,0,1,0,0
4582,1,0,0,0,0,0,0,0,0
4583,0,1,0,1,1,1,1,0,1
4584,2,1,1,1,1,1,1,2,1
4585,2,1,1,2,1,1,1,0,1
4586,2,1,1,0,1,1,1,0,1
4587,2,1,1,1,1,1,2,1,1
4588,2,0,2,0,0,0,0,1,1
4589,2,2,2,2,2,2,2,1,2
4590,1,1,0,1,1,1,1,0,0
4591,3,2,2,1,2,1,2,1,2
4592,1,1,1,1,1,1,1,2,1
4593,0,0,1,0,0,0,1,0,0
4594,0,1,1,1,1,1,0,1,0
4595,0,0,0,0,0,0,0,0,0
4596,0,1,0,0,2,1,1,0,0
4597,2,0,0,0,0,0,0,0,0
4598,2,1,1,1,1,0,1,1,1
4599,0,0,0,0,0,0,0,0,0
4600,0,1,1,1,0,2,1,1,1
4601,0,0,0,0,0,1,0,0,0
4602,2,1,2,1,1,1,1,1,1
4603,0,1,1,1,1,1,1,1,1
4604,3,1,1,2,0,1,1,1,1
4605,3,1,1,1,2,0,2,1,2
4606,3,1,1,2,1,1,0,1,2
4607,0,0,0,0,1,0,1,0,0
4608,2,1,2,1,1,1,1,1,1
4609,0,1,1,1,1,1,1,0,1
4610,3,0,0,0,0,0,0,1,1
4611,1,0,0,1,0,0,1,0,1
4612,1,1,1,0,1,0,1,1,1
4613,3,1,1,1,1,1,0,1,1
4614,1,1,1,1,1,0,1,0,1
4615,3,0,1,0,0,0,0,0,0
4616,1,0,1,0,0,0,1,0,0
4617,2,0,0,1,0,0,0,0,1
4618,0,1,0,1,1,1,1,1,0
4619,3,0,1,1,0,0,0,0,1
4620,1,1,0,1,2,1,1,0,1
4621,0,0,1,0,0,0,0,0,0
4622,1,2,1,2,2,2,2,1,2
4623,1,2,0,1,2,2,2,2,1
4624,1,1,0,1,1,1,1,1,1
4625,1,2,1,1,2,2,2,2,1
4626,0,2,0,1,1,2,1,1,1
4627,0,1,1,0,1,1,1,1,0
4628,0,1,2,0,1,1,0,0,1
4629,0,1,0,0,2,1,0,1,1
4630,1,1,1,0,1,1,1,0,0
4631,3,1,2,0,1,1,1,1,1
4632,1,1,1,0,2,0,1,1,1
4633,0,0,0,1,1,0,1,0,0
4634,0,2,2,0,1,2,2,1,1
4635,2,1,0,1,1,2,1,1,1
4636,1,2,2,1,2,2,2,1,2
4637,1,1,1,1,1,2,1,1,1
4638,1,1,1,1,1,1,1,1,1
4639,3,2,2,2,2,1,2,1,2
4640,0,1,1,0,1,1,1,1,1
4641,0,1,1,1,1,1,1,1,1
4642,3,0,1,2,0,1,0,0,1
4643,0,1,0,0,1,0,0,1,0
4644,2,1,1,1,1,1,1,0,1
4645,2,0,0,1,0,0,0,0,0
4646,3,1,1,1,2,1,0,1,2
4647,2,1,1,1,1,1,1,0,1
4648,2,1,1,1,1,1,0,1,1
4649,2,1,1,2,1,1,1,2,2
4650,2,2,1,1,2,2,2,1,2
4651,2,0,2,0,0,0,1,0,1
4652,1,1,1,0,1,1,1,0,1
4653,2,1,1,1,1,1,1,1,1
4654,3,2,2,2,2,2,2,2,2
4655,3,1,1,2,1,0,1,1,2
4656,1,0,0,0,0,0,1,0,0
4657,1,1,2,1,1,0,1,0,1
4658,3,1,1,2,1,0,2,1,1
4659,0,1,1,0,1,1,1,0,1
4660,1,0,0,0,0,0,0,0,1
4661,0,1,1,0,1,1,1,1,0
4662,2,1,1,1,1,0,1,1,1
4663,0,0,0,0,0,0,0,0,0
4664,2,2,1,2,2,1,1,1,2
4665,3,1,2,2,1,2,1,2,2
4666,1,1,1,1,1,1,1,1,1
4667,0,1,0,1,1,2,1,0,1
4668,0,2,1,0,2,1,1,1,1
4669,2,0,1,0,0,0,0,1,1
4670,0,1,0,0,1,1,1,2,0
4671,3,0,0,1,0,0,1,0,0
4672,1,1,0,0,1,1,1,1,0
4673,3,1,2,1,1,1,1,1,1
4674,1,1,1,1,1,1,1,1,1
4675,0,1,0,2,1,1,1,1,1
4676,0,1,1,0,1,1,0,1,1
4677,2,2,2,1,1,1,1,1,1
4678,1,2,1,1,2,2,1,2,1
4679,3,2,2,2,2,2,1,2,2
4680,1,0,0,1,1,0,0,0,0
4681,0,2,1,0,2,2,1,2,2
4682,2,2,2,2,1,1,1,2,2
4683,1,1,1,0,1,1,2,2,1
4684,0,1,0,0,1,1,1,1,0
4685,0,1,1,1,1,1,0,1,1
4686,1,0,1,1,0,0,0,0,1
4687,2,1,1,2,1,1,1,0,1
4688,2,0,0,1,0,0,0,0,0
4689,3,0,1,1,0,0,0,0,2
4690,3,2,2,2,1,2,1,1,2
4691,3,2,2,2,2,2,2,2,2
4692,2,1,2,1,1,0,1,0,1
4693,0,0,0,0,0,0,0,0,0
4694,3,1,0,2,1,1,2,0,1
4695,1,2,1,1,1,1,1,1,2
4696,2,1,1,0,1,1,1,1,1
4697,1,2,1,1,2,2,1,1,2
4698,3,1,0,2,1,1,1,1,1
4699,3,0,1,1,0,1,0,0,1
4700,0,1,1,0,1,1,0,1,1
4701,1,1,1,1,1,1,1,1,1
4702,2,1,1,1,1,1,1,1,1
4703,2,1,2,1,1,0,1,1,1
4704,0,1,1,1,1,1,1,0,1
4705,2,1,2,0,1,0,1,1,1
4706,2,1,1,1,0,1,1,0,1
4707,1,2,2,1,2,2,2,2,2
4708,1,0,0,0,0,0,1,1,0
4709,0,1,1,0,1,1,1,1,0
4710,3,0,0,1,0,0,0,0,1
4711,0,2,1,1,2,1,1,2,2
4712,0,2,2,1,1,2,2,1,1
4713,2,0,1,0,1,0,0,0,1
4714,0,2,1,1,1,2,2,2,1
4715,1,1,1,1,2,2,1,0,1
4716,1,1,0,0,0,1,1,2,1
4717,1,2,1,2,1,1,2,2,2
4718,0,1,1,0,1,2,1,0,1
4719,2,1,0,2,1,1,1,1,1
4720,2,2,2,2,2,2,2,2,2
4721,2,1,1,1,1,1,0,1,2
4722,1,1,1,2,1,1,1,1,1
4723,3,1,1,1,1,1,1,0,1
4724,0,2,2,1,1,2,2,1,1
4725,3,1,1,2,0,1,2,0,1
4726,0,1,0,0,1,1,1,0,0
4727,2,1,2,1,1,1,0,2,2
4728,0,1,0,1,1,1,0,1,0
4729,1,1,1,0,1,0,1,1,1
4730,0,1,1,1,0,1,1,1,1
4731,1,1,1,1,1,1,1,1,1
4732,3,1,1,1,1,1,0,0,2
4733,2,1,0,0,1,1,1,2,1
4734,2,1,1,1,1,1,1,0,1
4735,0,1,0,0,1,1,1,0,1
4736,3,0,0,2,0,0,0,0,1
4737,0,1,1,0,1,0,1,2,0
4738,1,2,1,1,1,1,1,1,1
4739,0,1,1,0,1,2,1,1,1
4740,0,1,1,0,1,1,1,1,1
4741,2,0,0,1,0,0,1,0,0
4742,1,2,1,1,1,1,2,1,1
4743,2,1,1,2,1,1,0,1,1
4744,2,1,1,2,0,0,1,1,1
4745,0,0,0,0,0,0,0,0,0
4746,1,1,1,1,1,1,1,1,1
4747,1,1,1,1,1,1,1,1,0
4748,0,2,2,1,2,1,2,1,1
4749,0,1,1,1,1,0,1,0,1
4750,2,1,1,1,1,1,2,1,2
4751,2,2,2,2,2,2,1,1,2
4752,2,2,2,1,2,1,2,2,1
4753,1,2,1,1,2,2,2,2,1
4754,2,1,2,1,1,1,1,2,2
4755,2,1,0,1,1,1,1,1,1
4756,0,1,0,1,2,1,1,1,0
4757,3,1,1,2,1,1,1,1,2
4758,3,1,2,1,1,0,1,1,2
4759,0,0,0,0,0,0,0,0,0
4760,1,2,2,1,2,2,1,2,2
4761,3,1,1,1,1,1,1,1,1
4762,1,0,1,0,0,0,0,0,1
4763,1,1,1,0,1,1,1,1,0
4764,1,1,0,1,1,0,1,1,1
4765,3,1,2,2,1,1,1,1,2
4766,3,1,2,2,1,1,1,1,2
4767,2,0,0,1,1,1,1,0,1
4768,1,0,0,1,0,0,0,0,0
4769,1,0,0,0,0,0,0,1,0
4770,1,0,0,0,0,0,0,1,0
4771,0,0,0,0,0,0,0,0,0
4772,3,1,2,2,1,1,1,1,1
4773,1,1,1,0,0,1,0,0,1
4774,1,1,1,1,1,1,0,1,1
4775,3,1,1,2,1,0,1,1,1
4776,0,2,1,1,2,2,2,2,1
4777,3,0,0,2,0,0,0,0,1
4778,0,1,1,0,1,0,1,1,1
4779,0,1,0,0,1,1,1,1,0
4780,3,2,2,2,1,2,2,2,2
4781,1,2,1,1,2,1,2,1,2
4782,1,1,0,1,1,1,0,2,1
4783,0,0,0,0,0,0,1,1,0
4784,1,2,1,1,2,2,2,2,1
4785,1,1,0,0,1,0,1,1,1
4786,1,1,0,1,0,1,1,1,1
4787,3,2,2,1,2,2,2,1,1
4788,3,2,2,1,1,1,1,1,2
4789,1,1,1,0,1,1,1,1,0
4790,1,2,1,1,2,2,1,2,1
4791,0,2,1,1,1,2,2,2,1
4792,3,2,1,2,2,2,1,1,2
4793,1,1,1,1,1,1,1,0,1
4794,3,1,1,2,1,1,1,0,2
4795,3,1,1,2,1,0,1,1,1
4796,3,1,2,0,1,1,1,1,1
4797,1,1,1,0,2,1,1,1,1
4798,3,1,1,1,2,0,1,0,2
4799,3,0,1,1,0,0,1,1,1
4800,1,0,0,0,0,0,0,0,0
4801,2,0,0,0,0,0,0,0,0
4802,3,2,2,1,2,2,1,2,2
4803,3,2,2,2,2,2,2,2,2
4804,1,1,1,0,1,1,0,2,1
4805,2,2,2,1,2,2,2,1,1
4806,0,2,1,1,1,2,2,1,1
4807,0,1,0,0,1,1,0,1,1
4808,1,2,1,1,2,1,2,1,1
4809,0,1,1,2,1,2,1,0,1
4810,2,1,2,0,1,1,1,2,1
4811,1,2,2,1,2,1,1,2,2
4812,1,0,0,1,1,0,0,0,0
4813,3,2,2,2,2,2,2,2,2
4814,3,1,2,2,1,0,0,2,2
4815,3,1,1,1,1,1,0,1,1
4816,2,2,2,2,1,2,2,1,2
4817,1,1,1,0,2,1,0,1,0
4818,2,1,1,1,1,1,1,1,1
4819,1,1,2,1,1,1,0,1,2
4820,0,1,0,0,1,1,1,1,0
4821,3,0,2,1,1,0,1,0,1
4822,0,2,1,1,2,2,2,1,1
4823,2,0,2,1,1,0,1,0,1
4824,1,1,0,1,1,0,0,2,1
4825,0,1,0,1,1,1,1,0,1
4826,1,1,0,2,0,0,1,0,1
4827,0,1,0,0,1,0,1,1,0
4828,3,0,1,1,0,0,0,0,1
4829,0,1,1,0,1,2,0,1,0
4830,0,0,0,0,0,0,1,0,0
4831,3,1,1,0,1,1,1,2,1
4832,2,0,1,1,0,0,0,0,1
4833,2,1,1,1,1,1,1,1,1
4834,2,2,2,2,2,2,2,2,2
4835,1,0,0,0,0,1,0,0,0
4836,0,1,1,0,1,2,0,0,1
4837,2,1,2,0,0,1,2,0,1
4838,3,2,2,2,2,1,2,2,2
4839,0,2,1,1,2,2,1,1,1
4840,1,1,1,1,1,0,1,1,1
4841,2,1,1,1,1,1,1,1,1
4842,3,2,2,2,2,1,1,1,2
4843,0,2,1,2,2,1,2,2,2
4844,1,2,2,2,2,2,2,2,1
4845,1,2,2,1,2,2,2,1,1
4846,2,2,2,2,1,2,2,1,2
4847,3,2,2,2,2,2,2,2,2
4848,3,2,2,2,1,1,2,2,2
4849,0,0,0,0,0,0,0,0,0
4850,3,0,1,1,0,1,0,0,1
4851,1,2,1,1,1,2,2,2,2
4852,1,2,2,1,2,1,2,1,1
4853,0,1,0,0,1,1,1,0,1
4854,0,2,1,1,2,2,2,1,2
4855,3,2,2,2,2,2,1,1,2
4856,2,1,0,1,1,1,1,1,1
4857,0,2,1,1,1,2,2,2,1
4858,2,1,1,1,1,1,1,1,1
4859,0,1,0,0,1,1,1,0,0
4860,0,1,0,1,1,0,2,2,0
4861,2,0,0,0,0,1,0,0,0
4862,2,0,1,1,0,0,0,0,1
4863,2,2,2,2,2,2,2,2,2
4864,3,0,0,0,0,0,0,0,0
4865,3,2,1,2,2,1,2,2,2
4866,0,0,0,0,0,0,0,0,0
4867,2,0,0,1,0,0,1,1,1
4868,2,1,1,2,1,1,0,1,1
4869,2,2,2,1,2,2,2,1,2
4870,3,0,1,1,0,1,0,0,1
4871,0,0,0,0,0,0,1,0,0
4872,1,2,2,2,2,2,1,2,2
4873,2,2,1,1,1,2,1,2,2
4874,3,1,2,1,1,1,1,1,1
4875,1,1,0,1,1,0,0,1,1
4876,3,1,1,1,2,1,1,0,1
4877,1,1,1,1,2,1,1,1,1
4878,0,1,1,1,1,1,0,0,1
4879,0,1,0,1,1,1,1,1,0
4880,1,1,0,1,1,0,1,0,1
4881,3,1,2,1,1,2,1,0,2
4882,0,0,1,0,0,0,1,0,0
4883,1,2,1,2,2,2,1,1,1
4884,3,1,2,2,1,1,1,1,1
4885,0,1,1,0,1,0,0,2,1
4886,2,1,1,1,0,2,1,1,2
4887,3,2,2,1,2,2,2,1,2
4888,0,1,0,0,0,1,1,2,0
4889,1,0,0,0,0,1,0,0,0
4890,1,1,1,2,1,1,1,1,1
4891,3,0,1,1,1,0,0,0,1
4892,1,1,0,1,2,0,1,0,1
4893,0,1,0,0,1,1,0,0,0
4894,3,0,1,1,0,1,0,0,1
4895,1,0,0,0,0,0,0,1,0
4896,3,1,1,1,1,1,1,1,1
4897,0,1,1,0,0,1,2,1,0
4898,3,1,2,2,1,1,0,1,2
4899,1,0,0,0,0,0,0,1,0
4900,0,0,0,0,0,0,0,0,0
4901,1,1,1,0,1,1,0,1,1
4902,1,1,0,1,1,1,1,0,1
4903,1,0,1,0,1,0,0,1,0
4904,1,1,0,1,1,2,2,1,1
4905,0,1,0,0,1,1,1,1,1
4906,1,2,2,1,1,1,2,2,2
4907,1,2,1,0,2,2,2,1,2
4908,3,0,2,1,0,0,0,0,1
4909,3,0,1,1,0,0,0,0,1
4910,1,1,1,0,1,1,1,1,1
4911,1,2,2,1,2,2,1,2,1
4912,3,2,2,1,2,2,2,1,2
4913,0,2,1,1,1,2,2,2,1
4914,2,0,1,0,0,0,0,0,1
4915,2,1,1,2,0,1,1,0,1
4916,1,0,0,1,0,0,1,0,0
4917,1,1,1,0,1,0,2,0,1
4918,0,2,1,1,1,2,2,1,1
4919,0,2,1,1,2,1,2,2,1
4920,3,1,1,1,1,0,1,0,1
4921,2,1,1,2,0,0,1,1,1
4922,1,1,0,2,1,1,1,0,1
4923,3,2,1,1,2,2,1,2,1
4924,0,1,2,0,1,1,0,1,1
4925,2,1,1,0,1,1,1,1,1
4926,1,1,2,1,1,0,0,1,1
4927,0,1,0,0,1,1,1,1,0
4928,0,0,0,0,0,0,0,0,0
4929,3,1,2,1,2,2,1,1,1
4930,1,2,2,1,2,2,2,2,1
4931,0,1,1,0,1,1,1,1,0
4932,3,1,1,1,1,1,1,1,1
4933,0,2,2,1,2,2,2,2,1
4934,1,1,1,0,2,1,1,1,1
4935,2,2,2,1,2,2,2,1,2
4936,1,2,2,2,2,2,2,1,1
4937,0,1,1,0,0,0,1,1,1
4938,1,0,0,0,0,0,0,1,0
4939,0,1,0,0,1,1,1,1,1
4940,2,0,1,0,0,0,0,0,0
4941,1,1,0,0,1,1,0,0,1
4942,1,1,1,2,1,1,0,1,1
4943,2,2,1,2,2,2,1,2,2
4944,1,0,0,0,0,0,0,0,0
4945,3,1,2,1,1,1,1,1,2
4946,3,1,1,2,0,1,1,1,1
4947,1,1,1,0,1,1,0,0,1
4948,1,1,1,0,1,1,0,1,1
4949,2,1,0,1,1,1,2,0,0
4950,3,1,2,2,1,1,1,0,2
4951,3,1,2,0,0,1,1,1,1
4952,1,1,1,0,1,1,1,2,0
4953,1,0,0,0,0,0,0,0,0
4954,1,0,0,1,0,1,0,1,1
4955,2,2,1,1,2,1,2,2,1
4956,0,1,1,2,1,0,1,0,0
4957,1,1,1,2,1,1,1,1,1
4958,0,1,0,0,2,1,1,0,0
4959,2,1,1,1,1,0,1,1,1
4960,2,2,1,2,2,2,2,2,2
4961,2,0,0,1,1,0,0,1,0
4962,1,1,1,0,1,1,1,2,1
4963,3,1,1,2,2,1,1,1,1
4964,0,0,0,0,0,0,0,0,0
4965,3,1,2,2,1,1,1,1,2
4966,2,1,1,2,2,2,1,1,1
4967,2,0,1,0,0,0,0,0,1
4968,2,1,1,1,1,1,1,1,1
4969,2,2,2,2,2,2,2,2,2
4970,2,1,0,1,1,1,1,0,1
4971,2,1,1,1,1,1,2,0,1
4972,0,2,0,2,2,2,1,2,1
4973,1,1,1,0,1,0,0,0,1
4974,1,2,1,2,2,2,2,2,1
4975,0,0,0,0,0,0,0,0,0
4976,2,2,2,2,2,1,2,2,2
4977,2,2,2,2,2,1,2,2,2
4978,1,0,0,0,0,1,1,1,0
4979,3,1,1,1,1,0,1,1,1
4980,1,1,1,1,1,2,1,1,0
4981,1,1,1,0,1,1,0,0,1
4982,3,1,1,2,1,1,1,1,1
4983,0,1,0,1,1,0,1,0,1
4984,0,1,2,0,1,1,1,1,1
4985,3,2,2,1,2,2,2,2,2
4986,0,1,1,0,1,0,1,2,1
4987,3,0,1,1,0,0,0,0,0
4988,3,2,1,1,1,2,2,1,2
4989,0,1,1,1,1,1,1,0,1
4990,3,1,1,1,1,1,0,1,2
4991,3,0,1,0,0,0,0,0,1
4992,0,2,2,1,2,2,1,2,2
4993,0,1,1,0,1,0,0,2,0
4994,0,1,1,1,1,1,0,0,0
4995,2,1,0,2,0,1,1,1,1
4996,3,1,2,2,1,0,1,1,1
4997,1,2,1,1,2,2,2,0,1
4998,2,2,1,1,2,1,2,1,2
4999,0,0,0,0,0,0,0,1,0
5000,0,0,0,0,0,0,0,0,0
